1.8876492977142334,104.0,37.29428235813975,12.951273546554148,17.958999587222934,14.245278931222856,0.0,0.0,0.0,0.0,0.0,0.0,0.0,0.0,1750714596.4112701,0.0,nothing
1.9894540309906006,113.0,8.141762203536928,-16.713612901978195,-16.96418619900942,40.12538662459701,0.0,0.0,0.0,0.0,0.0,0.0,0.0,0.0,1750714596.5013392,0.0,nothing
2.090031147003174,123.0,11.174821067601442,-16.14888800866902,-17.558830291964114,28.864547858014703,0.0,0.0,0.0,0.0,0.0,0.0,0.0,0.0,1750714596.604762,0.0,nothing
2.1907927989959717,132.0,-17.386794894002378,-34.24626389425248,-19.29788377135992,-10.239846078678966,0.0,0.0,0.0,0.0,0.0,0.0,0.0,0.0,1750714596.694594,0.0,nothing
2.2920398712158203,144.0,29.638707148842514,21.79987684171647,36.374266969040036,22.858268529176712,0.0,0.0,0.0,0.0,0.0,0.0,0.0,0.0,1750714596.8148105,0.0,nothing
2.393409013748169,153.0,6.327910725027323,-20.030904162675142,-3.3210311606526375,15.460746416822076,0.0,0.0,0.0,0.0,0.0,0.0,0.0,0.0,1750714596.9046776,0.0,nothing
2.494147539138794,162.0,-9.817237383686006,-29.37317425198853,-2.7862254669889808,-19.75789146590978,0.0,0.0,0.0,0.0,0.0,0.0,0.0,0.0,1750714596.994682,0.0,nothing
2.5950772762298584,174.0,35.69360517710447,6.268072325736284,41.5764678074047,21.216452448628843,0.0,0.0,0.0,0.0,0.0,0.0,0.0,0.0,1750714597.114653,0.0,nothing
2.6957473754882812,183.0,18.235752183943987,-8.635428997687995,4.394382447935641,25.277983800508082,0.0,0.0,0.0,0.0,0.0,0.0,0.0,0.0,1750714597.204804,0.0,nothing
2.796309232711792,194.0,45.37246626242995,-18.811696777120233,64.76010763272643,5.710827232338488,0.0,0.0,0.0,0.0,0.0,0.0,0.0,0.0,1750714597.3115509,0.0,nothing
2.896852970123291,102.0,-1275.2628760407679,-787.1666628737003,-388.2820232496597,-174.8459327784367,0.0,0.0,0.0,0.0,0.0,0.0,0.0,0.0,1750714597.399888,0.0,nothing
2.997854471206665,114.0,-1290.1962965638377,-799.0146659333259,-420.733135165181,-145.33064232813194,0.0,0.0,0.0,0.0,0.0,0.0,0.0,0.0,1750714597.5199416,0.0,nothing
3.0986452102661133,123.0,-1360.685930928681,-846.5749736698344,-478.9147587758489,-219.81448984565213,0.0,0.0,0.0,0.0,0.0,0.0,0.0,0.0,1750714597.6097124,0.0,nothing
3.1994357109069824,134.0,-1303.9366890010424,-773.6955432333052,-424.8545049163513,-137.6788070187904,0.0,0.0,0.0,0.0,0.0,0.0,0.0,0.0,1750714597.7163205,0.0,nothing
3.3001387119293213,143.0,-1365.3982048728503,-840.7856085384265,-489.3902185517363,-197.42370881093666,0.0,0.0,0.0,0.0,0.0,0.0,0.0,0.0,1750714597.8068676,0.0,nothing
3.4014718532562256,153.0,-1373.7082625743933,-837.2588828802109,-490.5196683383547,-226.8268022625707,0.0,0.0,0.0,0.0,0.0,0.0,0.0,0.0,1750714597.9097784,0.0,nothing
3.5029118061065674,164.0,-1305.2493938854896,-779.8327190605924,-437.73098046379164,-136.8261098288931,0.0,0.0,0.0,0.0,0.0,0.0,0.0,0.0,1750714598.0162785,0.0,nothing
3.6035678386688232,174.0,-1322.1013830858283,-744.801076175645,-477.07846789760515,-109.79411294916645,0.0,0.0,0.0,0.0,0.0,0.0,0.0,0.0,1750714598.119989,0.0,nothing
3.7042360305786133,183.0,-1382.6541032684036,-814.3594754515216,-518.4679407072254,-169.59137334069237,0.0,0.0,0.0,0.0,0.0,0.0,0.0,0.0,1750714598.2098672,0.0,nothing
3.8047499656677246,194.0,-1313.7763657844625,-774.8661319194362,-439.50369304278865,-119.02792593976483,0.0,0.0,0.0,0.0,0.0,0.0,0.0,0.0,1750714598.3151152,0.0,nothing
3.905306816101074,102.0,-1331.1538109285757,-788.2456240109168,-459.6673636538908,-152.66832604119554,0.0,0.0,0.0,0.0,0.0,0.0,0.0,0.0,1750714598.40486,0.0,both_blink
4.006447076797485,114.0,-1371.9935184447095,-833.2927189772017,-486.4525271365419,-193.8109654537402,0.0,0.0,0.0,0.0,0.0,0.0,0.0,0.0,1750714598.5249124,0.0,both_blink
4.107037544250488,123.0,-1319.4292245674878,-770.6157356197946,-427.85951453074813,-161.3149747387506,0.0,0.0,0.0,0.0,0.0,0.0,0.0,0.0,1750714598.6151528,0.0,both_blink
4.207584619522095,134.0,-1362.8008443536237,-839.4485943042673,-477.39448944386095,-194.83195814164355,0.0,0.0,0.0,0.0,0.0,0.0,0.0,0.0,1750714598.7202294,0.0,both_blink
4.308377742767334,143.0,-1318.7186435759068,-799.267109180335,-418.4162671426311,-171.53612131765112,0.0,0.0,0.0,0.0,0.0,0.0,0.0,0.0,1750714598.811386,0.0,both_blink
4.408987283706665,153.0,-1311.6090937601402,-805.9540503011085,-425.3575214603916,-168.78729485021904,0.0,0.0,0.0,0.0,0.0,0.0,0.0,0.0,1750714598.9148476,0.0,both_blink
4.509639263153076,163.0,-1315.5846074130386,-778.0805759313516,-430.11841410398483,-159.9798304545693,0.0,0.0,0.0,0.0,0.0,0.0,0.0,0.0,1750714599.0206628,0.0,both_blink
4.610549449920654,174.0,-1368.597689284943,-830.7346274075098,-490.3008841909468,-188.35071151843295,0.0,0.0,0.0,0.0,0.0,0.0,0.0,0.0,1750714599.12501,0.0,both_blink
4.711115598678589,185.0,-1221.9936110218987,-707.8826537630521,-399.3764364682138,-80.03198910178617,0.0,0.0,0.0,0.0,0.0,0.0,0.0,0.0,1750714599.2314136,0.0,both_blink
4.81160306930542,194.0,-1659.1430370425805,-644.468910114374,-442.5760208563879,30.093104993458837,0.0,0.0,0.0,0.0,0.0,0.0,0.0,0.0,1750714599.3213027,0.0,both_blink
4.912508010864258,104.0,-2045.2783577176742,-586.9772980455309,-211.62784884264693,91.8014542623423,0.0,0.0,0.0,0.0,0.0,0.0,0.0,0.0,1750714599.4249125,0.0,both_blink
5.013370752334595,114.0,-2074.999342665542,-629.6981752393767,-143.44199285050854,47.36022308887914,0.0,0.0,0.0,0.0,0.0,0.0,0.0,0.0,1750714599.5298998,0.0,both_blink
5.114234209060669,123.0,-1776.5179272019304,-673.6494795186445,-151.2022852585651,18.907064225990325,0.0,0.0,0.0,0.0,0.0,0.0,0.0,0.0,1750714599.619898,0.0,both_blink
5.214855432510376,134.0,-1600.4060382884927,-771.6909568570554,-237.87820663163438,-108.6983222621493,0.0,0.0,0.0,0.0,0.0,0.0,0.0,0.0,1750714599.7263653,0.0,both_blink
5.315356969833374,143.0,-1388.581844698172,-771.9078710544854,-261.2937202542089,-94.94297022512183,0.0,0.0,0.0,0.0,0.0,0.0,0.0,0.0,1750714599.8163216,0.0,both_blink
5.416162014007568,153.0,-1079.4267547610216,-839.6038001524284,-356.3357978281565,-186.6303575388156,0.0,0.0,0.0,0.0,0.0,0.0,0.0,0.0,1750714599.9198158,0.0,both_blink
5.516862869262695,164.0,-238.17739862808958,-1163.037828120403,-437.46544756693766,-636.0915342136286,0.0,0.0,0.0,0.0,0.0,0.0,0.0,0.0,1750714600.0262916,0.0,both_blink
5.617756605148315,174.0,-477.41505889361724,-1083.4564969632775,-477.33278109459206,-552.7852627006359,0.0,0.0,0.0,0.0,0.0,0.0,0.0,0.0,1750714600.1302202,0.0,both_blink
5.718611001968384,183.0,-687.6348354029469,-979.5732958940789,-476.96627089893445,-385.1704264865257,0.0,0.0,0.0,0.0,0.0,0.0,0.0,0.0,1750714600.2212415,0.0,both_blink
5.8194756507873535,195.0,-1098.3169894372113,-806.1616147486493,-583.7591141336598,-118.23506714915857,0.0,0.0,0.0,0.0,0.0,0.0,0.0,0.0,1750714600.3397903,0.0,both_blink
5.920618295669556,104.0,-1161.6185360872187,-735.225062339101,-517.42263866961,-51.9883492840454,0.0,0.0,0.0,0.0,0.0,0.0,0.0,0.0,1750714600.4314172,0.0,both_blink
6.021333694458008,114.0,-1294.2540880157612,-733.7964205560274,-461.16332363616675,-55.19344354607165,0.0,0.0,0.0,0.0,0.0,0.0,0.0,0.0,1750714600.5348427,0.0,both_blink
6.121947526931763,123.0,-1731.9308399301954,-758.659275461454,-415.77215787395835,-47.8370603332296,0.0,0.0,0.0,0.0,0.0,0.0,0.0,0.0,1750714600.6249168,0.0,both_blink
6.222877740859985,135.0,-1909.3890928276815,-712.0825614132918,-327.31604412198067,-31.79662942327559,0.0,0.0,0.0,0.0,0.0,0.0,0.0,0.0,1750714600.7450264,0.0,both_blink
6.323662042617798,144.0,-1646.739658839535,-694.8416226175614,-308.16027654893696,-12.270611754618585,0.0,0.0,0.0,0.0,0.0,0.0,0.0,0.0,1750714600.8349712,0.0,both_blink
6.424285173416138,155.0,-820.203069132287,-1025.6395135982893,-435.96013783477247,-447.68098429590464,0.0,0.0,0.0,0.0,0.0,0.0,0.0,0.0,1750714600.9415083,0.0,both_blink
6.5246992111206055,164.0,-798.0441618948244,-956.5411220169626,-412.92609400767833,-397.10631719511,0.0,0.0,0.0,0.0,0.0,0.0,0.0,0.0,1750714601.0313344,0.0,both_blink
6.625164031982422,174.0,-911.056458755862,-929.1089558419771,-412.3725888142362,-355.8365211840719,0.0,0.0,0.0,0.0,0.0,0.0,0.0,0.0,1750714601.1347406,0.0,both_blink
6.725553035736084,185.0,-1159.8794826078229,-820.7528344257735,-539.951796002686,-228.2909730952233,0.0,0.0,0.0,0.0,0.0,0.0,0.0,0.0,1750714601.2413552,0.0,both_blink
6.826196193695068,195.0,-1369.478435724508,-752.3762435358949,-566.8379367841408,-79.67856855597347,0.0,0.0,0.0,0.0,0.0,0.0,0.0,0.0,1750714601.3446736,0.0,both_blink
6.9266462326049805,104.0,-1423.2133182878606,-752.1125805890188,-532.1746740448289,-66.24110801517963,0.0,0.0,0.0,0.0,0.0,0.0,0.0,0.0,1750714601.4364223,0.0,both_blink
7.027060508728027,113.0,-1515.629986092914,-751.8657471919432,-437.73472036374733,-65.24629462696612,0.0,0.0,0.0,0.0,0.0,0.0,0.0,0.0,1750714601.5261972,0.0,both_blink
7.128188133239746,125.0,-1599.2055304027162,-700.7824536971748,-300.4579525901936,-50.76166209857911,0.0,0.0,0.0,0.0,0.0,0.0,0.0,0.0,1750714601.6448276,0.0,both_blink
7.2285683155059814,134.0,-1510.8391742496751,-767.3152739088982,-412.85690585849807,-108.61043461319059,0.0,0.0,0.0,0.0,0.0,0.0,0.0,0.0,1750714601.7363172,0.0,both_blink
7.32941198348999,144.0,-1144.7141882875003,-886.8836153922603,-453.33384307892993,-224.53611353971064,0.0,0.0,0.0,0.0,0.0,0.0,0.0,0.0,1750714601.839908,0.0,both_blink
7.430171728134155,155.0,-931.0462240190245,-940.6708565549925,-370.51375856017694,-382.15793707221746,0.0,0.0,0.0,0.0,0.0,0.0,0.0,0.0,1750714601.946421,0.0,both_blink
7.530706405639648,165.0,-1015.4931650185026,-924.4097715476528,-376.1610074932687,-355.00626339390874,0.0,0.0,0.0,0.0,0.0,0.0,0.0,0.0,1750714602.0501835,0.0,both_blink
7.631530523300171,174.0,-1136.1834764885716,-915.1909181568772,-460.0581831992604,-323.32183096930385,0.0,0.0,0.0,0.0,0.0,0.0,0.0,0.0,1750714602.1400127,0.0,both_blink
7.732420206069946,185.0,-1196.2350500770845,-795.9816070692614,-429.4919808614068,-208.92203122470528,0.0,0.0,0.0,0.0,0.0,0.0,0.0,0.0,1750714602.2464805,0.0,both_blink
7.8333916664123535,194.0,-1390.066584980581,-681.8174210218713,-558.9373981277458,-50.555967601016164,0.0,0.0,0.0,0.0,0.0,0.0,0.0,0.0,1750714602.3365307,0.0,both_blink
7.93374228477478,105.0,-1441.781921567861,-692.1732039991766,-505.81398920714855,-10.223016528878361,0.0,0.0,0.0,0.0,0.0,0.0,0.0,0.0,1750714602.455025,0.0,both_blink
8.034197092056274,114.0,-1625.3025522935204,-720.8582366593182,-478.9315883256495,-60.315236535388976,0.0,0.0,0.0,0.0,0.0,0.0,0.0,0.0,1750714602.5450938,0.0,both_blink
8.134755373001099,125.0,-1767.7366421059705,-656.2552048247308,-388.7102417945862,19.221215822268277,0.0,0.0,0.0,0.0,0.0,0.0,0.0,0.0,1750714602.6516173,0.0,both_blink
8.235293626785278,134.0,-1902.6011744081043,-680.8899258328602,-412.62316211126745,-35.07465173443779,0.0,0.0,0.0,0.0,0.0,0.0,0.0,0.0,1750714602.7430067,0.0,both_blink
8.336002588272095,144.0,-1029.7646232494153,-911.3500409023836,-490.9441469833255,-296.3852015384473,0.0,0.0,0.0,0.0,0.0,0.0,0.0,0.0,1750714602.8450408,0.0,both_blink
8.436792850494385,154.0,-936.3681016559713,-1008.927770646289,-456.78764068800956,-448.17278114007786,0.0,0.0,0.0,0.0,0.0,0.0,0.0,0.0,1750714602.9506853,0.0,both_blink
8.537353277206421,165.0,-1008.2601985041983,-916.2231305446476,-444.60304663237184,-325.9865096877329,0.0,0.0,0.0,0.0,0.0,0.0,0.0,0.0,1750714603.055064,0.0,both_blink
8.637850046157837,174.0,-1139.29133335175,-919.3758662072942,-495.10665563400835,-344.5139740682207,0.0,0.0,0.0,0.0,0.0,0.0,0.0,0.0,1750714603.1449206,0.0,both_blink
8.738593101501465,185.0,-1211.617258594837,-801.0192523095757,-458.4444163683802,-183.12981118028983,0.0,0.0,0.0,0.0,0.0,0.0,0.0,0.0,1750714603.251322,0.0,both_blink
8.839354515075684,194.0,-1583.3558343905024,-661.390087463893,-588.8921268228441,5.398545586038381,0.0,0.0,0.0,0.0,0.0,0.0,0.0,0.0,1750714603.3410845,0.0,both_blink
8.939911603927612,105.0,-1691.0556033644825,-680.9235849324614,-484.75648250663653,-7.107679865788668,0.0,0.0,0.0,0.0,0.0,0.0,0.0,0.0,1750714603.459957,0.0,both_blink
9.040555477142334,114.0,-1677.1169962296262,-648.5248316163197,-369.94903366686776,30.055705993901938,0.0,0.0,0.0,0.0,0.0,0.0,0.0,0.0,1750714603.5497096,0.0,both_blink
9.141342878341675,125.0,-1709.8486006418243,-751.024269701913,-416.765101312194,-68.28496334096417,0.0,0.0,0.0,0.0,0.0,0.0,0.0,0.0,1750714603.65614,0.0,both_blink
9.242017269134521,134.0,-1525.0676236310974,-724.7851316127926,-364.01755233714357,-55.094336197245866,0.0,0.0,0.0,0.0,0.0,0.0,0.0,0.0,1750714603.746142,0.0,both_blink
9.342351913452148,146.0,-1214.3754348121583,-790.4914339343086,-407.804301018361,-131.4518735925667,0.0,0.0,0.0,0.0,0.0,0.0,0.0,0.0,1750714603.8647993,0.0,both_blink
9.44319772720337,155.0,-830.6467397585511,-1021.097405102104,-458.9362132125534,-459.9721655002795,0.0,0.0,0.0,0.0,0.0,0.0,0.0,0.0,1750714603.9563737,0.0,both_blink
9.543734312057495,165.0,-922.091033575125,-1041.7865316569805,-441.31754452129826,-455.540384052787,0.0,0.0,0.0,0.0,0.0,0.0,0.0,0.0,1750714604.0598032,0.0,both_blink
9.64421534538269,174.0,-981.6863393690437,-920.9728034883738,-401.93265808792785,-349.79845270561054,0.0,0.0,0.0,0.0,0.0,0.0,0.0,0.0,1750714604.149734,0.0,both_blink
9.745049476623535,185.0,-1164.0700405081734,-927.977636105381,-508.3664709269069,-334.86503218254074,0.0,0.0,0.0,0.0,0.0,0.0,0.0,0.0,1750714604.2561939,0.0,both_blink
9.845582008361816,195.0,-1334.1232914933935,-744.3074093814939,-606.2658320670016,-113.42181590618566,0.0,0.0,0.0,0.0,0.0,0.0,0.0,0.0,1750714604.3598711,0.0,both_blink
9.945875644683838,105.0,-1375.2266619564034,-710.5828615310602,-535.9744123998098,-77.53373593138531,0.0,0.0,0.0,0.0,0.0,0.0,0.0,0.0,1750714604.4648688,0.0,both_blink
10.046387672424316,114.0,-1383.3946034596302,-699.8343890584074,-497.3973443568684,-37.857137301471084,0.0,0.0,0.0,0.0,0.0,0.0,0.0,0.0,1750714604.5546916,0.0,both_blink
10.14672327041626,125.0,-2004.539627500344,-652.3002606215887,-281.3021850171499,14.250888781156391,0.0,0.0,0.0,0.0,0.0,0.0,0.0,0.0,1750714604.6627297,0.0,both_blink
10.247320413589478,134.0,-2595.12218910316,-550.481484327931,-161.66652533458546,167.93459766032174,0.0,0.0,0.0,0.0,0.0,0.0,0.0,0.0,1750714604.7511995,0.0,both_blink
10.348091125488281,144.0,-2495.7231280808337,-567.8757590218447,-182.93159648263827,171.56230061734095,0.0,0.0,0.0,0.0,0.0,0.0,0.0,0.0,1750714604.8548973,0.0,both_blink
10.448678731918335,154.0,-1387.7815061076544,-782.0112107847817,-421.7354283533059,-77.11860703630373,0.0,0.0,0.0,0.0,0.0,0.0,0.0,0.0,1750714604.9617963,0.0,both_blink
10.549226522445679,165.0,-532.3167902431451,-999.7818453046493,-542.0854089274071,-396.0273560578935,0.0,0.0,0.0,0.0,0.0,0.0,0.0,0.0,1750714605.0650165,0.0,both_blink
10.64970064163208,174.0,-456.0602301466279,-1049.6496713138185,-503.0819922895171,-497.42726355651394,0.0,0.0,0.0,0.0,0.0,0.0,0.0,0.0,1750714605.1547549,0.0,both_blink
10.75003433227539,186.0,-752.1780288382433,-1027.4234458771534,-570.0112418965437,-419.6897030775435,0.0,0.0,0.0,0.0,0.0,0.0,0.0,0.0,1750714605.2746923,0.0,both_blink
10.851037979125977,195.0,-881.567347605247,-916.0567049966194,-542.3060630247928,-309.70298528065905,0.0,0.0,0.0,0.0,0.0,0.0,0.0,0.0,1750714605.3649137,0.0,both_blink
10.951767444610596,105.0,-1315.315334616229,-654.7293256428093,-555.5004300684668,13.807710636407137,0.0,0.0,0.0,0.0,0.0,0.0,0.0,0.0,1750714605.4699476,0.0,both_blink
11.052482843399048,114.0,-1705.6374732917175,-689.611372529529,-534.7514651142992,11.387995365075767,0.0,0.0,0.0,0.0,0.0,0.0,0.0,0.0,1750714605.5596788,0.0,both_blink
11.152880191802979,125.0,-1717.8744259467348,-640.2521729143336,-405.41824484663084,45.07701416593045,0.0,0.0,0.0,0.0,0.0,0.0,0.0,0.0,1750714605.6664016,0.0,both_blink
11.25331163406372,132.0,-1792.8145412588492,-688.1715110465884,-415.3626388288103,36.28824927005917,0.0,0.0,0.0,0.0,0.0,0.0,0.0,0.0,1750714605.7401235,0.0,both_blink
11.353901624679565,146.0,-1520.2805516878143,-755.8524805447087,-452.4250473896973,-102.46203908603638,0.0,0.0,0.0,0.0,0.0,0.0,0.0,0.0,1750714605.8763156,0.0,both_blink
11.454809665679932,155.0,-842.1992907216772,-918.2651159204543,-457.4514729301445,-266.1985990460962,0.0,0.0,0.0,0.0,0.0,0.0,0.0,0.0,1750714605.96616,0.0,both_blink
11.555354595184326,166.0,-816.8539887219667,-1008.2171896547079,-456.673573739361,-475.54697886575013,0.0,0.0,0.0,0.0,0.0,0.0,0.0,0.0,1750714606.0740485,0.0,both_blink
11.655876636505127,173.0,-881.5430382555351,-948.7976591587067,-412.8082871590741,-383.90447035152465,0.0,0.0,0.0,0.0,0.0,0.0,0.0,0.0,1750714606.1464107,0.0,both_blink
11.757222414016724,186.0,-1077.1098867384717,-927.7869012076408,-484.7003840073012,-340.0541433710605,0.0,0.0,0.0,0.0,0.0,0.0,0.0,0.0,1750714606.279854,0.0,both_blink
11.858370304107666,196.0,-1286.8771353531629,-736.3451623758301,-567.1053396309726,-104.76955735869706,0.0,0.0,0.0,0.0,0.0,0.0,0.0,0.0,1750714606.37404,0.0,both_blink
11.958890438079834,105.0,-1610.5149878687225,-661.2461013155989,-562.8923423308879,34.48748744139448,0.0,0.0,0.0,0.0,0.0,0.0,0.0,0.0,1750714606.474635,0.0,both_blink
12.059231758117676,114.0,-1628.0663383607753,-648.2387292697094,-483.303531373851,16.876298550050706,0.0,0.0,0.0,0.0,0.0,0.0,0.0,0.0,1750714606.5649247,0.0,both_blink
12.159861326217651,125.0,-1594.6316327569075,-737.8803913076408,-497.22343900892884,-29.53212000010535,0.0,0.0,0.0,0.0,0.0,0.0,0.0,0.0,1750714606.6717613,0.0,both_blink
12.260175704956055,135.0,-1599.0484546045773,-731.0288945888169,-474.9635544726625,-46.12605610350147,0.0,0.0,0.0,0.0,0.0,0.0,0.0,0.0,1750714606.7752569,0.0,both_blink
12.361024618148804,146.0,-1429.4477315139957,-713.6907183942385,-401.69891434069723,-57.0091649745591,0.0,0.0,0.0,0.0,0.0,0.0,0.0,0.0,1750714606.8813815,0.0,both_blink
12.461626291275024,155.0,-958.9907564879395,-959.2749888845719,-456.94097658619285,-345.57236575568095,0.0,0.0,0.0,0.0,0.0,0.0,0.0,0.0,1750714606.97139,0.0,both_blink
12.562317609786987,165.0,-974.0251543098129,-1023.7209449210204,-413.0008920067921,-434.45856800256297,0.0,0.0,0.0,0.0,0.0,0.0,0.0,0.0,1750714607.074999,0.0,both_blink
12.663204431533813,173.0,-1011.5550503651612,-953.8409142489545,-384.8581448402256,-341.4098571049981,0.0,0.0,0.0,0.0,0.0,0.0,0.0,0.0,1750714607.1513612,0.0,both_blink
12.763828754425049,186.0,-1134.9680090029724,-801.9598371484317,-433.2412305669859,-189.88033060031012,0.0,0.0,0.0,0.0,0.0,0.0,0.0,0.0,1750714607.2848396,0.0,both_blink
12.864535331726074,195.0,-1429.0550420186482,-691.6552278553136,-580.1818998260424,-26.618737934622914,0.0,0.0,0.0,0.0,0.0,0.0,0.0,0.0,1750714607.3751583,0.0,both_blink
12.965095520019531,105.0,-1526.109185768757,-720.4692870639265,-520.040568638593,-45.41547511192039,0.0,0.0,0.0,0.0,0.0,0.0,0.0,0.0,1750714607.4796536,0.0,both_blink
13.065401792526245,114.0,-1565.7932641985826,-678.7020843587816,-401.7400532402098,-2.7207772177644074,0.0,0.0,0.0,0.0,0.0,0.0,0.0,0.0,1750714607.570083,0.0,both_blink
13.165704250335693,126.0,-1528.9215905354358,-742.5309569025412,-460.9950281381607,-44.3720430242829,0.0,0.0,0.0,0.0,0.0,0.0,0.0,0.0,1750714607.6904457,0.0,both_blink
13.266202688217163,135.0,-1507.5031834891997,-762.2813685685396,-482.72384688071907,-101.76454774430022,0.0,0.0,0.0,0.0,0.0,0.0,0.0,0.0,1750714607.780044,0.0,both_blink
13.367992401123047,146.0,-1341.2421910590492,-819.8085096869618,-456.8399992873892,-129.11069622030482,0.0,0.0,0.0,0.0,0.0,0.0,0.0,0.0,1750714607.8865235,0.0,both_blink
13.468769788742065,154.0,-979.5676860441454,-915.1946580568328,-368.82145383022726,-320.6496724509634,0.0,0.0,0.0,0.0,0.0,0.0,0.0,0.0,1750714607.9754748,0.0,both_blink
13.570017576217651,165.0,-1078.2860852745362,-1011.3848849171773,-380.38522449322045,-427.23308128817007,0.0,0.0,0.0,0.0,0.0,0.0,0.0,0.0,1750714608.0799265,0.0,both_blink
13.670424222946167,174.0,-1105.785569648724,-887.6278554834425,-368.7728351308033,-286.0032392614521,0.0,0.0,0.0,0.0,0.0,0.0,0.0,0.0,1750714608.1702864,0.0,both_blink
13.771813869476318,185.0,-1338.9945111856796,-747.056235848926,-574.5458705928177,-103.09221222857013,0.0,0.0,0.0,0.0,0.0,0.0,0.0,0.0,1750714608.292684,0.0,both_blink
13.87228512763977,195.0,-1505.812748709228,-715.4204221237451,-505.55967601016164,-51.055244245100766,0.0,0.0,0.0,0.0,0.0,0.0,0.0,0.0,1750714608.3800533,0.0,both_blink
13.972984552383423,105.0,-1514.9081854014657,-681.2265168288723,-430.8289950955659,-23.054613276850432,0.0,0.0,0.0,0.0,0.0,0.0,0.0,0.0,1750714608.485232,0.0,both_blink
14.07370138168335,114.0,-1638.0107323429547,-743.14804039523,-432.9906572699547,-49.58920346247032,0.0,0.0,0.0,0.0,0.0,0.0,0.0,0.0,1750714608.574764,0.0,both_blink
14.174200057983398,125.0,-1532.2688009957783,-696.2646545507014,-366.66727145574987,-38.39568289509043,0.0,0.0,0.0,0.0,0.0,0.0,0.0,0.0,1750714608.681492,0.0,both_blink
14.275282144546509,135.0,-1420.4383125207387,-738.8658549459651,-399.9037623619661,-89.41913799056783,0.0,0.0,0.0,0.0,0.0,0.0,0.0,0.0,1750714608.7852213,0.0,both_blink
14.376197099685669,146.0,-1012.4301869547926,-963.3122108867392,-451.53682115022093,-387.59762155776843,0.0,0.0,0.0,0.0,0.0,0.0,0.0,0.0,1750714608.8914423,0.0,both_blink
14.476684808731079,156.0,-993.5736113782041,-981.5928418701515,-386.7841933174059,-409.38253879966214,0.0,0.0,0.0,0.0,0.0,0.0,0.0,0.0,1750714608.9946384,0.0,both_blink
14.57751727104187,165.0,-1072.4331418438815,-900.4557123314589,-381.8101263763383,-332.75572860753164,0.0,0.0,0.0,0.0,0.0,0.0,0.0,0.0,1750714609.0848956,0.0,both_blink
14.678138256072998,175.0,-1164.0831301580183,-828.6795523818582,-419.6167750284076,-234.76660986850038,0.0,0.0,0.0,0.0,0.0,0.0,0.0,0.0,1750714609.1904693,0.0,both_blink
14.778817892074585,185.0,-1354.93396479683,-664.610141325742,-526.3423000639305,7.702323958743364,0.0,0.0,0.0,0.0,0.0,0.0,0.0,0.0,1750714609.2977414,0.0,both_blink
14.879462003707886,197.0,-1432.4433913785033,-668.9185060746968,-538.5979522187263,-9.549834536854178,0.0,0.0,0.0,0.0,0.0,0.0,0.0,0.0,1750714609.4011595,0.0,both_blink
14.98026156425476,105.0,-1425.633033559192,-703.8248623111285,-526.0992065668106,-45.22848011413589,0.0,0.0,0.0,0.0,0.0,0.0,0.0,0.0,1750714609.4903042,0.0,both_blink
15.08074426651001,116.0,-1401.60791624384,-714.046008890029,-489.36216930206865,-93.42083094315603,0.0,0.0,0.0,0.0,0.0,0.0,0.0,0.0,1750714609.5963116,0.0,both_blink
15.18170166015625,125.0,-1377.6388974278234,-747.1964820972644,-501.5729426573962,-89.62483248813078,0.0,0.0,0.0,0.0,0.0,0.0,0.0,0.0,1750714609.6861315,0.0,both_blink
15.282649278640747,137.0,-1185.759590301197,-925.3877553860657,-456.106978896074,-303.15068055829033,0.0,0.0,0.0,0.0,0.0,0.0,0.0,0.0,1750714609.8064632,0.0,both_blink
15.384411334991455,146.0,-1143.0461929072626,-930.8891482208855,-347.80695597920567,-356.28343922877684,0.0,0.0,0.0,0.0,0.0,0.0,0.0,0.0,1750714609.896612,0.0,both_blink
15.485036849975586,156.0,-1203.9542035856284,-897.4955815165304,-371.1027928031981,-316.88733309553936,0.0,0.0,0.0,0.0,0.0,0.0,0.0,0.0,1750714609.9996307,0.0,both_blink
15.5860915184021,165.0,-1241.5701173399575,-878.1677785455249,-422.1935660978779,-259.53596727503464,0.0,0.0,0.0,0.0,0.0,0.0,0.0,0.0,1750714610.0895944,0.0,both_blink
15.686811208724976,176.0,-1370.394711213652,-662.9888946949504,-537.745255028829,0.27488264674320817,0.0,0.0,0.0,0.0,0.0,0.0,0.0,0.0,1750714610.1962695,0.0,both_blink
15.787656784057617,186.0,-1575.689039481338,-631.9028462632559,-506.28895650152117,14.404224679339677,0.0,0.0,0.0,0.0,0.0,0.0,0.0,0.0,1750714610.3003192,0.0,both_blink
15.888107538223267,197.0,-1467.976180857513,-749.0926113747992,-553.4191757431254,-75.03922266094014,0.0,0.0,0.0,0.0,0.0,0.0,0.0,0.0,1750714610.40607,0.0,both_blink
15.98872184753418,104.0,-1703.8628907627426,-647.279444931075,-384.9965211385861,20.070173112209886,0.0,0.0,0.0,0.0,0.0,0.0,0.0,0.0,1750714610.4814708,0.0,both_blink
16.089117527008057,117.0,-1674.2279235138558,-716.3516572127119,-415.5664633763954,-45.437914511654526,0.0,0.0,0.0,0.0,0.0,0.0,0.0,0.0,1750714610.614757,0.0,both_blink
16.190187215805054,126.0,-1443.0684471526183,-727.6087560793385,-436.96243102289736,-42.98454014072195,0.0,0.0,0.0,0.0,0.0,0.0,0.0,0.0,1750714610.7054036,0.0,both_blink
16.29094934463501,137.0,-982.5521262087859,-936.5083479043096,-420.14410092215985,-359.42495519155636,0.0,0.0,0.0,0.0,0.0,0.0,0.0,0.0,1750714610.811447,0.0,both_blink
16.391777992248535,146.0,-915.0057931090705,-984.0761354407296,-343.1283411346376,-419.71214247727767,0.0,0.0,0.0,0.0,0.0,0.0,0.0,0.0,1750714610.9015672,0.0,both_blink
16.49228024482727,155.0,-1096.1216681632213,-991.7616298496723,-438.1704187085852,-408.75423560710624,0.0,0.0,0.0,0.0,0.0,0.0,0.0,0.0,1750714610.9912865,0.0,both_blink
16.593689680099487,167.0,-1171.877081665676,-884.0113722262904,-462.1880562240258,-302.47375866631046,0.0,0.0,0.0,0.0,0.0,0.0,0.0,0.0,1750714611.1112385,0.0,both_blink
16.69417452812195,176.0,-1298.9626220599748,-662.8449085466564,-535.5087948553264,32.954128459561616,0.0,0.0,0.0,0.0,0.0,0.0,0.0,0.0,1750714611.2013707,0.0,both_blink
16.79531717300415,184.0,-1452.7585279378109,-658.4580058986321,-501.9357129530981,10.997175819706172,0.0,0.0,0.0,0.0,0.0,0.0,0.0,0.0,1750714611.305492,0.0,both_blink
16.89602017402649,197.0,-1466.9963270691223,-723.7304798252881,-501.95441245287657,-70.41670631570742,0.0,0.0,0.0,0.0,0.0,0.0,0.0,0.0,1750714611.411119,0.0,both_blink
16.99728775024414,107.0,-1443.096496402286,-700.0756126055494,-430.2586603523232,-43.14722578879446,0.0,0.0,0.0,0.0,0.0,0.0,0.0,0.0,1750714611.516472,0.0,both_blink
17.09786057472229,114.0,-1504.7562269717455,-731.5356510328129,-459.9310266007669,-44.26919577550143,0.0,0.0,0.0,0.0,0.0,0.0,0.0,0.0,1750714611.5895865,0.0,both_blink
17.19841694831848,126.0,-1475.1212597228587,-785.565985692665,-499.5590065312572,-116.17999212350696,0.0,0.0,0.0,0.0,0.0,0.0,0.0,0.0,1750714611.7101252,0.0,both_blink
17.29898238182068,136.0,-1169.9828223381191,-914.192364868708,-478.67540517868474,-286.5511346049607,0.0,0.0,0.0,0.0,0.0,0.0,0.0,0.0,1750714611.8155413,0.0,both_blink
17.39945101737976,147.0,-1024.4408756624907,-948.0122801680118,-309.0971214878373,-389.38716368656605,0.0,0.0,0.0,0.0,0.0,0.0,0.0,0.0,1750714611.9199188,0.0,both_blink
17.500136375427246,156.0,-1155.920798504725,-981.5554428705946,-410.6241855849512,-389.38716368656605,0.0,0.0,0.0,0.0,0.0,0.0,0.0,0.0,1750714612.0102632,0.0,both_blink
17.601379871368408,167.0,-1177.1783898528665,-852.3605989012867,-376.2358054923825,-239.5181527622044,0.0,0.0,0.0,0.0,0.0,0.0,0.0,0.0,1750714612.116544,0.0,both_blink
17.70371103286743,177.0,-1339.4302095305175,-670.7772363526747,-521.6169364699163,-10.43806077633053,0.0,0.0,0.0,0.0,0.0,0.0,0.0,0.0,1750714612.2203267,0.0,both_blink
17.80445694923401,188.0,-1471.41501886677,-728.0388445742428,-550.5114035275765,-49.751889110542834,0.0,0.0,0.0,0.0,0.0,0.0,0.0,0.0,1750714612.3264868,0.0,both_blink
17.90522289276123,196.0,-1473.3709865435958,-752.856820680201,-546.6593065732159,-64.53571363538504,0.0,0.0,0.0,0.0,0.0,0.0,0.0,0.0,1750714612.4155173,0.0,both_blink
18.006495237350464,105.0,-1411.3073467789218,-715.2053778762929,-460.01143444981426,-44.3720430242829,0.0,0.0,0.0,0.0,0.0,0.0,0.0,0.0,1750714612.5049963,0.0,both_blink
18.10765790939331,117.0,-1477.432517895475,-749.3618841716088,-476.0780446594581,-77.2382838348858,0.0,0.0,0.0,0.0,0.0,0.0,0.0,0.0,1750714612.6249087,0.0,both_blink
18.208147048950195,126.0,-1386.9157192679122,-785.4481788440607,-472.61489730048925,-156.2062713992782,0.0,0.0,0.0,0.0,0.0,0.0,0.0,0.0,1750714612.7150435,0.0,both_blink
18.308768272399902,137.0,-1066.286616266705,-982.3763509108685,-373.30185397714376,-405.86329294135794,0.0,0.0,0.0,0.0,0.0,0.0,0.0,0.0,1750714612.821394,0.0,both_blink
18.409658908843994,146.0,-1115.29052538611,-976.2578745833598,-356.9884103704244,-424.74978771759197,0.0,0.0,0.0,0.0,0.0,0.0,0.0,0.0,1750714612.9115388,0.0,both_blink
18.51031494140625,157.0,-1210.145607962273,-875.4787904773839,-436.7679562252015,-257.8043935955502,0.0,0.0,0.0,0.0,0.0,0.0,0.0,0.0,1750714613.0303848,0.0,both_blink
18.611340045928955,168.0,-1341.4347959067672,-677.9746738173999,-525.081953778863,-21.798006891738623,0.0,0.0,0.0,0.0,0.0,0.0,0.0,0.0,1750714613.1358123,0.0,both_blink
18.712356090545654,177.0,-1409.9722024947405,-714.4648776850663,-571.430533929728,-44.689934520516545,0.0,0.0,0.0,0.0,0.0,0.0,0.0,0.0,1750714613.2249336,0.0,both_blink
18.81275749206543,186.0,-1388.546315648593,-756.0076863928698,-530.7927810112014,-117.48708715802059,0.0,0.0,0.0,0.0,0.0,0.0,0.0,0.0,1750714613.3162873,0.0,both_blink
18.913588285446167,198.0,-1636.4381044115871,-669.0101336236112,-388.08567850198597,-8.768195446114987,0.0,0.0,0.0,0.0,0.0,0.0,0.0,0.0,1750714613.4348557,0.0,both_blink
19.014291286468506,105.0,-1629.141559598036,-743.5482096904889,-458.2125425711274,-64.5469333352521,0.0,0.0,0.0,0.0,0.0,0.0,0.0,0.0,1750714613.509925,0.0,both_blink
19.115259170532227,117.0,-1497.1455305619165,-775.9245236068964,-484.5227387594059,-112.08480167202652,0.0,0.0,0.0,0.0,0.0,0.0,0.0,0.0,1750714613.6297073,0.0,both_blink
19.2158420085907,128.0,-1406.228562639095,-756.5668014362454,-454.05377382040024,-82.68170822039247,0.0,0.0,0.0,0.0,0.0,0.0,0.0,0.0,1750714613.736447,0.0,both_blink
19.31612205505371,135.0,-1312.6300864480436,-832.7298640338704,-500.1966594737023,-182.33508243970573,0.0,0.0,0.0,0.0,0.0,0.0,0.0,0.0,1750714613.810283,0.0,both_blink
19.41646695137024,146.0,-979.63313429337,-935.0759662212804,-338.54696368891746,-363.7389297904447,0.0,0.0,0.0,0.0,0.0,0.0,0.0,0.0,1750714613.9165108,0.0,both_blink
19.51743793487549,158.0,-1061.1779129272327,-970.3394829034805,-342.3018232444301,-385.95019562728703,0.0,0.0,0.0,0.0,0.0,0.0,0.0,0.0,1750714614.0367923,0.0,both_blink
19.618284702301025,167.0,-1239.5412216139957,-879.7254468770698,-489.99421239458025,-255.1584143768996,0.0,0.0,0.0,0.0,0.0,0.0,0.0,0.0,1750714614.1265888,0.0,both_blink
19.719500303268433,177.0,-1365.0373045271263,-774.204169627279,-567.0211918819696,-112.66822606511414,0.0,0.0,0.0,0.0,0.0,0.0,0.0,0.0,1750714614.2300184,0.0,both_blink
19.82039499282837,186.0,-1359.1507019968703,-677.2584829758853,-504.6807995205745,-30.401646739803255,0.0,0.0,0.0,0.0,0.0,0.0,0.0,0.0,1750714614.3199744,0.0,both_blink
19.920965433120728,198.0,-1441.5556576205418,-696.8929577432573,-485.5624309470877,-46.29248165152967,0.0,0.0,0.0,0.0,0.0,0.0,0.0,0.0,1750714614.4403458,0.0,both_blink
20.02164936065674,107.0,-1514.2013443098404,-699.2864937148988,-443.2155437488109,-42.91722194151953,0.0,0.0,0.0,0.0,0.0,0.0,0.0,0.0,1750714614.5313208,0.0,both_blink
20.122414350509644,117.0,-1453.469108929392,-703.9987676590681,-445.2874483242631,-50.19880715524778,0.0,0.0,0.0,0.0,0.0,0.0,0.0,0.0,1750714614.634906,0.0,both_blink
20.22387146949768,126.0,-1432.0918407826684,-766.0324882240966,-479.7431466160342,-99.8422391670756,0.0,0.0,0.0,0.0,0.0,0.0,0.0,0.0,1750714614.7249823,0.0,both_blink
20.32494568824768,138.0,-1113.1643922613002,-965.5000523608178,-438.3200147068128,-369.1112960767932,0.0,0.0,0.0,0.0,0.0,0.0,0.0,0.0,1750714614.8452113,0.0,both_blink
20.426011085510254,146.0,-1068.869017186109,-969.3970281146467,-360.3655400304124,-392.29119600215927,0.0,0.0,0.0,0.0,0.0,0.0,0.0,0.0,1750714614.9214668,0.0,both_blink
20.527120113372803,158.0,-1259.4879780276679,-879.6282094782218,-464.8920038919896,-263.2833470306359,0.0,0.0,0.0,0.0,0.0,0.0,0.0,0.0,1750714615.041501,0.0,both_blink
20.628804445266724,168.0,-1497.5887087066658,-786.32518538367,-491.32187687885016,-110.69542883848771,0.0,0.0,0.0,0.0,0.0,0.0,0.0,0.0,1750714615.1455228,0.0,both_blink
20.730217933654785,177.0,-1724.312663720455,-676.5404221843928,-369.5806535212323,6.5018160729669034,0.0,0.0,0.0,0.0,0.0,0.0,0.0,0.0,1750714615.2350025,0.0,both_blink
20.830608367919922,188.0,-1682.9830293101259,-773.721722532995,-433.07667496893555,-78.18447852367535,0.0,0.0,0.0,0.0,0.0,0.0,0.0,0.0,1750714615.3413117,0.0,both_blink
20.931774854660034,198.0,-1606.0084084221162,-793.887263094075,-444.71898353099823,-103.05855312896892,0.0,0.0,0.0,0.0,0.0,0.0,0.0,0.0,1750714615.4458401,0.0,both_blink
21.03301763534546,107.0,-1509.5358191151172,-749.7732731667347,-414.6314883874729,-59.99921498913318,0.0,0.0,0.0,0.0,0.0,0.0,0.0,0.0,1750714615.5364175,0.0,both_blink
21.1342875957489,117.0,-1385.0644687898457,-775.881514757406,-412.44738681335,-96.822269952856,0.0,0.0,0.0,0.0,0.0,0.0,0.0,0.0,1750714615.6397705,0.0,both_blink
21.23475432395935,127.0,-875.7574130240828,-920.6044233427383,-423.43895278312266,-323.16849507112056,0.0,0.0,0.0,0.0,0.0,0.0,0.0,0.0,1750714615.745813,0.0,both_blink
21.335997581481934,138.0,-867.1519032260403,-1008.7052465989254,-366.15864506177604,-493.7191527504474,0.0,0.0,0.0,0.0,0.0,0.0,0.0,0.0,1750714615.8504388,0.0,both_blink
21.43673610687256,149.0,-1054.4124339073896,-959.6078399806283,-469.42102273833007,-377.3559055291116,0.0,0.0,0.0,0.0,0.0,0.0,0.0,0.0,1750714615.9566128,0.0,both_blink
21.537628412246704,156.0,-1190.0137265007943,-860.1452006590553,-541.230841787532,-257.637968047522,0.0,0.0,0.0,0.0,0.0,0.0,0.0,0.0,1750714616.0298028,0.0,both_blink
21.63867712020874,168.0,-1429.9582278579473,-693.4989985334687,-541.8591449800879,-59.812219991348684,0.0,0.0,0.0,0.0,0.0,0.0,0.0,0.0,1750714616.1499605,0.0,both_blink
21.739311695098877,178.0,-1479.6240992695093,-733.8076402558945,-506.3899338003248,-66.75347430910915,0.0,0.0,0.0,0.0,0.0,0.0,0.0,0.0,1750714616.2558465,0.0,both_blink
21.8399395942688,189.0,-1680.7409592866898,-732.2481019743718,-450.0633005676791,-41.666225406341255,0.0,0.0,0.0,0.0,0.0,0.0,0.0,0.0,1750714616.3601973,0.0,both_blink
21.94043779373169,198.0,-1650.9526561396196,-698.8320958702825,-425.11068806331605,-47.4668102376163,0.0,0.0,0.0,0.0,0.0,0.0,0.0,0.0,1750714616.4499335,0.0,both_blink
22.041125059127808,108.0,-1462.996504066512,-719.4800835256465,-414.88954148441553,-34.034959546756,0.0,0.0,0.0,0.0,0.0,0.0,0.0,0.0,1750714616.55492,0.0,both_blink
22.141514778137207,117.0,-1425.5937646096572,-808.4149044719525,-483.35588997323066,-153.70053842896596,0.0,0.0,0.0,0.0,0.0,0.0,0.0,0.0,1750714616.645061,0.0,both_blink
22.24202561378479,129.0,-954.2953120935708,-992.2197675942443,-416.0227311709896,-416.3200532174669,0.0,0.0,0.0,0.0,0.0,0.0,0.0,0.0,1750714616.765187,0.0,both_blink
22.342957258224487,137.0,-976.098928835243,-1037.2556428606622,-394.24155382905155,-476.92887189937755,0.0,0.0,0.0,0.0,0.0,0.0,0.0,0.0,1750714616.8412097,0.0,both_blink
22.44341254234314,149.0,-1197.8899558074772,-807.1433384870179,-530.2542354175821,-176.1025391635485,0.0,0.0,0.0,0.0,0.0,0.0,0.0,0.0,1750714616.9614263,0.0,both_blink
22.54438042640686,158.0,-1256.2249153163284,-729.0691870120354,-499.6468941802159,-83.0575681659393,0.0,0.0,0.0,0.0,0.0,0.0,0.0,0.0,1750714617.0512888,0.0,both_blink
22.64547085762024,170.0,-1426.3417446007952,-744.1933424328454,-489.418267801404,-58.370488558430225,0.0,0.0,0.0,0.0,0.0,0.0,0.0,0.0,1750714617.1711824,0.0,both_blink
22.746790647506714,179.0,-1517.1801746245474,-767.7360126539133,-477.91807543765754,-108.78433996113017,0.0,0.0,0.0,0.0,0.0,0.0,0.0,0.0,1750714617.2613704,0.0,both_blink
22.847536325454712,189.0,-1601.9001283207908,-757.4999064751901,-441.0277022747323,-97.83765279082581,0.0,0.0,0.0,0.0,0.0,0.0,0.0,0.0,1750714617.3649747,0.0,both_blink
22.94800877571106,198.0,-1546.9048994723707,-689.744138977956,-389.4806611854583,-28.492427812423557,0.0,0.0,0.0,0.0,0.0,0.0,0.0,0.0,1750714617.454868,0.0,both_blink
23.04887819290161,108.0,-1465.2909326893277,-794.309871789068,-461.232511785347,-109.82403214881197,0.0,0.0,0.0,0.0,0.0,0.0,0.0,0.0,1750714617.5600014,0.0,both_blink
23.149847269058228,119.0,-1313.0209059934132,-771.949009953998,-386.8234622669406,-123.05579819204286,0.0,0.0,0.0,0.0,0.0,0.0,0.0,0.0,1750714617.6664338,0.0,both_blink
23.25017547607422,128.0,-1028.4145193654113,-965.0811835657805,-438.92026864970103,-340.23926841886714,0.0,0.0,0.0,0.0,0.0,0.0,0.0,0.0,1750714617.756245,0.0,both_blink
23.350768089294434,138.0,-1016.3944809078239,-978.5672628059983,-390.5297031230293,-428.1194375776686,0.0,0.0,0.0,0.0,0.0,0.0,0.0,0.0,1750714617.8596916,0.0,both_blink
23.45120668411255,147.0,-1077.564284583088,-953.1247234074399,-375.5401841006242,-401.74940299009904,0.0,0.0,0.0,0.0,0.0,0.0,0.0,0.0,1750714617.9507616,0.0,both_blink
23.552172660827637,159.0,-1260.220998418983,-665.2160051185638,-511.7361207869835,-65.6071949726902,0.0,0.0,0.0,0.0,0.0,0.0,0.0,0.0,1750714618.0698211,0.0,both_blink
23.652857780456543,168.0,-1393.4811136401258,-742.7216918002814,-559.2627694238909,-83.77188905747607,0.0,0.0,0.0,0.0,0.0,0.0,0.0,0.0,1750714618.1599736,0.0,both_blink
23.753334283828735,177.0,-1489.0879161073826,-714.0553586399183,-505.5503262602724,-58.8604154526256,0.0,0.0,0.0,0.0,0.0,0.0,0.0,0.0,1750714618.2498255,0.0,both_blink
23.854177951812744,189.0,-1538.2563808248378,-679.9474710440263,-400.56759460410103,-14.348126180004328,0.0,0.0,0.0,0.0,0.0,0.0,0.0,0.0,1750714618.3702476,0.0,both_blink
23.954763889312744,200.0,-1534.9914481635205,-774.1892100274563,-500.11999152461067,-123.186694690492,0.0,0.0,0.0,0.0,0.0,0.0,0.0,0.0,1750714618.476518,0.0,both_blink
24.055421590805054,108.0,-1456.5152574433014,-787.4209760706872,-475.2533967192285,-152.26628679595888,0.0,0.0,0.0,0.0,0.0,0.0,0.0,0.0,1750714618.5651827,0.0,both_blink
24.155951738357544,119.0,-1064.9664315823466,-887.7437923820689,-429.34986466309056,-268.6033547176048,0.0,0.0,0.0,0.0,0.0,0.0,0.0,0.0,1750714618.671306,0.0,both_blink
24.256290435791016,128.0,-981.5591827705503,-971.7756044864655,-413.4440701515414,-440.9903032751754,0.0,0.0,0.0,0.0,0.0,0.0,0.0,0.0,1750714618.7613473,0.0,both_blink
24.356926202774048,139.0,-1087.6152657140046,-904.9697715779766,-427.3041393873282,-315.6587759600952,0.0,0.0,0.0,0.0,0.0,0.0,0.0,0.0,1750714618.8806517,0.0,both_blink
24.45743227005005,149.0,-1290.216866013594,-714.9828538289294,-558.9747971273027,-45.50710266083479,0.0,0.0,0.0,0.0,0.0,0.0,0.0,0.0,1750714618.971513,0.0,both_blink
24.558265686035156,158.0,-1362.146361861378,-777.6186982868239,-590.6554896519519,-125.3539667148143,0.0,0.0,0.0,0.0,0.0,0.0,0.0,0.0,1750714619.0615113,0.0,both_blink
24.659141063690186,168.0,-1422.0333798518404,-766.6720111165196,-534.1306417216547,-99.78053081780672,0.0,0.0,0.0,0.0,0.0,0.0,0.0,0.0,1750714619.164784,0.0,both_blink
24.759808778762817,179.0,-1519.8280237931758,-734.3779749991372,-453.09822938172147,-42.092574001289904,0.0,0.0,0.0,0.0,0.0,0.0,0.0,0.0,1750714619.2711644,0.0,both_blink
24.860854148864746,188.0,-1539.918766355142,-779.0361203700304,-456.43422014219686,-117.13740651216358,0.0,0.0,0.0,0.0,0.0,0.0,0.0,0.0,1750714619.3615825,0.0,both_blink
24.961233377456665,200.0,-1425.0926180155948,-770.3258933732286,-403.64179236767814,-107.42488632723689,0.0,0.0,0.0,0.0,0.0,0.0,0.0,0.0,1750714619.4812355,0.0,both_blink
25.06184983253479,108.0,-1410.1610674425028,-758.4704105136916,-392.97185779409483,-109.57719875173643,0.0,0.0,0.0,0.0,0.0,0.0,0.0,0.0,1750714619.5701344,0.0,both_blink
25.162618160247803,119.0,-1160.2422529035248,-923.8749658539891,-443.2398530985229,-320.1784450565465,0.0,0.0,0.0,0.0,0.0,0.0,0.0,0.0,1750714619.6762695,0.0,both_blink
25.263412952423096,129.0,-1074.0412988248281,-1001.2422762373462,-373.0755900298245,-458.2331120208837,0.0,0.0,0.0,0.0,0.0,0.0,0.0,0.0,1750714619.7801764,0.0,both_blink
25.364447593688965,140.0,-1144.3102790922858,-859.8628382124007,-405.59402014454827,-271.98235432757065,0.0,0.0,0.0,0.0,0.0,0.0,0.0,0.0,1750714619.890581,0.0,both_blink
25.465431451797485,149.0,-1329.4540263987146,-761.9896563719958,-609.0034388345666,-142.40978046273813,0.0,0.0,0.0,0.0,0.0,0.0,0.0,0.0,1750714619.976334,0.0,both_blink
25.5660879611969,159.0,-1444.0707403407432,-745.1900257710367,-599.6125500458293,-95.5450941179879,0.0,0.0,0.0,0.0,0.0,0.0,0.0,0.0,1750714620.0798047,0.0,both_blink
25.667206287384033,168.0,-1482.3673158870079,-676.9892101790756,-487.7745817708783,-8.68591764708981,0.0,0.0,0.0,0.0,0.0,0.0,0.0,0.0,1750714620.1696286,0.0,both_blink
25.767903089523315,179.0,-1694.19898927724,-725.7949046008289,-470.85901427129284,-56.56785677978769,0.0,0.0,0.0,0.0,0.0,0.0,0.0,0.0,1750714620.2764747,0.0,both_blink
25.86860680580139,189.0,-1640.4117481145076,-755.848740644753,-470.41396617656574,-87.88951890869066,0.0,0.0,0.0,0.0,0.0,0.0,0.0,0.0,1750714620.3798318,0.0,both_blink
25.969695568084717,198.0,-1533.405730582308,-713.4083559475839,-363.46404714370146,-61.35866862302646,0.0,0.0,0.0,0.0,0.0,0.0,0.0,0.0,1750714620.4698691,0.0,both_blink
26.07028365135193,108.0,-1439.3902555461973,-762.4421842666343,-437.1064171711914,-93.66205449029803,0.0,0.0,0.0,0.0,0.0,0.0,0.0,0.0,1750714620.575052,0.0,both_blink
26.171003580093384,119.0,-907.8794137435034,-930.0420608809218,-396.2442702553235,-356.63311987463385,0.0,0.0,0.0,0.0,0.0,0.0,0.0,0.0,1750714620.6814656,0.0,both_blink
26.271421670913696,129.0,-933.8829381354153,-985.5272166235372,-346.5596993439831,-438.60050720348954,0.0,0.0,0.0,0.0,0.0,0.0,0.0,0.0,1750714620.7848668,0.0,both_blink
26.37181067466736,138.0,-1020.3980438103899,-950.5479323379695,-392.25753690255806,-352.00312372948974,0.0,0.0,0.0,0.0,0.0,0.0,0.0,0.0,1750714620.8747773,0.0,both_blink
26.47241711616516,149.0,-1370.538697361946,-701.29855989106,-439.6046703415923,-79.31953816022724,0.0,0.0,0.0,0.0,0.0,0.0,0.0,0.0,1750714620.9812205,0.0,both_blink
26.57323718070984,159.0,-1840.576803592965,-643.8462167717516,-345.71448195399716,11.432874164544046,0.0,0.0,0.0,0.0,0.0,0.0,0.0,0.0,1750714621.085384,0.0,both_blink
26.673973321914673,170.0,-1885.6201586592942,-714.0815379396081,-397.55697513977066,-21.2688110480085,0.0,0.0,0.0,0.0,0.0,0.0,0.0,0.0,1750714621.191266,0.0,both_blink
26.774661779403687,179.0,-1765.6179887810722,-680.6169131360948,-353.42615566262975,-11.855482859537005,0.0,0.0,0.0,0.0,0.0,0.0,0.0,0.0,1750714621.2813604,0.0,both_blink
26.875296592712402,189.0,-1722.7736948886886,-710.2556202849373,-335.42601717589423,-51.18427079357207,0.0,0.0,0.0,0.0,0.0,0.0,0.0,0.0,1750714621.3849397,0.0,both_blink
26.975857496261597,198.0,-1617.6077081346884,-733.4579596100375,-361.407102168072,-70.00344737060368,0.0,0.0,0.0,0.0,0.0,0.0,0.0,0.0,1750714621.4748693,0.0,both_blink
27.07638120651245,108.0,-973.5389673155732,-984.6090711844154,-459.858098551631,-326.06317763682455,0.0,0.0,0.0,0.0,0.0,0.0,0.0,0.0,1750714621.580428,0.0,both_blink
27.176965475082397,119.0,-570.3590525924228,-1045.9022915582173,-381.222962083295,-452.04544754419476,0.0,0.0,0.0,0.0,0.0,0.0,0.0,0.0,1750714621.6866188,0.0,both_blink
27.277942895889282,129.0,-713.9001527917571,-1027.3112488784827,-363.7389297904447,-458.04798697307706,0.0,0.0,0.0,0.0,0.0,0.0,0.0,0.0,1750714621.7901235,0.0,both_blink
27.378451347351074,138.0,-958.2689557964914,-984.1490634898655,-522.0152358151972,-386.0249936264008,0.0,0.0,0.0,0.0,0.0,0.0,0.0,0.0,1750714621.8797777,0.0,both_blink
27.479455709457397,150.0,-1325.0072853513993,-756.8304643831216,-589.6999452132732,-130.18217755760998,0.0,0.0,0.0,0.0,0.0,0.0,0.0,0.0,1750714621.999972,0.0,both_blink
27.58082342147827,159.0,-1439.9456306896172,-703.8697411105968,-516.7905955770984,-17.36435549426824,0.0,0.0,0.0,0.0,0.0,0.0,0.0,0.0,1750714622.0900624,0.0,both_blink
27.681442260742188,170.0,-1438.9807365010493,-771.8199834055267,-503.70842553209513,-111.47145807929337,0.0,0.0,0.0,0.0,0.0,0.0,0.0,0.0,1750714622.1963801,0.0,both_blink
27.782077074050903,179.0,-1449.3851381777786,-739.9373362832703,-436.71185772586614,-60.33206608518958,0.0,0.0,0.0,0.0,0.0,0.0,0.0,0.0,1750714622.2863543,0.0,both_blink
27.883333921432495,191.0,-1450.9184971596114,-787.3293485217728,-482.47701348364353,-85.0415850924328,0.0,0.0,0.0,0.0,0.0,0.0,0.0,0.0,1750714622.406227,0.0,both_blink
27.98411464691162,200.0,-1317.4190283413045,-819.4812684408389,-510.6534197498113,-166.17123483121395,0.0,0.0,0.0,0.0,0.0,0.0,0.0,0.0,1750714622.4963756,0.0,both_blink
28.084501266479492,108.0,-1041.756612457335,-904.2610605363734,-433.577821562998,-279.1723119923845,0.0,0.0,0.0,0.0,0.0,0.0,0.0,0.0,1750714622.5850444,0.0,both_blink
28.18564510345459,120.0,-926.530294822529,-976.399990781676,-324.72429345268756,-417.00258495938033,0.0,0.0,0.0,0.0,0.0,0.0,0.0,0.0,1750714622.7048051,0.0,both_blink
28.286847829818726,129.0,-1200.3433301784098,-838.4650006159209,-553.7333273394033,-210.8817388014868,0.0,0.0,0.0,0.0,0.0,0.0,0.0,0.0,1750714622.7952793,0.0,both_blink
28.38792324066162,140.0,-1277.6882011620328,-729.8321266029961,-515.5863477913663,-70.48589446488768,0.0,0.0,0.0,0.0,0.0,0.0,0.0,0.0,1750714622.9015155,0.0,both_blink
28.48900604248047,149.0,-1359.7677854895592,-795.7067244225182,-564.784731708467,-112.50741036701947,0.0,0.0,0.0,0.0,0.0,0.0,0.0,0.0,1750714622.9915428,0.0,both_blink
28.58997631072998,159.0,-1373.4165503778495,-775.4514262625016,-256.40380106214434,-54.927910649217665,0.0,0.0,0.0,0.0,0.0,0.0,0.0,0.0,1750714623.09516,0.0,both_blink
28.691473722457886,170.0,-1087.2637151181698,-380.3048166441731,75.94240850023925,245.87972258683294,0.0,0.0,0.0,0.0,0.0,0.0,0.0,0.0,1750714623.201385,0.0,both_blink
28.79256319999695,180.0,-527.4231311511248,-500.6959361177869,-54.63245855271816,140.73991513252258,0.0,0.0,0.0,0.0,0.0,0.0,0.0,0.0,1750714623.305175,0.0,both_blink
28.893433094024658,191.0,649.0110186105594,-818.4527959530242,-397.6299031889066,-221.8807845711708,0.0,0.0,0.0,0.0,0.0,0.0,0.0,0.0,1750714623.4117014,0.0,both_blink
28.994919061660767,200.0,1554.1453457865864,-952.5693482640199,-471.3807303151116,-391.60492436029017,0.0,0.0,0.0,0.0,0.0,0.0,0.0,0.0,1750714623.5015163,0.0,both_blink
29.09561562538147,111.0,-217.12363182753325,-1085.7340960362926,-476.4726041047834,-571.1444315831177,0.0,0.0,0.0,0.0,0.0,0.0,0.0,0.0,1750714623.620034,0.0,both_blink
29.196834325790405,120.0,-460.6920962417498,-1066.7503638612106,-551.1397067201324,-494.97762908553705,0.0,0.0,0.0,0.0,0.0,0.0,0.0,0.0,1750714623.7102325,0.0,both_blink
29.29749894142151,129.0,-817.5720495134592,-844.1776977982372,-693.5476172328927,-228.2030854462646,0.0,0.0,0.0,0.0,0.0,0.0,0.0,0.0,1750714623.8009923,0.0,both_blink
29.398054361343384,140.0,-1108.48764736671,-787.3461780715734,-594.1635158103891,-127.13976894365624,0.0,0.0,0.0,0.0,0.0,0.0,0.0,0.0,1750714623.9063368,0.0,both_blink
29.498951196670532,150.0,-1965.2968572652899,-466.9900877671316,-133.90898786345497,244.27717545581982,0.0,0.0,0.0,0.0,0.0,0.0,0.0,0.0,1750714624.010064,0.0,both_blink
29.6003098487854,159.0,-1537.8225524299778,-572.4403069177642,-238.11008042888716,89.63605218799785,0.0,0.0,0.0,0.0,0.0,0.0,0.0,0.0,1750714624.1000137,0.0,both_blink
29.701330184936523,171.0,-1137.0025145788677,-631.7401606151834,-203.87129633454606,44.46554052317515,0.0,0.0,0.0,0.0,0.0,0.0,0.0,0.0,1750714624.2201955,0.0,both_blink
29.801722049713135,180.0,-776.3340426520444,-733.1886868132278,-335.8037470714189,-60.84630232909694,0.0,0.0,0.0,0.0,0.0,0.0,0.0,0.0,1750714624.3103645,0.0,both_blink
29.90235662460327,191.0,961.3992520594038,-1088.1051926082,-500.46780222048983,-526.3142508142628,0.0,0.0,0.0,0.0,0.0,0.0,0.0,0.0,1750714624.4165423,0.0,both_blink
30.003281116485596,200.0,867.4529651724733,-1162.6488785250112,-572.4720960673876,-602.6343892100267,0.0,0.0,0.0,0.0,0.0,0.0,0.0,0.0,1750714624.5063128,0.0,both_blink
30.104194402694702,110.0,-421.5970520549454,-1122.2916181031615,-570.6619844888337,-559.9696105155163,0.0,0.0,0.0,0.0,0.0,0.0,0.0,0.0,1750714624.6115887,0.0,both_blink
30.20520806312561,120.0,-727.2740350333042,-960.7690789168701,-640.4372979621403,-368.703646981623,0.0,0.0,0.0,0.0,0.0,0.0,0.0,0.0,1750714624.7152677,0.0,both_blink
30.305744647979736,131.0,-1002.680267770309,-729.2804913595319,-692.6126422439702,-62.005671315360814,0.0,0.0,0.0,0.0,0.0,0.0,0.0,0.0,1750714624.8214924,0.0,both_blink
30.406941890716553,140.0,-1215.0841458537616,-759.8130345977843,-653.7850009039976,-95.44411681918427,0.0,0.0,0.0,0.0,0.0,0.0,0.0,0.0,1750714624.9115448,0.0,both_blink
30.507609605789185,150.0,-2923.156294016633,-478.32198463287205,-251.03517467575148,185.9908346463926,0.0,0.0,0.0,0.0,0.0,0.0,0.0,0.0,1750714625.0159528,0.0,both_blink
30.608405828475952,161.0,-2639.9822890716605,-504.2357514258474,-173.68656379217282,195.17602893756703,0.0,0.0,0.0,0.0,0.0,0.0,0.0,0.0,1750714625.1214583,0.0,both_blink
30.709158897399902,171.0,-2240.2730015073903,-594.1466862605885,-236.3934663492255,94.434343831148,0.0,0.0,0.0,0.0,0.0,0.0,0.0,0.0,1750714625.2247636,0.0,both_blink
30.80977511405945,180.0,-1682.0555341211148,-748.4848776319996,-366.83369700377807,-123.4858866869472,0.0,0.0,0.0,0.0,0.0,0.0,0.0,0.0,1750714625.314868,0.0,both_blink
30.910710096359253,191.0,-86.70771052269265,-1087.0841999202967,-597.372349972371,-492.1876637185924,0.0,0.0,0.0,0.0,0.0,0.0,0.0,0.0,1750714625.4214835,0.0,both_blink
31.0113468170166,101.0,-331.55896062171087,-1153.08782428829,-543.5159206604585,-598.0268324646167,0.0,0.0,0.0,0.0,0.0,0.0,0.0,0.0,1750714625.5268707,0.0,both_blink
31.11192774772644,111.0,-641.1216996540315,-1035.9578975760378,-556.8187448028475,-473.52182303974405,0.0,0.0,0.0,0.0,0.0,0.0,0.0,0.0,1750714625.6301877,0.0,both_blink
31.212503671646118,120.0,-897.8882710118778,-771.4085944104008,-650.0806299978867,-158.92517866706476,0.0,0.0,0.0,0.0,0.0,0.0,0.0,0.0,1750714625.7199085,0.0,both_blink
31.31320548057556,131.0,-1180.7518642605282,-798.9230383844115,-668.372480681166,-135.58446304360405,0.0,0.0,0.0,0.0,0.0,0.0,0.0,0.0,1750714625.8263652,0.0,both_blink
31.414291858673096,140.0,-1118.5124491979368,-455.3795683546923,-93.80791058856994,215.9698726912029,0.0,0.0,0.0,0.0,0.0,0.0,0.0,0.0,1750714625.9163756,0.0,both_blink
31.514792442321777,150.0,-907.7728265947662,-409.96970309270546,-73.3693573307246,215.99979189084843,0.0,0.0,0.0,0.0,0.0,0.0,0.0,0.0,1750714626.019796,0.0,both_blink
31.615813970565796,161.0,-493.2460554060526,-576.0511803249829,-241.98274683300406,50.44190065236762,0.0,0.0,0.0,0.0,0.0,0.0,0.0,0.0,1750714626.1263397,0.0,both_blink
31.717684268951416,171.0,-157.04774888930842,-678.0532117164694,-297.1874100789428,-41.73541355552152,0.0,0.0,0.0,0.0,0.0,0.0,0.0,0.0,1750714626.2301693,0.0,both_blink
31.819422006607056,182.0,1384.0864849514328,-962.3155275485478,-457.3635852811858,-340.9199302108027,0.0,0.0,0.0,0.0,0.0,0.0,0.0,0.0,1750714626.3354597,0.0,both_blink
31.9205801486969,192.0,2029.2267071078531,-1136.6808831826784,-581.7526578074321,-577.1133119123988,0.0,0.0,0.0,0.0,0.0,0.0,0.0,0.0,1750714626.4400277,0.0,both_blink
32.02183556556702,101.0,-338.34687904128805,-1063.9155196947977,-606.6903107119724,-484.00102271558717,0.0,0.0,0.0,0.0,0.0,0.0,0.0,0.0,1750714626.5301745,0.0,both_blink
32.12261390686035,111.0,-646.8362667863257,-877.3580902051181,-715.3044852251187,-251.49518237030134,0.0,0.0,0.0,0.0,0.0,0.0,0.0,0.0,1750714626.6350489,0.0,both_blink
32.223342418670654,120.0,-839.669248401653,-813.6488944599405,-664.935512621887,-164.5462483004667,0.0,0.0,0.0,0.0,0.0,0.0,0.0,0.0,1750714626.7251925,0.0,both_blink
32.32427430152893,132.0,-1573.8882776526734,-615.2771210102364,-407.1928273756057,48.77390527212992,0.0,0.0,0.0,0.0,0.0,0.0,0.0,0.0,1750714626.8459733,0.0,both_blink
32.42530369758606,141.0,-1823.6724557932466,-496.55773681681603,-119.91241227928549,171.96620981255546,0.0,0.0,0.0,0.0,0.0,0.0,0.0,0.0,1750714626.935033,0.0,both_blink
32.52575635910034,152.0,-1426.7381739960983,-583.0429232921451,-254.70214658230543,76.35566744534299,0.0,0.0,0.0,0.0,0.0,0.0,0.0,0.0,1750714627.0412304,0.0,both_blink
32.62692475318909,161.0,-1105.1815758058801,-653.4764591576532,-259.1264482298866,-11.285148116294295,0.0,0.0,0.0,0.0,0.0,0.0,0.0,0.0,1750714627.1312733,0.0,both_blink
32.7279839515686,173.0,262.96358558442444,-910.2879093149677,-450.45599006302655,-264.0762058212422,0.0,0.0,0.0,0.0,0.0,0.0,0.0,0.0,1750714627.2513063,0.0,both_blink
32.82942247390747,182.0,1023.363784475252,-1145.7707100249827,-676.0504952901974,-607.6682945503853,0.0,0.0,0.0,0.0,0.0,0.0,0.0,0.0,1750714627.3412924,0.0,both_blink
32.93004035949707,192.0,712.2153278617188,-1122.28413830325,-568.9135812595487,-570.5834465897642,0.0,0.0,0.0,0.0,0.0,0.0,0.0,0.0,1750714627.4450457,0.0,both_blink
33.030921936035156,101.0,-434.43612860282883,-1025.9143962450325,-502.76410079328343,-455.67689040116966,0.0,0.0,0.0,0.0,0.0,0.0,0.0,0.0,1750714627.5350583,0.0,both_blink
33.13143444061279,113.0,-821.5868321158923,-844.5142887942493,-677.6493025212549,-181.21311245299876,0.0,0.0,0.0,0.0,0.0,0.0,0.0,0.0,1750714627.6568213,0.0,both_blink
33.232261180877686,122.0,-1066.8382515101694,-760.3441003914922,-701.5734425378032,-134.74859540350735,0.0,0.0,0.0,0.0,0.0,0.0,0.0,0.0,1750714627.7466629,0.0,both_blink
33.332637310028076,132.0,-1430.4051459026523,-718.4385213879868,-600.4989063353278,-67.29575980268419,0.0,0.0,0.0,0.0,0.0,0.0,0.0,0.0,1750714627.8506267,0.0,both_blink
33.43357753753662,141.0,-2028.4618975669146,-398.1160901831463,-41.71297415578738,311.814158805646,0.0,0.0,0.0,0.0,0.0,0.0,0.0,0.0,1750714627.9401076,0.0,both_blink
33.534297466278076,152.0,-1559.433564323932,-555.027332724072,-215.80157719319686,99.74687171820551,0.0,0.0,0.0,0.0,0.0,0.0,0.0,0.0,1750714628.0464249,0.0,both_blink
33.63503122329712,162.0,-1184.8825837615877,-649.1680944086984,-290.55095760757104,-9.342270089313388,0.0,0.0,0.0,0.0,0.0,0.0,0.0,0.0,1750714628.150018,0.0,both_blink
33.735453844070435,171.0,66.74599450919777,-875.7873322237283,-381.9316731248982,-248.96140015032142,0.0,0.0,0.0,0.0,0.0,0.0,0.0,0.0,1750714628.2402418,0.0,both_blink
33.836676836013794,182.0,887.2875245874748,-1151.2122644605115,-607.6271556508727,-635.1659089745954,0.0,0.0,0.0,0.0,0.0,0.0,0.0,0.0,1750714628.346465,0.0,both_blink
33.93774771690369,192.0,543.7066555581987,-1080.9619836928323,-577.5845393068157,-542.0311803780496,0.0,0.0,0.0,0.0,0.0,0.0,0.0,0.0,1750714628.449784,0.0,both_blink
34.03808927536011,101.0,-763.8726959996857,-882.1096330988221,-701.2237618919462,-265.6076948530972,0.0,0.0,0.0,0.0,0.0,0.0,0.0,0.0,1750714628.5399866,0.0,both_blink
34.13866138458252,112.0,-984.8147656819783,-733.5645467587747,-654.1758204493672,-103.00806447956711,0.0,0.0,0.0,0.0,0.0,0.0,0.0,0.0,1750714628.6606605,0.0,both_blink
34.23930215835571,122.0,-1302.1527567221783,-704.4681251035072,-579.8939275294542,-43.43893798533827,0.0,0.0,0.0,0.0,0.0,0.0,0.0,0.0,1750714628.7513738,0.0,both_blink
34.34024500846863,132.0,-2921.821149732452,-448.55425093555823,-39.91221232712269,253.37448209803551,0.0,0.0,0.0,0.0,0.0,0.0,0.0,0.0,1750714628.85526,0.0,both_blink
34.44092869758606,141.0,-2577.2529471148737,-573.5080483551137,-209.00804892368615,148.68720253836364,0.0,0.0,0.0,0.0,0.0,0.0,0.0,0.0,1750714628.9447565,0.0,both_blink
34.54146599769592,152.0,-2102.397849740926,-614.4038543705828,-219.7340819966048,62.190796363167465,0.0,0.0,0.0,0.0,0.0,0.0,0.0,0.0,1750714629.0515609,0.0,both_blink
34.64218258857727,162.0,-665.9284560601227,-932.9199138968252,-435.45525134075433,-359.18373164441437,0.0,0.0,0.0,0.0,0.0,0.0,0.0,0.0,1750714629.154967,0.0,both_blink
34.74299454689026,173.0,-97.52724109450355,-1177.4046538001858,-577.930480052717,-694.8472324674949,0.0,0.0,0.0,0.0,0.0,0.0,0.0,0.0,1750714629.2615058,0.0,both_blink
34.84327411651611,182.0,-280.76737932348624,-1085.4068547901697,-475.3338045682758,-592.1682791840285,0.0,0.0,0.0,0.0,0.0,0.0,0.0,0.0,1750714629.3512435,0.0,both_blink
34.9443085193634,192.0,-618.99645151617,-889.4211375121959,-568.9285408593714,-338.43102679029107,0.0,0.0,0.0,0.0,0.0,0.0,0.0,0.0,1750714629.455865,0.0,both_blink
35.04548454284668,101.0,-1059.8072395934723,-763.0050392099656,-723.5341350776143,-136.9588762773201,0.0,0.0,0.0,0.0,0.0,0.0,0.0,0.0,1750714629.545171,0.0,both_blink
35.14643096923828,113.0,-1219.590725300368,-712.1797988121398,-591.4558282424696,-52.21648318134248,0.0,0.0,0.0,0.0,0.0,0.0,0.0,0.0,1750714629.6669233,0.0,both_blink
35.24704647064209,122.0,-1362.4923026072793,-744.7917264257558,-586.3770441026427,-54.35570595599711,0.0,0.0,0.0,0.0,0.0,0.0,0.0,0.0,1750714629.7563534,0.0,both_blink
35.34788203239441,132.0,-2203.214332846459,-622.5568362739868,-309.8226620792411,107.98961122054607,0.0,0.0,0.0,0.0,0.0,0.0,0.0,0.0,1750714629.860146,0.0,both_blink
35.448747634887695,141.0,-2514.02619846398,-586.79591289768,-245.33930704323575,87.06861086841673,0.0,0.0,0.0,0.0,0.0,0.0,0.0,0.0,1750714629.9501748,0.0,both_blink
35.54931426048279,153.0,-1720.0342181711458,-680.2298334906809,-336.0730198682286,-36.55004226695746,0.0,0.0,0.0,0.0,0.0,0.0,0.0,0.0,1750714630.07028,0.0,both_blink
35.65048909187317,162.0,-333.08857970358804,-1043.0524877919815,-528.7825847850181,-429.9426388060674,0.0,0.0,0.0,0.0,0.0,0.0,0.0,0.0,1750714630.1599865,0.0,both_blink
35.75136184692383,173.0,-562.3444469873793,-1015.4894251185469,-477.8376675886102,-482.1927810870111,0.0,0.0,0.0,0.0,0.0,0.0,0.0,0.0,1750714630.2662976,0.0,both_blink
35.85236620903015,183.0,-775.4364666626789,-953.65391925117,-467.878314006608,-423.3791143838316,0.0,0.0,0.0,0.0,0.0,0.0,0.0,0.0,1750714630.369932,0.0,both_blink
35.95332646369934,192.0,-946.1628996399231,-876.683038263116,-551.9101261110045,-278.4579911008477,0.0,0.0,0.0,0.0,0.0,0.0,0.0,0.0,1750714630.460068,0.0,both_blink
36.054054498672485,102.0,-1780.7066151523031,-707.1589831216261,-538.3455089717172,-30.274490141309798,0.0,0.0,0.0,0.0,0.0,0.0,0.0,0.0,1750714630.5647979,0.0,both_blink
36.15448760986328,113.0,-1500.3412750740536,-662.8486484466121,-520.3304108851589,28.22876486554742,0.0,0.0,0.0,0.0,0.0,0.0,0.0,0.0,1750714630.671409,0.0,both_blink
36.2548394203186,122.0,-1452.010547946673,-776.5303873997182,-568.7060168120079,-102.80236998200417,0.0,0.0,0.0,0.0,0.0,0.0,0.0,0.0,1750714630.7601743,0.0,both_blink
36.35560989379883,132.0,-1517.858966466505,-762.9433308606967,-526.613442810718,-106.44503253884614,0.0,0.0,0.0,0.0,0.0,0.0,0.0,0.0,1750714630.8648329,0.0,both_blink
36.45596122741699,141.0,-1524.9124177829362,-691.2419689102098,-428.1942355767824,-35.76840317621827,0.0,0.0,0.0,0.0,0.0,0.0,0.0,0.0,1750714630.9550405,0.0,both_blink
36.556577920913696,153.0,-1495.9506325260736,-728.6596679668874,-434.17059570597485,-57.55332041811198,0.0,0.0,0.0,0.0,0.0,0.0,0.0,0.0,1750714631.075286,0.0,both_blink
36.657586336135864,162.0,-1035.8045616778545,-968.6789673231542,-499.1139584365301,-327.7124735172838,0.0,0.0,0.0,0.0,0.0,0.0,0.0,0.0,1750714631.1651225,0.0,both_blink
36.75827884674072,173.0,-897.2786673191004,-926.0179285285994,-398.7163441260345,-344.92723301332444,0.0,0.0,0.0,0.0,0.0,0.0,0.0,0.0,1750714631.2714145,0.0,both_blink
36.85921263694763,182.0,-1046.6315720495768,-996.963830688037,-427.5921116839163,-444.41605163458735,0.0,0.0,0.0,0.0,0.0,0.0,0.0,0.0,1750714631.3613858,0.0,both_blink
36.96048545837402,192.0,-1184.7273779134266,-861.5570128923282,-560.998083003331,-247.82821046374738,0.0,0.0,0.0,0.0,0.0,0.0,0.0,0.0,1750714631.4651113,0.0,both_blink
37.06122303009033,102.0,-1240.8744959481992,-707.0355664230883,-577.3825847092085,-94.67743732826784,0.0,0.0,0.0,0.0,0.0,0.0,0.0,0.0,1750714631.5700235,0.0,both_blink
37.16196846961975,113.0,-1320.6016832035966,-779.0473400698975,-609.5793834277429,-132.47660618042573,0.0,0.0,0.0,0.0,0.0,0.0,0.0,0.0,1750714631.67672,0.0,both_blink
37.263039112091064,122.0,-1330.2057462898083,-729.5535040562972,-510.54309270111844,-100.34712566109374,0.0,0.0,0.0,0.0,0.0,0.0,0.0,0.0,1750714631.7662947,0.0,both_blink
37.36354160308838,132.0,-1864.8394045555033,-631.3212918201461,-386.77484356751665,17.295167345087975,0.0,0.0,0.0,0.0,0.0,0.0,0.0,0.0,1750714631.8698468,0.0,both_blink
37.464189767837524,143.0,-2129.353178671561,-466.6347972713411,-101.31575974961743,206.91183499852195,0.0,0.0,0.0,0.0,0.0,0.0,0.0,0.0,1750714631.9766097,0.0,both_blink
37.56549620628357,153.0,-1552.8438606020063,-583.4617920871824,-216.77769108163193,89.89036538498476,0.0,0.0,0.0,0.0,0.0,0.0,0.0,0.0,1750714632.0802968,0.0,both_blink
37.666611671447754,162.0,-1074.7462699664757,-650.8697488885373,-243.82090766122565,-2.6011004191823304,0.0,0.0,0.0,0.0,0.0,0.0,0.0,0.0,1750714632.169758,0.0,both_blink
37.76760482788086,174.0,449.0572674795985,-980.8299022791907,-444.9003686788492,-361.0368520724587,0.0,0.0,0.0,0.0,0.0,0.0,0.0,0.0,1750714632.2898588,0.0,both_blink
37.868572473526,183.0,753.9114724677056,-1155.004523015581,-555.3732734699734,-593.6773288161494,0.0,0.0,0.0,0.0,0.0,0.0,0.0,0.0,1750714632.379871,0.0,both_blink
37.96912980079651,194.0,520.0742277381942,-976.6486941287294,-561.9180983924307,-359.5895107896067,0.0,0.0,0.0,0.0,0.0,0.0,0.0,0.0,1750714632.4863927,0.0,both_blink
38.06999969482422,102.0,-785.324762145523,-829.7285943194292,-639.3115880754776,-188.43485926743597,0.0,0.0,0.0,0.0,0.0,0.0,0.0,0.0,1750714632.5753098,0.0,both_blink
38.17029929161072,113.0,-1117.6634919079952,-811.6237386339344,-594.1859552101232,-175.64814131893218,0.0,0.0,0.0,0.0,0.0,0.0,0.0,0.0,1750714632.681353,0.0,both_blink
38.27114272117615,123.0,-2929.091515246313,-508.751680622343,-111.4434088296257,161.0737511916086,0.0,0.0,0.0,0.0,0.0,0.0,0.0,0.0,1750714632.7851317,0.0,both_blink
38.371912479400635,134.0,-2439.5498307463713,-595.0274327001534,-204.667895025108,91.91178131103516,0.0,0.0,0.0,0.0,0.0,0.0,0.0,0.0,1750714632.891528,0.0,both_blink
38.47262358665466,143.0,-2040.2594119771384,-692.7323190425523,-289.4850861201994,-26.5682492852211,0.0,0.0,0.0,0.0,0.0,0.0,0.0,0.0,1750714632.979779,0.0,both_blink
38.573423862457275,153.0,-823.4044234943576,-978.7860469534062,-448.3448165380396,-360.2795223314315,0.0,0.0,0.0,0.0,0.0,0.0,0.0,0.0,1750714633.0850646,0.0,both_blink
38.6742639541626,162.0,-83.64099255902693,-1066.0865316190757,-571.0509340842254,-504.56112272199243,0.0,0.0,0.0,0.0,0.0,0.0,0.0,0.0,1750714633.175338,0.0,both_blink
38.77529788017273,174.0,-587.4616150897928,-942.7558507802896,-621.7415380836464,-351.5692953346297,0.0,0.0,0.0,0.0,0.0,0.0,0.0,0.0,1750714633.295036,0.0,both_blink
38.87602138519287,183.0,-1276.841113822069,-793.586201147642,-552.9797374983318,-149.94754882343113,0.0,0.0,0.0,0.0,0.0,0.0,0.0,0.0,1750714633.384724,0.0,both_blink
38.976906538009644,194.0,-1311.6708021094091,-774.2060395772569,-560.6876713070087,-90.30736423004419,0.0,0.0,0.0,0.0,0.0,0.0,0.0,0.0,1750714633.4915648,0.0,both_blink
39.078147649765015,102.0,-1523.6277621481568,-779.8794678100385,-521.7627925681882,-105.34924185182899,0.0,0.0,0.0,0.0,0.0,0.0,0.0,0.0,1750714633.57976,0.0,both_blink
39.178860664367676,113.0,-2390.6637284755707,-547.5905416621827,-200.43058837531134,147.9616619469598,0.0,0.0,0.0,0.0,0.0,0.0,0.0,0.0,1750714633.6864724,0.0,both_blink
39.279540061950684,123.0,-1737.942729108967,-688.0611839978956,-321.04236194631085,-20.259038059972227,0.0,0.0,0.0,0.0,0.0,0.0,0.0,0.0,1750714633.789881,0.0,both_blink
39.37996053695679,132.0,-1685.658927728422,-783.3800141685642,-400.2796223075129,-122.58644074760377,0.0,0.0,0.0,0.0,0.0,0.0,0.0,0.0,1750714633.8800173,0.0,both_blink
39.480690717697144,144.0,-1313.8455539336428,-848.7310259942897,-444.3805225850083,-246.82965717557818,0.0,0.0,0.0,0.0,0.0,0.0,0.0,0.0,1750714633.9998677,0.0,both_blink
39.58105707168579,153.0,-185.62245450075716,-1066.2922261166386,-534.126901821699,-500.96707886457443,0.0,0.0,0.0,0.0,0.0,0.0,0.0,0.0,1750714634.0956025,0.0,both_blink
39.68149471282959,164.0,-506.8013227954507,-1089.8199367378838,-528.4198144893162,-557.6789217926562,0.0,0.0,0.0,0.0,0.0,0.0,0.0,0.0,1750714634.1961982,0.0,both_blink
39.78179669380188,173.0,-796.6772284610197,-793.526362748351,-623.9405992575921,-174.8291032286361,0.0,0.0,0.0,0.0,0.0,0.0,0.0,0.0,1750714634.2860932,0.0,both_blink
39.88241529464722,185.0,-1020.2334882123396,-789.3152353982441,-621.4909647866152,-137.90881086606532,0.0,0.0,0.0,0.0,0.0,0.0,0.0,0.0,1750714634.4066415,0.0,both_blink
39.9829535484314,194.0,-1211.387254747562,-791.2562434752472,-633.1631925483234,-145.60926487483084,0.0,0.0,0.0,0.0,0.0,0.0,0.0,0.0,1750714634.496652,0.0,both_blink
40.083826303482056,102.0,-1734.202829153277,-743.9334193859249,-458.70059951534495,-107.59692172519863,0.0,0.0,0.0,0.0,0.0,0.0,0.0,0.0,1750714634.584972,0.0,both_blink
40.18409705162048,114.0,-1673.0610747276805,-503.62240783311427,-124.0393918803893,197.9042859552428,0.0,0.0,0.0,0.0,0.0,0.0,0.0,0.0,1750714634.705635,0.0,both_blink
40.28515076637268,123.0,-1284.4854693314992,-606.5855935132131,-226.1311808708124,57.9160907138139,0.0,0.0,0.0,0.0,0.0,0.0,0.0,0.0,1750714634.7948012,0.0,both_blink
40.3856942653656,134.0,-826.1420302619226,-696.3394525498152,-284.4810999794863,-76.51461319345981,0.0,0.0,0.0,0.0,0.0,0.0,0.0,0.0,1750714634.901405,0.0,both_blink
40.4862539768219,143.0,266.1742896963842,-984.5436229351908,-464.62086114520207,-393.94984163250774,0.0,0.0,0.0,0.0,0.0,0.0,0.0,0.0,1750714634.9915433,0.0,both_blink
40.58719182014465,153.0,823.8195523894392,-1160.0608677556738,-560.732550106477,-631.4035696191713,0.0,0.0,0.0,0.0,0.0,0.0,0.0,0.0,1750714635.095662,0.0,both_blink
40.687541484832764,163.0,501.7655475051142,-1063.9080398948863,-543.6973058083095,-524.5733273848891,0.0,0.0,0.0,0.0,0.0,0.0,0.0,0.0,1750714635.201,0.0,both_blink
40.78794288635254,174.0,168.74241605075076,-813.9368667565286,-639.0497950785793,-207.42233134247363,0.0,0.0,0.0,0.0,0.0,0.0,0.0,0.0,1750714635.3050199,0.0,both_blink
40.888728618621826,183.0,-89.33686019154266,-795.3420841768384,-642.8944122330286,-133.52564811799675,0.0,0.0,0.0,0.0,0.0,0.0,0.0,0.0,1750714635.3949304,0.0,both_blink
40.989766359329224,194.0,-725.9818995986134,-507.6502800853923,-245.23458984447643,150.72170811425894,0.0,0.0,0.0,0.0,0.0,0.0,0.0,0.0,1750714635.4998467,0.0,both_blink
41.09050369262695,102.0,-2673.5497611239552,-478.68849482852966,-135.3656788961962,234.1476564258337,0.0,0.0,0.0,0.0,0.0,0.0,0.0,0.0,1750714635.5900505,0.0,both_blink
41.191269874572754,114.0,-2205.3778649708256,-622.2034157281741,-235.94280840456486,92.53634460363537,0.0,0.0,0.0,0.0,0.0,0.0,0.0,0.0,1750714635.7099648,0.0,both_blink
41.29167366027832,123.0,-2017.5713088959455,-719.9419611701742,-333.25500525161624,-46.60289334785193,0.0,0.0,0.0,0.0,0.0,0.0,0.0,0.0,1750714635.8001275,0.0,both_blink
41.392364740371704,134.0,-1672.9993663784117,-729.5722035560757,-330.1247089887038,-57.362585520371795,0.0,0.0,0.0,0.0,0.0,0.0,0.0,0.0,1750714635.9062915,0.0,both_blink
41.492868185043335,143.0,-968.4545733258128,-906.966878154315,-468.4411689499393,-318.6619156245142,0.0,0.0,0.0,0.0,0.0,0.0,0.0,0.0,1750714635.9965448,0.0,both_blink
41.59370732307434,153.0,-87.18080786708742,-1154.0919874263927,-613.8821383267641,-612.3936581443995,0.0,0.0,0.0,0.0,0.0,0.0,0.0,0.0,1750714636.1001053,0.0,both_blink
41.69395470619202,164.0,-309.53655973263085,-1063.2909564021975,-573.4351203059778,-505.4960977109149,0.0,0.0,0.0,0.0,0.0,0.0,0.0,0.0,1750714636.2067456,0.0,both_blink
41.79466438293457,174.0,-710.4500950826332,-824.8536347271875,-701.840845384635,-215.27238134946674,0.0,0.0,0.0,0.0,0.0,0.0,0.0,0.0,1750714636.309716,0.0,both_blink
41.89516568183899,183.0,-956.0194059731439,-853.3142733899876,-678.6759050590917,-238.91602886933833,0.0,0.0,0.0,0.0,0.0,0.0,0.0,0.0,1750714636.4001248,0.0,both_blink
41.995583295822144,195.0,-2061.488954075612,-695.1875633634627,-415.0017384830862,-58.37609840836376,0.0,0.0,0.0,0.0,0.0,0.0,0.0,0.0,1750714636.5197816,0.0,both_blink
42.09664058685303,104.0,-2655.40189658897,-556.6710187545978,-244.0770908081904,123.34190053865314,0.0,0.0,0.0,0.0,0.0,0.0,0.0,0.0,1750714636.6108649,0.0,both_blink
42.197691440582275,114.0,-2129.3475688216276,-667.2336811446585,-347.1375138871372,4.158768750727177,0.0,0.0,0.0,0.0,0.0,0.0,0.0,0.0,1750714636.7153468,0.0,both_blink
42.29844379425049,123.0,-1747.7693162425421,-676.658229032997,-354.30316220223904,-25.042370103299618,0.0,0.0,0.0,0.0,0.0,0.0,0.0,0.0,1750714636.8052566,0.0,both_blink
42.39900827407837,134.0,-1356.489763178397,-842.9042618633248,-477.2598530454561,-221.81720627192408,0.0,0.0,0.0,0.0,0.0,0.0,0.0,0.0,1750714636.9113624,0.0,both_blink
42.49947118759155,144.0,-396.11711365683004,-1068.9699944849126,-546.4480022257194,-507.2875097896904,0.0,0.0,0.0,0.0,0.0,0.0,0.0,0.0,1750714637.0158274,0.0,both_blink
42.60015559196472,153.0,-229.56066913018003,-1065.7536805230193,-501.65896035637707,-577.6387678561732,0.0,0.0,0.0,0.0,0.0,0.0,0.0,0.0,1750714637.1052175,0.0,both_blink
42.70087194442749,164.0,-722.1428922940977,-938.7616376276128,-645.8956819474697,-339.010711283423,0.0,0.0,0.0,0.0,0.0,0.0,0.0,0.0,1750714637.2114992,0.0,both_blink
42.801440954208374,173.0,-910.200021666009,-786.7272246289067,-617.3378058858216,-165.49431293923408,0.0,0.0,0.0,0.0,0.0,0.0,0.0,0.0,1750714637.3016744,0.0,both_blink
42.90188503265381,185.0,-1110.669878990855,-744.6122112278827,-590.8144354000688,-113.65929955337197,0.0,0.0,0.0,0.0,0.0,0.0,0.0,0.0,1750714637.4201536,0.0,both_blink
43.00294637680054,194.0,-1333.983045245055,-798.4892099895515,-596.5738813318312,-134.64013830479234,0.0,0.0,0.0,0.0,0.0,0.0,0.0,0.0,1750714637.5113,0.0,both_blink
43.104286193847656,104.0,-2760.120965298265,-506.29643630143255,-197.38069996144623,176.0314810643904,0.0,0.0,0.0,0.0,0.0,0.0,0.0,0.0,1750714637.6164412,0.0,both_blink
43.20496106147766,113.0,-2015.3423285223544,-652.0889562740922,-326.73635962884873,51.31703724199906,0.0,0.0,0.0,0.0,0.0,0.0,0.0,0.0,1750714637.7081752,0.0,both_blink
43.30605626106262,125.0,-1757.7417594743893,-755.6729653468356,-426.5318500464782,-72.14080019528046,0.0,0.0,0.0,0.0,0.0,0.0,0.0,0.0,1750714637.8263648,0.0,both_blink
43.40663933753967,134.0,-948.745300559327,-889.9316338561475,-427.66877963300794,-273.1753824134357,0.0,0.0,0.0,0.0,0.0,0.0,0.0,0.0,1750714637.9168708,0.0,both_blink
43.50750112533569,144.0,-569.549364252016,-1038.9853465901688,-472.64855640009046,-484.4348511104472,0.0,0.0,0.0,0.0,0.0,0.0,0.0,0.0,1750714638.0199826,0.0,both_blink
43.60828161239624,153.0,-761.1182596823201,-942.739021230489,-496.8943278128281,-336.56668666237965,0.0,0.0,0.0,0.0,0.0,0.0,0.0,0.0,1750714638.1103773,0.0,both_blink
43.70994520187378,164.0,-1011.7102562133223,-813.0168513674289,-597.6883715186268,-179.43105012411252,0.0,0.0,0.0,0.0,0.0,0.0,0.0,0.0,1750714638.2164795,0.0,both_blink
43.8107271194458,176.0,-1152.1023606499657,-778.9613223709166,-515.8219614885747,-100.07411296432838,0.0,0.0,0.0,0.0,0.0,0.0,0.0,0.0,1750714638.3364394,0.0,both_blink
43.911785364151,184.0,-2023.9253989206627,-694.9145506666973,-372.15744459070265,-47.01241239299998,0.0,0.0,0.0,0.0,0.0,0.0,0.0,0.0,1750714638.4144597,0.0,both_blink
44.012702226638794,194.0,-2037.669531257823,-657.9082406051457,-308.6614231429994,6.269942275714129,0.0,0.0,0.0,0.0,0.0,0.0,0.0,0.0,1750714638.5181067,0.0,both_blink
44.113425970077515,104.0,-1820.4991506808437,-674.8294179546647,-306.1108113732189,9.508695637341589,0.0,0.0,0.0,0.0,0.0,0.0,0.0,0.0,1750714638.6216867,0.0,both_blink
44.21377491950989,114.0,-1638.261305639986,-719.9363513202406,-334.4555131373927,-59.31294334726408,0.0,0.0,0.0,0.0,0.0,0.0,0.0,0.0,1750714638.725968,0.0,both_blink
44.31480050086975,125.0,-817.9441695590504,-946.9445387306623,-522.946470904164,-338.1860633431934,0.0,0.0,0.0,0.0,0.0,0.0,0.0,0.0,1750714638.8303638,0.0,both_blink
44.41541242599487,134.0,-616.4495796463452,-929.8868550327606,-482.5293720830232,-377.3016769797541,0.0,0.0,0.0,0.0,0.0,0.0,0.0,0.0,1750714638.9216168,0.0,both_blink
44.515949010849,144.0,-823.7484942902811,-902.312572659459,-502.7547510433942,-281.747233111877,0.0,0.0,0.0,0.0,0.0,0.0,0.0,0.0,1750714639.0256379,0.0,both_blink
44.61682915687561,155.0,-1302.0667390231974,-781.7007990884595,-578.6036620447412,-169.95788353634998,0.0,0.0,0.0,0.0,0.0,0.0,0.0,0.0,1750714639.13156,0.0,both_blink
44.717564821243286,165.0,-1299.8714177492075,-790.2427305872552,-552.652496252209,-149.76990357553586,0.0,0.0,0.0,0.0,0.0,0.0,0.0,0.0,1750714639.2356591,0.0,both_blink
44.81835746765137,174.0,-1409.3233298524283,-738.3403990021907,-429.4714114116505,-69.22741812979802,0.0,0.0,0.0,0.0,0.0,0.0,0.0,0.0,1750714639.324932,0.0,both_blink
44.91876530647278,185.0,-1626.7087546768598,-735.0979057406075,-481.98708658944815,-96.73438230389729,0.0,0.0,0.0,0.0,0.0,0.0,0.0,0.0,1750714639.43154,0.0,both_blink
45.01985788345337,195.0,-1595.143999050837,-765.2901180828921,-431.11696739215404,-120.65478242048994,0.0,0.0,0.0,0.0,0.0,0.0,0.0,0.0,1750714639.5353737,0.0,both_blink
45.12105369567871,105.0,-1535.9806517018005,-704.3970670043491,-368.04355463944376,-69.76409377343953,0.0,0.0,0.0,0.0,0.0,0.0,0.0,0.0,1750714639.6407616,0.0,both_blink
45.22174119949341,114.0,-1153.8451540293172,-903.6327573438175,-485.0388449532911,-259.7136125229299,0.0,0.0,0.0,0.0,0.0,0.0,0.0,0.0,1750714639.7302763,0.0,both_blink
45.32297706604004,125.0,-962.8858622917905,-861.9253930379637,-446.5889335088432,-260.43541321437806,0.0,0.0,0.0,0.0,0.0,0.0,0.0,0.0,1750714639.8367956,0.0,both_blink
45.423866510391235,135.0,-974.5917491531,-874.8168281852268,-413.13926830515265,-266.164939946495,0.0,0.0,0.0,0.0,0.0,0.0,0.0,0.0,1750714639.939966,0.0,both_blink
45.52524447441101,146.0,-1084.0810602558777,-955.7258238266222,-441.3493336709216,-384.45797554496676,0.0,0.0,0.0,0.0,0.0,0.0,0.0,0.0,1750714640.0459569,0.0,both_blink
45.626089334487915,155.0,-1113.4243153082207,-818.0862857573666,-411.4114345256239,-224.70814893767238,0.0,0.0,0.0,0.0,0.0,0.0,0.0,0.0,1750714640.1370301,0.0,both_blink
45.72692584991455,165.0,-1318.0230221841484,-686.995312510524,-557.0281792003661,-49.43399761430919,0.0,0.0,0.0,0.0,0.0,0.0,0.0,0.0,1750714640.2401383,0.0,both_blink
45.827805280685425,174.0,-1349.0641918163747,-779.0940888193436,-594.2177443597466,-108.05692941974849,0.0,0.0,0.0,0.0,0.0,0.0,0.0,0.0,1750714640.33016,0.0,both_blink
45.928752183914185,186.0,-1643.110085932538,-747.8995832889341,-490.66365448664874,-97.74228534195572,0.0,0.0,0.0,0.0,0.0,0.0,0.0,0.0,1750714640.4504137,0.0,both_blink
46.029701948165894,195.0,-1594.057558113709,-684.9907261342742,-400.72654035221785,-26.373774487525225,0.0,0.0,0.0,0.0,0.0,0.0,0.0,0.0,1750714640.540442,0.0,both_blink
46.13073754310608,105.0,-2227.731247005984,-626.9306492721662,-254.20473988819867,27.447125774808228,0.0,0.0,0.0,0.0,0.0,0.0,0.0,0.0,1750714640.6451075,0.0,both_blink
46.23157978057861,114.0,-2010.8544485755265,-700.6066783992574,-315.2586066648364,-41.49792990833521,0.0,0.0,0.0,0.0,0.0,0.0,0.0,0.0,1750714640.7350154,0.0,both_blink
46.33232140541077,125.0,-1756.5599510883912,-718.1767283910885,-356.7228774735704,-59.1764369988814,0.0,0.0,0.0,0.0,0.0,0.0,0.0,0.0,1750714640.8418102,0.0,both_blink
46.43328356742859,135.0,-1587.0564653966576,-766.6757510164753,-401.5156592428684,-107.94473242107779,0.0,0.0,0.0,0.0,0.0,0.0,0.0,0.0,1750714640.9451504,0.0,both_blink
46.53391480445862,145.0,-579.860268429853,-985.6693328218535,-566.0039390940219,-366.6523118559271,0.0,0.0,0.0,0.0,0.0,0.0,0.0,0.0,1750714641.0378933,0.0,both_blink
46.634814739227295,155.0,-683.9603836964816,-1005.6142192855477,-507.0107571929693,-440.8668865766376,0.0,0.0,0.0,0.0,0.0,0.0,0.0,0.0,1750714641.1412976,0.0,both_blink
46.73590397834778,167.0,-1487.0608903313987,-631.6017843168229,-308.86337774060667,-3.9605540530756116,0.0,0.0,0.0,0.0,0.0,0.0,0.0,0.0,1750714641.2617948,0.0,both_blink
46.83674168586731,176.0,-603.4010687009431,-722.2307799430564,-364.25877588428557,-70.40735656581819,0.0,0.0,0.0,0.0,0.0,0.0,0.0,0.0,1750714641.351496,0.0,both_blink
46.9373619556427,185.0,-558.5708879320882,-754.9773439550772,-473.3030388923362,-84.84337039478123,0.0,0.0,0.0,0.0,0.0,0.0,0.0,0.0,1750714641.4418657,0.0,both_blink
47.038455963134766,197.0,-1086.1810140809976,-717.1370362034068,-308.54174634441733,-32.12948051933199,0.0,0.0,0.0,0.0,0.0,0.0,0.0,0.0,1750714641.5623322,0.0,both_blink
47.13998627662659,106.0,-1783.5751184183173,-700.2382982536219,-321.20504759438336,-24.49634470976889,0.0,0.0,0.0,0.0,0.0,0.0,0.0,0.0,1750714641.6659627,0.0,both_blink
47.240989208221436,116.0,-1293.8389591206796,-795.5496486243792,-415.03539758268744,-116.56146191898733,0.0,0.0,0.0,0.0,0.0,0.0,0.0,0.0,1750714641.7569177,0.0,both_blink
47.34188532829285,126.0,-1263.815042276401,-823.6811760910787,-393.2579601407051,-182.054589943029,0.0,0.0,0.0,0.0,0.0,0.0,0.0,0.0,1750714641.8602536,0.0,both_blink
47.443047523498535,135.0,-953.4220454539172,-939.5619762181304,-482.88466257881373,-398.0375522840768,0.0,0.0,0.0,0.0,0.0,0.0,0.0,0.0,1750714641.950091,0.0,both_blink
47.5437433719635,146.0,-258.42521698819473,-1100.8601214070804,-453.3319731289521,-581.2178521137685,0.0,0.0,0.0,0.0,0.0,0.0,0.0,0.0,1750714642.0566175,0.0,both_blink
47.64443278312683,156.0,-899.2383748958819,-798.8071014857851,-591.0837081968784,-208.5480412291363,0.0,0.0,0.0,0.0,0.0,0.0,0.0,0.0,1750714642.1602514,0.0,both_blink
47.74518895149231,167.0,-1035.628786379937,-833.4871937748976,-570.5179983405396,-228.67244289070368,0.0,0.0,0.0,0.0,0.0,0.0,0.0,0.0,1750714642.2666433,0.0,both_blink
47.846566677093506,176.0,-1199.013795744162,-794.5361357363872,-491.1161823812872,-135.6611309926957,0.0,0.0,0.0,0.0,0.0,0.0,0.0,0.0,1750714642.3564513,0.0,both_blink
47.94717025756836,186.0,-1347.1474930890836,-762.2869784184732,-474.6045240769163,-120.86234686803073,0.0,0.0,0.0,0.0,0.0,0.0,0.0,0.0,1750714642.460228,0.0,both_blink
48.04832077026367,195.0,-1415.2884702817537,-810.0380210527219,-501.5617229575291,-159.31973811239004,0.0,0.0,0.0,0.0,0.0,0.0,0.0,0.0,1750714642.5500777,0.0,both_blink
48.14908170700073,107.0,-1435.4596206927672,-728.5923497676849,-405.56784084485844,-69.89312032191083,0.0,0.0,0.0,0.0,0.0,0.0,0.0,0.0,1750714642.6716824,0.0,both_blink
48.249868392944336,116.0,-1477.3801592960954,-777.7009760858491,-512.7945124744438,-118.87459004158154,0.0,0.0,0.0,0.0,0.0,0.0,0.0,0.0,1750714642.7613716,0.0,both_blink
48.3504900932312,126.0,-1285.4110945705324,-864.4703949578106,-482.71449713082984,-231.44183880789205,0.0,0.0,0.0,0.0,0.0,0.0,0.0,0.0,1750714642.8652253,0.0,both_blink
48.45107412338257,136.0,-858.146224132739,-1073.7514565782622,-381.1313345343806,-519.9227617899887,0.0,0.0,0.0,0.0,0.0,0.0,0.0,0.0,1750714642.957874,0.0,both_blink
48.551650285720825,147.0,-858.6847697263584,-962.4595136968419,-371.3851552498527,-399.19131142040715,0.0,0.0,0.0,0.0,0.0,0.0,0.0,0.0,1750714643.0754757,0.0,both_blink
48.652416467666626,156.0,-1175.0316872783005,-830.2278709635139,-570.3403530926444,-241.356313590426,0.0,0.0,0.0,0.0,0.0,0.0,0.0,0.0,1750714643.1659184,0.0,both_blink
48.75361633300781,167.0,-1015.693249666132,-896.0388904837891,-407.9538970165886,-323.0170291229151,0.0,0.0,0.0,0.0,0.0,0.0,0.0,0.0,1750714643.2701356,0.0,both_blink
48.85416769981384,176.0,-1547.2302707685158,-690.2658550217748,-599.6873480449431,-58.28073095949367,0.0,0.0,0.0,0.0,0.0,0.0,0.0,0.0,1750714643.3631656,0.0,both_blink
48.95512533187866,186.0,-1796.445984115824,-690.7034233165905,-467.3210689132102,-17.51582144247368,0.0,0.0,0.0,0.0,0.0,0.0,0.0,0.0,1750714643.4652157,0.0,both_blink
49.05544114112854,197.0,-1677.663021623157,-672.7967823287472,-389.5423695347272,-30.130503993015736,0.0,0.0,0.0,0.0,0.0,0.0,0.0,0.0,1750714643.5718737,0.0,both_blink
49.15680241584778,107.0,-1907.5584117993712,-696.5544967972673,-392.4164826506749,-11.558160813059658,0.0,0.0,0.0,0.0,0.0,0.0,0.0,0.0,1750714643.6768093,0.0,both_blink
49.25800967216492,116.0,-1835.0604511583224,-675.8092717430554,-386.20076892431825,-56.87826847610995,0.0,0.0,0.0,0.0,0.0,0.0,0.0,0.0,1750714643.7665193,0.0,both_blink
49.35922145843506,127.0,-1315.7454231111333,-806.9675631891005,-463.64287730678916,-163.40557881398126,0.0,0.0,0.0,0.0,0.0,0.0,0.0,0.0,1750714643.8855703,0.0,both_blink
49.460768699645996,137.0,-1043.4545270372182,-882.7080170917325,-521.0802608262748,-279.9221619335003,0.0,0.0,0.0,0.0,0.0,0.0,0.0,0.0,1750714643.9764261,0.0,both_blink
49.56168866157532,147.0,-736.9435463687405,-1064.960821732413,-428.5065172230825,-512.3719037794508,0.0,0.0,0.0,0.0,0.0,0.0,0.0,0.0,1750714644.0802534,0.0,both_blink
49.6626398563385,156.0,-1020.5513797085732,-840.0170590975322,-517.0598683739081,-272.846271217335,0.0,0.0,0.0,0.0,0.0,0.0,0.0,0.0,1750714644.1706233,0.0,both_blink
49.763622999191284,167.0,-1324.2649152101949,-789.4685712964274,-549.0921114943922,-135.7490186416544,0.0,0.0,0.0,0.0,0.0,0.0,0.0,0.0,1750714644.2766173,0.0,both_blink
49.8648636341095,177.0,-1443.3321100994945,-804.054181123618,-482.35359678510576,-129.67916101356968,0.0,0.0,0.0,0.0,0.0,0.0,0.0,0.0,1750714644.380973,0.0,both_blink
49.96544122695923,188.0,-1441.7912713177502,-746.1268707099371,-384.98530143871903,-103.77661392046139,0.0,0.0,0.0,0.0,0.0,0.0,0.0,0.0,1750714644.4865599,0.0,both_blink
50.066514015197754,197.0,-2168.734325204976,-677.1780751268379,-331.02976477798074,-36.81744511378929,0.0,0.0,0.0,0.0,0.0,0.0,0.0,0.0,1750714644.5766375,0.0,both_blink
50.16736388206482,107.0,-2252.878334308043,-628.6659628516063,-293.5896263215691,-15.46635626675561,0.0,0.0,0.0,0.0,0.0,0.0,0.0,0.0,1750714644.6819415,0.0,both_blink
50.26859498023987,116.0,-1868.2969420645386,-654.3478558473289,-275.548348935321,-6.404578674118966,0.0,0.0,0.0,0.0,0.0,0.0,0.0,0.0,1750714644.7714596,0.0,both_blink
50.369526386260986,126.0,-1678.0332717187703,-708.4043698068708,-285.5151823172346,-95.27208142122254,0.0,0.0,0.0,0.0,0.0,0.0,0.0,0.0,1750714644.8748417,0.0,both_blink
50.47007489204407,137.0,-288.75019577890635,-1162.3048077290878,-491.58740977570415,-630.7771363765933,0.0,0.0,0.0,0.0,0.0,0.0,0.0,0.0,1750714644.9817917,0.0,both_blink
50.570971727371216,147.0,-870.6000909851864,-858.5389136280864,-647.82173042465,-262.13145784428343,0.0,0.0,0.0,0.0,0.0,0.0,0.0,0.0,1750714645.0854032,0.0,both_blink
50.67198395729065,157.0,-764.9142581373453,-1018.9768818272278,-462.53586691990495,-475.6236468148418,0.0,0.0,0.0,0.0,0.0,0.0,0.0,0.0,1750714645.1795297,0.0,both_blink
50.772515296936035,167.0,-958.0763509487733,-943.2887865239754,-499.41128048300743,-364.42520143231377,0.0,0.0,0.0,0.0,0.0,0.0,0.0,0.0,1750714645.2813623,0.0,both_blink
50.873077392578125,177.0,-1545.0536489943042,-686.6418919647112,-564.6613150099292,-36.82492491370067,0.0,0.0,0.0,0.0,0.0,0.0,0.0,0.0,1750714645.3855996,0.0,both_blink
50.97351932525635,188.0,-1584.6180506255478,-666.1547200074419,-535.2395220585167,14.146171582397074,0.0,0.0,0.0,0.0,0.0,0.0,0.0,0.0,1750714645.4901788,0.0,both_blink
51.07448482513428,197.0,-1246.9537033261731,-848.3701256485656,-471.4405687144026,-186.69393583806232,0.0,0.0,0.0,0.0,0.0,0.0,0.0,0.0,1750714645.5815725,0.0,both_blink
51.17524528503418,107.0,-2434.5570643055253,-543.7683639074676,-205.52620206493884,162.85581352049485,0.0,0.0,0.0,0.0,0.0,0.0,0.0,0.0,1750714645.6865492,0.0,both_blink
51.27629899978638,117.0,-1775.2987198163755,-624.9279328458942,-388.1529967011884,34.595944540109485,0.0,0.0,0.0,0.0,0.0,0.0,0.0,0.0,1750714645.7903628,0.0,both_blink
51.37776803970337,126.0,-1510.6409595520236,-783.9821380614303,-471.57146521285176,-127.94758733408526,0.0,0.0,0.0,0.0,0.0,0.0,0.0,0.0,1750714645.8803968,0.0,both_blink
51.47852349281311,138.0,-609.6541814268567,-1078.6638151700608,-532.2588217938319,-541.6254012328573,0.0,0.0,0.0,0.0,0.0,0.0,0.0,0.0,1750714646.0003393,0.0,both_blink
51.5802116394043,147.0,-834.2276939661242,-821.6915493146516,-563.9956128178164,-224.7885567867197,0.0,0.0,0.0,0.0,0.0,0.0,0.0,0.0,1750714646.0902681,0.0,both_blink
51.68081998825073,158.0,-1166.4579666298814,-804.3945120195858,-679.5398219488561,-170.08130023488775,0.0,0.0,0.0,0.0,0.0,0.0,0.0,0.0,1750714646.1964903,0.0,both_blink
51.78167533874512,167.0,-1352.1776585294865,-742.1999757564627,-488.6067095110193,-105.82233919622377,0.0,0.0,0.0,0.0,0.0,0.0,0.0,0.0,1750714646.2865424,0.0,both_blink
51.882670402526855,179.0,-1413.3867311542854,-557.8303877408616,-228.13763719704002,145.37178122764453,0.0,0.0,0.0,0.0,0.0,0.0,0.0,0.0,1750714646.4061463,0.0,both_blink
51.983275413513184,188.0,-1188.570125117898,-649.5215149545111,-346.0866019995883,9.669511335436255,0.0,0.0,0.0,0.0,0.0,0.0,0.0,0.0,1750714646.4966586,0.0,both_blink
52.08425688743591,198.0,-966.9099946441129,-695.5858627087437,-396.79964539874345,-36.7763062142767,0.0,0.0,0.0,0.0,0.0,0.0,0.0,0.0,1750714646.600155,0.0,both_blink
52.184988498687744,107.0,-1733.7278618589044,-742.2785136555322,-364.9207381764427,-72.79341273754835,0.0,0.0,0.0,0.0,0.0,0.0,0.0,0.0,1750714646.691326,0.0,both_blink
52.28585910797119,117.0,-798.4499410400167,-923.9516338030808,-546.0814920300618,-304.2483411952853,0.0,0.0,0.0,0.0,0.0,0.0,0.0,0.0,1750714646.795708,0.0,both_blink
52.38657832145691,128.0,-619.3199528623372,-940.6390674053691,-502.3845009477809,-397.97771388478577,0.0,0.0,0.0,0.0,0.0,0.0,0.0,0.0,1750714646.9014344,0.0,both_blink
52.48711109161377,137.0,-445.6614383198321,-980.8130727293901,-585.7767901597545,-430.77663649618626,0.0,0.0,0.0,0.0,0.0,0.0,0.0,0.0,1750714646.9916177,0.0,both_blink
52.58810758590698,147.0,-828.4364588847384,-861.439206043724,-638.969387229532,-229.57001888006926,0.0,0.0,0.0,0.0,0.0,0.0,0.0,0.0,1750714647.0949464,0.0,both_blink
52.68922472000122,158.0,-840.9800833361223,-956.4139654184692,-453.82563992310315,-413.73391239810735,0.0,0.0,0.0,0.0,0.0,0.0,0.0,0.0,1750714647.2012858,0.0,both_blink
52.79001832008362,168.0,-1108.124877071008,-777.5607298375107,-559.1487024752423,-119.96103097870946,0.0,0.0,0.0,0.0,0.0,0.0,0.0,0.0,1750714647.305689,0.0,both_blink
52.89068055152893,178.0,-1350.6835684971884,-755.2597064017318,-502.2049857499078,-90.68509412556887,0.0,0.0,0.0,0.0,0.0,0.0,0.0,0.0,1750714647.3977885,0.0,both_blink
52.99115800857544,188.0,-2739.8058287389576,-490.3251935406588,-194.82260839175433,205.33546716719866,0.0,0.0,0.0,0.0,0.0,0.0,0.0,0.0,1750714647.5014143,0.0,both_blink
53.09211254119873,198.0,-2363.4335168981925,-556.1436928608455,-245.60670989006758,134.79347420297563,0.0,0.0,0.0,0.0,0.0,0.0,0.0,0.0,1750714647.6051047,0.0,both_blink
53.19278335571289,108.0,-2020.7651834581047,-621.0103876423091,-282.5045628529042,38.49292029393837,0.0,0.0,0.0,0.0,0.0,0.0,0.0,0.0,1750714647.7097795,0.0,both_blink
53.29316830635071,117.0,-1230.2213909244165,-884.2320263236761,-430.17825250327587,-270.80054594157264,0.0,0.0,0.0,0.0,0.0,0.0,0.0,0.0,1750714647.8001523,0.0,both_blink
53.393643617630005,128.0,-168.69566730130464,-1108.872857062146,-502.5453166458756,-546.0123038808815,0.0,0.0,0.0,0.0,0.0,0.0,0.0,0.0,1750714647.9065125,0.0,both_blink
53.49444556236267,137.0,-438.40603240579367,-1111.9881937252358,-557.6153434934095,-583.7366747339256,0.0,0.0,0.0,0.0,0.0,0.0,0.0,0.0,1750714647.996653,0.0,both_blink
53.59521436691284,149.0,-1106.0567123955116,-737.2315186653286,-628.9389755483717,-151.81188895134255,0.0,0.0,0.0,0.0,0.0,0.0,0.0,0.0,1750714648.1168156,0.0,both_blink
53.69589066505432,158.0,-1831.5225058002397,-626.5865784762427,-418.8687950372696,22.029880688991398,0.0,0.0,0.0,0.0,0.0,0.0,0.0,0.0,1750714648.2062807,0.0,both_blink
53.79656624794006,168.0,-1954.550254742615,-627.162523069419,-371.33840650040656,43.425848335493356,0.0,0.0,0.0,0.0,0.0,0.0,0.0,0.0,1750714648.3100324,0.0,both_blink
53.897242069244385,177.0,-1751.1632754523307,-747.6022612424567,-430.466224799864,-84.6507655470632,0.0,0.0,0.0,0.0,0.0,0.0,0.0,0.0,1750714648.399812,0.0,both_blink
53.998131275177,189.0,-663.1777596427128,-1004.8475397946313,-500.9371596649289,-459.04093041131273,0.0,0.0,0.0,0.0,0.0,0.0,0.0,0.0,1750714648.5203516,0.0,both_blink
54.09870624542236,198.0,-704.4774748533964,-972.6582208760083,-457.3261862816289,-385.32376238470897,0.0,0.0,0.0,0.0,0.0,0.0,0.0,0.0,1750714648.6100197,0.0,both_blink
54.1994833946228,108.0,-1330.0617601415142,-795.0223227306269,-540.241638249252,-108.1616466185078,0.0,0.0,0.0,0.0,0.0,0.0,0.0,0.0,1750714648.7150028,0.0,both_blink
54.29980731010437,118.0,-2458.71868796926,-601.1346893277951,-310.32754857325926,145.85609827190638,0.0,0.0,0.0,0.0,0.0,0.0,0.0,0.0,1750714648.809194,0.0,both_blink
54.40042209625244,128.0,-2250.840088832192,-666.467001653742,-341.27896060654894,103.86824146937579,0.0,0.0,0.0,0.0,0.0,0.0,0.0,0.0,1750714648.9112732,0.0,both_blink
54.50112509727478,138.0,-1997.8732558293268,-707.0075171734206,-373.29250422725454,-1.933528277091682,0.0,0.0,0.0,0.0,0.0,0.0,0.0,0.0,1750714649.0151243,0.0,both_blink
54.60190415382385,149.0,-1705.0615286985412,-674.2385137616657,-344.42421646928415,-7.23670641425997,0.0,0.0,0.0,0.0,0.0,0.0,0.0,0.0,1750714649.121533,0.0,both_blink
54.70245718955994,158.0,-586.8987601464614,-1003.536704860162,-484.2179369130172,-475.5282793659717,0.0,0.0,0.0,0.0,0.0,0.0,0.0,0.0,1750714649.2098908,0.0,both_blink
54.80346465110779,169.0,79.25595986098051,-1186.8404213883914,-459.8749281014316,-729.9835925512016,0.0,0.0,0.0,0.0,0.0,0.0,0.0,0.0,1750714649.316403,0.0,both_blink
54.90369272232056,178.0,-442.8116345535964,-948.926685707178,-707.2618303704076,-387.6668097069487,0.0,0.0,0.0,0.0,0.0,0.0,0.0,0.0,1750714649.408038,0.0,both_blink
55.00439977645874,190.0,-644.6166361626238,-1024.3342885137536,-548.1926655550487,-521.0840007262304,0.0,0.0,0.0,0.0,0.0,0.0,0.0,0.0,1750714649.5265503,0.0,both_blink
55.105064153671265,199.0,-963.3720492860302,-771.1804605131038,-585.939475807827,-133.33491322025657,0.0,0.0,0.0,0.0,0.0,0.0,0.0,0.0,1750714649.6168823,0.0,both_blink
55.20568919181824,109.0,-924.4696099469438,-961.4478707588278,-488.06442401744425,-392.94006864447147,0.0,0.0,0.0,0.0,0.0,0.0,0.0,0.0,1750714649.7212627,0.0,both_blink
55.30650568008423,118.0,-1029.9048694977537,-927.3699023625813,-449.9211843693629,-324.94494755007327,0.0,0.0,0.0,0.0,0.0,0.0,0.0,0.0,1750714649.8120117,0.0,both_blink
55.40745782852173,128.0,-1139.3306023012847,-840.0170590975322,-537.80509342812,-264.3548283679411,0.0,0.0,0.0,0.0,0.0,0.0,0.0,0.0,1750714649.918004,0.0,both_blink
55.508056640625,139.0,-1170.1361582363024,-917.9752736738883,-449.45743677485734,-307.4870945569128,0.0,0.0,0.0,0.0,0.0,0.0,0.0,0.0,1750714650.0216453,0.0,both_blink
55.608867168426514,149.0,-1214.319336312823,-899.5188673925586,-472.1174906063825,-289.75248896703124,0.0,0.0,0.0,0.0,0.0,0.0,0.0,0.0,1750714650.1254516,0.0,both_blink
55.71068716049194,158.0,-1228.0971277495846,-876.6643387633376,-459.23727515898645,-297.1425312794745,0.0,0.0,0.0,0.0,0.0,0.0,0.0,0.0,1750714650.21501,0.0,both_blink
55.81183385848999,169.0,-1361.1178893735632,-686.3894487177022,-631.6915419157594,2.42345517128706,0.0,0.0,0.0,0.0,0.0,0.0,0.0,0.0,1750714650.321329,0.0,both_blink
55.91267013549805,179.0,-1211.2862774487585,-851.7229459588416,-482.83604387938976,-259.92304692044854,0.0,0.0,0.0,0.0,0.0,0.0,0.0,0.0,1750714650.4249358,0.0,both_blink
56.01304888725281,190.0,-1218.010617569089,-831.9650544929318,-392.4763210499659,-237.73422048334032,0.0,0.0,0.0,0.0,0.0,0.0,0.0,0.0,1750714650.5317106,0.0,both_blink
56.1136109828949,198.0,-1295.6434608493,-858.3612683801912,-442.2020308608189,-267.6833393285051,0.0,0.0,0.0,0.0,0.0,0.0,0.0,0.0,1750714650.6208832,0.0,both_blink
56.21450901031494,109.0,-1311.4407982621342,-871.0544888298027,-477.07846789760515,-266.2023389460519,0.0,0.0,0.0,0.0,0.0,0.0,0.0,0.0,1750714650.7264564,0.0,both_blink
56.31505060195923,118.0,-1301.8255154760554,-678.9096488063224,-506.4516421495937,-27.469565174542367,0.0,0.0,0.0,0.0,0.0,0.0,0.0,0.0,1750714650.8164315,0.0,both_blink
56.415528774261475,130.0,-1688.2319788979366,-618.1512341261841,-534.5719499164261,93.8976681875065,0.0,0.0,0.0,0.0,0.0,0.0,0.0,0.0,1750714650.9364555,0.0,both_blink
56.516374349594116,139.0,-1731.296926887706,-656.7844006684609,-539.8115497543477,25.973605192266405,0.0,0.0,0.0,0.0,0.0,0.0,0.0,0.0,1750714651.028048,0.0,both_blink
56.61698818206787,149.0,-1515.1269695488736,-772.2164128008299,-513.1685024700128,-120.38737957365811,0.0,0.0,0.0,0.0,0.0,0.0,0.0,0.0,1750714651.130397,0.0,both_blink
56.71898317337036,158.0,-1145.3593210298568,-874.0576284942217,-322.11571323359385,-277.4594378126785,0.0,0.0,0.0,0.0,0.0,0.0,0.0,0.0,1750714651.2201715,0.0,both_blink
56.819353103637695,170.0,-1338.446615842171,-766.3784289699979,-525.9552204185165,-85.30711798928678,0.0,0.0,0.0,0.0,0.0,0.0,0.0,0.0,1750714651.34045,0.0,both_blink
56.9203155040741,179.0,-1395.6072467649356,-783.1107413717546,-578.594312294852,-132.29896093253046,0.0,0.0,0.0,0.0,0.0,0.0,0.0,0.0,1750714651.4302273,0.0,both_blink
57.02076244354248,190.0,-2402.781004332006,-615.4136273586191,-245.66467833938077,95.4534665690735,0.0,0.0,0.0,0.0,0.0,0.0,0.0,0.0,1750714651.536522,0.0,both_blink
57.121296882629395,199.0,-2208.156610637903,-658.0559666533954,-327.59466666867957,6.593443621881306,0.0,0.0,0.0,0.0,0.0,0.0,0.0,0.0,1750714651.626738,0.0,both_blink
57.22200059890747,109.0,-922.4351043710485,-928.7069165967405,-384.27846034709364,-353.86746385740116,0.0,0.0,0.0,0.0,0.0,0.0,0.0,0.0,1750714651.731671,0.0,both_blink
57.322418212890625,118.0,-1077.1510256379843,-864.7396677546203,-514.9131657993421,-244.55392805254087,0.0,0.0,0.0,0.0,0.0,0.0,0.0,0.0,1750714651.837009,0.0,both_blink
57.423344135284424,130.0,-1367.2438455009833,-795.166308878921,-540.2435081992298,-173.63794509274885,0.0,0.0,0.0,0.0,0.0,0.0,0.0,0.0,1750714651.941754,0.0,both_blink
57.52431106567383,139.0,-1129.7340190149844,-858.1985827321187,-399.13708287104964,-269.8206921531819,0.0,0.0,0.0,0.0,0.0,0.0,0.0,0.0,1750714652.0316677,0.0,both_blink
57.62505745887756,149.0,-1223.9757579984143,-793.2888791011646,-431.06834869273007,-174.08673308743164,0.0,0.0,0.0,0.0,0.0,0.0,0.0,0.0,1750714652.13803,0.0,both_blink
57.72585844993591,158.0,-1582.1497166547924,-708.438028906472,-501.3410688601434,-30.01082719443366,0.0,0.0,0.0,0.0,0.0,0.0,0.0,0.0,1750714652.225042,0.0,both_blink
57.82711052894592,170.0,-1215.0635764040053,-899.8087096391246,-469.38362373877317,-284.7802919759415,0.0,0.0,0.0,0.0,0.0,0.0,0.0,0.0,1750714652.34494,0.0,both_blink
57.92755579948425,179.0,-1115.7056542811915,-882.6949274418876,-335.5363442245871,-330.75114223128185,0.0,0.0,0.0,0.0,0.0,0.0,0.0,0.0,1750714652.4350479,0.0,both_blink
58.02825856208801,190.0,-1330.93315683119,-795.7272938722745,-554.90765592549,-152.75060384022072,0.0,0.0,0.0,0.0,0.0,0.0,0.0,0.0,1750714652.5417368,0.0,both_blink
58.12972664833069,199.0,-1285.1455616736785,-772.274381250143,-455.8526656990871,-131.40699479309842,0.0,0.0,0.0,0.0,0.0,0.0,0.0,0.0,1750714652.631349,0.0,both_blink
58.230270862579346,110.0,-2583.264836293645,-525.8916421192698,-219.48537864955142,131.33032684400678,0.0,0.0,0.0,0.0,0.0,0.0,0.0,0.0,1750714652.7506185,0.0,both_blink
58.33097457885742,119.0,-1263.7047152277082,-736.4293101248331,-497.74889495270327,-93.57229689136147,0.0,0.0,0.0,0.0,0.0,0.0,0.0,0.0,1750714652.8406215,0.0,both_blink
58.431997537612915,130.0,-1229.080721437931,-774.5725497729145,-523.875836043153,-189.02202356047928,0.0,0.0,0.0,0.0,0.0,0.0,0.0,0.0,1750714652.946378,0.0,both_blink
58.53265452384949,139.0,-947.0062470799312,-931.2481786166318,-430.20630175294355,-355.23065739125013,0.0,0.0,0.0,0.0,0.0,0.0,0.0,0.0,1750714653.0365653,0.0,both_blink
58.63368630409241,151.0,-1088.2884477060288,-968.8566125710495,-461.10535518685356,-387.7079486064613,0.0,0.0,0.0,0.0,0.0,0.0,0.0,0.0,1750714653.156341,0.0,both_blink
58.73422908782959,160.0,-1232.3774432488717,-648.0554741718806,-368.95048037869856,-9.304871089756489,0.0,0.0,0.0,0.0,0.0,0.0,0.0,0.0,1750714653.2483287,0.0,both_blink
58.83511209487915,170.0,-1101.1967124030925,-608.3489563423209,-308.135967199225,44.60578677151352,0.0,0.0,0.0,0.0,0.0,0.0,0.0,0.0,1750714653.3506725,0.0,both_blink
58.935561418533325,179.0,-914.2129343184642,-619.998744704295,-386.1988989743404,45.74645625799894,0.0,0.0,0.0,0.0,0.0,0.0,0.0,0.0,1750714653.4407465,0.0,both_blink
59.03601908683777,190.0,-1089.7787978383712,-630.7247777772136,-331.5028621223755,21.71759904269129,0.0,0.0,0.0,0.0,0.0,0.0,0.0,0.0,1750714653.5466967,0.0,both_blink
59.136820554733276,0.0,-1549.2722561443225,-722.5281019895338,-334.97348928125575,-87.02373206894845,0.0,0.0,0.0,0.0,0.0,0.0,0.0,0.0,1750714653.6516628,0.0,both_blink
59.237781047821045,110.0,-308.4744281452149,-1066.602637812961,-478.3500338825397,-535.0300876609981,0.0,0.0,0.0,0.0,0.0,0.0,0.0,0.0,1750714653.755434,0.0,both_blink
59.338369846343994,119.0,-705.1469169454649,-960.8008680664934,-586.8033926975913,-424.0186372762546,0.0,0.0,0.0,0.0,0.0,0.0,0.0,0.0,1750714653.8451416,0.0,both_blink
59.43922758102417,131.0,-1109.826531550847,-812.0762665285729,-616.4308801465668,-209.25862222071737,0.0,0.0,0.0,0.0,0.0,0.0,0.0,0.0,1750714653.9650228,0.0,both_blink
59.5400390625,140.0,-1160.072087455541,-749.9602681645192,-533.958606323693,-106.26925724092871,0.0,0.0,0.0,0.0,0.0,0.0,0.0,0.0,1750714654.0580044,0.0,both_blink
59.640711069107056,151.0,-1290.1944266138598,-789.8238617922179,-541.6665401323698,-163.01101936865598,0.0,0.0,0.0,0.0,0.0,0.0,0.0,0.0,1750714654.1617744,0.0,both_blink
59.742727756500244,160.0,-2550.8885223772377,-528.3337967903353,-230.51434361888096,158.4820005223155,0.0,0.0,0.0,0.0,0.0,0.0,0.0,0.0,1750714654.2515182,0.0,both_blink
59.8436062335968,170.0,-2251.3711546259,-571.2341891820543,-252.55731395771727,106.82276243437082,0.0,0.0,0.0,0.0,0.0,0.0,0.0,0.0,1750714654.3580513,0.0,both_blink
59.94461154937744,181.0,-1784.2838294599205,-711.2074248236604,-408.75049570715055,-69.90620997175574,0.0,0.0,0.0,0.0,0.0,0.0,0.0,0.0,1750714654.4616036,0.0,both_blink
60.0450804233551,191.0,-1154.3874395228922,-882.9249312891625,-496.0622000726871,-248.46773335617036,0.0,0.0,0.0,0.0,0.0,0.0,0.0,0.0,1750714654.565504,0.0,both_blink
60.14608359336853,0.0,-436.0685949334875,-1034.9593442878686,-638.2326269382611,-438.9950666488148,0.0,0.0,0.0,0.0,0.0,0.0,0.0,0.0,1750714654.6565144,0.0,both_blink
60.247087717056274,110.0,-601.14777897764,-1055.0500868498348,-520.0742277381942,-513.1011842708103,0.0,0.0,0.0,0.0,0.0,0.0,0.0,0.0,1750714654.760178,0.0,both_blink
60.34791970252991,119.0,-904.7827765801921,-849.6099024838768,-578.8729348415509,-265.658183502499,0.0,0.0,0.0,0.0,0.0,0.0,0.0,0.0,1750714654.8500288,0.0,both_blink
60.449278831481934,131.0,-1127.2918643439189,-767.0628306618892,-530.9573366092518,-151.1611463590525,0.0,0.0,0.0,0.0,0.0,0.0,0.0,0.0,1750714654.9709535,0.0,both_blink
60.550644874572754,140.0,-1374.7273853123188,-794.1509260409512,-612.8873249385506,-129.77265851246193,0.0,0.0,0.0,0.0,0.0,0.0,0.0,0.0,1750714655.060306,0.0,both_blink
60.65162229537964,151.0,-2322.5975492820144,-563.5374750732444,-201.34873381443322,112.3297651191242,0.0,0.0,0.0,0.0,0.0,0.0,0.0,0.0,1750714655.1668084,0.0,both_blink
60.752732038497925,160.0,-2036.887892167084,-672.0544121875428,-363.03956849873066,-2.937691415194422,0.0,0.0,0.0,0.0,0.0,0.0,0.0,0.0,1750714655.2565072,0.0,both_blink
60.85296583175659,172.0,-1465.6181739354506,-813.5647467109375,-458.04424707312137,-190.42261609388515,0.0,0.0,0.0,0.0,0.0,0.0,0.0,0.0,1750714655.3765259,0.0,both_blink
60.95390844345093,181.0,-675.2277172999457,-867.5464626713656,-554.2307340335101,-279.06198494369164,0.0,0.0,0.0,0.0,0.0,0.0,0.0,0.0,1750714655.4680643,0.0,both_blink
61.054872274398804,191.0,-750.0481558134779,-918.3417838695459,-498.36036859545857,-320.8740664483048,0.0,0.0,0.0,0.0,0.0,0.0,0.0,0.0,1750714655.570053,0.0,both_blink
61.15535807609558,0.0,-928.5217915489338,-984.7960661821999,-446.14575536409393,-433.37960686534643,0.0,0.0,0.0,0.0,0.0,0.0,0.0,0.0,1750714655.6618505,0.0,both_blink
61.25635266304016,112.0,-1168.9150809007697,-739.361391690094,-571.4772826791741,-122.38448614999652,0.0,0.0,0.0,0.0,0.0,0.0,0.0,0.0,1750714655.7814517,0.0,both_blink
61.356942653656006,121.0,-1303.603837904986,-774.8343427698128,-516.2875790330581,-113.73783745244145,0.0,0.0,0.0,0.0,0.0,0.0,0.0,0.0,1750714655.8716235,0.0,both_blink
61.45917248725891,131.0,-1339.2376046827994,-774.5613300730474,-516.0444855359383,-120.99324336647987,0.0,0.0,0.0,0.0,0.0,0.0,0.0,0.0,1750714655.9753327,0.0,both_blink
61.56024885177612,140.0,-1510.4464847543277,-734.3761050491594,-486.2487025889568,-106.06730264332145,0.0,0.0,0.0,0.0,0.0,0.0,0.0,0.0,1750714656.0651748,0.0,both_blink
61.661311626434326,152.0,-2449.6924394262023,-576.9711957140826,-242.88219277234748,67.16860320419073,0.0,0.0,0.0,0.0,0.0,0.0,0.0,0.0,1750714656.1857133,0.0,both_blink
61.76214623451233,161.0,-2301.072555087041,-618.7421383191831,-220.96637903200462,59.374651696532965,0.0,0.0,0.0,0.0,0.0,0.0,0.0,0.0,1750714656.276538,0.0,both_blink
61.86326575279236,172.0,-1745.3757802709006,-732.0723266764544,-267.7113885781728,-130.48510945402086,0.0,0.0,0.0,0.0,0.0,0.0,0.0,0.0,1750714656.381942,0.0,both_blink
61.96414351463318,181.0,-1175.7927569192834,-887.5025688349269,-359.61569008929655,-304.8878640877083,0.0,0.0,0.0,0.0,0.0,0.0,0.0,0.0,1750714656.4717858,0.0,both_blink
62.065516233444214,191.0,-1038.7553427428938,-950.7517568855546,-359.8475638865493,-405.4201147966087,0.0,0.0,0.0,0.0,0.0,0.0,0.0,0.0,1750714656.5780869,0.0,both_blink
62.16624307632446,200.0,-819.3204527427442,-828.0231999396347,-677.3501105247997,-244.54457830265164,0.0,0.0,0.0,0.0,0.0,0.0,0.0,0.0,1750714656.6654844,0.0,both_blink
62.267627477645874,112.0,-973.5034382659942,-794.418328887783,-575.6136120301671,-166.4274179781787,0.0,0.0,0.0,0.0,0.0,0.0,0.0,0.0,1750714656.7865548,0.0,both_blink
62.36876630783081,121.0,-1102.313072539866,-850.6664242213592,-597.0993372756056,-231.6101343058981,0.0,0.0,0.0,0.0,0.0,0.0,0.0,0.0,1750714656.8770943,0.0,both_blink
62.470203161239624,131.0,-1211.9033609414473,-827.4453853964806,-593.9054627134465,-211.2314194473438,0.0,0.0,0.0,0.0,0.0,0.0,0.0,0.0,1750714656.9801772,0.0,both_blink
62.571221351623535,142.0,-1990.4682539170608,-611.7204761523753,-358.83779089851305,31.749880673829466,0.0,0.0,0.0,0.0,0.0,0.0,0.0,0.0,1750714657.0863087,0.0,both_blink
62.67248582839966,152.0,-1308.8640071926638,-735.6944197835401,-501.97498190263286,-94.11271243495867,0.0,0.0,0.0,0.0,0.0,0.0,0.0,0.0,1750714657.190554,0.0,both_blink
62.77395558357239,163.0,-2118.945037094876,-653.7045930549502,-314.22826422704384,2.904032315593213,0.0,0.0,0.0,0.0,0.0,0.0,0.0,0.0,1750714657.296816,0.0,both_blink
62.87521696090698,172.0,-1324.6426451057196,-794.5941041857004,-364.31674433359876,-179.71528252074495,0.0,0.0,0.0,0.0,0.0,0.0,0.0,0.0,1750714657.3882263,0.0,both_blink
62.97634196281433,182.0,-649.1194757092744,-999.1329726623371,-470.9824309698306,-431.3694106391631,0.0,0.0,0.0,0.0,0.0,0.0,0.0,0.0,1750714657.4902325,0.0,both_blink
63.07746911048889,191.0,-810.567216896452,-1041.0161122661084,-466.3150358251296,-476.2444702074863,0.0,0.0,0.0,0.0,0.0,0.0,0.0,0.0,1750714657.5800283,0.0,both_blink
63.1784553527832,103.0,-1094.2835073349997,-766.1652546725236,-565.5645008492284,-133.2619851711206,0.0,0.0,0.0,0.0,0.0,0.0,0.0,0.0,1750714657.7018194,0.0,both_blink
63.27907371520996,112.0,-1234.3240611758083,-824.4665550817735,-597.6678020688705,-178.70550953270867,0.0,0.0,0.0,0.0,0.0,0.0,0.0,0.0,1750714657.7914708,0.0,both_blink
63.37982988357544,122.0,-1308.5049767969176,-796.8960126084276,-590.7190679511987,-131.13398209633306,0.0,0.0,0.0,0.0,0.0,0.0,0.0,0.0,1750714657.8950748,0.0,both_blink
63.48058319091797,131.0,-1628.2533333585598,-538.2071326733567,-185.16057685622945,161.9806769308634,0.0,0.0,0.0,0.0,0.0,0.0,0.0,0.0,1750714657.9850128,0.0,both_blink
63.58127450942993,143.0,-374.36959541449323,-832.5746581857093,-324.34095370722935,-181.9966214937158,0.0,0.0,0.0,0.0,0.0,0.0,0.0,0.0,1750714658.105436,0.0,both_blink
63.68208694458008,152.0,179.74894162034616,-1016.1775667103939,-480.9193451520987,-437.5140662663616,0.0,0.0,0.0,0.0,0.0,0.0,0.0,0.0,1750714658.1956704,0.0,both_blink
63.78305411338806,163.0,-111.5892649278976,-760.5367052392103,-508.2131350287236,-164.79308169754222,0.0,0.0,0.0,0.0,0.0,0.0,0.0,0.0,1750714658.3017263,0.0,both_blink
63.88447117805481,172.0,18.039407436270267,-1003.0617375657894,-429.95198855595663,-429.2937661637552,0.0,0.0,0.0,0.0,0.0,0.0,0.0,0.0,1750714658.391613,0.0,both_blink
63.985127449035645,182.0,-254.48710233485326,-812.1847236272879,-616.3411225476302,-164.63226599944755,0.0,0.0,0.0,0.0,0.0,0.0,0.0,0.0,1750714658.4954,0.0,both_blink
64.08577919006348,193.0,-121.15592901455238,-851.247978664469,-414.90637103421614,-244.29961485555395,0.0,0.0,0.0,0.0,0.0,0.0,0.0,0.0,1750714658.6020637,0.0,both_blink
64.18669104576111,103.0,-1422.485907746479,-739.3800911898725,-574.9703492377885,-61.190373125020415,0.0,0.0,0.0,0.0,0.0,0.0,0.0,0.0,1750714658.7065892,0.0,both_blink
64.28733801841736,112.0,-1499.576465533115,-725.6135194529779,-528.6741276863031,-73.30390908150002,0.0,0.0,0.0,0.0,0.0,0.0,0.0,0.0,1750714658.7978327,0.0,both_blink
64.38832211494446,122.0,-1541.945792131126,-705.4891177914105,-496.63814466586336,-88.99652929557487,0.0,0.0,0.0,0.0,0.0,0.0,0.0,0.0,1750714658.9001625,0.0,both_blink
64.48944902420044,132.0,-1545.1321868933737,-737.1324113165028,-467.39960681227967,-108.4402691652067,0.0,0.0,0.0,0.0,0.0,0.0,0.0,0.0,1750714659.005838,0.0,both_blink
64.59057426452637,143.0,-1447.5731566492468,-765.9633000749163,-494.4316036920063,-124.53305867454037,0.0,0.0,0.0,0.0,0.0,0.0,0.0,0.0,1750714659.109858,0.0,both_blink
64.6912841796875,152.0,-1072.378913294524,-920.6941809416749,-415.5907727261074,-337.83077284740284,0.0,0.0,0.0,0.0,0.0,0.0,0.0,0.0,1750714659.2004008,0.0,both_blink
64.79204487800598,161.0,-970.5563971009105,-982.1781362132169,-311.6178140579723,-414.08733294392005,0.0,0.0,0.0,0.0,0.0,0.0,0.0,0.0,1750714659.2898922,0.0,both_blink
64.89248633384705,172.0,-1242.3985051801428,-785.4706182437949,-516.2987987329252,-210.1169292605482,0.0,0.0,0.0,0.0,0.0,0.0,0.0,0.0,1750714659.396623,0.0,both_blink
64.99375104904175,184.0,-1433.8252844121307,-694.0973825263791,-451.1647011046298,-73.28520958172157,0.0,0.0,0.0,0.0,0.0,0.0,0.0,0.0,1750714659.516346,0.0,both_blink
65.09454393386841,193.0,-1557.7057305444032,-762.1934809195809,-463.36425476009026,-90.63086557621136,0.0,0.0,0.0,0.0,0.0,0.0,0.0,0.0,1750714659.606512,0.0,both_blink
65.19533443450928,103.0,-1585.9569348096848,-753.1821919763461,-484.1319192140363,-122.5004230486229,0.0,0.0,0.0,0.0,0.0,0.0,0.0,0.0,1750714659.7115357,0.0,both_blink
65.29593896865845,112.0,-1526.4252073150128,-675.6241466952488,-447.65293504623696,-41.07158131338656,0.0,0.0,0.0,0.0,0.0,0.0,0.0,0.0,1750714659.8015163,0.0,both_blink
65.39680695533752,122.0,-1491.195349732414,-703.7631539618596,-418.960422586184,-62.85275865532458,0.0,0.0,0.0,0.0,0.0,0.0,0.0,0.0,1750714659.904824,0.0,both_blink
65.49764561653137,133.0,-1461.5828218832612,-785.4724881937727,-485.00705580366775,-149.83909172471613,0.0,0.0,0.0,0.0,0.0,0.0,0.0,0.0,1750714660.0115972,0.0,both_blink
65.5988826751709,143.0,-1124.1391286812723,-917.4161586305127,-471.07218856876716,-338.1991529930383,0.0,0.0,0.0,0.0,0.0,0.0,0.0,0.0,1750714660.1157515,0.0,both_blink
65.69957733154297,152.0,-925.5728804338723,-959.2805987345055,-337.74849504837766,-388.6728427950293,0.0,0.0,0.0,0.0,0.0,0.0,0.0,0.0,1750714660.205202,0.0,both_blink
65.80042314529419,163.0,-1198.2377665033564,-862.2975130835548,-507.39035703847185,-274.0972677525133,0.0,0.0,0.0,0.0,0.0,0.0,0.0,0.0,1750714660.311498,0.0,both_blink
65.90119004249573,172.0,-1415.645630727522,-675.2950354991481,-485.70641709538177,-35.76840317621827,0.0,0.0,0.0,0.0,0.0,0.0,0.0,0.0,1750714660.4013996,0.0,both_blink
66.00174832344055,184.0,-1455.1614136593416,-736.4087406750768,-515.457321242895,-71.4059098539874,0.0,0.0,0.0,0.0,0.0,0.0,0.0,0.0,1750714660.521572,0.0,both_blink
66.1024956703186,193.0,-1530.3521022684872,-774.1181519282982,-509.510880313348,-143.7318350970745,0.0,0.0,0.0,0.0,0.0,0.0,0.0,0.0,1750714660.611647,0.0,both_blink
66.20305848121643,103.0,-1549.988446985837,-695.9991216538474,-404.63660575589165,-63.017314253374934,0.0,0.0,0.0,0.0,0.0,0.0,0.0,0.0,1750714660.7193947,0.0,both_blink
66.303386926651,112.0,-1532.7101091905497,-754.6220534592867,-498.7025694414042,-99.32052312325686,0.0,0.0,0.0,0.0,0.0,0.0,0.0,0.0,1750714660.8067431,0.0,both_blink
66.40371322631836,122.0,-1455.3353190072812,-805.6155893551186,-457.3392759314738,-167.3006846178323,0.0,0.0,0.0,0.0,0.0,0.0,0.0,0.0,1750714660.909911,0.0,both_blink
66.50413608551025,131.0,-1090.8446693257429,-917.4423379302025,-437.7048011641018,-335.4465866256505,0.0,0.0,0.0,0.0,0.0,0.0,0.0,0.0,1750714661.0163364,0.0,both_blink
66.60516166687012,143.0,-1012.4414066546597,-929.5558738866821,-337.2510883542709,-381.3014999823645,0.0,0.0,0.0,0.0,0.0,0.0,0.0,0.0,1750714661.1199863,0.0,both_blink
66.70621967315674,152.0,-1273.5537417610176,-792.3015455128625,-546.4124731761403,-165.10162344388664,0.0,0.0,0.0,0.0,0.0,0.0,0.0,0.0,1750714661.2099895,0.0,both_blink
66.80709409713745,163.0,-1399.2255999720655,-726.9093947876245,-453.6479946752079,-80.67712184414268,0.0,0.0,0.0,0.0,0.0,0.0,0.0,0.0,1750714661.3165169,0.0,both_blink
66.9077672958374,173.0,-1384.96536144102,-717.1893948027864,-489.9923424446024,-84.79849159531295,0.0,0.0,0.0,0.0,0.0,0.0,0.0,0.0,1750714661.4201736,0.0,both_blink
67.00853872299194,184.0,-1434.8369273501448,-814.0715031549335,-503.9197298795916,-154.82811826560646,0.0,0.0,0.0,0.0,0.0,0.0,0.0,0.0,1750714661.526703,0.0,both_blink
67.10948300361633,194.0,-1764.3221134464256,-767.4686098070815,-441.50827941903844,-111.30316258128732,0.0,0.0,0.0,0.0,0.0,0.0,0.0,0.0,1750714661.6303504,0.0,both_blink
67.211594581604,103.0,-1407.275734626688,-756.138582891319,-458.3583986693993,-109.17141960654408,0.0,0.0,0.0,0.0,0.0,0.0,0.0,0.0,1750714661.7217896,0.0,both_blink
67.31252956390381,113.0,-1398.8011213270947,-769.175874136854,-446.41315821092576,-128.33092707954347,0.0,0.0,0.0,0.0,0.0,0.0,0.0,0.0,1750714661.8267105,0.0,both_blink
67.41303515434265,122.0,-1426.2931259013712,-817.8693715599366,-481.0446318006143,-206.30410125572234,0.0,0.0,0.0,0.0,0.0,0.0,0.0,0.0,1750714661.9148078,0.0,both_blink
67.51347541809082,134.0,-1043.5218452364206,-873.4667243012227,-446.5777138089761,-327.2001072233543,0.0,0.0,0.0,0.0,0.0,0.0,0.0,0.0,1750714662.035838,0.0,both_blink
67.61434483528137,143.0,-996.9825301878154,-925.8776822802611,-430.17825250327587,-364.49438958149403,0.0,0.0,0.0,0.0,0.0,0.0,0.0,0.0,1750714662.1265302,0.0,both_blink
67.71513628959656,154.0,-1320.4801364550367,-725.793034650851,-548.7480406984687,-123.06514794193208,0.0,0.0,0.0,0.0,0.0,0.0,0.0,0.0,1750714662.2316453,0.0,both_blink
67.8157217502594,163.0,-1357.0413984218612,-738.3142197025008,-513.8659938117489,-77.67772207967937,0.0,0.0,0.0,0.0,0.0,0.0,0.0,0.0,1750714662.3213391,0.0,both_blink
67.91678595542908,175.0,-2826.552808211185,-567.9505570209585,-194.37382039707154,143.08109250478446,0.0,0.0,0.0,0.0,0.0,0.0,0.0,0.0,1750714662.4416997,0.0,both_blink
68.01818132400513,184.0,-2227.3759565101936,-626.3715342287906,-228.3321119947359,13.489819140173495,0.0,0.0,0.0,0.0,0.0,0.0,0.0,0.0,1750714662.531542,0.0,both_blink
68.1188702583313,194.0,-1192.2202674746513,-899.9040770879947,-324.79535155184567,-354.5462556993589,0.0,0.0,0.0,0.0,0.0,0.0,0.0,0.0,1750714662.6352427,0.0,both_blink
68.22043418884277,103.0,-1181.9411524464376,-889.2285326644778,-462.487248220481,-309.8675408787094,0.0,0.0,0.0,0.0,0.0,0.0,0.0,0.0,1750714662.7268002,0.0,both_blink
68.32102584838867,115.0,-1431.0745879947208,-723.5360050275922,-525.9458706686273,-118.01441305177286,0.0,0.0,0.0,0.0,0.0,0.0,0.0,0.0,1750714662.8469877,0.0,both_blink
68.42260146141052,124.0,-2104.3986962172203,-667.4524652920663,-197.96412435453385,101.70096944505349,0.0,0.0,0.0,0.0,0.0,0.0,0.0,0.0,1750714662.9367216,0.0,both_blink
68.52340841293335,133.0,-2145.3543406319804,-619.757521157153,-458.09286577254534,501.49253480834886,0.0,0.0,0.0,0.0,0.0,0.0,0.0,0.0,1750714663.0266933,0.0,both_blink
68.6241979598999,143.0,-1749.2615363248624,-723.188194331713,-423.6857861801982,-62.7162523069419,0.0,0.0,0.0,0.0,0.0,0.0,0.0,0.0,1750714663.1303835,0.0,both_blink
68.72479891777039,154.0,-1217.4627222255804,-849.4659163355827,-303.1001919088885,-389.0636623403989,0.0,0.0,0.0,0.0,0.0,0.0,0.0,0.0,1750714663.237958,0.0,both_blink
68.8253927230835,164.0,-805.1985905100591,-920.052788099274,-378.436736616306,-429.75751375826076,0.0,0.0,0.0,0.0,0.0,0.0,0.0,0.0,1750714663.3401823,0.0,both_blink
68.9263551235199,173.0,-1198.2396364533342,-791.0262396279722,-618.5308339716867,-242.97943017119542,0.0,0.0,0.0,0.0,0.0,0.0,0.0,0.0,1750714663.4298966,0.0,both_blink
69.02672386169434,184.0,-1430.5435222010128,-703.1984290685505,-436.5435622278601,-101.77950734412298,0.0,0.0,0.0,0.0,0.0,0.0,0.0,0.0,1750714663.5367937,0.0,both_blink
69.12742757797241,193.0,-1899.1342871491797,-675.8448007926345,-403.32577082142234,-77.92642542673275,0.0,0.0,0.0,0.0,0.0,0.0,0.0,0.0,1750714663.6265805,0.0,both_blink
69.228355884552,104.0,-1712.2215671637096,-766.5242850682698,-399.23245031991974,-95.23094252170995,0.0,0.0,0.0,0.0,0.0,0.0,0.0,0.0,1750714663.7451508,0.0,both_blink
69.32866382598877,113.0,-1625.4558881917037,-743.0751123460941,-392.7624233965762,-60.04970363853499,0.0,0.0,0.0,0.0,0.0,0.0,0.0,0.0,1750714663.8351948,0.0,both_blink
69.42966413497925,124.0,-1609.5351340803318,-796.2938887155615,-417.71877580089495,-124.33110407693312,0.0,0.0,0.0,0.0,0.0,0.0,0.0,0.0,1750714663.9413407,0.0,both_blink
69.5302882194519,132.0,-1081.9736266308464,-874.2857623915188,-415.89744452247396,-301.29569018026814,0.0,0.0,0.0,0.0,0.0,0.0,0.0,0.0,1750714664.0304983,0.0,both_blink
69.63096332550049,145.0,-696.292703800369,-985.3084324761294,-397.0146896461956,-473.84719433588907,0.0,0.0,0.0,0.0,0.0,0.0,0.0,0.0,1750714664.1517024,0.0,both_blink
69.73183083534241,154.0,-956.1933113210835,-839.983399997931,-655.5390139832161,-265.48988800449297,0.0,0.0,0.0,0.0,0.0,0.0,0.0,0.0,1750714664.2416713,0.0,both_blink
69.83273839950562,164.0,-1098.96025222959,-787.6659395177849,-648.8670324622653,-197.83883770601824,0.0,0.0,0.0,0.0,0.0,0.0,0.0,0.0,1750714664.346501,0.0,both_blink
69.93313479423523,172.0,-1134.5566200078465,-763.4201681050472,-588.8790371729992,-139.61233529588208,0.0,0.0,0.0,0.0,0.0,0.0,0.0,0.0,1750714664.4213235,0.0,both_blink
70.0336229801178,185.0,-1262.4424989926629,-737.0950123169459,-512.4280022787862,-117.37489015934989,0.0,0.0,0.0,0.0,0.0,0.0,0.0,0.0,1750714664.5549755,0.0,both_blink
70.13429474830627,194.0,-1317.01511914609,-822.9144966001622,-526.347909913864,-201.17856836644933,0.0,0.0,0.0,0.0,0.0,0.0,0.0,0.0,1750714664.6449275,0.0,both_blink
70.2346715927124,103.0,-961.4403909589164,-1005.6029995856807,-218.54666376067325,-475.1299800206907,0.0,0.0,0.0,0.0,0.0,0.0,0.0,0.0,1750714664.7367308,0.0,both_blink
70.33526253700256,115.0,-571.9672095733695,-1061.114334627986,-414.2967673414387,-541.5954820332117,0.0,0.0,0.0,0.0,0.0,0.0,0.0,0.0,1750714664.8566418,0.0,both_blink
70.43581986427307,124.0,-657.3266861620359,-1022.6232842840254,-494.1810303949751,-518.9204686018638,0.0,0.0,0.0,0.0,0.0,0.0,0.0,0.0,1750714664.946637,0.0,both_blink
70.53631567955017,134.0,-901.6206911676563,-848.377605448477,-630.466724680271,-259.9623158699833,0.0,0.0,0.0,0.0,0.0,0.0,0.0,0.0,1750714665.0500631,0.0,both_blink
70.63700342178345,143.0,-869.0386827536859,-892.0932960305363,-444.3468634854071,-303.73410495137796,0.0,0.0,0.0,0.0,0.0,0.0,0.0,0.0,1750714665.1401703,0.0,both_blink
70.73794722557068,154.0,-1067.3356582042761,-899.5207373425364,-460.26387769682333,-362.4505342557095,0.0,0.0,0.0,0.0,0.0,0.0,0.0,0.0,1750714665.2465618,0.0,both_blink
70.8388237953186,164.0,-1153.5366122829728,-883.6037231311202,-457.66838712757453,-309.77778327977285,0.0,0.0,0.0,0.0,0.0,0.0,0.0,0.0,1750714665.3502848,0.0,both_blink
70.93941903114319,175.0,-1184.7572971130721,-850.4719494236633,-453.8985679722391,-231.34086150908843,0.0,0.0,0.0,0.0,0.0,0.0,0.0,0.0,1750714665.4565594,0.0,both_blink
71.04019474983215,184.0,-1265.456858356949,-783.2360280202702,-523.5579445469193,-172.26166190905496,0.0,0.0,0.0,0.0,0.0,0.0,0.0,0.0,1750714665.5462687,0.0,both_blink
71.14096117019653,194.0,-1368.4911021362059,-739.65123393666,-575.3779983329587,-65.98492486821488,0.0,0.0,0.0,0.0,0.0,0.0,0.0,0.0,1750714665.6502624,0.0,both_blink
71.2421305179596,103.0,-1524.8488394836895,-692.904354440514,-591.0369594474323,28.585925311315805,0.0,0.0,0.0,0.0,0.0,0.0,0.0,0.0,1750714665.7414527,0.0,both_blink
71.34305882453918,115.0,-1570.1726870466955,-731.3243466853164,-565.2129502533935,-44.12520962720737,0.0,0.0,0.0,0.0,0.0,0.0,0.0,0.0,1750714665.8617504,0.0,both_blink
71.44359803199768,124.0,-1371.554080199916,-762.2196602192707,-453.9284871718846,-94.56898022955284,0.0,0.0,0.0,0.0,0.0,0.0,0.0,0.0,1750714665.953012,0.0,both_blink
71.54450941085815,134.0,-1206.179444059264,-857.5571898897178,-367.5741971950047,-258.82912618340924,0.0,0.0,0.0,0.0,0.0,0.0,0.0,0.0,1750714666.0577607,0.0,both_blink
71.6451313495636,145.0,-1306.9136493657716,-917.4180285804905,-429.9258092562668,-321.5322888405062,0.0,0.0,0.0,0.0,0.0,0.0,0.0,0.0,1750714666.1614957,0.0,both_blink
71.7463219165802,154.0,-1366.7146496572532,-678.4047623123042,-535.0394374108873,-50.752312348689884,0.0,0.0,0.0,0.0,0.0,0.0,0.0,0.0,1750714666.251387,0.0,both_blink
71.84711980819702,165.0,-1455.133364409674,-746.8000527019612,-580.692396169994,-117.9994534519501,0.0,0.0,0.0,0.0,0.0,0.0,0.0,0.0,1750714666.3710287,0.0,both_blink
71.94790983200073,175.0,-1464.311078900937,-759.3399372533895,-554.3485408821143,-128.81150422384962,0.0,0.0,0.0,0.0,0.0,0.0,0.0,0.0,1750714666.461486,0.0,both_blink
72.04850840568542,185.0,-1476.058104661759,-772.6502411956899,-529.9681330709718,-132.33448998210952,0.0,0.0,0.0,0.0,0.0,0.0,0.0,0.0,1750714666.5679624,0.0,both_blink
72.1488881111145,194.0,-1417.9363194503821,-714.046008890029,-456.84934903727844,-65.24442467698827,0.0,0.0,0.0,0.0,0.0,0.0,0.0,0.0,1750714666.655194,0.0,both_blink
72.24966549873352,105.0,-1300.1930491453968,-811.2329190885648,-424.1476638247259,-211.56614049337804,0.0,0.0,0.0,0.0,0.0,0.0,0.0,0.0,1750714666.7759695,0.0,both_blink
72.35073518753052,115.0,-1056.8489787285216,-961.1019300129265,-270.49761404516175,-444.60304663237184,0.0,0.0,0.0,0.0,0.0,0.0,0.0,0.0,1750714666.866479,0.0,both_blink
72.45128154754639,125.0,-1154.5501251709647,-848.919890942052,-374.0217847186141,-285.11875292193145,0.0,0.0,0.0,0.0,0.0,0.0,0.0,0.0,1750714666.9702919,0.0,both_blink
72.55226016044617,134.0,-1355.1246996945702,-748.9785444261506,-541.3037698366679,-82.95472091715783,0.0,0.0,0.0,0.0,0.0,0.0,0.0,0.0,1750714667.0602489,0.0,both_blink
72.65307760238647,145.0,-1369.9234838192351,-730.3949815463275,-497.56937975483015,-94.7503653774038,0.0,0.0,0.0,0.0,0.0,0.0,0.0,0.0,1750714667.166577,0.0,both_blink
72.75432133674622,155.0,-1392.9463079464622,-753.6646390706301,-467.84465490700677,-110.79827608726919,0.0,0.0,0.0,0.0,0.0,0.0,0.0,0.0,1750714667.2704844,0.0,both_blink
72.85499477386475,166.0,-1157.8711563316174,-939.470348669216,-396.82395474845544,-404.39538220874965,0.0,0.0,0.0,0.0,0.0,0.0,0.0,0.0,1750714667.3765523,0.0,both_blink
72.9559280872345,175.0,-1093.799190290738,-931.1154121682048,-309.2467174860649,-428.36814092472196,0.0,0.0,0.0,0.0,0.0,0.0,0.0,0.0,1750714667.466643,0.0,both_blink
73.05651664733887,185.0,-1210.7458619051613,-829.7603834690526,-380.43945304257795,-279.14987259265035,0.0,0.0,0.0,0.0,0.0,0.0,0.0,0.0,1750714667.5702178,0.0,both_blink
73.1572916507721,196.0,-1423.4564117849804,-772.8952046427876,-591.3959898431785,-101.5644630966708,0.0,0.0,0.0,0.0,0.0,0.0,0.0,0.0,1750714667.6765337,0.0,both_blink
73.25783586502075,106.0,-1423.267546837218,-762.5431615654379,-493.6817537508905,-98.37245848448947,0.0,0.0,0.0,0.0,0.0,0.0,0.0,0.0,1750714667.7816303,0.0,both_blink
73.35846948623657,115.0,-1382.4465388208628,-755.2428768519312,-472.65603620000184,-79.58320110710338,0.0,0.0,0.0,0.0,0.0,0.0,0.0,0.0,1750714667.8716657,0.0,both_blink
73.45961594581604,124.0,-1228.3065621471033,-907.6101409466937,-429.04506281670183,-327.9910960639827,0.0,0.0,0.0,0.0,0.0,0.0,0.0,0.0,1750714667.9615412,0.0,both_blink
73.56007981300354,135.0,-1139.6073548980057,-889.7034999588504,-346.9841779889539,-336.1702572670765,0.0,0.0,0.0,0.0,0.0,0.0,0.0,0.0,1750714668.0809717,0.0,both_blink
73.66112685203552,145.0,-1183.8129723742604,-864.7845465540886,-383.68381625413895,-294.0103650665842,0.0,0.0,0.0,0.0,0.0,0.0,0.0,0.0,1750714668.1714413,0.0,both_blink
73.76158261299133,155.0,-1220.808062735945,-859.1746966205537,-410.36426253803074,-266.1555901966058,0.0,0.0,0.0,0.0,0.0,0.0,0.0,0.0,1750714668.27529,0.0,nothing
73.86223602294922,164.0,-1302.9100864632055,-877.8480170993134,-453.53766762651503,-303.8201226503588,0.0,0.0,0.0,0.0,0.0,0.0,0.0,0.0,1750714668.3650987,0.0,nothing
73.96275997161865,173.0,-1245.9327106382698,-803.5100256800652,-412.2042933162302,-198.72519399551675,0.0,0.0,0.0,0.0,0.0,0.0,0.0,0.0,1750714668.455232,0.0,nothing
74.06445670127869,185.0,-1253.1581973526627,-809.8940349044278,-424.22433177381754,-203.91617513401434,0.0,0.0,0.0,0.0,0.0,0.0,0.0,0.0,1750714668.5756469,0.0,nothing
74.16570949554443,196.0,-1290.6245151087642,-814.8980210451409,-462.1095183249563,-258.83286608336493,0.0,0.0,0.0,0.0,0.0,0.0,0.0,0.0,1750714668.681523,0.0,nothing
74.26637101173401,103.0,-1281.7310330141336,-810.0922496020794,-458.9979215618223,-185.37188120372593,0.0,0.0,0.0,0.0,0.0,0.0,0.0,0.0,1750714668.7568643,0.0,nothing
74.36694312095642,116.0,-1302.0274700736627,-652.0515572745353,-544.7014689464122,-14.361215829849243,0.0,0.0,0.0,0.0,0.0,0.0,0.0,0.0,1750714668.8907113,0.0,nothing
74.46778655052185,125.0,-1273.319998013787,-859.96755541116,-495.3572289310396,-257.92220044415444,0.0,0.0,0.0,0.0,0.0,0.0,0.0,0.0,1750714668.9803932,0.0,nothing
74.56843662261963,136.0,-1261.5280934534967,-790.5138733340427,-415.6038623759523,-202.67265839874744,0.0,0.0,0.0,0.0,0.0,0.0,0.0,0.0,1750714669.086459,0.0,nothing
74.66877317428589,145.0,-1311.6801518592983,-849.6828305330127,-488.91712120734155,-254.61612888332456,0.0,0.0,0.0,0.0,0.0,0.0,0.0,0.0,1750714669.1766984,0.0,nothing
74.7697741985321,157.0,-1333.1135185053572,-841.455050630495,-482.09554368816316,-253.11268910113722,0.0,0.0,0.0,0.0,0.0,0.0,0.0,0.0,1750714669.2963712,0.0,nothing
74.87144684791565,166.0,-1272.8188514197245,-767.4349507074803,-424.40010707173496,-170.8236703760922,0.0,0.0,0.0,0.0,0.0,0.0,0.0,0.0,1750714669.3868716,0.0,nothing
74.9720733165741,176.0,-1277.2618525670841,-759.973850295879,-421.58770230505615,-166.0777373323217,0.0,0.0,0.0,0.0,0.0,0.0,0.0,0.0,1750714669.489864,0.0,nothing
75.07286405563354,185.0,-1334.3289859909564,-847.4613299593329,-504.34046862460673,-238.01471298001707,0.0,0.0,0.0,0.0,0.0,0.0,0.0,0.0,1750714669.580503,0.0,nothing
75.17359948158264,196.0,-1267.1304635871202,-777.6448775865138,-421.92055340111256,-163.6318427613005,0.0,0.0,0.0,0.0,0.0,0.0,0.0,0.0,1750714669.6865816,0.0,nothing
75.2746217250824,105.0,-1313.3649767893367,-808.493442371022,-464.49557449668646,-232.61803734395653,0.0,0.0,0.0,0.0,0.0,0.0,0.0,0.0,1750714669.7907007,0.0,nothing
75.37512445449829,116.0,-1315.616396562662,-833.2852391772904,-472.7345740990713,-202.6165598994121,0.0,0.0,0.0,0.0,0.0,0.0,0.0,0.0,1750714669.898682,0.0,nothing
75.47581768035889,125.0,-1321.8844688883983,-820.2629075315781,-467.86522435676306,-219.18805660307407,0.0,0.0,0.0,0.0,0.0,0.0,0.0,0.0,1750714669.9851089,0.0,nothing
75.57660126686096,136.0,-1328.1375816143118,-818.4640156528912,-475.24030706938356,-198.74202354531735,0.0,0.0,0.0,0.0,0.0,0.0,0.0,0.0,1750714670.0915194,0.0,nothing
75.67826795578003,145.0,-1326.192833637353,-805.4304643073119,-458.9268634626642,-225.91613662336022,0.0,0.0,0.0,0.0,0.0,0.0,0.0,0.0,1750714670.1815703,0.0,nothing
75.77882933616638,157.0,-1278.7073238999583,-762.3767360174097,-427.7959362315014,-172.4131278572604,0.0,0.0,0.0,0.0,0.0,0.0,0.0,0.0,1750714670.3015888,0.0,nothing
75.87987947463989,166.0,-1311.274372714106,-841.7635923768394,-480.65942210517824,-189.39975345600396,0.0,0.0,0.0,0.0,0.0,0.0,0.0,0.0,1750714670.3916717,0.0,nothing
75.98090958595276,176.0,-1312.3140649017878,-821.4035770180635,-478.58003772981465,-191.63995352946222,0.0,0.0,0.0,0.0,0.0,0.0,0.0,0.0,1750714670.4953177,0.0,nothing
76.08203744888306,185.0,-1324.8240302535705,-828.8048390303738,-460.5911189429462,-227.91698309965432,0.0,0.0,0.0,0.0,0.0,0.0,0.0,0.0,1750714670.5853205,0.0,nothing
76.1831533908844,196.0,-1330.172087190207,-810.4269706481136,-472.0426926072687,-194.9048861907795,0.0,0.0,0.0,0.0,0.0,0.0,0.0,0.0,1750714670.6914072,0.0,nothing
76.2837827205658,106.0,-1341.5544727053493,-829.2237078254111,-481.24284649826586,-237.29104233859107,0.0,0.0,0.0,0.0,0.0,0.0,0.0,0.0,1750714670.7968433,0.0,nothing
76.38543176651001,116.0,-1347.9609213294461,-841.3596831816249,-485.7793451445177,-231.41939940815791,0.0,0.0,0.0,0.0,0.0,0.0,0.0,0.0,1750714670.9003708,0.0,nothing
76.48636102676392,125.0,-1287.479259246029,-762.4066552170552,-417.21575925685465,-157.00660998979583,0.0,0.0,0.0,0.0,0.0,0.0,0.0,0.0,1750714670.990171,0.0,nothing
76.58684062957764,136.0,-1342.2126950975507,-867.5838616709225,-448.30180768854916,-252.0973062631674,0.0,0.0,0.0,0.0,0.0,0.0,0.0,0.0,1750714671.0966673,0.0,nothing
76.68785166740417,146.0,-1343.6787358801812,-829.320945224259,-474.1445163823664,-234.56465527089313,0.0,0.0,0.0,0.0,0.0,0.0,0.0,0.0,1750714671.2002966,0.0,nothing
76.7884316444397,157.0,-1315.1881780177355,-802.4422842427157,-450.4784294627607,-181.06164650479332,0.0,0.0,0.0,0.0,0.0,0.0,0.0,0.0,1750714671.3070536,0.0,nothing
76.8890540599823,166.0,-1357.3667697180063,-844.8602295401506,-485.21088035125285,-239.7219773097895,0.0,0.0,0.0,0.0,0.0,0.0,0.0,0.0,1750714671.3968096,0.0,nothing
76.99062585830688,176.0,-1349.5279394108802,-839.9198216986842,-487.3127041263506,-234.78156946832314,0.0,0.0,0.0,0.0,0.0,0.0,0.0,0.0,1750714671.5002942,0.0,nothing
77.09175634384155,185.0,-1291.8624219940975,-777.3512954399921,-426.95445874147117,-163.2485030158423,0.0,0.0,0.0,0.0,0.0,0.0,0.0,0.0,1750714671.590294,0.0,nothing
77.19279193878174,197.0,-1313.6548190359026,-788.5410761074163,-457.0980523843318,-174.68885698029771,0.0,0.0,0.0,0.0,0.0,0.0,0.0,0.0,1750714671.7106955,0.0,nothing
77.29406785964966,107.0,-1363.014018651098,-825.9606451140717,-500.6043085688725,-215.15644445084035,0.0,0.0,0.0,0.0,0.0,0.0,0.0,0.0,1750714671.8152845,0.0,nothing
77.39469027519226,116.0,-1296.2081857426092,-768.0595140000805,-432.8036622721702,-171.51555186789483,0.0,0.0,0.0,0.0,0.0,0.0,0.0,0.0,1750714671.905394,0.0,nothing
77.49573159217834,127.0,-1372.7938570352271,-796.0938040679321,-546.6200376236811,-178.06411669030786,0.0,0.0,0.0,0.0,0.0,0.0,0.0,0.0,1750714672.0116315,0.0,nothing
77.59645104408264,134.0,-1350.773326096125,-788.3222919600084,-507.605401285924,-191.9840243253857,0.0,0.0,0.0,0.0,0.0,0.0,0.0,0.0,1750714672.0858316,0.0,nothing
77.69727087020874,148.0,-1300.696065689437,-762.4010453671217,-461.7766672288999,-141.53277392312884,0.0,0.0,0.0,0.0,0.0,0.0,0.0,0.0,1750714672.2218845,0.0,nothing
77.79825234413147,157.0,-1370.5499170618132,-842.0833538230509,-508.92932587023824,-207.62802584003657,0.0,0.0,0.0,0.0,0.0,0.0,0.0,0.0,1750714672.3117712,0.0,nothing
77.89872813224792,167.0,-1369.9814522685483,-842.382545819506,-506.0870019039139,-210.89669840130955,0.0,0.0,0.0,0.0,0.0,0.0,0.0,0.0,1750714672.4151597,0.0,nothing
78.0003821849823,176.0,-1311.1864850651473,-763.1004066588357,-440.63501277938485,-154.53266616910696,0.0,0.0,0.0,0.0,0.0,0.0,0.0,0.0,1750714672.5052884,0.0,nothing
78.10119771957397,188.0,-1284.5322180809453,-783.0789522221312,-443.00236945133656,-143.1371910041198,0.0,0.0,0.0,0.0,0.0,0.0,0.0,0.0,1750714672.6254756,0.0,nothing
78.20203065872192,197.0,-1358.4588205050677,-835.2692561037838,-514.1614459082484,-213.21917627379298,0.0,0.0,0.0,0.0,0.0,0.0,0.0,0.0,1750714672.7157009,0.0,nothing
78.3029453754425,107.0,-1319.3375970185734,-799.5719110267237,-462.4012305215001,-199.61155028501526,0.0,0.0,0.0,0.0,0.0,0.0,0.0,0.0,1750714672.8201075,0.0,nothing
78.40362310409546,115.0,-1355.693164487835,-841.5560279292986,-503.8767210301012,-230.21141172247007,0.0,0.0,0.0,0.0,0.0,0.0,0.0,0.0,1750714672.8968272,0.0,nothing
78.50487947463989,128.0,-1358.3784126560204,-836.0957739939913,-504.6882793204859,-211.50069224415347,0.0,0.0,0.0,0.0,0.0,0.0,0.0,0.0,1750714673.0304887,0.0,nothing
78.6072142124176,137.0,-1322.983999475371,-798.8762896349654,-452.9841624330729,-186.7350747375749,0.0,0.0,0.0,0.0,0.0,0.0,0.0,0.0,1750714673.120372,0.0,nothing
78.70817279815674,148.0,-1362.567100606393,-834.5549352122471,-495.84715582523495,-201.07011126773432,0.0,0.0,0.0,0.0,0.0,0.0,0.0,0.0,1750714673.2280183,0.0,nothing
78.80889248847961,157.0,-1328.0328644155525,-797.855296947062,-451.4695029510185,-203.51600583875552,0.0,0.0,0.0,0.0,0.0,0.0,0.0,0.0,1750714673.3166773,0.0,nothing
78.90966296195984,168.0,-1373.0388204823248,-832.082861341536,-498.80915659014136,-213.29210432292894,0.0,0.0,0.0,0.0,0.0,0.0,0.0,0.0,1750714673.4360647,0.0,nothing
79.01093745231628,178.0,-1364.2276161867194,-829.7005450697616,-497.462792606093,-199.61155028501526,0.0,0.0,0.0,0.0,0.0,0.0,0.0,0.0,1750714673.526678,0.0,nothing
79.11187362670898,187.0,-1331.8101633707993,-792.1295101149008,-464.01686730235815,-201.86297005834058,0.0,0.0,0.0,0.0,0.0,0.0,0.0,0.0,1750714673.6169524,0.0,nothing
79.212571144104,197.0,-1332.0644765677862,-796.7108875606209,-460.26948754675686,-200.0378988799639,0.0,0.0,0.0,0.0,0.0,0.0,0.0,0.0,1750714673.7202969,0.0,nothing
79.3137435913086,107.0,-1298.852295011282,-794.0536886421032,-429.0637623164803,-138.77085780585185,0.0,0.0,0.0,0.0,0.0,0.0,0.0,0.0,1750714673.8259096,0.0,nothing
79.41492986679077,118.0,-1351.6821217853576,-820.6331576271914,-475.042092371732,-219.05529015464708,0.0,0.0,0.0,0.0,0.0,0.0,0.0,0.0,1750714673.9320512,0.0,nothing
79.51581692695618,127.0,-1304.0881549492478,-772.5305643971078,-434.5127965519205,-148.6404537889175,0.0,0.0,0.0,0.0,0.0,0.0,0.0,0.0,1750714674.0216172,0.0,nothing
79.61632466316223,137.0,-1303.1008213609457,-771.0533039146103,-437.77772921323776,-162.5379220242612,0.0,0.0,0.0,0.0,0.0,0.0,0.0,0.0,1750714674.1252995,0.0,nothing
79.7174699306488,148.0,-1353.5632914630696,-814.6156585984863,-479.6720885168761,-211.36979574570432,0.0,0.0,0.0,0.0,0.0,0.0,0.0,0.0,1750714674.2315085,0.0,nothing
79.81793880462646,158.0,-1353.3949959650636,-805.6735578044318,-485.25201925076544,-211.6353286425583,0.0,0.0,0.0,0.0,0.0,0.0,0.0,0.0,1750714674.3351421,0.0,eyebrow_raise
79.91829824447632,167.0,-1319.3132876688614,-772.6577209956013,-449.3901185756549,-155.36479390924796,0.0,0.0,0.0,0.0,0.0,0.0,0.0,0.0,1750714674.4255483,0.0,eyebrow_raise
80.01901268959045,178.0,-1360.661621578969,-816.1527574802749,-487.9634467186406,-221.62460142420605,0.0,0.0,0.0,0.0,0.0,0.0,0.0,0.0,1750714674.5317378,0.0,eyebrow_raise
80.11995768547058,188.0,-1348.5630452223122,-814.8550121956505,-485.2781985504553,-217.75754487002268,0.0,0.0,0.0,0.0,0.0,0.0,0.0,0.0,1750714674.6356273,0.0,eyebrow_raise
80.22140622138977,197.0,-1292.9582126811147,-775.8179364581592,-450.2241162657738,-155.13666001195088,0.0,0.0,0.0,0.0,0.0,0.0,0.0,0.0,1750714674.7253144,0.0,eyebrow_raise
80.32252359390259,107.0,-1343.74044422945,-827.42855584668,-512.7739430246875,-200.45489772502333,0.0,0.0,0.0,0.0,0.0,0.0,0.0,0.0,1750714674.830212,0.0,eyebrow_raise
80.42345595359802,118.0,-1283.8758656387217,-770.7952508176677,-436.8764133239165,-158.29126562457532,0.0,0.0,0.0,0.0,0.0,0.0,0.0,0.0,1750714674.9365823,0.0,eyebrow_raise
80.52423596382141,128.0,-1291.954049543012,-769.3815686344169,-435.60110743902624,-151.8922968003899,0.0,0.0,0.0,0.0,0.0,0.0,0.0,0.0,1750714675.040934,0.0,eyebrow_raise
80.62499356269836,139.0,-1342.4426989448257,-897.4058239175938,-486.58342363499105,-274.51613654755056,0.0,0.0,0.0,0.0,0.0,0.0,0.0,0.0,1750714675.1467016,0.0,eyebrow_raise
80.72606897354126,148.0,-1391.0688781687059,-271.46250823372975,-552.8656705496833,94.58954967930913,0.0,0.0,0.0,0.0,0.0,0.0,0.0,0.0,1750714675.2367642,0.0,eyebrow_raise
80.82657313346863,158.0,-1718.2054070928134,-335.5363442245871,-877.0401987088844,141.83570581953973,0.0,0.0,0.0,0.0,0.0,0.0,0.0,0.0,1750714675.3401225,0.0,eyebrow_raise
80.92745900154114,166.0,-1611.7977735535242,-1292.5991822853684,-766.0736271236092,268.52107691857964,0.0,0.0,0.0,0.0,0.0,0.0,0.0,0.0,1750714675.416819,0.0,eyebrow_raise
81.0285279750824,179.0,-1575.7189586809836,-1731.1061919899657,-740.7881635231897,691.058713812381,0.0,0.0,0.0,0.0,0.0,0.0,0.0,0.0,1750714675.5502024,0.0,eyebrow_raise
81.12900686264038,188.0,-1553.126223048661,-1547.7912557618693,-720.8507568594068,742.6207145014778,0.0,0.0,0.0,0.0,0.0,0.0,0.0,0.0,1750714675.6431148,0.0,eyebrow_raise
81.22972416877747,199.0,-1610.544907068368,-1586.8245915994048,-767.2516956096515,511.18448554351926,0.0,0.0,0.0,0.0,0.0,0.0,0.0,0.0,1750714675.746664,0.0,eyebrow_raise
81.33083581924438,107.0,-1546.502860227134,-404.5879870564677,-758.4797602635808,436.6819385262206,0.0,0.0,0.0,0.0,0.0,0.0,0.0,0.0,1750714675.8352585,0.0,eyebrow_raise
81.43191504478455,119.0,-1479.495072721038,-41.15946896234527,-776.1021688547917,222.4380296645686,0.0,0.0,0.0,0.0,0.0,0.0,0.0,0.0,1750714675.9553647,0.0,eyebrow_raise
81.53270983695984,128.0,-1594.9906631526537,659.002161342185,-876.2305103684776,-205.33172726724297,0.0,0.0,0.0,0.0,0.0,0.0,0.0,0.0,1750714676.0454853,0.0,eyebrow_raise
81.63357639312744,139.0,-1739.9267460354604,1434.9528642487712,-914.3513106168248,-614.6114188181236,0.0,0.0,0.0,0.0,0.0,0.0,0.0,0.0,1750714676.1519823,0.0,eyebrow_raise
81.73409819602966,146.0,-1676.9169115819968,1102.0232302933,-834.0406989683397,-594.5543353557587,0.0,0.0,0.0,0.0,0.0,0.0,0.0,0.0,1750714676.2253752,0.0,eyebrow_raise
81.83434557914734,158.0,-1604.224476143252,580.0379136777483,-763.1770746079274,-571.5053319288418,0.0,0.0,0.0,0.0,0.0,0.0,0.0,0.0,1750714676.3453138,0.0,eyebrow_raise
81.93533325195312,167.0,-1550.8411441757344,196.08108472684398,-690.7464321660809,-537.6704570297152,0.0,0.0,0.0,0.0,0.0,0.0,0.0,0.0,1750714676.435125,0.0,eyebrow_raise
82.0362057685852,179.0,-1377.7062156270258,-587.7645469862036,-512.9029695731588,-185.8992070974782,0.0,0.0,0.0,0.0,0.0,0.0,0.0,0.0,1750714676.5571997,0.0,eyebrow_raise
82.13679242134094,188.0,-1395.2613060190342,-819.8851776360534,-544.9539121934213,48.80943432170898,0.0,0.0,0.0,0.0,0.0,0.0,0.0,0.0,1750714676.6453652,0.0,eyebrow_raise
82.23728489875793,199.0,-1306.1507097748108,-2232.591246998403,-442.3048781096004,1415.3015599315986,0.0,0.0,0.0,0.0,0.0,0.0,0.0,0.0,1750714676.7516208,0.0,eyebrow_raise
82.33774733543396,107.0,-1420.4439223706722,-2463.470230862964,-557.0954973995686,1837.8971652747132,0.0,0.0,0.0,0.0,0.0,0.0,0.0,0.0,1750714676.8402529,0.0,eyebrow_raise
82.43879270553589,119.0,-1520.452587085776,-1830.1667920663022,-669.6328269662336,1609.931563475635,0.0,0.0,0.0,0.0,0.0,0.0,0.0,0.0,1750714676.962865,0.0,eyebrow_raise
82.5398325920105,128.0,-1621.025976694189,-1433.8608134617098,-755.5009299488738,1332.0831760675646,0.0,0.0,0.0,0.0,0.0,0.0,0.0,0.0,1750714677.050522,0.0,eyebrow_raise
82.64037704467773,139.0,-1578.1480237022042,-973.1051389207132,-728.3679557703435,987.0026071560569,0.0,0.0,0.0,0.0,0.0,0.0,0.0,0.0,1750714677.1568615,0.0,eyebrow_raise
82.74102401733398,148.0,-1630.4056457830593,-835.9106489461847,-762.0756740709767,747.5368129932322,0.0,0.0,0.0,0.0,0.0,0.0,0.0,0.0,1750714677.2466924,0.0,eyebrow_raise
82.84187150001526,157.0,-1541.7662769332528,-541.1354743386619,-680.2504029404372,512.6411765762605,0.0,0.0,0.0,0.0,0.0,0.0,0.0,0.0,1750714677.3365495,0.0,eyebrow_raise
82.94274282455444,169.0,-1557.2793819494545,-125.52787206275389,-684.8990985853598,122.72668699594215,0.0,0.0,0.0,0.0,0.0,0.0,0.0,0.0,1750714677.456807,0.0,eyebrow_raise
83.04375410079956,179.0,-1779.7809899132699,1373.5324872764759,-934.5187211278826,-484.78266180632636,0.0,0.0,0.0,0.0,0.0,0.0,0.0,0.0,1750714677.560513,0.0,eyebrow_raise
83.1446259021759,188.0,-1806.988762090914,1268.0149499266408,-927.9851159052923,-706.9775979737751,0.0,0.0,0.0,0.0,0.0,0.0,0.0,0.0,1750714677.6501577,0.0,eyebrow_raise
83.24544525146484,199.0,-1693.9278465304524,1181.3876472529955,-826.4543119082227,-709.7713032406755,0.0,0.0,0.0,0.0,0.0,0.0,0.0,0.0,1750714677.7566469,0.0,eyebrow_raise
83.34622836112976,109.0,-1634.9907631287351,609.6579213268124,-781.0799756958149,-615.7184292050079,0.0,0.0,0.0,0.0,0.0,0.0,0.0,0.0,1750714677.861585,0.0,eyebrow_raise
83.44735336303711,119.0,-1521.021051879041,-515.5732581415214,-669.3542044195347,73.13000373356044,0.0,0.0,0.0,0.0,0.0,0.0,0.0,0.0,1750714677.9654193,0.0,eyebrow_raise
83.54810619354248,127.0,-1366.8698555054143,-1262.936165786814,-528.3824154897593,478.61369682941586,0.0,0.0,0.0,0.0,0.0,0.0,0.0,0.0,1750714678.041719,0.0,eyebrow_raise
83.64857244491577,137.0,-1339.0038609355688,-1858.5601125299,-495.6545509775169,914.0988673698157,0.0,0.0,0.0,0.0,0.0,0.0,0.0,0.0,1750714678.1452968,0.0,eyebrow_raise
83.74973249435425,149.0,-1473.5916406409815,-1790.6958879339509,-630.3395680817775,15.182123870123178,0.0,0.0,0.0,0.0,0.0,0.0,0.0,0.0,1750714678.2654953,0.0,eyebrow_raise
83.85045313835144,160.0,-1496.5882854685187,-1290.7872007568367,-648.1751509704627,315.41007261304185,0.0,0.0,0.0,0.0,0.0,0.0,0.0,0.0,1750714678.3714707,0.0,eyebrow_raise
83.95076775550842,167.0,-1543.572648611851,-1195.879759581294,-695.690579907503,118.83345114206895,0.0,0.0,0.0,0.0,0.0,0.0,0.0,0.0,1750714678.4451792,0.0,eyebrow_raise
84.0516345500946,178.0,-1542.8919868199155,-1082.497212624643,-667.8806838369928,-143.21759885316715,0.0,0.0,0.0,0.0,0.0,0.0,0.0,0.0,1750714678.5516696,0.0,eyebrow_raise
84.1526939868927,188.0,-1541.9607517309487,-812.2370822266676,-663.0487330942415,-317.66523228632286,0.0,0.0,0.0,0.0,0.0,0.0,0.0,0.0,1750714678.654951,0.0,eyebrow_raise
84.2536358833313,0.0,-1539.9692550045438,-442.2001609108411,-707.0093871233985,180.91766035649925,0.0,0.0,0.0,0.0,0.0,0.0,0.0,0.0,1750714678.7782896,0.0,eyebrow_raise
84.35456728935242,109.0,-1525.7576351729222,-40.50124657014385,-682.5392217133194,-160.65862229652703,0.0,0.0,0.0,0.0,0.0,0.0,0.0,0.0,1750714678.8668208,0.0,eyebrow_raise
84.45520830154419,119.0,-1603.259581954684,373.5580371241085,-740.3393755285069,-321.20130769442767,0.0,0.0,0.0,0.0,0.0,0.0,0.0,0.0,1750714678.9705205,0.0,eyebrow_raise
84.55556893348694,128.0,-1550.6204900783487,385.44717908324674,-700.64781729877,-462.53960681986064,0.0,0.0,0.0,0.0,0.0,0.0,0.0,0.0,1750714679.060212,0.0,eyebrow_raise
84.65637755393982,140.0,-1461.0685856393538,-727.3787522320636,-625.9096565842628,253.39692149776965,0.0,0.0,0.0,0.0,0.0,0.0,0.0,0.0,1750714679.1803916,0.0,eyebrow_raise
84.75731658935547,149.0,-1394.468447228428,-1308.7088013445027,-535.7444085525349,452.78594773542136,0.0,0.0,0.0,0.0,0.0,0.0,0.0,0.0,1750714679.270526,0.0,eyebrow_raise
84.85802698135376,160.0,-1399.0348650743254,-1896.284483382944,-556.6579291047528,1030.1404831949621,0.0,0.0,0.0,0.0,0.0,0.0,0.0,0.0,1750714679.376638,0.0,eyebrow_raise
84.95866680145264,169.0,-1499.3726409855299,-1280.0462080840953,-631.2464938210323,1021.1647233013064,0.0,0.0,0.0,0.0,0.0,0.0,0.0,0.0,1750714679.4668117,0.0,eyebrow_raise
85.05977177619934,178.0,-1418.9685318381526,-967.4691096874885,-566.4527270887047,458.0031081736088,0.0,0.0,0.0,0.0,0.0,0.0,0.0,0.0,1750714679.5568643,0.0,eyebrow_raise
85.16033411026001,188.0,-1383.1889089620672,-706.7195448768325,-533.3172134812921,121.3560136621818,0.0,0.0,0.0,0.0,0.0,0.0,0.0,0.0,1750714679.6601071,0.0,eyebrow_raise
85.26101064682007,0.0,-1451.0026449086145,-664.2286715302616,-578.0052780518308,55.35612919414416,0.0,0.0,0.0,0.0,0.0,0.0,0.0,0.0,1750714679.7820106,0.0,eyebrow_raise
85.36135244369507,107.0,-1410.1629373924807,-775.8534655077383,-532.0680868960917,-76.89421303896233,0.0,0.0,0.0,0.0,0.0,0.0,0.0,0.0,1750714679.8553183,0.0,eyebrow_raise
85.46220898628235,119.0,-1289.685800219886,-974.4907718542963,-420.058083223179,-69.96791832102463,0.0,0.0,0.0,0.0,0.0,0.0,0.0,0.0,1750714679.975485,0.0,eyebrow_raise
85.56264734268188,128.0,-1328.8126335563138,-1010.9884555218741,-484.5227387594059,-192.65159646747634,0.0,0.0,0.0,0.0,0.0,0.0,0.0,0.0,1750714680.0650964,0.0,eyebrow_raise
85.66323161125183,140.0,-1533.2916636336595,115.3497343333438,-699.2565745152533,-294.1861403645016,0.0,0.0,0.0,0.0,0.0,0.0,0.0,0.0,1750714680.1851761,0.0,eyebrow_raise
85.76395606994629,149.0,-1606.709639663808,876.3782364167273,-779.5821457635611,-517.5778445177712,0.0,0.0,0.0,0.0,0.0,0.0,0.0,0.0,1750714680.274957,0.0,eyebrow_raise
85.86449861526489,160.0,-1815.5718324892223,1305.9618448270485,-963.977913078852,-553.3948663934134,0.0,0.0,0.0,0.0,0.0,0.0,0.0,0.0,1750714680.3816452,0.0,eyebrow_raise
85.96542596817017,169.0,-1746.5220596073195,340.28601716831326,-894.1278016064316,-486.3702493375167,0.0,0.0,0.0,0.0,0.0,0.0,0.0,0.0,1750714680.471628,0.0,eyebrow_raise
86.0662932395935,181.0,-1617.3085161382332,-295.2613616017625,-759.128632905893,-676.671318682842,0.0,0.0,0.0,0.0,0.0,0.0,0.0,0.0,1750714680.5915577,0.0,eyebrow_raise
86.16701650619507,188.0,-1304.364907545969,-1299.7910099001601,-437.1419462207705,211.13044214854017,0.0,0.0,0.0,0.0,0.0,0.0,0.0,0.0,1750714680.6651564,0.0,eyebrow_raise
86.26757216453552,0.0,-1258.7156886868179,-1139.313772751484,-353.4149359627627,-85.76712568383664,0.0,0.0,0.0,0.0,0.0,0.0,0.0,0.0,1750714680.7868285,0.0,eyebrow_raise
86.36799192428589,109.0,-1342.7736800909042,-1023.6012681224383,-460.4882716941647,62.08981906436384,0.0,0.0,0.0,0.0,0.0,0.0,0.0,0.0,1750714680.8764403,0.0,eyebrow_raise
86.46872687339783,118.0,-1280.399628629908,-1081.8988286317326,-390.21555152675137,-323.1535354712978,0.0,0.0,0.0,0.0,0.0,0.0,0.0,0.0,1750714680.9664464,0.0,eyebrow_raise
86.5695173740387,130.0,-1293.7884704712778,-841.9393676747568,-412.44925676332787,-196.56914167106152,0.0,0.0,0.0,0.0,0.0,0.0,0.0,0.0,1750714681.0866385,0.0,eyebrow_raise
86.66986036300659,139.0,-1333.4949883008376,-812.5549737229012,-467.1004148158245,-260.32321621570736,0.0,0.0,0.0,0.0,0.0,0.0,0.0,0.0,1750714681.1766033,0.0,eyebrow_raise
86.77077436447144,148.0,-1190.294218997471,-1281.7254231642,-315.77284290874377,-306.1108113732189,0.0,0.0,0.0,0.0,0.0,0.0,0.0,0.0,1750714681.266363,0.0,eyebrow_raise
86.87179064750671,158.0,-1173.9022374916822,-1468.593264350202,-328.5408613574691,-32.96347820945084,0.0,0.0,0.0,0.0,0.0,0.0,0.0,0.0,1750714681.3701746,0.0,eyebrow_raise
86.97294187545776,170.0,-1494.2620676960796,346.01367395045236,-655.3669785852544,-365.30594787187874,0.0,0.0,0.0,0.0,0.0,0.0,0.0,0.0,1750714681.4902985,0.0,eyebrow_raise
87.07387471199036,179.0,-1707.9973501637578,585.1054781177081,-878.3996523427777,-35.95913807395846,0.0,0.0,0.0,0.0,0.0,0.0,0.0,0.0,1750714681.5799613,0.0,eyebrow_raise
87.17488646507263,190.0,-1667.0940643483773,-44.95546741737053,-819.9487559353001,845.482922882773,0.0,0.0,0.0,0.0,0.0,0.0,0.0,0.0,1750714681.686679,0.0,eyebrow_raise
87.2758514881134,199.0,-1498.308639448136,-310.89601336652413,-652.3825384206139,-334.186240340583,0.0,0.0,0.0,0.0,0.0,0.0,0.0,0.0,1750714681.7764611,0.0,eyebrow_raise
87.37632870674133,110.0,-1158.4601905746385,-1550.7756959265098,-298.8310961094685,-111.77065007574856,0.0,0.0,0.0,0.0,0.0,0.0,0.0,0.0,1750714681.8952837,0.0,eyebrow_raise
87.47695875167847,119.0,-1212.318489836529,-2167.273894272279,-350.24350080033764,-380.35156539361924,0.0,0.0,0.0,0.0,0.0,0.0,0.0,0.0,1750714681.9850214,0.0,eyebrow_raise
87.57724404335022,128.0,-1207.2845844961703,-2857.5528389438987,-342.8384988880716,-119.04849538952112,0.0,0.0,0.0,0.0,0.0,0.0,0.0,0.0,1750714682.075061,0.0,eyebrow_raise
87.67792630195618,139.0,-1269.5426990585402,-3202.3155163591728,-393.9479716825299,-220.9158903826028,0.0,0.0,0.0,0.0,0.0,0.0,0.0,0.0,1750714682.181642,0.0,eyebrow_raise
87.77843737602234,149.0,-1286.0132184633985,-2959.749345133081,-405.34344684751704,-334.39941463805735,0.0,0.0,0.0,0.0,0.0,0.0,0.0,0.0,1750714682.2851443,0.0,eyebrow_raise
87.87888240814209,160.0,-1208.615988880396,-3015.129783676937,-357.94769470905885,-344.36624801997095,0.0,0.0,0.0,0.0,0.0,0.0,0.0,0.0,1750714682.3915198,0.0,eyebrow_raise
87.97971105575562,170.0,-1247.0920796245337,-2910.506082416512,-378.2815307681449,-299.0274408571422,0.0,0.0,0.0,0.0,0.0,0.0,0.0,0.0,1750714682.495376,0.0,eyebrow_raise
88.08058214187622,179.0,-1324.081660112366,-2725.4333932092413,-460.88844098942354,-365.8370136655867,0.0,0.0,0.0,0.0,0.0,0.0,0.0,0.0,1750714682.585105,0.0,eyebrow_raise
88.18097519874573,190.0,-1469.257096592337,-2035.115179588087,-622.1604068786837,-280.4663173770532,0.0,0.0,0.0,0.0,0.0,0.0,0.0,0.0,1750714682.691481,0.0,eyebrow_raise
88.28123116493225,199.0,-1490.2790742432699,-2271.3646597890183,-634.4534580330364,-191.1986453346908,0.0,0.0,0.0,0.0,0.0,0.0,0.0,0.0,1750714682.781851,0.0,eyebrow_raise
88.38255143165588,109.0,-1473.8366040880792,-420.73874501511455,-615.9353434024379,-265.36834125593305,0.0,0.0,0.0,0.0,0.0,0.0,0.0,0.0,1750714682.887117,0.0,eyebrow_raise
88.48338675498962,119.0,-1393.600790438708,-329.83299679216,-527.337113452144,-1150.662499167025,0.0,0.0,0.0,0.0,0.0,0.0,0.0,0.0,1750714682.9914703,0.0,eyebrow_raise
88.58403491973877,130.0,-1501.6465001585893,-667.1719727953896,-640.5139659112319,-884.0562510257587,0.0,0.0,0.0,0.0,0.0,0.0,0.0,0.0,1750714683.0966792,0.0,eyebrow_raise
88.68519282341003,139.0,-1430.8576737972908,-639.3097181254998,-558.0267324885353,-761.0659010829404,0.0,0.0,0.0,0.0,0.0,0.0,0.0,0.0,1750714683.1866848,0.0,eyebrow_raise
88.78577494621277,151.0,-1395.0182125219144,-710.0013070879504,-544.5855320477858,-2069.1276997351088,0.0,0.0,0.0,0.0,0.0,0.0,0.0,0.0,1750714683.3068514,0.0,eyebrow_raise
88.88618659973145,160.0,-1459.3519715596922,-538.5194143196568,-620.4494026489556,-2013.380750995595,0.0,0.0,0.0,0.0,0.0,0.0,0.0,0.0,1750714683.3965032,0.0,eyebrow_raise
89.01063179969788,173.0,-1233.1553424396552,-1369.6673006722704,-388.2651936998591,-2049.8821745631285,0.0,0.0,0.0,0.0,0.0,0.0,0.0,0.0,1750714683.5299585,0.0,eyebrow_raise
89.11175322532654,182.0,-1233.2637995383702,-1223.6952655017376,-366.67849115561694,-2212.0217972421087,0.0,0.0,0.0,0.0,0.0,0.0,0.0,0.0,1750714683.620119,0.0,eyebrow_raise
89.21268081665039,192.0,-1290.6899633579887,-821.300729769282,-476.98310044873506,-2105.6478228024207,0.0,0.0,0.0,0.0,0.0,0.0,0.0,0.0,1750714683.7259188,0.0,eyebrow_raise
89.31340909004211,103.0,-1244.784561351873,-775.664600559976,-470.01566683128476,-334.0235546925105,0.0,0.0,0.0,0.0,0.0,0.0,0.0,0.0,1750714683.831534,0.0,eyebrow_raise
89.41466951370239,112.0,-1309.3950729863718,-328.144431962166,-490.7945509850979,-448.4158746371977,0.0,0.0,0.0,0.0,0.0,0.0,0.0,0.0,1750714683.9217963,0.0,eyebrow_raise
89.51514792442322,122.0,-1296.4587590396404,312.28164630010724,-459.8767980514094,-2295.960111847613,0.0,0.0,0.0,0.0,0.0,0.0,0.0,0.0,1750714684.0253468,0.0,eyebrow_raise
89.61626315116882,133.0,-1474.9043455254287,302.8383989119902,-627.4093564664945,-1789.476680548396,0.0,0.0,0.0,0.0,0.0,0.0,0.0,0.0,1750714684.131468,0.0,eyebrow_raise
89.71666717529297,143.0,-1574.8718713410199,-115.00753348739818,-719.1491023795679,-1820.4580117813312,0.0,0.0,0.0,0.0,0.0,0.0,0.0,0.0,1750714684.2353559,0.0,eyebrow_raise
89.81707310676575,152.0,-1434.629362902604,-581.9340429552831,-581.7825770070776,-1691.3192663113587,0.0,0.0,0.0,0.0,0.0,0.0,0.0,0.0,1750714684.3280036,0.0,eyebrow_raise
89.917564868927,163.0,-1422.4559885468334,-1859.95696516335,-562.2341199386865,-1954.4623670936562,0.0,0.0,0.0,0.0,0.0,0.0,0.0,0.0,1750714684.4316216,0.0,eyebrow_raise
90.018789768219,173.0,-1401.2993744974956,-1814.7714938987046,-548.9312957962975,-2162.0455141342245,0.0,0.0,0.0,0.0,0.0,0.0,0.0,0.0,1750714684.5349538,0.0,eyebrow_raise
90.1192398071289,182.0,-1135.7515180436894,-2688.3560250485316,-280.4999764766544,-2013.05537969945,0.0,0.0,0.0,0.0,0.0,0.0,0.0,0.0,1750714684.6251438,0.0,eyebrow_raise
90.2205696105957,193.0,-1127.2806446440518,-2636.4424737636,-277.8259480083361,-2182.3943097931333,0.0,0.0,0.0,0.0,0.0,0.0,0.0,0.0,1750714684.731697,0.0,eyebrow_raise
90.32107758522034,103.0,-1185.9802443985827,-958.7888018903323,-337.9504496459849,-267.76374717755243,0.0,0.0,0.0,0.0,0.0,0.0,0.0,0.0,1750714684.8368328,0.0,eyebrow_raise
90.42200565338135,113.0,-1402.138982037548,148.2702036933042,-552.0559822092764,-625.4290794399567,0.0,0.0,0.0,0.0,0.0,0.0,0.0,0.0,1750714684.940498,0.0,eyebrow_raise
90.52247714996338,124.0,-1550.9570810743608,71.80046929931268,-683.9360743467696,-414.30050724139437,0.0,0.0,0.0,0.0,0.0,0.0,0.0,0.0,1750714685.0467408,0.0,eyebrow_raise
90.6234781742096,133.0,-1463.5369196101092,-296.3777217385359,-589.5484792650677,-131.27609829464927,0.0,0.0,0.0,0.0,0.0,0.0,0.0,0.0,1750714685.1381311,0.0,eyebrow_raise
90.72420954704285,143.0,-1208.9507099264301,-1695.4593355623074,-316.96213109465316,-1618.7165884715505,0.0,0.0,0.0,0.0,0.0,0.0,0.0,0.0,1750714685.240257,0.0,eyebrow_raise
90.82496500015259,152.0,-1331.46235267492,-1388.7688396959566,-469.59866798622534,-1710.044945389498,0.0,0.0,0.0,0.0,0.0,0.0,0.0,0.0,1750714685.332866,0.0,eyebrow_raise
90.92576599121094,164.0,-1320.97193329921,-2347.5015430869535,-460.6154282926582,-2963.3845278900117,0.0,0.0,0.0,0.0,0.0,0.0,0.0,0.0,1750714685.4502473,0.0,eyebrow_raise
91.02652287483215,173.0,-1273.0638148668222,-1925.640828085132,-397.0894876453094,-4066.8550994661637,0.0,0.0,0.0,0.0,0.0,0.0,0.0,0.0,1750714685.5403657,0.0,eyebrow_raise
91.12773561477661,182.0,-1310.634849821683,-2087.66077396553,-453.18424708070233,-3904.9922293839045,0.0,0.0,0.0,0.0,0.0,0.0,0.0,0.0,1750714685.630214,0.0,eyebrow_raise
91.22825312614441,193.0,-1315.25362626696,-1802.527061443776,-446.2691720626317,-3976.6300130351447,0.0,0.0,0.0,0.0,0.0,0.0,0.0,0.0,1750714685.736708,0.0,eyebrow_raise
91.32919359207153,103.0,-1218.6594902114011,-1286.2993208100088,-369.0851167771034,-118.60905714472756,0.0,0.0,0.0,0.0,0.0,0.0,0.0,0.0,1750714685.8414786,0.0,eyebrow_raise
91.42988705635071,113.0,-1281.4299710677005,-799.435404678341,-435.3785833916627,-268.68002266669646,0.0,0.0,0.0,0.0,0.0,0.0,0.0,0.0,1750714685.9452724,0.0,eyebrow_raise
91.53074097633362,124.0,-1373.4202902778052,-236.00825665378943,-529.6726809744723,-430.8233852456324,0.0,0.0,0.0,0.0,0.0,0.0,0.0,0.0,1750714686.0517116,0.0,eyebrow_raise
91.63135123252869,133.0,-1530.8214597129263,577.1095720124431,-687.6273556030355,-701.8913340340368,0.0,0.0,0.0,0.0,0.0,0.0,0.0,0.0,1750714686.1415443,0.0,eyebrow_raise
91.7321412563324,141.0,-1503.8193820328452,445.8203840679489,-640.657952059526,-455.009318259079,0.0,0.0,0.0,0.0,0.0,0.0,0.0,0.0,1750714686.2312005,0.0,eyebrow_raise
91.83270192146301,154.0,-1340.8158424641006,-1894.7604741510004,-488.01767526799813,171.08733332296833,0.0,0.0,0.0,0.0,0.0,0.0,0.0,0.0,1750714686.3514085,0.0,eyebrow_raise
91.93314480781555,163.0,-1325.878682041075,-3191.2959011397325,-477.7965286890976,202.0013463567011,0.0,0.0,0.0,0.0,0.0,0.0,0.0,0.0,1750714686.4417284,0.0,eyebrow_raise
92.03355979919434,173.0,-1293.0199210303836,-4118.774260601029,-447.77635174477473,182.60248528653756,0.0,0.0,0.0,0.0,0.0,0.0,0.0,0.0,1750714686.5449889,0.0,eyebrow_raise
92.13438010215759,184.0,-1314.0306789814495,-4856.699530708138,-465.3538815365173,988.6425532866269,0.0,0.0,0.0,0.0,0.0,0.0,0.0,0.0,1750714686.651722,0.0,eyebrow_raise
92.23569345474243,193.0,-1331.9971583685838,-4894.753012757283,-491.1479715309106,996.2083708969876,0.0,0.0,0.0,0.0,0.0,0.0,0.0,0.0,1750714686.741505,0.0,eyebrow_raise
92.33644533157349,104.0,-1277.1833146680146,-864.5227535571903,-434.39124980336055,-1109.1664392086677,0.0,0.0,0.0,0.0,0.0,0.0,0.0,0.0,1750714686.8602884,0.0,eyebrow_raise
92.43808007240295,113.0,-1370.6097554611042,-1900.794802729506,-517.5217460184358,-2162.339096280746,0.0,0.0,0.0,0.0,0.0,0.0,0.0,0.0,1750714686.950091,0.0,eyebrow_raise
92.53853416442871,122.0,-1272.572018022649,-1862.5618054824881,-409.3900185995735,-2142.2894926182926,0.0,0.0,0.0,0.0,0.0,0.0,0.0,0.0,1750714687.0406158,0.0,eyebrow_raise
92.63988709449768,133.0,-1256.0865390179679,-2085.9535096357577,-415.37759842863306,-2320.951993301511,0.0,0.0,0.0,0.0,0.0,0.0,0.0,0.0,1750714687.1466353,0.0,eyebrow_raise
92.74064540863037,145.0,-1349.6588359093294,-1402.1801209370606,-501.41773680923507,-2405.0548635050654,0.0,0.0,0.0,0.0,0.0,0.0,0.0,0.0,1750714687.2668023,0.0,eyebrow_raise
92.842294216156,153.0,-1459.7016522055492,-1117.483976710122,-607.9188678474165,-2512.397472033277,0.0,0.0,0.0,0.0,0.0,0.0,0.0,0.0,1750714687.3575103,0.0,eyebrow_raise
92.94269156455994,164.0,-1534.4809518195689,-552.1270403084345,-691.7001066547818,-2501.3198883645236,0.0,0.0,0.0,0.0,0.0,0.0,0.0,0.0,1750714687.4601128,0.0,eyebrow_raise
93.0432403087616,173.0,-1334.2579278917983,-715.5288792224601,-495.48999537946656,-4025.6806709039956,0.0,0.0,0.0,0.0,0.0,0.0,0.0,0.0,1750714687.5504272,0.0,eyebrow_raise
93.14364528656006,181.0,-1261.9843612480909,-1148.4185591936111,-415.08962613204494,-4107.962209829129,0.0,0.0,0.0,0.0,0.0,0.0,0.0,0.0,1750714687.6265697,0.0,eyebrow_raise
93.24456691741943,194.0,-1289.7755578188226,-887.1080093896016,-441.16794852307066,-3944.726796463132,0.0,0.0,0.0,0.0,0.0,0.0,0.0,0.0,1750714687.76047,0.0,eyebrow_raise
93.34489035606384,103.0,-1359.5228220424615,-890.2719647521153,-489.1901339041069,79.49531345814466,0.0,0.0,0.0,0.0,0.0,0.0,0.0,0.0,1750714687.8518867,0.0,eyebrow_raise
93.44542932510376,113.0,-1325.0372045510449,-825.2351045226678,-473.4900338901207,-7.019792216829956,0.0,0.0,0.0,0.0,0.0,0.0,0.0,0.0,1750714687.9552045,0.0,eyebrow_raise
93.54601430892944,123.0,-1352.461890926119,-1652.480405271519,-483.91313506662846,-971.1828303434886,0.0,0.0,0.0,0.0,0.0,0.0,0.0,0.0,1750714688.0608728,0.0,eyebrow_raise
93.64625453948975,134.0,-1373.55492667621,-1845.6948566823266,-519.7376367421821,-1047.6974435369484,0.0,0.0,0.0,0.0,0.0,0.0,0.0,0.0,1750714688.1655316,0.0,eyebrow_raise
93.74682116508484,143.0,-1283.1465851473622,-2094.12519103894,-422.3917807955295,-972.8994444231503,0.0,0.0,0.0,0.0,0.0,0.0,0.0,0.0,1750714688.2560446,0.0,eyebrow_raise
93.84754824638367,154.0,-1248.19722006144,-2227.478803758975,-402.28233873378485,-1211.0076549020596,0.0,0.0,0.0,0.0,0.0,0.0,0.0,0.0,1750714688.3619144,0.0,eyebrow_raise
93.94800305366516,164.0,-1331.0360040799715,-1815.8953338353895,-506.532049998641,-1160.0066392063163,0.0,0.0,0.0,0.0,0.0,0.0,0.0,0.0,1750714688.4652345,0.0,eyebrow_raise
94.04883337020874,175.0,-1302.3397517199628,-1544.06818535598,-485.28567835036665,-1245.5044920933433,0.0,0.0,0.0,0.0,0.0,0.0,0.0,0.0,1750714688.5718813,0.0,eyebrow_raise
94.14989256858826,184.0,-1373.0911790817045,-1367.7468620450236,-608.7397758876905,-926.8201370690949,0.0,0.0,0.0,0.0,0.0,0.0,0.0,0.0,1750714688.6617463,0.0,eyebrow_raise
94.25015640258789,194.0,-1168.0698635107838,-2793.5369714023545,-453.7770212236792,-1424.6120408712886,0.0,0.0,0.0,0.0,0.0,0.0,0.0,0.0,1750714688.7681715,0.0,eyebrow_raise
94.35119676589966,103.0,-1251.020844527986,-547.7345278104767,-458.5622232169844,-255.46134627331048,0.0,0.0,0.0,0.0,0.0,0.0,0.0,0.0,1750714688.8567975,0.0,eyebrow_raise
94.45159959793091,115.0,-1436.1421524346806,-229.94774877559394,-604.9867862821557,96.75869165360928,0.0,0.0,0.0,0.0,0.0,0.0,0.0,0.0,1750714688.9766421,0.0,eyebrow_raise
94.55293440818787,124.0,-1425.318881962914,-323.8977755624801,-566.533134937752,-112.9075796622783,0.0,0.0,0.0,0.0,0.0,0.0,0.0,0.0,1750714689.0667691,0.0,eyebrow_raise
94.65357398986816,134.0,-1418.396327144932,-397.0502186957747,-554.1054473849945,-185.33074230421335,0.0,0.0,0.0,0.0,0.0,0.0,0.0,0.0,1750714689.1703393,0.0,eyebrow_raise
94.75437331199646,143.0,-1346.347154498566,-436.78665572497994,-497.93588995048776,-252.83593650441617,0.0,0.0,0.0,0.0,0.0,0.0,0.0,0.0,1750714689.2604172,0.0,eyebrow_raise
94.85536098480225,155.0,-1328.7359656072222,-713.6439696447924,-495.05242708465084,-322.0839240839705,0.0,0.0,0.0,0.0,0.0,0.0,0.0,0.0,1750714689.3801038,0.0,eyebrow_raise
94.95660209655762,164.0,-1262.9548652865924,-1147.4125261055306,-389.7555438322015,-331.62066897097975,0.0,0.0,0.0,0.0,0.0,0.0,0.0,0.0,1750714689.4704435,0.0,eyebrow_raise
95.05751490592957,175.0,-1245.5905097923242,-1183.1734494818375,-374.95301980758086,-225.66930322628468,0.0,0.0,0.0,0.0,0.0,0.0,0.0,0.0,1750714689.5767157,0.0,eyebrow_raise
95.15829658508301,184.0,-1345.4869775087573,-704.350318254903,-469.0638622925617,-291.9253708412871,0.0,0.0,0.0,0.0,0.0,0.0,0.0,0.0,1750714689.6669855,0.0,eyebrow_raise
95.25937914848328,194.0,-1423.400313285645,-312.8052322939038,-552.1382600083016,-410.1510882405564,0.0,0.0,0.0,0.0,0.0,0.0,0.0,0.0,1750714689.7703524,0.0,eyebrow_raise
95.35993313789368,101.0,-1397.1967042461038,-306.89058051398024,-533.7398221762851,-361.9269482619129,0.0,0.0,0.0,0.0,0.0,0.0,0.0,0.0,1750714689.8453145,0.0,eyebrow_raise
95.46062183380127,115.0,-1444.5139184854925,-372.21541304001585,-566.2619921909645,-479.23265027208254,0.0,0.0,0.0,0.0,0.0,0.0,0.0,0.0,1750714689.9815335,0.0,eyebrow_raise
95.56112337112427,124.0,-1307.9851307030767,-822.2188752084039,-441.2371366722509,-170.30943413218483,0.0,0.0,0.0,0.0,0.0,0.0,0.0,0.0,1750714690.071847,0.0,eyebrow_raise
95.66180729866028,134.0,-1341.5507328053936,-593.3332580202259,-471.1974752172828,-1053.8626686139032,0.0,0.0,0.0,0.0,0.0,0.0,0.0,0.0,1750714690.175982,0.0,eyebrow_raise
95.76285743713379,143.0,-1434.124476408586,-858.0545965838246,-591.704531589523,-1065.407739777118,0.0,0.0,0.0,0.0,0.0,0.0,0.0,0.0,1750714690.2655337,0.0,eyebrow_raise
95.86416363716125,154.0,-1370.7406519595534,-1656.9215364689007,-504.4638853231445,-1975.81345594069,0.0,0.0,0.0,0.0,0.0,0.0,0.0,0.0,1750714690.3714426,0.0,eyebrow_raise
95.96448230743408,164.0,-1361.518058668822,-1581.9702014569193,-495.6115421280265,-2077.3554796376266,0.0,0.0,0.0,0.0,0.0,0.0,0.0,0.0,1750714690.4761565,0.0,eyebrow_raise
96.06512880325317,175.0,-1421.9473621528596,-1562.9154111826792,-560.0500183645636,-2047.6307547898032,0.0,0.0,0.0,0.0,0.0,0.0,0.0,0.0,1750714690.5815723,0.0,eyebrow_raise
96.16619944572449,184.0,-1282.8268237011507,-1912.0388119462878,-432.1416999800131,-2189.2757257116027,0.0,0.0,0.0,0.0,0.0,0.0,0.0,0.0,1750714690.6715949,0.0,eyebrow_raise
96.26671648025513,195.0,-1335.0919255819172,-1921.7849912308156,-473.42271569091827,-3135.6218804493546,0.0,0.0,0.0,0.0,0.0,0.0,0.0,0.0,1750714690.7908647,0.0,eyebrow_raise
96.36757135391235,104.0,-1207.2827145461924,-1274.187654803507,-361.0069328728132,-193.19575191102922,0.0,0.0,0.0,0.0,0.0,0.0,0.0,0.0,1750714690.8804803,0.0,eyebrow_raise
96.46829795837402,115.0,-1273.8791130571626,-691.855312502943,-425.1798762124963,-314.8846166692674,0.0,0.0,0.0,0.0,0.0,0.0,0.0,0.0,1750714690.9870176,0.0,eyebrow_raise
96.56918239593506,124.0,-1380.8477315898053,-403.0864172242582,-539.0186909637414,-354.7669097967446,0.0,0.0,0.0,0.0,0.0,0.0,0.0,0.0,1750714691.0769336,0.0,eyebrow_raise
96.67073512077332,134.0,-1380.2680470966734,-476.79610545095056,-531.3593758544885,-362.55338150449097,0.0,0.0,0.0,0.0,0.0,0.0,0.0,0.0,1750714691.1805067,0.0,eyebrow_raise
96.7716236114502,143.0,-1370.226415715646,-764.0204220479354,-509.79137281002477,-115.8695804271847,0.0,0.0,0.0,0.0,0.0,0.0,0.0,0.0,1750714691.2700255,0.0,eyebrow_raise
96.87257790565491,155.0,-1436.583460629452,-483.9692335659638,-573.5641468544491,35.02416308503598,0.0,0.0,0.0,0.0,0.0,0.0,0.0,0.0,1750714691.3904805,0.0,eyebrow_raise
96.97382831573486,164.0,-1401.705153642688,-835.882599696517,-571.1332118832506,-73.39179673045874,0.0,0.0,0.0,0.0,0.0,0.0,0.0,0.0,1750714691.480556,0.0,eyebrow_raise
97.07472109794617,175.0,-1389.8197515835054,-586.2667170539498,-535.7500184024684,-69.69303567428142,0.0,0.0,0.0,0.0,0.0,0.0,0.0,0.0,1750714691.5868027,0.0,eyebrow_raise
97.1755588054657,184.0,-1397.6024833912961,-713.6140504451469,-558.368933334481,-129.5763137647882,0.0,0.0,0.0,0.0,0.0,0.0,0.0,0.0,1750714691.6767824,0.0,eyebrow_raise
97.27713346481323,196.0,-1248.2645382606424,-367.29370469832793,-407.07502052700147,-596.7533965297043,0.0,0.0,0.0,0.0,0.0,0.0,0.0,0.0,1750714691.7974415,0.0,eyebrow_raise
97.37768244743347,104.0,-1291.6492476966232,-1025.5927648488432,-445.831603767816,-278.0671715554781,0.0,0.0,0.0,0.0,0.0,0.0,0.0,0.0,1750714691.885623,0.0,eyebrow_raise
97.4785647392273,115.0,-1242.7799749756232,-691.5374210067093,-441.73267341637984,-314.8790068193339,0.0,0.0,0.0,0.0,0.0,0.0,0.0,0.0,1750714691.9918833,0.0,eyebrow_raise
97.57996821403503,123.0,-1250.3046536864713,-516.7419768776745,-441.9047088143416,-395.8777600596659,0.0,0.0,0.0,0.0,0.0,0.0,0.0,0.0,1750714692.0809567,0.0,eyebrow_raise
97.6806070804596,136.0,-1303.5009906562045,-588.6639929255471,-459.942246300634,-672.6453163805418,0.0,0.0,0.0,0.0,0.0,0.0,0.0,0.0,1750714692.201652,0.0,eyebrow_raise
97.78175854682922,145.0,-1259.0859387824312,-895.799536886625,-415.0597069323994,-622.2090255781077,0.0,0.0,0.0,0.0,0.0,0.0,0.0,0.0,1750714692.2917063,0.0,eyebrow_raise
97.8826858997345,155.0,-1344.1312637748197,-1654.3952340488322,-499.3757514334284,-1080.4009986994788,0.0,0.0,0.0,0.0,0.0,0.0,0.0,0.0,1750714692.3954408,0.0,eyebrow_raise
97.98348474502563,164.0,-1433.4064156170934,-2157.578203637153,-579.5928655830212,-2246.0361873391084,0.0,0.0,0.0,0.0,0.0,0.0,0.0,0.0,1750714692.485551,0.0,eyebrow_raise
98.0842080116272,176.0,-1366.028378015384,-2484.8830280592665,-519.2645393977873,-3165.3802643967792,0.0,0.0,0.0,0.0,0.0,0.0,0.0,0.0,1750714692.6061225,0.0,eyebrow_raise
98.18483090400696,185.0,-1374.3496554167941,-2524.5745862890035,-534.7252858146094,-2997.1820037895814,0.0,0.0,0.0,0.0,0.0,0.0,0.0,0.0,1750714692.6956885,0.0,eyebrow_raise
98.28565216064453,196.0,-1379.5219370555133,-2608.9729085890576,-523.88705574302,-3082.320826280862,0.0,0.0,0.0,0.0,0.0,0.0,0.0,0.0,1750714692.801886,0.0,eyebrow_raise
98.38711738586426,103.0,-1366.811887056101,-819.1222380450927,-520.9231850281358,-103.07912257872522,0.0,0.0,0.0,0.0,0.0,0.0,0.0,0.0,1750714692.876807,0.0,eyebrow_raise
98.48816585540771,116.0,-1217.3131262273528,-1108.788709313143,-362.9236316001043,-132.26156193297356,0.0,0.0,0.0,0.0,0.0,0.0,0.0,0.0,1750714693.0100968,0.0,eyebrow_raise
98.58896589279175,125.0,-1344.3911868217401,-851.3826150628738,-502.3134428486228,-169.7129200892523,0.0,0.0,0.0,0.0,0.0,0.0,0.0,0.0,1750714693.1004214,0.0,eyebrow_raise
98.68992233276367,136.0,-1337.434972904157,-631.1847854717635,-486.9424540307373,-142.27701401431113,0.0,0.0,0.0,0.0,0.0,0.0,0.0,0.0,1750714693.2084258,0.0,eyebrow_raise
98.79070234298706,145.0,-1349.0623218663968,-972.8657853235491,-486.61708273459226,-1274.8215678459965,0.0,0.0,0.0,0.0,0.0,0.0,0.0,0.0,1750714693.2968094,0.0,eyebrow_raise
98.89168190956116,155.0,-1345.5243765083142,-910.7871859590523,-493.2815844556317,-1228.1251769992523,0.0,0.0,0.0,0.0,0.0,0.0,0.0,0.0,1750714693.4002347,0.0,eyebrow_raise
98.9924464225769,166.0,-1315.231186867226,-636.2448701118119,-459.23727515898645,-2091.800843216479,0.0,0.0,0.0,0.0,0.0,0.0,0.0,0.0,1750714693.5073004,0.0,eyebrow_raise
99.09361672401428,176.0,-1351.6391129358672,-1616.3511017495766,-491.17976068053395,-3002.6890064743347,0.0,0.0,0.0,0.0,0.0,0.0,0.0,0.0,1750714693.6104765,0.0,eyebrow_raise
99.19410729408264,185.0,-1361.4264311199076,-1810.8558186450973,-503.14744053874165,-3442.3217260655947,0.0,0.0,0.0,0.0,0.0,0.0,0.0,0.0,1750714693.7004647,0.0,eyebrow_raise
99.2952172756195,197.0,-1395.758712713141,-1331.7073161220178,-528.2907879408449,-6281.371409978718,0.0,0.0,0.0,0.0,0.0,0.0,0.0,0.0,1750714693.8203993,0.0,eyebrow_raise
99.39593505859375,106.0,-1393.2660693926737,-791.1197371268645,-551.891426611226,-159.6712887082249,0.0,0.0,0.0,0.0,0.0,0.0,0.0,0.0,1750714693.9124975,0.0,eyebrow_raise
99.49712252616882,116.0,-1396.856373350136,-518.2379368599504,-548.4245393523015,-258.5692031364888,0.0,0.0,0.0,0.0,0.0,0.0,0.0,0.0,1750714694.0158005,0.0,eyebrow_raise
99.59771037101746,125.0,-1249.6838302938268,-1079.9148117052391,-393.89187318319455,-207.60932634025812,0.0,0.0,0.0,0.0,0.0,0.0,0.0,0.0,1750714694.1054,0.0,eyebrow_raise
99.69864201545715,136.0,-1345.2195746619254,-724.3139042183757,-526.3030311143957,-280.9824235709384,0.0,0.0,0.0,0.0,0.0,0.0,0.0,0.0,1750714694.2119265,0.0,eyebrow_raise
99.79916453361511,143.0,-1429.7487934604287,-423.47261188272387,-637.3593602986075,-115.06924183666706,0.0,0.0,0.0,0.0,0.0,0.0,0.0,0.0,1750714694.285576,0.0,eyebrow_raise
99.89989304542542,155.0,-1258.8877240847796,-577.9903184520081,-520.655782181304,-355.6794453859329,0.0,0.0,0.0,0.0,0.0,0.0,0.0,0.0,1750714694.4051778,0.0,eyebrow_raise
100.0006959438324,166.0,-1272.463560923934,-772.5212146472186,-472.74766374891624,-426.22143835015595,0.0,0.0,0.0,0.0,0.0,0.0,0.0,0.0,1750714694.512306,0.0,eyebrow_raise
100.10133838653564,176.0,-1380.9057000391185,-597.7407301180065,-547.8186755594797,-1088.1556812576018,0.0,0.0,0.0,0.0,0.0,0.0,0.0,0.0,1750714694.6154025,0.0,eyebrow_raise
100.20165514945984,185.0,-1360.2464926838875,-729.8489561527967,-479.685178166721,-1337.4835916035809,0.0,0.0,0.0,0.0,0.0,0.0,0.0,0.0,1750714694.7054133,0.0,eyebrow_raise
100.30245733261108,196.0,-1424.74106741976,-625.6777827870101,-560.3286409112625,-2035.0852603884414,0.0,0.0,0.0,0.0,0.0,0.0,0.0,0.0,1750714694.8114984,0.0,eyebrow_raise
100.40290856361389,106.0,-1367.5187281477265,-741.2537810676731,-493.50036860303953,-303.95475904876366,0.0,0.0,0.0,0.0,0.0,0.0,0.0,0.0,1750714694.916509,0.0,eyebrow_raise
100.50351214408875,116.0,-1402.9991590273567,-632.9163591512479,-529.3585293781944,-219.4965983494185,0.0,0.0,0.0,0.0,0.0,0.0,0.0,0.0,1750714695.019982,0.0,eyebrow_raise
100.60419082641602,125.0,-1281.8787590623833,-704.2624306059442,-419.41669038077816,-283.4189683920704,0.0,0.0,0.0,0.0,0.0,0.0,0.0,0.0,1750714695.1099336,0.0,eyebrow_raise
100.70475912094116,136.0,-1308.7013215445913,-708.0322497612797,-450.54761761194095,-374.3172368151136,0.0,0.0,0.0,0.0,0.0,0.0,0.0,0.0,1750714695.2170126,0.0,eyebrow_raise
100.80570411682129,146.0,-1370.8584588081576,-521.3813227727078,-508.23557442845777,-455.70119975088164,0.0,0.0,0.0,0.0,0.0,0.0,0.0,0.0,1750714695.3204055,0.0,eyebrow_raise
100.90637183189392,157.0,-1360.588693529833,-550.7208379250951,-508.4524886258878,-374.6351283113472,0.0,0.0,0.0,0.0,0.0,0.0,0.0,0.0,1750714695.428204,0.0,eyebrow_raise
101.00695657730103,166.0,-1384.2136415499263,-513.1834620698355,-512.0166132836603,-362.4916731552221,0.0,0.0,0.0,0.0,0.0,0.0,0.0,0.0,1750714695.5168576,0.0,eyebrow_raise
101.10763573646545,176.0,-1385.6609828327782,-462.5676560695283,-528.4048548894934,-412.2809612653218,0.0,0.0,0.0,0.0,0.0,0.0,0.0,0.0,1750714695.6202607,0.0,eyebrow_raise
101.20817923545837,185.0,-1280.2219833820127,-831.9164357935078,-455.95925284782425,-1462.0016906782985,0.0,0.0,0.0,0.0,0.0,0.0,0.0,0.0,1750714695.710413,0.0,eyebrow_raise
101.30893731117249,197.0,-1294.257827915717,-551.0761284208857,-466.66284652100876,-249.10538629861549,0.0,0.0,0.0,0.0,0.0,0.0,0.0,0.0,1750714695.8304703,0.0,eyebrow_raise
101.40945863723755,106.0,-1310.7059079208411,-780.0103643084876,-454.82419321127236,-192.97135791368783,0.0,0.0,0.0,0.0,0.0,0.0,0.0,0.0,1750714695.9217649,0.0,eyebrow_raise
101.5099036693573,116.0,-1264.660259666387,-800.134765970055,-426.10924135148525,-490.8244701847434,0.0,0.0,0.0,0.0,0.0,0.0,0.0,0.0,1750714696.025266,0.0,eyebrow_raise
101.61047124862671,125.0,-1359.4143649437465,-660.1390909287147,-514.5803147032857,-1109.4357120054774,0.0,0.0,0.0,0.0,0.0,0.0,0.0,0.0,1750714696.1153505,0.0,eyebrow_raise
101.71108078956604,137.0,-1296.6625835872255,-840.7538193888031,-445.67639791965485,-1508.0716482824646,0.0,0.0,0.0,0.0,0.0,0.0,0.0,0.0,1750714696.23576,0.0,eyebrow_raise
101.8121190071106,146.0,-1280.266862181481,-1855.072655821219,-407.76129216887057,-2117.6622514100745,0.0,0.0,0.0,0.0,0.0,0.0,0.0,0.0,1750714696.3252916,0.0,eyebrow_raise
101.91341733932495,157.0,-1319.6143496152945,-1783.5807282682508,-467.0312266666442,-2335.8854138245806,0.0,0.0,0.0,0.0,0.0,0.0,0.0,0.0,1750714696.4317608,0.0,eyebrow_raise
102.01415967941284,166.0,-1232.1380896517076,-1934.650247078389,-373.6945434724912,-2133.661543420516,0.0,0.0,0.0,0.0,0.0,0.0,0.0,0.0,1750714696.5217988,0.0,eyebrow_raise
102.11475324630737,177.0,-1483.8782354691066,-1866.6551259839907,-684.2595756929368,-1185.8474779501557,0.0,0.0,0.0,0.0,0.0,0.0,0.0,0.0,1750714696.6409845,0.0,eyebrow_raise
102.21542763710022,187.0,-1398.6683548786677,-1781.3741872943938,-656.9171671168879,-1772.1254147039726,0.0,0.0,0.0,0.0,0.0,0.0,0.0,0.0,1750714696.7316315,0.0,eyebrow_raise
102.31594514846802,196.0,-1305.6271237810142,-1772.4059072006494,-494.14550134539604,-2048.4703623298556,0.0,0.0,0.0,0.0,0.0,0.0,0.0,0.0,1750714696.82203,0.0,eyebrow_raise
102.41643333435059,106.0,-979.9435459896922,-3037.0904762167484,-158.65029602032155,-1431.2260539429262,0.0,0.0,0.0,0.0,0.0,0.0,0.0,0.0,1750714696.926769,0.0,eyebrow_raise
102.51687598228455,116.0,-1069.7460237257183,-2536.280473150313,-216.547687234357,-1484.3588126134127,0.0,0.0,0.0,0.0,0.0,0.0,0.0,0.0,1750714697.0300353,0.0,eyebrow_raise
102.61710262298584,127.0,-1129.8013372141868,-2108.7949486151338,-276.44966482464224,-2527.340242306236,0.0,0.0,0.0,0.0,0.0,0.0,0.0,0.0,1750714697.136412,0.0,eyebrow_raise
102.71777153015137,136.0,-1219.6225144499913,-2003.5354643622413,-374.42382396385074,-2359.3551559965126,0.0,0.0,0.0,0.0,0.0,0.0,0.0,0.0,1750714697.2268229,0.0,eyebrow_raise
102.81840252876282,146.0,-1280.2126336321235,-1772.2226521028206,-448.2494490891695,-2259.7391807767563,0.0,0.0,0.0,0.0,0.0,0.0,0.0,0.0,1750714697.3299768,0.0,eyebrow_raise
102.91915082931519,155.0,-1404.298774261959,-1316.1007136069238,-555.6631157165393,-2283.9026743904687,0.0,0.0,0.0,0.0,0.0,0.0,0.0,0.0,1750714697.420008,0.0,eyebrow_raise
103.01938223838806,167.0,-1418.7422678908333,-1295.6509406492114,-539.5628464072943,-2247.7378418189473,0.0,0.0,0.0,0.0,0.0,0.0,0.0,0.0,1750714697.5400956,0.0,eyebrow_raise
103.1199004650116,175.0,-1752.6255763350055,423.0163440881297,-955.1554890833795,-2254.073232343886,0.0,0.0,0.0,0.0,0.0,0.0,0.0,0.0,1750714697.6173131,0.0,eyebrow_raise
103.22042274475098,185.0,-1760.7748183384538,241.76583263557404,-998.2615759726614,-2282.0589037123136,0.0,0.0,0.0,0.0,0.0,0.0,0.0,0.0,1750714697.7200577,0.0,eyebrow_raise
103.32094120979309,197.0,-1598.1938874647021,-466.2907264754176,-793.1093639032915,-2191.407468686346,0.0,0.0,0.0,0.0,0.0,0.0,0.0,0.0,1750714697.8415153,0.0,eyebrow_raise
103.42121696472168,106.0,-1565.5576505013742,48.439184226095676,-733.7122728070244,-338.14305449370295,0.0,0.0,0.0,0.0,0.0,0.0,0.0,0.0,1750714697.9316268,0.0,eyebrow_raise
103.52170300483704,116.0,-1437.7690089154057,-577.8893411532044,-585.3055627653375,-252.42454750929028,0.0,0.0,0.0,0.0,0.0,0.0,0.0,0.0,1750714698.035076,0.0,eyebrow_raise
103.62241005897522,125.0,-1120.3450001762249,-1315.6182665126398,-258.8945744326338,-1110.4380051936023,0.0,0.0,0.0,0.0,0.0,0.0,0.0,0.0,1750714698.125047,0.0,eyebrow_raise
103.72276997566223,136.0,-1032.8238614131697,-2016.662513206713,-149.93258922360837,-1217.5375202246942,0.0,0.0,0.0,0.0,0.0,0.0,0.0,0.0,1750714698.2314944,0.0,eyebrow_raise
103.82324934005737,145.0,-1035.546508580912,-1697.9295394830406,-167.6335357138887,-2311.0786574184895,0.0,0.0,0.0,0.0,0.0,0.0,0.0,0.0,1750714698.3372605,0.0,eyebrow_raise
103.9239501953125,157.0,-1185.0340497097932,-1463.1947187641636,-309.1139510376379,-2209.862005017698,0.0,0.0,0.0,0.0,0.0,0.0,0.0,0.0,1750714698.4418142,0.0,eyebrow_raise
104.02474808692932,166.0,-1280.771748675499,-1043.7163200341165,-420.5667096171528,-2237.5185651900247,0.0,0.0,0.0,0.0,0.0,0.0,0.0,0.0,1750714698.5316784,0.0,eyebrow_raise
104.12542748451233,176.0,-1293.992295018863,-872.6832152605057,-425.8250089548528,-2175.2492309277877,0.0,0.0,0.0,0.0,0.0,0.0,0.0,0.0,1750714698.6352477,0.0,eyebrow_raise
104.22580313682556,186.0,-1324.9250075523742,-818.9483326971531,-478.7857322273776,-2238.853709474206,0.0,0.0,0.0,0.0,0.0,0.0,0.0,0.0,1750714698.7409935,0.0,eyebrow_raise
104.32642316818237,196.0,-1405.3365964996628,-671.9927038382739,-558.5727578820661,-2086.9464530739933,0.0,0.0,0.0,0.0,0.0,0.0,0.0,0.0,1750714698.831856,0.0,eyebrow_raise
104.42706489562988,106.0,-1297.8182126735337,-340.964809010271,-504.0225771283731,-275.0715116909705,0.0,0.0,0.0,0.0,0.0,0.0,0.0,0.0,1750714698.9367929,0.0,eyebrow_raise
104.52746772766113,116.0,-1605.7952341246419,759.2875786540098,-773.7479018326849,-496.35391226923093,0.0,0.0,0.0,0.0,0.0,0.0,0.0,0.0,1750714699.0403907,0.0,eyebrow_raise
104.62808227539062,126.0,-1421.3770274096169,-357.13613641867414,-560.1883946629241,-236.44208504864946,0.0,0.0,0.0,0.0,0.0,0.0,0.0,0.0,1750714699.145809,0.0,eyebrow_raise
104.7289526462555,137.0,-1435.629786140751,-560.4109187102877,-556.2988987090066,362.9049321003258,0.0,0.0,0.0,0.0,0.0,0.0,0.0,0.0,1750714699.2503233,0.0,eyebrow_raise
104.82940316200256,146.0,-1161.712033586111,-2439.4656829973683,-270.0918348999694,-1120.4104484254494,0.0,0.0,0.0,0.0,0.0,0.0,0.0,0.0,1750714699.340373,0.0,eyebrow_raise
104.93038487434387,157.0,-1217.6197980237193,-2493.5446363566443,-332.9333738554269,-1263.4017833312973,0.0,0.0,0.0,0.0,0.0,0.0,0.0,0.0,1750714699.4467742,0.0,eyebrow_raise
105.03120613098145,166.0,-1229.7707329797558,-2101.0944946063682,-337.95231959596276,-1115.50743958354,0.0,0.0,0.0,0.0,0.0,0.0,0.0,0.0,1750714699.5366728,0.0,eyebrow_raise
105.13203430175781,178.0,-1286.1684243115596,-1825.501266871579,-393.71796783525497,-2061.2402507285587,0.0,0.0,0.0,0.0,0.0,0.0,0.0,0.0,1750714699.6569345,0.0,eyebrow_raise
105.23335981369019,187.0,-1352.8433607215993,-1951.8612666744739,-464.02060720231384,-2241.2491153958254,0.0,0.0,0.0,0.0,0.0,0.0,0.0,0.0,1750714699.7466516,0.0,eyebrow_raise
105.33415699005127,196.0,-1297.7808136739768,-1725.1784505601972,-412.1182756172493,-2162.07543333387,0.0,0.0,0.0,0.0,0.0,0.0,0.0,0.0,1750714699.836708,0.0,eyebrow_raise
105.4349627494812,106.0,-1388.933395294007,-383.5286104059778,-524.1488487399183,-281.69113461254165,0.0,0.0,0.0,0.0,0.0,0.0,0.0,0.0,1750714699.9416025,0.0,eyebrow_raise
105.53541278839111,116.0,-1487.1805671299808,20.058953412342817,-665.1318573695607,-183.6646168739535,0.0,0.0,0.0,0.0,0.0,0.0,0.0,0.0,1750714700.045464,0.0,eyebrow_raise
105.63604068756104,127.0,-1431.9235452846624,-204.89976882236078,-636.895612704102,-235.78012275649235,0.0,0.0,0.0,0.0,0.0,0.0,0.0,0.0,1750714700.15154,0.0,eyebrow_raise
105.73710203170776,136.0,-1328.4891322101466,-629.5205299914815,-492.2624617177062,-508.39639012655243,0.0,0.0,0.0,0.0,0.0,0.0,0.0,0.0,1750714700.2417173,0.0,eyebrow_raise
105.83778977394104,146.0,-1137.5148808727972,-1449.1083855810575,-299.2798841041513,-953.7605063999072,0.0,0.0,0.0,0.0,0.0,0.0,0.0,0.0,1750714700.3453434,0.0,eyebrow_raise
105.93853259086609,157.0,-1214.6428376589902,-1248.5412908573635,-345.8939971518703,-1219.7384513486177,0.0,0.0,0.0,0.0,0.0,0.0,0.0,0.0,1750714700.451693,0.0,eyebrow_raise
106.03901267051697,167.0,-1285.2409291225486,-969.8476860593073,-412.4642163631506,-1126.2858312558383,0.0,0.0,0.0,0.0,0.0,0.0,0.0,0.0,1750714700.5553572,0.0,eyebrow_raise
106.1398024559021,176.0,-1296.4344496899284,-846.0831768256612,-436.4556745789014,-1077.7980283303186,0.0,0.0,0.0,0.0,0.0,0.0,0.0,0.0,1750714700.6452878,0.0,eyebrow_raise
106.24026203155518,187.0,-1326.4658463341184,-749.3132654721849,-452.21935289213434,-1227.2631300594658,0.0,0.0,0.0,0.0,0.0,0.0,0.0,0.0,1750714700.7516353,0.0,eyebrow_raise
106.3409173488617,197.0,-1284.5453077307902,-477.03732899809256,-494.46526279160753,-1178.2031224407256,0.0,0.0,0.0,0.0,0.0,0.0,0.0,0.0,1750714700.8557253,0.0,eyebrow_raise
106.44193983078003,106.0,-1655.098335240502,351.29628263786435,-782.4506490295753,-238.0408922797069,0.0,0.0,0.0,0.0,0.0,0.0,0.0,0.0,1750714700.946602,0.0,eyebrow_raise
106.54247188568115,116.0,-1480.8975352044217,-135.66861079260707,-686.5072555663064,-267.96757172513753,0.0,0.0,0.0,0.0,0.0,0.0,0.0,0.0,1750714701.0503805,0.0,eyebrow_raise
106.64293360710144,127.0,-1431.3663001912646,-280.324201178737,-583.0092641925439,-362.19809100870043,0.0,0.0,0.0,0.0,0.0,0.0,0.0,0.0,1750714701.156628,0.0,eyebrow_raise
106.74354839324951,136.0,-1266.0402827500366,-1451.8366425987333,-401.9981063371524,-1899.1473767990246,0.0,0.0,0.0,0.0,0.0,0.0,0.0,0.0,1750714701.2468376,0.0,eyebrow_raise
106.84399461746216,146.0,-1247.1388283739798,-1316.291448504664,-385.3779909340665,-2386.729353722185,0.0,0.0,0.0,0.0,0.0,0.0,0.0,0.0,1750714701.3502915,0.0,eyebrow_raise
106.94479298591614,157.0,-1234.4007291249,-1098.4385361857712,-356.41620567720383,-2068.5274457922205,0.0,0.0,0.0,0.0,0.0,0.0,0.0,0.0,1750714701.4576995,0.0,eyebrow_raise
107.04586911201477,167.0,-1252.0904559153132,-752.1611992884427,-391.9340355563909,-2000.1770342020318,0.0,0.0,0.0,0.0,0.0,0.0,0.0,0.0,1750714701.5618792,0.0,eyebrow_raise
107.14661359786987,176.0,-1336.3803211166523,-920.1163663985208,-480.99227320123464,-3148.776978543494,0.0,0.0,0.0,0.0,0.0,0.0,0.0,0.0,1750714701.6503544,0.0,eyebrow_raise
107.24743580818176,187.0,-1240.3434301544912,-848.3663857486099,-382.1841163719073,-3216.1026575458236,0.0,0.0,0.0,0.0,0.0,0.0,0.0,0.0,1750714701.7566507,0.0,eyebrow_raise
107.347891330719,197.0,-1262.9137263870798,-799.5943504264578,-429.66214630939066,-3159.955539511051,0.0,0.0,0.0,0.0,0.0,0.0,0.0,0.0,1750714701.860856,0.0,eyebrow_raise
107.44867086410522,107.0,-1347.6561194830574,-787.9501719144173,-543.5121807605028,-164.43218135181814,0.0,0.0,0.0,0.0,0.0,0.0,0.0,0.0,1750714701.965616,0.0,eyebrow_raise
107.54933834075928,116.0,-1301.1130645344965,-710.6352201304398,-498.7231388911605,-169.7802382884547,0.0,0.0,0.0,0.0,0.0,0.0,0.0,0.0,1750714702.0552652,0.0,eyebrow_raise
107.64995408058167,127.0,-1344.9259925154038,-862.512557331007,-517.4862169688568,-231.3689107587561,0.0,0.0,0.0,0.0,0.0,0.0,0.0,0.0,1750714702.161444,0.0,eyebrow_raise
107.75117754936218,137.0,-1300.720375039149,-1091.6936266156845,-437.03348912205547,790.5681018834002,0.0,0.0,0.0,0.0,0.0,0.0,0.0,0.0,1750714702.2654088,0.0,eyebrow_raise
107.85204124450684,148.0,-1168.125962010119,-1410.5051382384263,-276.18413192778826,-73.88172362465411,0.0,0.0,0.0,0.0,0.0,0.0,0.0,0.0,1750714702.3724277,0.0,eyebrow_raise
107.95275712013245,157.0,-1188.7814294653945,-1654.0212440532632,-302.79726001247764,-1024.0837152167223,0.0,0.0,0.0,0.0,0.0,0.0,0.0,0.0,1750714702.4618456,0.0,eyebrow_raise
108.05303955078125,167.0,-1143.0443229572847,-1905.125606878195,-244.52026895293966,-1772.411517050583,0.0,0.0,0.0,0.0,0.0,0.0,0.0,0.0,1750714702.5653791,0.0,eyebrow_raise
108.15363144874573,176.0,-1435.04075189773,-303.1245012586005,-509.86617080913857,-3151.0863667661324,0.0,0.0,0.0,0.0,0.0,0.0,0.0,0.0,1750714702.6552238,0.0,eyebrow_raise
108.25439596176147,188.0,-1676.5148723367602,161.32806438859552,-774.0975824785419,-3385.510775788687,0.0,0.0,0.0,0.0,0.0,0.0,0.0,0.0,1750714702.77569,0.0,eyebrow_raise
108.35538029670715,197.0,-1874.9838831853122,810.7055931948125,-996.7076475410722,-3728.384803726338,0.0,0.0,0.0,0.0,0.0,0.0,0.0,0.0,1750714702.8653457,0.0,eyebrow_raise
108.45590090751648,107.0,-1009.2830611420795,-2472.092570210807,-130.85909944958985,43.34357053646818,0.0,0.0,0.0,0.0,0.0,0.0,0.0,0.0,1750714702.9704676,0.0,eyebrow_raise
108.55687141418457,116.0,-1005.1429918911308,-1990.13914272096,-172.63004205469042,49.68270096136257,0.0,0.0,0.0,0.0,0.0,0.0,0.0,0.0,1750714703.0601456,0.0,eyebrow_raise
108.6575198173523,127.0,-577.4293334586546,-2471.9897229620256,-770.9336271160282,441.5531582185067,0.0,0.0,0.0,0.0,0.0,0.0,0.0,0.0,1750714703.1665633,0.0,eyebrow_raise
108.75812149047852,137.0,-511.47619774006307,-2780.2696763095446,-706.7045852770098,483.41759832249954,0.0,0.0,0.0,0.0,0.0,0.0,0.0,0.0,1750714703.270344,0.0,eyebrow_raise
108.85907578468323,148.0,-286.33422040753067,-4082.925449575763,-456.9017076366581,676.5273325345479,0.0,0.0,0.0,0.0,0.0,0.0,0.0,0.0,1750714703.3773427,0.0,eyebrow_raise
108.96137547492981,158.0,189.833581850864,-6522.19291787548,34.34537124307826,1286.9650230021216,0.0,0.0,0.0,0.0,0.0,0.0,0.0,0.0,1750714703.480314,0.0,eyebrow_raise
109.06202268600464,168.0,637.619283345528,-8453.312699395698,491.2975675291382,221.6601304737851,0.0,0.0,0.0,0.0,0.0,0.0,0.0,0.0,1750714703.5861795,0.0,eyebrow_raise
109.16362595558167,178.0,845.1799909863621,-9608.070389014203,689.7291793781333,811.7228459827602,0.0,0.0,0.0,0.0,0.0,0.0,0.0,0.0,1750714703.67682,0.0,eyebrow_raise
109.2645902633667,188.0,796.2209606664255,-9515.900554606225,655.3819381850772,970.8555890973657,0.0,0.0,0.0,0.0,0.0,0.0,0.0,0.0,1750714703.780538,0.0,eyebrow_raise
109.36519432067871,197.0,1876.5733406664804,-9914.802023780067,1763.4282773570158,14.533251227810979,0.0,0.0,0.0,0.0,0.0,0.0,0.0,0.0,1750714703.8704364,0.0,eyebrow_raise
109.46630859375,107.0,-402.23558998433873,-5188.516544426791,471.2610535165295,-269.3681642585434,0.0,0.0,0.0,0.0,0.0,0.0,0.0,0.0,1750714703.9757144,0.0,eyebrow_raise
109.56759548187256,118.0,-710.0555356373079,-3852.5420024553314,167.3792225169018,-681.8230308718048,0.0,0.0,0.0,0.0,0.0,0.0,0.0,0.0,1750714704.0815794,0.0,eyebrow_raise
109.66802668571472,127.0,-805.4603835069574,-3138.8082752116024,62.160877163521945,-642.5840005367063,0.0,0.0,0.0,0.0,0.0,0.0,0.0,0.0,1750714704.1719408,0.0,eyebrow_raise
109.76875400543213,137.0,-939.2029458223842,-2334.901820136234,-84.17392830271274,-893.2769743665121,0.0,0.0,0.0,0.0,0.0,0.0,0.0,0.0,1750714704.276837,0.0,eyebrow_raise
109.8697292804718,148.0,-1558.708023732528,-1610.363521920517,-796.0320957186632,-1357.501406116411,0.0,0.0,0.0,0.0,0.0,0.0,0.0,0.0,1750714704.381856,0.0,eyebrow_raise
109.97057628631592,158.0,-1646.980882386677,-2136.589885085821,-912.2270474419929,-1547.372386966832,0.0,0.0,0.0,0.0,0.0,0.0,0.0,0.0,1750714704.4859989,0.0,eyebrow_raise
110.07145190238953,169.0,-1300.7484242888168,-3822.8584165070206,-536.9879252878018,-1181.9505021963269,0.0,0.0,0.0,0.0,0.0,0.0,0.0,0.0,1750714704.5918317,0.0,eyebrow_raise
110.17233157157898,178.0,-1057.265977573581,-5341.040884319693,-250.48540938226506,-926.0366280283779,0.0,0.0,0.0,0.0,0.0,0.0,0.0,0.0,1750714704.6817932,0.0,eyebrow_raise
110.27290606498718,188.0,-794.5454854862764,-6493.685530463234,47.120869491714984,-884.3928420217708,0.0,0.0,0.0,0.0,0.0,0.0,0.0,0.0,1750714704.7852588,0.0,eyebrow_raise
110.37317228317261,198.0,-368.56340073328465,-8761.27663119696,459.81508970214054,-351.51319683529437,0.0,0.0,0.0,0.0,0.0,0.0,0.0,0.0,1750714704.8913927,0.0,eyebrow_raise
110.47393918037415,109.0,-1080.6085631470196,-2078.531678173691,-228.70797194028273,53.86577906180173,0.0,0.0,0.0,0.0,0.0,0.0,0.0,0.0,1750714704.9969208,0.0,eyebrow_raise
110.57441520690918,118.0,-1045.060814068187,-2096.63279395923,-168.86957264924422,15.879615211859345,0.0,0.0,0.0,0.0,0.0,0.0,0.0,0.0,1750714705.086727,0.0,eyebrow_raise
110.6747555732727,127.0,-101.34193904930726,-950.1664625424892,769.5910030319355,1088.8943114988506,0.0,0.0,0.0,0.0,0.0,0.0,0.0,0.0,1750714705.1767852,0.0,eyebrow_raise
110.77569389343262,137.0,-386.40459347190335,433.26740986667573,467.0630158162676,648.2854780191556,0.0,0.0,0.0,0.0,0.0,0.0,0.0,0.0,1750714705.280152,0.0,eyebrow_raise
110.87619280815125,148.0,-686.2323729195632,2048.1337713338435,188.48534791683778,450.08573996741325,0.0,0.0,0.0,0.0,0.0,0.0,0.0,0.0,1750714705.3866327,0.0,eyebrow_raise
110.9766948223114,158.0,-894.2231690553017,3130.5580559093505,-89.50141578959301,396.1077639069408,0.0,0.0,0.0,0.0,0.0,0.0,0.0,0.0,1750714705.4909034,0.0,eyebrow_raise
111.07738637924194,169.0,-1095.6616604686715,3968.834191577509,-319.6922580623068,39.95709112659097,0.0,0.0,0.0,0.0,0.0,0.0,0.0,0.0,1750714705.5975726,0.0,eyebrow_raise
111.17839407920837,178.0,-2493.8569180029444,4549.519107947592,-1693.2864536880516,-1487.3769118776545,0.0,0.0,0.0,0.0,0.0,0.0,0.0,0.0,1750714705.6868012,0.0,eyebrow_raise
111.27926182746887,188.0,-2709.226536751259,5362.966047809925,-1893.1317477202974,-1693.8343490315601,0.0,0.0,0.0,0.0,0.0,0.0,0.0,0.0,1750714705.7903965,0.0,eyebrow_raise
111.38017320632935,197.0,-2415.4274760321714,3547.6747078173794,-1613.6602437314577,-1298.369847916998,0.0,0.0,0.0,0.0,0.0,0.0,0.0,0.0,1750714705.8805916,0.0,eyebrow_raise
111.48100662231445,109.0,-1736.878727571573,1199.5616910876706,-864.5956816063263,-678.1691486150958,0.0,0.0,0.0,0.0,0.0,0.0,0.0,0.0,1750714706.002226,0.0,eyebrow_raise
111.5816740989685,118.0,-1395.710094013717,-438.33123440667987,-528.1019229930826,-286.2762519582175,0.0,0.0,0.0,0.0,0.0,0.0,0.0,0.0,1750714706.091817,0.0,eyebrow_raise
111.68274855613708,128.0,-1175.5908023216762,-1610.0306708244607,-299.03305070707574,15.08862637123093,0.0,0.0,0.0,0.0,0.0,0.0,0.0,0.0,1750714706.1951156,0.0,eyebrow_raise
111.78369235992432,137.0,-1238.7951115728356,-1465.7976891333237,-362.1625619591214,9.05616774270311,0.0,0.0,0.0,0.0,0.0,0.0,0.0,0.0,1750714706.2854953,0.0,eyebrow_raise
111.8849720954895,149.0,-18.117945335339755,-2517.8296767189167,848.039144502487,1265.3783204578795,0.0,0.0,0.0,0.0,0.0,0.0,0.0,0.0,1750714706.4059348,0.0,eyebrow_raise
111.98582363128662,158.0,-294.7433854578994,-791.0954277771525,520.5061861830764,1015.8596752141602,0.0,0.0,0.0,0.0,0.0,0.0,0.0,0.0,1750714706.4954948,0.0,eyebrow_raise
112.08628535270691,169.0,-641.2114572529681,925.7692251815461,145.37178122764453,605.19996057963,0.0,0.0,0.0,0.0,0.0,0.0,0.0,0.0,1750714706.602472,0.0,eyebrow_raise
112.1874029636383,178.0,-1647.6017057793215,2319.75522531569,-858.0041079344228,-573.9063477003947,0.0,0.0,0.0,0.0,0.0,0.0,0.0,0.0,1750714706.6919217,0.0,eyebrow_raise
112.28817558288574,188.0,-1424.8906634179875,626.9643083717674,-608.0665938956663,-399.5522117661312,0.0,0.0,0.0,0.0,0.0,0.0,0.0,0.0,1750714706.7952175,0.0,eyebrow_raise
112.38917922973633,199.0,-1181.972941596061,-644.4558204645291,-326.13423573598266,-118.01628300175071,0.0,0.0,0.0,0.0,0.0,0.0,0.0,0.0,1750714706.9019864,0.0,eyebrow_raise
112.48988342285156,109.0,-1835.318504255265,1628.4010594068095,-970.3563124532811,-579.9425462288782,0.0,0.0,0.0,0.0,0.0,0.0,0.0,0.0,1750714707.006981,0.0,eyebrow_raise
112.59055995941162,118.0,-1441.81745061744,-378.19738301914185,-582.7717805453576,-720.2523728664964,0.0,0.0,0.0,0.0,0.0,0.0,0.0,0.0,1750714707.0967062,0.0,eyebrow_raise
112.69129228591919,128.0,-1055.9944115886465,-2615.128783916123,-154.84120791545138,-110.56266239006072,0.0,0.0,0.0,0.0,0.0,0.0,0.0,0.0,1750714707.2002883,0.0,eyebrow_raise
112.79163813591003,138.0,-1022.3839306868613,-2349.868899758905,-137.36091552255675,24.709519007243216,0.0,0.0,0.0,0.0,0.0,0.0,0.0,0.0,1750714707.3059454,0.0,eyebrow_raise
112.89246392250061,149.0,36.071335072629154,-2977.5587487220764,913.2330805300735,1216.297743389383,0.0,0.0,0.0,0.0,0.0,0.0,0.0,0.0,1750714707.4107149,0.0,eyebrow_raise
112.99273991584778,158.0,-190.04114629840478,-2332.8112160610035,710.367817283608,1115.7935419301502,0.0,0.0,0.0,0.0,0.0,0.0,0.0,0.0,1750714707.5005925,0.0,eyebrow_raise
113.0936930179596,169.0,-459.35882190754637,-2566.4390263929963,318.13458973076195,447.5369981476106,0.0,0.0,0.0,0.0,0.0,0.0,0.0,0.0,1750714707.6069326,0.0,eyebrow_raise
113.19458818435669,178.0,-733.0970592643134,-1344.75582706742,10.86814927123487,354.86601714557037,0.0,0.0,0.0,0.0,0.0,0.0,0.0,0.0,1750714707.6967473,0.0,eyebrow_raise
113.29557466506958,190.0,-1164.3711024546064,-679.5828307983465,-399.80278506316245,-52.689580525737256,0.0,0.0,0.0,0.0,0.0,0.0,0.0,0.0,1750714707.8169224,0.0,eyebrow_raise
113.39601445198059,199.0,-943.6085479701869,-1594.8822060539387,-131.9885492362082,196.38775652321056,0.0,0.0,0.0,0.0,0.0,0.0,0.0,0.0,1750714707.9068844,0.0,eyebrow_raise
113.49713921546936,109.0,-1783.9191892142408,1216.6380742853507,-947.4138961751014,-781.6540503390133,0.0,0.0,0.0,0.0,0.0,0.0,0.0,0.0,1750714708.0116005,0.0,eyebrow_raise
113.59767651557922,118.0,-1492.375288168434,-65.82971902005374,-618.7178289694712,-1339.8883472750895,0.0,0.0,0.0,0.0,0.0,0.0,0.0,0.0,1750714708.1017604,0.0,eyebrow_raise
113.69861578941345,130.0,256.214936114382,-3851.051652322989,1166.7814679760486,-4082.24291783385,0.0,0.0,0.0,0.0,0.0,0.0,0.0,0.0,1750714708.2222245,0.0,eyebrow_raise
113.79957413673401,139.0,70.40548661584035,-2945.977163546253,963.2822916870937,-4697.362963045947,0.0,0.0,0.0,0.0,0.0,0.0,0.0,0.0,1750714708.3119905,0.0,eyebrow_raise
113.90033102035522,149.0,-371.8975215437822,-934.6028688768856,515.6274866908789,-6749.060859037563,0.0,0.0,0.0,0.0,0.0,0.0,0.0,0.0,1750714708.4154344,0.0,eyebrow_raise
114.00077319145203,158.0,-596.0970440874808,225.85068837413564,297.85685217101127,-7051.992755448446,0.0,0.0,0.0,0.0,0.0,0.0,0.0,0.0,1750714708.5052736,0.0,eyebrow_raise
114.1018455028534,170.0,-699.6249546608888,1452.7024294384755,117.97514410223812,-7388.153662965633,0.0,0.0,0.0,0.0,0.0,0.0,0.0,0.0,1750714708.625661,0.0,eyebrow_raise
114.20296835899353,179.0,-908.9808142804541,2050.910647050943,-100.91746040433645,-7574.91304705292,0.0,0.0,0.0,0.0,0.0,0.0,0.0,0.0,1750714708.7152064,0.0,eyebrow_raise
114.30339312553406,190.0,-985.8133189701475,2686.6936395182274,-149.34916483052075,-7679.521788713522,0.0,0.0,0.0,0.0,0.0,0.0,0.0,0.0,1750714708.8219626,0.0,eyebrow_raise
114.40426063537598,199.0,-1139.2576742521487,3127.597925094422,-313.7701264824718,-7894.236924969591,0.0,0.0,0.0,0.0,0.0,0.0,0.0,0.0,1750714708.9119773,0.0,eyebrow_raise
114.5048611164093,109.0,-2503.341304290574,-2614.0872217784636,-1773.07347934274,-338.1280948938802,0.0,0.0,0.0,0.0,0.0,0.0,0.0,0.0,1750714709.0171883,0.0,eyebrow_raise
114.60587763786316,119.0,-2353.588230264839,-3262.2231037993915,-1611.1171117615886,-452.4680562391877,0.0,0.0,0.0,0.0,0.0,0.0,0.0,0.0,1750714709.1206484,0.0,eyebrow_raise
114.70683169364929,130.0,-2022.2031749910675,-5075.352781617548,-1233.435834936332,-132.93848382495344,0.0,0.0,0.0,0.0,0.0,0.0,0.0,0.0,1750714709.2264931,0.0,eyebrow_raise
114.80741381645203,138.0,-1628.298212158028,-5927.558174670674,-812.8279864196666,205.25692926812917,0.0,0.0,0.0,0.0,0.0,0.0,0.0,0.0,1750714709.3164685,0.0,eyebrow_raise
114.90789246559143,148.0,-1134.8689016541466,-6307.963968613651,-255.06865677796304,1951.027268984355,0.0,0.0,0.0,0.0,0.0,0.0,0.0,0.0,1750714709.4069884,0.0,eyebrow_raise
115.00888895988464,159.0,-1457.569909230806,-4796.07949232636,-572.0289179226384,1331.0004750303924,0.0,0.0,0.0,0.0,0.0,0.0,0.0,0.0,1750714709.5260165,0.0,eyebrow_raise
115.10979199409485,170.0,-1726.9025444397703,-3533.3695904868655,-855.3973976653069,1200.2947114789858,0.0,0.0,0.0,0.0,0.0,0.0,0.0,0.0,1750714709.630428,0.0,eyebrow_raise
115.21053957939148,179.0,-1852.626761250198,-3024.537502015475,-972.347809179686,1736.7403512732126,0.0,0.0,0.0,0.0,0.0,0.0,0.0,0.0,1750714709.7204149,0.0,eyebrow_raise
115.3115668296814,188.0,-1904.7946257321164,-2548.003189561423,-1035.967247325927,1884.6795738204382,0.0,0.0,0.0,0.0,0.0,0.0,0.0,0.0,1750714709.810438,0.0,eyebrow_raise
115.4138491153717,199.0,-2093.064929401502,-1870.6287696869113,-1226.3019757708535,1975.2001123479567,0.0,0.0,0.0,0.0,0.0,0.0,0.0,0.0,1750714709.9168055,0.0,eyebrow_raise
115.51433157920837,109.0,-1093.4177204952575,-1638.5455380366184,-244.4716502535157,-108.9769448088482,0.0,0.0,0.0,0.0,0.0,0.0,0.0,0.0,1750714710.0217745,0.0,eyebrow_raise
115.6154887676239,119.0,-1135.6187515952624,-1432.7874621744268,-278.8076717467047,-103.08286247868091,0.0,0.0,0.0,0.0,0.0,0.0,0.0,0.0,1750714710.1253958,0.0,eyebrow_raise
115.7162253856659,130.0,-2117.523875111714,-1574.292186847888,-1345.0475392639637,-857.5384903899394,0.0,0.0,0.0,0.0,0.0,0.0,0.0,0.0,1750714710.2317405,0.0,eyebrow_raise
115.81714630126953,139.0,-1576.5286470213905,-4072.818369945511,-828.7206912813708,-576.0474404250272,0.0,0.0,0.0,0.0,0.0,0.0,0.0,0.0,1750714710.3216317,0.0,eyebrow_raise
115.91773962974548,151.0,-1030.7276474880055,-6349.166446425486,-222.41559026483446,168.22256995690987,0.0,0.0,0.0,0.0,0.0,0.0,0.0,0.0,1750714710.4419916,0.0,eyebrow_raise
116.0189483165741,160.0,709.6796756917611,-9014.546396096237,1583.6830756366253,689.3981982320547,0.0,0.0,0.0,0.0,0.0,0.0,0.0,0.0,1750714710.5321493,0.0,eyebrow_raise
116.11997437477112,170.0,431.37128058914095,-7619.14858372882,1315.3340341160074,333.39338154997677,0.0,0.0,0.0,0.0,0.0,0.0,0.0,0.0,1750714710.6353908,0.0,eyebrow_raise
116.22045397758484,179.0,290.14891836233437,-6552.3009824687615,1163.4192979158834,-592.3870633314364,0.0,0.0,0.0,0.0,0.0,0.0,0.0,0.0,1750714710.7254813,0.0,eyebrow_raise
116.32114219665527,190.0,46.81980754528195,-6657.165907276329,913.3808065783232,-946.1703794398345,0.0,0.0,0.0,0.0,0.0,0.0,0.0,0.0,1750714710.8318455,0.0,eyebrow_raise
116.4224066734314,0.0,-987.9357121950015,-2235.669184661936,-124.59850692376494,1.7016544798389077,0.0,0.0,0.0,0.0,0.0,0.0,0.0,0.0,1750714710.9368758,0.0,eyebrow_raise
116.5229103565216,109.0,-1079.5146424099803,-1898.4087465577759,-227.05680610984564,-55.0251480480656,0.0,0.0,0.0,0.0,0.0,0.0,0.0,0.0,1750714711.026903,0.0,eyebrow_raise
116.62367725372314,119.0,-1159.1445922665298,-1609.5613133800216,-311.4850476095453,-829.9903873163275,0.0,0.0,0.0,0.0,0.0,0.0,0.0,0.0,1750714711.1300912,0.0,eyebrow_raise
116.7240982055664,130.0,-1151.5376357566565,-1437.959743813146,-291.01657515205443,-1112.154619273264,0.0,0.0,0.0,0.0,0.0,0.0,0.0,0.0,1750714711.237128,0.0,eyebrow_raise
116.82516026496887,140.0,-1148.3662005942315,-1213.4086706736125,-318.09719073120505,-1138.0571663663723,0.0,0.0,0.0,0.0,0.0,0.0,0.0,0.0,1750714711.340438,0.0,eyebrow_raise
116.9258816242218,149.0,-1288.444153434597,-1049.0849464205094,-481.20544749870896,-951.4885171768256,0.0,0.0,0.0,0.0,0.0,0.0,0.0,0.0,1750714711.430476,0.0,eyebrow_raise
117.02659273147583,160.0,-1783.2684466219507,-1065.9724646704271,-977.9782285629772,-1851.6095084622502,0.0,0.0,0.0,0.0,0.0,0.0,0.0,0.0,1750714711.53666,0.0,eyebrow_raise
117.12707734107971,170.0,-1591.2582429968752,-2141.6724091256037,-763.1434155083261,-1628.0644684107974,0.0,0.0,0.0,0.0,0.0,0.0,0.0,0.0,1750714711.640374,0.0,eyebrow_raise
117.22805762290955,181.0,-1623.559758914169,-2322.986498877406,-793.103754053358,-589.484900965821,0.0,0.0,0.0,0.0,0.0,0.0,0.0,0.0,1750714711.746789,0.0,eyebrow_raise
117.32860851287842,190.0,-944.1919723632745,-3632.4862890625373,-85.25288943992928,62.013151115272194,0.0,0.0,0.0,0.0,0.0,0.0,0.0,0.0,1750714711.836958,0.0,eyebrow_raise
117.42961955070496,101.0,-1336.8496785610914,-767.4330807575025,-454.88964146049693,-297.0228544808924,0.0,0.0,0.0,0.0,0.0,0.0,0.0,0.0,1750714711.9558568,0.0,eyebrow_raise
117.5305027961731,110.0,-52.27632158063352,915.1722186570987,832.2605065894313,274.8471176936291,0.0,0.0,0.0,0.0,0.0,0.0,0.0,0.0,1750714712.0453613,0.0,eyebrow_raise
117.63119983673096,119.0,-408.57659035921097,2213.901096969843,479.0643547740765,-1165.7455156883225,0.0,0.0,0.0,0.0,0.0,0.0,0.0,0.0,1750714712.1353965,0.0,eyebrow_raise
117.73235130310059,130.0,-615.9764823019505,3578.5120529020205,267.0419464861043,-2440.118295539636,0.0,0.0,0.0,0.0,0.0,0.0,0.0,0.0,1750714712.2418265,0.0,eyebrow_raise
117.83290839195251,139.0,-877.2795523060486,4626.256245188415,-6.045548278372735,-3436.601549083367,0.0,0.0,0.0,0.0,0.0,0.0,0.0,0.0,1750714712.3333337,0.0,eyebrow_raise
117.9335949420929,151.0,-982.007970765233,5336.983092867769,-106.65259698638692,-3790.3325065923855,0.0,0.0,0.0,0.0,0.0,0.0,0.0,0.0,1750714712.451959,0.0,eyebrow_raise
118.03406929969788,160.0,-1038.4056620970368,5777.285254551098,-201.68345486046746,-3861.7197169465944,0.0,0.0,0.0,0.0,0.0,0.0,0.0,0.0,1750714712.5417712,0.0,eyebrow_raise
118.13510489463806,170.0,-1157.7608292829245,6337.750401810743,-362.32711755717173,-3731.1037109941244,0.0,0.0,0.0,0.0,0.0,0.0,0.0,0.0,1750714712.6454797,0.0,eyebrow_raise
118.23555445671082,179.0,-1183.625977376476,6421.097812223248,-417.5504803028889,-4002.497031078674,0.0,0.0,0.0,0.0,0.0,0.0,0.0,0.0,1750714712.735804,0.0,eyebrow_raise
118.33645367622375,191.0,-1385.4777277349494,5456.201753705274,-600.0482483906671,-4314.556153331418,0.0,0.0,0.0,0.0,0.0,0.0,0.0,0.0,1750714712.8557775,0.0,eyebrow_raise
118.43698000907898,0.0,-727.3450931324624,-4041.365811318159,110.45607524132356,345.79301985306665,0.0,0.0,0.0,0.0,0.0,0.0,0.0,0.0,1750714712.9468296,0.0,eyebrow_raise
118.53787469863892,110.0,-805.5688406056724,-3755.3681819066405,58.740738654043525,-621.3993372377008,0.0,0.0,0.0,0.0,0.0,0.0,0.0,0.0,1750714713.0505104,0.0,eyebrow_raise
118.63892793655396,119.0,-792.7746428572573,-3268.814677471295,67.72771824756637,-762.9208914609626,0.0,0.0,0.0,0.0,0.0,0.0,0.0,0.0,1750714713.140901,0.0,eyebrow_raise
118.7399034500122,130.0,-1011.9215605608188,-3222.0528383753262,-148.84614828648046,-855.6217916626483,0.0,0.0,0.0,0.0,0.0,0.0,0.0,0.0,1750714713.247032,0.0,eyebrow_raise
118.8402087688446,140.0,-1107.5283630280755,-3035.237355788704,-261.24136165482923,-2040.5847832732834,0.0,0.0,0.0,0.0,0.0,0.0,0.0,0.0,1750714713.3509293,0.0,eyebrow_raise
118.94144558906555,151.0,-1092.5126647059806,-2615.0670755668543,-256.30469371331856,-2041.7030133600347,0.0,0.0,0.0,0.0,0.0,0.0,0.0,0.0,1750714713.4567895,0.0,eyebrow_raise
119.04186725616455,160.0,-1214.5568199600093,-2415.9697615257464,-368.28477818658575,-2071.667091805022,0.0,0.0,0.0,0.0,0.0,0.0,0.0,0.0,1750714713.5468473,0.0,eyebrow_raise
119.14235067367554,170.0,-1229.7295940802433,-2348.6927012228407,-391.7227312088944,-2210.634294358548,0.0,0.0,0.0,0.0,0.0,0.0,0.0,0.0,1750714713.6502175,0.0,eyebrow_raise
119.2428560256958,181.0,-1225.223014633637,-2103.2767262305133,-392.78486279631034,-2055.245191099588,0.0,0.0,0.0,0.0,0.0,0.0,0.0,0.0,1750714713.7565377,0.0,eyebrow_raise
119.34373664855957,191.0,-1219.433649502229,-1977.537549820263,-415.7291490244679,-2060.6530864355154,0.0,0.0,0.0,0.0,0.0,0.0,0.0,0.0,1750714713.8606262,0.0,eyebrow_raise
119.4445424079895,0.0,-1239.369186216034,-1007.794580959715,-464.8097260929644,-19.430650219786912,0.0,0.0,0.0,0.0,0.0,0.0,0.0,0.0,1750714713.9517071,0.0,eyebrow_raise
119.54525971412659,110.0,-1231.8893863046542,-2035.2890849360265,-426.51315054669976,-1235.1019603665918,0.0,0.0,0.0,0.0,0.0,0.0,0.0,0.0,1750714714.0553305,0.0,eyebrow_raise
119.64621806144714,119.0,-1165.764215188101,-2050.143967560027,-348.936405765824,-1401.8678392907605,0.0,0.0,0.0,0.0,0.0,0.0,0.0,0.0,1750714714.1466591,0.0,eyebrow_raise
119.74669408798218,131.0,-1293.7435916718096,-2058.682159158867,-441.67844486702234,-85.86249313270673,0.0,0.0,0.0,0.0,0.0,0.0,0.0,0.0,1750714714.2656436,0.0,eyebrow_raise
119.84749913215637,140.0,-1284.4088013824075,-2015.1796428742819,-415.47670577745885,-129.23785281879827,0.0,0.0,0.0,0.0,0.0,0.0,0.0,0.0,1750714714.3551116,0.0,eyebrow_raise
119.94847559928894,151.0,-1341.498374206014,-1990.0961338714696,-490.62625548709184,-1091.4150040689856,0.0,0.0,0.0,0.0,0.0,0.0,0.0,0.0,1750714714.4620285,0.0,eyebrow_raise
120.04896187782288,160.0,-1300.3370352936909,-1877.891655400861,-432.33243487775326,-1083.9875627569854,0.0,0.0,0.0,0.0,0.0,0.0,0.0,0.0,1750714714.5530896,0.0,eyebrow_raise
120.14963269233704,172.0,-1254.119351641275,-1920.2086233994924,-405.633289094083,-1174.7100558821112,0.0,0.0,0.0,0.0,0.0,0.0,0.0,0.0,1750714714.6719909,0.0,eyebrow_raise
120.25024676322937,181.0,-1298.1604135194793,-1996.700797193218,-455.57591310236603,-1210.7028530556709,0.0,0.0,0.0,0.0,0.0,0.0,0.0,0.0,1750714714.7617905,0.0,eyebrow_raise
120.35138440132141,191.0,-1356.0952037330717,-1794.3460302907042,-514.1090873088688,-1118.3609832497314,0.0,0.0,0.0,0.0,0.0,0.0,0.0,0.0,1750714714.8655038,0.0,eyebrow_raise
120.45249843597412,0.0,-1285.188570523169,-851.4144042124972,-434.80637869844213,-183.18777962960303,0.0,0.0,0.0,0.0,0.0,0.0,0.0,0.0,1750714714.956807,0.0,eyebrow_raise
120.55302906036377,112.0,-1334.828262635041,-805.8175439527258,-492.04180762032047,-195.25643678661436,0.0,0.0,0.0,0.0,0.0,0.0,0.0,0.0,1750714715.0769713,0.0,eyebrow_raise
120.65369200706482,121.0,-1356.2803287808783,-742.2429846059531,-553.7875558887608,-82.14690252672881,0.0,0.0,0.0,0.0,0.0,0.0,0.0,0.0,1750714715.166656,0.0,eyebrow_raise
120.75457572937012,131.0,-1274.6383127481677,-990.9313720595092,-485.583000396844,-1625.7569501381367,0.0,0.0,0.0,0.0,0.0,0.0,0.0,0.0,1750714715.270403,0.0,eyebrow_raise
120.85529685020447,140.0,-1361.8602595147677,-2105.9544945987873,-543.9067402058281,-3544.710837102495,0.0,0.0,0.0,0.0,0.0,0.0,0.0,0.0,1750714715.3601892,0.0,eyebrow_raise
120.95591497421265,151.0,-1334.9292399338447,-2111.4970263331197,-492.5429542143829,-4978.743685962167,0.0,0.0,0.0,0.0,0.0,0.0,0.0,0.0,1750714715.466757,0.0,eyebrow_raise
121.05678248405457,161.0,-1380.4139031949453,-2219.714771450963,-538.7868171664886,-5782.438836690038,0.0,0.0,0.0,0.0,0.0,0.0,0.0,0.0,1750714715.5704753,0.0,eyebrow_raise
121.157310962677,172.0,-1356.5271621779539,-1936.458488706965,-520.9512342778035,-8680.290967606474,0.0,0.0,0.0,0.0,0.0,0.0,0.0,0.0,1750714715.676999,0.0,eyebrow_raise
121.2580029964447,181.0,-1394.7900786246173,-1878.0562109989114,-545.0810687919147,-8608.76912085386,0.0,0.0,0.0,0.0,0.0,0.0,0.0,0.0,1750714715.7667792,0.0,eyebrow_raise
121.35854268074036,191.0,-1355.1770582939498,-1989.0601815837435,-500.57251941924915,-8898.940478615928,0.0,0.0,0.0,0.0,0.0,0.0,0.0,0.0,1750714715.8704076,0.0,eyebrow_raise
121.45914936065674,101.0,-1286.3797286590561,-863.1184211238287,-431.6031543863937,-140.26494783814996,0.0,0.0,0.0,0.0,0.0,0.0,0.0,0.0,1750714715.9754062,0.0,eyebrow_raise
121.55980396270752,110.0,-1325.349486197345,-822.1104181096889,-480.0797376120463,-274.5684951469302,0.0,0.0,0.0,0.0,0.0,0.0,0.0,0.0,1750714716.0669436,0.0,eyebrow_raise
121.66062831878662,121.0,-1252.4476163610816,-891.7436153846793,-399.76912596356124,-244.08457060810179,0.0,0.0,0.0,0.0,0.0,0.0,0.0,0.0,1750714716.1716304,0.0,eyebrow_raise
121.76090669631958,130.0,-1325.5028220955282,-860.1863395585679,-472.2222078051418,-310.7034085188061,0.0,0.0,0.0,0.0,0.0,0.0,0.0,0.0,1750714716.2617521,0.0,eyebrow_raise
121.86188077926636,141.0,-1324.9081780025735,-643.2646623286419,-496.77839091420174,-14.357475929893553,0.0,0.0,0.0,0.0,0.0,0.0,0.0,0.0,1750714716.3811116,0.0,eyebrow_raise
121.96223497390747,151.0,-1224.1777125960216,-816.1602372801863,-453.08513973187655,-1140.9368893322535,0.0,0.0,0.0,0.0,0.0,0.0,0.0,0.0,1750714716.4716597,0.0,eyebrow_raise
122.06308770179749,161.0,-1264.9239226132631,-1091.6674473159947,-435.70956453774124,-1117.2483630129136,0.0,0.0,0.0,0.0,0.0,0.0,0.0,0.0,1750714716.5754051,0.0,eyebrow_raise
122.16369915008545,170.0,-1368.874441881664,-1028.6015143631957,-528.8143739346415,-1786.9054993288592,0.0,0.0,0.0,0.0,0.0,0.0,0.0,0.0,1750714716.6651604,0.0,eyebrow_raise
122.2643506526947,182.0,-1356.428054829128,-1119.3127877884544,-506.73400459624827,-2061.309438877739,0.0,0.0,0.0,0.0,0.0,0.0,0.0,0.0,1750714716.7852445,0.0,eyebrow_raise
122.3649594783783,191.0,-1248.9732493022457,-1212.4288168852217,-402.54787163063884,-3443.8176860478707,0.0,0.0,0.0,0.0,0.0,0.0,0.0,0.0,1750714716.875798,0.0,eyebrow_raise
122.46546220779419,101.0,-1328.1693707639351,-908.3412913880311,-472.00342365773395,-1.9559676768258214,0.0,0.0,0.0,0.0,0.0,0.0,0.0,0.0,1750714716.9805362,0.0,eyebrow_raise
122.56632781028748,110.0,-1331.909270719625,-873.0179363065399,-469.43785228813067,-41.72980370558798,0.0,0.0,0.0,0.0,0.0,0.0,0.0,0.0,1750714717.073382,0.0,eyebrow_raise
122.66720414161682,121.0,-1307.1099941134453,-927.14550836524,-464.875174342189,-170.88724867533892,0.0,0.0,0.0,0.0,0.0,0.0,0.0,0.0,1750714717.1767912,0.0,eyebrow_raise
122.7679808139801,131.0,-1298.9308329103515,-853.0880094426684,-445.70070726936683,-305.216975283809,0.0,0.0,0.0,0.0,0.0,0.0,0.0,0.0,1750714717.2806652,0.0,eyebrow_raise
122.86858582496643,142.0,-1284.3265235833824,-676.9649008293636,-443.4455475960858,-375.01846805680543,0.0,0.0,0.0,0.0,0.0,0.0,0.0,0.0,1750714717.3867397,0.0,eyebrow_raise
122.96930575370789,151.0,-1303.4037532573566,-651.6233387296088,-556.3830464580096,-145.45218907669187,0.0,0.0,0.0,0.0,0.0,0.0,0.0,0.0,1750714717.4768603,0.0,eyebrow_raise
123.07024049758911,161.0,-1243.8832454625517,-643.1599451298825,-505.8457783567719,-1420.976858114358,0.0,0.0,0.0,0.0,0.0,0.0,0.0,0.0,1750714717.5804963,0.0,eyebrow_raise
123.17096018791199,170.0,-1220.2470777425915,-1025.740490897093,-386.8384218667634,-2401.767491444014,0.0,0.0,0.0,0.0,0.0,0.0,0.0,0.0,1750714717.6704695,0.0,eyebrow_raise
123.2717227935791,182.0,-1178.812726133503,-1018.7580976798199,-345.89773705182597,-3560.86346501112,0.0,0.0,0.0,0.0,0.0,0.0,0.0,0.0,1750714717.79032,0.0,eyebrow_raise
123.37229490280151,191.0,-1248.4309638086706,-1217.0064544309862,-410.20157688995823,-3151.247182464227,0.0,0.0,0.0,0.0,0.0,0.0,0.0,0.0,1750714717.880148,0.0,eyebrow_raise
123.47305727005005,101.0,-1334.020444244612,-904.6743194814771,-459.46540905628353,-38.476090744137764,0.0,0.0,0.0,0.0,0.0,0.0,0.0,0.0,1750714717.9853623,0.0,eyebrow_raise
123.57342219352722,111.0,-1306.0235531763174,-881.2475861590356,-444.89475882891566,-95.67038076650351,0.0,0.0,0.0,0.0,0.0,0.0,0.0,0.0,1750714718.0907962,0.0,eyebrow_raise
123.67385721206665,121.0,-1319.9434608113952,-865.2669936483726,-457.5879792785272,-167.7457327125594,0.0,0.0,0.0,0.0,0.0,0.0,0.0,0.0,1750714718.1832695,0.0,eyebrow_raise
123.77434968948364,131.0,-1251.465892622713,-1337.0217139590532,-386.6944357184693,-576.2774442723021,0.0,0.0,0.0,0.0,0.0,0.0,0.0,0.0,1750714718.2866569,0.0,eyebrow_raise
123.87518668174744,140.0,-1260.789463212248,-932.1962432553992,-377.3334661293775,-173.8642090400681,0.0,0.0,0.0,0.0,0.0,0.0,0.0,0.0,1750714718.3753572,0.0,eyebrow_raise
123.9758608341217,152.0,-1261.8777740993537,-731.5393909327686,-463.4446626091376,73.10382443387061,0.0,0.0,0.0,0.0,0.0,0.0,0.0,0.0,1750714718.4953992,0.0,eyebrow_raise
124.07648730278015,161.0,-1365.6824372694828,-813.136528166011,-492.06985686998814,-121.33731416240335,0.0,0.0,0.0,0.0,0.0,0.0,0.0,0.0,1750714718.5854664,0.0,eyebrow_raise
124.17708468437195,172.0,-1168.754265202675,-823.1332807475701,-449.6967903720215,-183.98811822012067,0.0,0.0,0.0,0.0,0.0,0.0,0.0,0.0,1750714718.6917422,0.0,eyebrow_raise
124.27756810188293,181.0,-1251.9707791167311,-835.8003218974918,-486.6096029346809,-426.9021001420915,0.0,0.0,0.0,0.0,0.0,0.0,0.0,0.0,1750714718.7817545,0.0,eyebrow_raise
124.37814331054688,191.0,-1331.3838147758506,-1802.7720248908736,-516.132373184897,-277.9867637064308,0.0,0.0,0.0,0.0,0.0,0.0,0.0,0.0,1750714718.885465,0.0,eyebrow_raise
124.47893762588501,200.0,-1264.3161888704635,-1655.84631523164,-432.04072268120944,-1069.2766662812792,0.0,0.0,0.0,0.0,0.0,0.0,0.0,0.0,1750714718.991907,0.0,eyebrow_raise
124.57945013046265,112.0,-1281.6618448649533,-1031.4774974291213,-447.84740984393284,-427.56593238422647,0.0,0.0,0.0,0.0,0.0,0.0,0.0,0.0,1750714719.0967715,0.0,eyebrow_raise
124.68022584915161,121.0,-1267.8354347287677,-816.4556893766858,-419.38303128117695,-402.63201937964186,0.0,0.0,0.0,0.0,0.0,0.0,0.0,0.0,1750714719.1867962,0.0,eyebrow_raise
124.78093957901001,131.0,-1276.4484243267216,-862.3741810326464,-409.4648165986873,-314.4713577241637,0.0,0.0,0.0,0.0,0.0,0.0,0.0,0.0,1750714719.293126,0.0,eyebrow_raise
124.88144779205322,140.0,-1261.9151730989106,-1979.5327864466235,-415.1083256318234,-356.4554746267386,0.0,0.0,0.0,0.0,0.0,0.0,0.0,0.0,1750714719.3800952,0.0,eyebrow_raise
124.98174142837524,152.0,-1294.594418911729,-1917.0876768864691,-487.0340815796517,-228.56585574196652,0.0,0.0,0.0,0.0,0.0,0.0,0.0,0.0,1750714719.50027,0.0,eyebrow_raise
125.08238768577576,161.0,-1316.700967549812,-1763.0673770112917,-447.8287103441544,-169.51657534157857,0.0,0.0,0.0,0.0,0.0,0.0,0.0,0.0,1750714719.5934076,0.0,eyebrow_raise
125.1828625202179,172.0,-1305.8739571780898,-1766.934433565475,-511.24619389278814,-244.9540973477997,0.0,0.0,0.0,0.0,0.0,0.0,0.0,0.0,1750714719.696774,0.0,eyebrow_raise
125.28375744819641,182.0,-1411.1334414309822,-1726.1171654490754,-565.4822230502032,-308.70069209253415,0.0,0.0,0.0,0.0,0.0,0.0,0.0,0.0,1750714719.8000815,0.0,eyebrow_raise
125.38414478302002,193.0,-1214.3025067630224,-1814.4349029026926,-363.65852194139734,-1738.062405907549,0.0,0.0,0.0,0.0,0.0,0.0,0.0,0.0,1750714719.9069748,0.0,eyebrow_raise
125.48472094535828,101.0,-1261.8515947996639,-857.6375977387652,-406.22980313701555,-543.3307956126519,0.0,0.0,0.0,0.0,0.0,0.0,0.0,0.0,1750714719.9954977,0.0,eyebrow_raise
125.58515334129333,112.0,-1269.1257002134807,-804.0747505733743,-411.4020847757347,-605.2186600794084,0.0,0.0,0.0,0.0,0.0,0.0,0.0,0.0,1750714720.1031773,0.0,eyebrow_raise
125.6860990524292,121.0,-1245.0818833983503,-865.3230921477079,-423.2575676352717,-1211.5742497453466,0.0,0.0,0.0,0.0,0.0,0.0,0.0,0.0,1750714720.1918085,0.0,eyebrow_raise
125.78707432746887,133.0,-1276.5194824258797,-958.237166646868,-449.0740970293991,-1280.773618625477,0.0,0.0,0.0,0.0,0.0,0.0,0.0,0.0,1750714720.312036,0.0,eyebrow_raise
125.88824653625488,142.0,-1246.8321565776132,-1025.3945501511917,-410.35117288818583,-1338.0539263468236,0.0,0.0,0.0,0.0,0.0,0.0,0.0,0.0,1750714720.403187,0.0,eyebrow_raise
125.98867058753967,150.0,-1290.5254077599384,-986.9820377063006,-452.9448934835382,-1280.7175201261416,0.0,0.0,0.0,0.0,0.0,0.0,0.0,0.0,1750714720.4911785,0.0,eyebrow_raise
126.08945512771606,162.0,-1294.7103558103554,-782.9256163239479,-509.42860251432285,-1080.0868471032009,0.0,0.0,0.0,0.0,0.0,0.0,0.0,0.0,1750714720.611,0.0,eyebrow_raise
126.19019651412964,172.0,-1339.7798901763745,-703.011434070766,-540.6418075445108,-1165.509901991114,0.0,0.0,0.0,0.0,0.0,0.0,0.0,0.0,1750714720.7022264,0.0,eyebrow_raise
126.29109048843384,182.0,-1354.7581894989125,-797.4139887522906,-542.2537044254132,-1374.218758918345,0.0,0.0,0.0,0.0,0.0,0.0,0.0,0.0,1750714720.805524,0.0,eyebrow_raise
126.39165592193604,191.0,-1321.4132414939813,-670.4892640560865,-493.4480100036599,-3089.3854972971603,0.0,0.0,0.0,0.0,0.0,0.0,0.0,0.0,1750714720.8955536,0.0,eyebrow_raise
126.49236154556274,101.0,-1319.535811716225,-789.6742657939903,-496.2267556707375,-410.5998762352392,0.0,0.0,0.0,0.0,0.0,0.0,0.0,0.0,1750714721.000368,0.0,eyebrow_raise
126.59272384643555,112.0,-1174.6782667324878,-1058.049486614298,-346.57839884376153,-840.8417070377618,0.0,0.0,0.0,0.0,0.0,0.0,0.0,0.0,1750714721.1067944,0.0,eyebrow_raise
126.69335174560547,122.0,-1249.9287937409244,-828.7898794305511,-423.9270097273402,-1251.6267083208077,0.0,0.0,0.0,0.0,0.0,0.0,0.0,0.0,1750714721.2134073,0.0,eyebrow_raise
126.79402017593384,131.0,-1321.3234838950448,-860.7024457524531,-482.92767142830417,-2024.116133818403,0.0,0.0,0.0,0.0,0.0,0.0,0.0,0.0,1750714721.3004465,0.0,eyebrow_raise
126.8944959640503,142.0,-1255.1945728785358,-867.6698793699034,-412.2473021657206,-2198.462789952755,0.0,0.0,0.0,0.0,0.0,0.0,0.0,0.0,1750714721.4068472,0.0,eyebrow_raise
126.99529075622559,151.0,-1302.9269160130061,-924.2957045990042,-473.3273482420482,-2247.1114085763693,0.0,0.0,0.0,0.0,0.0,0.0,0.0,0.0,1750714721.5126457,0.0,eyebrow_raise
127.09602212905884,163.0,-1310.9190822183155,-898.1949428082444,-488.64597846055403,-2262.0971876988187,0.0,0.0,0.0,0.0,0.0,0.0,0.0,0.0,1750714721.6168272,0.0,eyebrow_raise
127.1969883441925,172.0,-1344.9334723153152,-763.7268399014138,-541.2626309371553,-1813.8065997101367,0.0,0.0,0.0,0.0,0.0,0.0,0.0,0.0,1750714721.7068596,0.0,eyebrow_raise
127.2976930141449,181.0,-1316.2334800553508,-824.0888251862489,-563.4290179745294,-2082.884921722114,0.0,0.0,0.0,0.0,0.0,0.0,0.0,0.0,1750714721.796981,0.0,eyebrow_raise
127.39855074882507,193.0,-1358.3784126560204,-820.5060010286979,-533.5546971284784,-2208.2014894373715,0.0,0.0,0.0,0.0,0.0,0.0,0.0,0.0,1750714721.9167612,0.0,eyebrow_raise
127.49898314476013,103.0,-1309.9373584799469,-757.4550276757218,-453.4815691271797,-200.40627902559936,0.0,0.0,0.0,0.0,0.0,0.0,0.0,0.0,1750714722.0218868,0.0,eyebrow_raise
127.59996104240417,112.0,-1326.385438485071,-840.417228392791,-487.4211612250656,-248.86790265142918,0.0,0.0,0.0,0.0,0.0,0.0,0.0,0.0,1750714722.111926,0.0,eyebrow_raise
127.70034289360046,121.0,-1381.9640917265788,-734.2863474502228,-515.9416382871568,-1133.5655465195887,0.0,0.0,0.0,0.0,0.0,0.0,0.0,0.0,1750714722.201778,0.0,eyebrow_raise
127.8013105392456,133.0,-1225.52407658007,-876.5521417646669,-375.6542510492727,-1222.3133724681102,0.0,0.0,0.0,0.0,0.0,0.0,0.0,0.0,1750714722.321689,0.0,eyebrow_raise
127.90208268165588,142.0,-1272.41494222451,-1024.5848618107848,-427.58650183398277,-1325.1606212495826,0.0,0.0,0.0,0.0,0.0,0.0,0.0,0.0,1750714722.411982,0.0,eyebrow_raise
128.00298833847046,152.0,-1294.607508561574,-937.2133190459572,-446.4355976106599,-1260.920359710697,0.0,0.0,0.0,0.0,0.0,0.0,0.0,0.0,1750714722.5154352,0.0,eyebrow_raise
128.10357856750488,160.0,-1235.1505790660158,-982.7914798059501,-406.51216558367014,-1185.2098250077106,0.0,0.0,0.0,0.0,0.0,0.0,0.0,0.0,1750714722.5919085,0.0,eyebrow_raise
128.20454716682434,172.0,-1296.6307944376022,-983.6927956952713,-458.9941816618666,-1289.1566043761559,0.0,0.0,0.0,0.0,0.0,0.0,0.0,0.0,1750714722.7118852,0.0,eyebrow_raise
128.30546140670776,182.0,-1312.4019525507465,-871.6341733229347,-476.7886256510392,-1142.7806600104086,0.0,0.0,0.0,0.0,0.0,0.0,0.0,0.0,1750714722.815768,0.0,eyebrow_raise
128.4064314365387,193.0,-1292.79739698302,-787.1273939241655,-511.33782144170254,-872.8945196080022,0.0,0.0,0.0,0.0,0.0,0.0,0.0,0.0,1750714722.921996,0.0,eyebrow_raise
128.5070457458496,0.0,-1378.69167926535,-832.7859625332057,-564.1975674154237,-8.089403604157269,0.0,0.0,0.0,0.0,0.0,0.0,0.0,0.0,1750714722.99686,0.0,eyebrow_raise
128.60796880722046,112.0,-1334.4337031897157,-809.591103008017,-533.4294104799628,-190.41700624395162,0.0,0.0,0.0,0.0,0.0,0.0,0.0,0.0,1750714723.117016,0.0,eyebrow_raise
128.70894169807434,122.0,-1381.6275007305667,-812.1117955781519,-553.3219383442774,-16.668734102509916,0.0,0.0,0.0,0.0,0.0,0.0,0.0,0.0,1750714723.2208354,0.0,eyebrow_raise
128.81024622917175,133.0,-1285.6242688680068,-988.8856467837468,-465.1425771890208,-254.2346590878442,0.0,0.0,0.0,0.0,0.0,0.0,0.0,0.0,1750714723.3268125,0.0,eyebrow_raise
128.9111955165863,142.0,-1325.5215215953067,-919.0579747110605,-497.36929510720074,-379.3006535060704,0.0,0.0,0.0,0.0,0.0,0.0,0.0,0.0,1750714723.4170508,0.0,eyebrow_raise
129.01295042037964,152.0,-1315.5210291137919,-805.9073015516624,-485.6484486460686,-456.02096119709313,0.0,0.0,0.0,0.0,0.0,0.0,0.0,0.0,1750714723.5206053,0.0,eyebrow_raise
129.113361120224,161.0,-1236.0705944551155,-862.428409582004,-393.7067481353879,-339.2687643803656,0.0,0.0,0.0,0.0,0.0,0.0,0.0,0.0,1750714723.6102924,0.0,eyebrow_raise
129.21410846710205,173.0,-1254.889771032147,-927.6597446091473,-428.33822172507644,-295.67649049684405,0.0,0.0,0.0,0.0,0.0,0.0,0.0,0.0,1750714723.73362,0.0,eyebrow_raise
129.3147497177124,182.0,-1340.5746189169586,-797.4775670515373,-487.2379061272368,-210.53766800556332,0.0,0.0,0.0,0.0,0.0,0.0,0.0,0.0,1750714723.820737,0.0,eyebrow_raise
129.41566681861877,193.0,-1267.519413182512,-918.1043002223596,-433.0654552690685,-284.56524772848934,0.0,0.0,0.0,0.0,0.0,0.0,0.0,0.0,1750714723.9267423,0.0,eyebrow_raise
129.51614618301392,101.0,-1267.9906405769289,-954.0447387965396,-440.95103432564065,-325.6069098422304,0.0,0.0,0.0,0.0,0.0,0.0,0.0,0.0,1750714724.015309,0.0,eyebrow_raise
129.6174738407135,113.0,-1327.7093630693853,-939.578805767931,-483.0697876266204,-289.2476024730131,0.0,0.0,0.0,0.0,0.0,0.0,0.0,0.0,1750714724.1356564,0.0,eyebrow_raise
129.7179617881775,122.0,-1266.9060695897788,-865.1286173500121,-408.45504361065105,-262.353981891647,0.0,0.0,0.0,0.0,0.0,0.0,0.0,0.0,1750714724.225351,0.0,eyebrow_raise
129.81917715072632,133.0,-1425.6124641094357,-688.4968823427334,-604.1415688921697,-30.97385143302381,0.0,0.0,0.0,0.0,0.0,0.0,0.0,0.0,1750714724.3318117,0.0,eyebrow_raise
129.91950798034668,142.0,-1213.2272855257615,35.68425542721525,-437.05405857181177,-111.32186208106577,0.0,0.0,0.0,0.0,0.0,0.0,0.0,0.0,1750714724.421924,0.0,eyebrow_raise
130.02049446105957,154.0,-1261.3261388558894,-6.703770670574158,-425.15743681276217,98.99515182711184,0.0,0.0,0.0,0.0,0.0,0.0,0.0,0.0,1750714724.5418727,0.0,eyebrow_raise
130.1214096546173,163.0,-1342.0743187991902,-24.939522854518145,-494.05761369643733,-1085.8893018844537,0.0,0.0,0.0,0.0,0.0,0.0,0.0,0.0,1750714724.6323564,0.0,eyebrow_raise
130.22216868400574,173.0,-1333.3005135031417,0.6563524422235787,-477.7366902898066,-1144.680529187899,0.0,0.0,0.0,0.0,0.0,0.0,0.0,0.0,1750714724.7356,0.0,eyebrow_raise
130.32427263259888,182.0,-1304.0395362498239,-55.105555897112936,-456.17616704525426,-1328.773364606779,0.0,0.0,0.0,0.0,0.0,0.0,0.0,0.0,1750714724.8416789,0.0,eyebrow_raise
130.42498683929443,193.0,-1341.1879625096917,44.16634852671996,-468.5365363988094,-1244.9023682004772,0.0,0.0,0.0,0.0,0.0,0.0,0.0,0.0,1750714724.9318783,0.0,eyebrow_raise
130.52544474601746,103.0,-1276.1959810797125,-904.8613144792616,-470.7112882230431,6.197014226578176,0.0,0.0,0.0,0.0,0.0,0.0,0.0,0.0,1750714725.0369496,0.0,eyebrow_raise
130.62659001350403,113.0,-1316.4896632023156,-932.1962432553992,-378.5788528146222,-134.88697170186788,0.0,0.0,0.0,0.0,0.0,0.0,0.0,0.0,1750714725.140412,0.0,eyebrow_raise
130.72711157798767,122.0,-1268.072918375954,-839.0689944587648,-409.61628254689276,-253.8195301927626,0.0,0.0,0.0,0.0,0.0,0.0,0.0,0.0,1750714725.2302487,0.0,eyebrow_raise
130.82762479782104,134.0,-1349.9094092063606,-911.2303641038015,-465.0378599902615,-224.01252754591405,0.0,0.0,0.0,0.0,0.0,0.0,0.0,0.0,1750714725.3503184,0.0,eyebrow_raise
130.92822432518005,143.0,-1350.88178319484,-815.3056701403111,-435.832981236279,-221.58159257471561,0.0,0.0,0.0,0.0,0.0,0.0,0.0,0.0,1750714725.4402893,0.0,eyebrow_raise
131.02868962287903,152.0,-1886.1998431524262,-1040.0530880275182,-1204.0495710344985,-621.5264938361943,0.0,0.0,0.0,0.0,0.0,0.0,0.0,0.0,1750714725.530192,0.0,eyebrow_raise
131.12945222854614,164.0,-1962.6695775464177,-1569.2190125579946,-1204.0121720349416,-890.8105103457347,0.0,0.0,0.0,0.0,0.0,0.0,0.0,0.0,1750714725.650283,0.0,eyebrow_raise
131.22982931137085,173.0,-1813.3054531160742,-2328.5570798614062,-984.4426456363872,-751.8358279922977,0.0,0.0,0.0,0.0,0.0,0.0,0.0,0.0,1750714725.740888,0.0,eyebrow_raise
131.33114314079285,184.0,-920.0340885994956,-3011.311345822178,-78.24618687294424,201.33751411456615,0.0,0.0,0.0,0.0,0.0,0.0,0.0,0.0,1750714725.8470194,0.0,eyebrow_raise
131.4319519996643,191.0,-1023.7789133703336,-3528.1973088481463,-164.0768908560276,164.8884491464123,0.0,0.0,0.0,0.0,0.0,0.0,0.0,0.0,1750714725.920403,0.0,eyebrow_raise
131.53287720680237,103.0,-1033.0594751103781,-1852.5014746016823,-201.95646755723283,38.13762979814783,0.0,0.0,0.0,0.0,0.0,0.0,0.0,0.0,1750714726.0425105,0.0,eyebrow_raise
131.63349652290344,113.0,-1090.9980052239262,-1717.6893008989282,-254.05327393999323,-123.29141188925132,0.0,0.0,0.0,0.0,0.0,0.0,0.0,0.0,1750714726.1457376,0.0,eyebrow_raise
131.73454546928406,124.0,-1195.2290169890039,-1432.1965579814278,-352.98484746785834,-234.3103420739062,0.0,0.0,0.0,0.0,0.0,0.0,0.0,0.0,1750714726.2518797,0.0,eyebrow_raise
131.8350863456726,133.0,-1196.0031762798317,-1240.2162735559978,-359.47357389098033,-128.68434762535617,0.0,0.0,0.0,0.0,0.0,0.0,0.0,0.0,1750714726.3418465,0.0,eyebrow_raise
131.93579196929932,143.0,-1232.4447614480741,-1065.8920568213798,-396.1358131566085,-76.25095024658367,0.0,0.0,0.0,0.0,0.0,0.0,0.0,0.0,1750714726.445856,0.0,eyebrow_raise
132.03712821006775,152.0,-1279.9826297848485,-1062.9524954562075,-499.27851403458044,-179.35625212499872,0.0,0.0,0.0,0.0,0.0,0.0,0.0,0.0,1750714726.5354116,0.0,eyebrow_raise
132.13787174224854,164.0,-1339.555496179033,-946.6490866341628,-505.34463176270947,-108.59360506338999,0.0,0.0,0.0,0.0,0.0,0.0,0.0,0.0,1750714726.6552863,0.0,eyebrow_raise
132.2385094165802,172.0,-1376.763760838192,-946.3050158382393,-528.0009456942789,-156.59148109471425,0.0,0.0,0.0,0.0,0.0,0.0,0.0,0.0,1750714726.731969,0.0,eyebrow_raise
132.3391571044922,184.0,-1301.0158271356486,-950.8976129838265,-450.24842561548576,-332.96890290500596,0.0,0.0,0.0,0.0,0.0,0.0,0.0,0.0,1750714726.8520234,0.0,eyebrow_raise
132.43976306915283,194.0,-1372.6910097864456,-1744.3753570327535,-510.6627694997005,-2125.7647446640767,0.0,0.0,0.0,0.0,0.0,0.0,0.0,0.0,1750714726.9560149,0.0,eyebrow_raise
132.54085397720337,104.0,-1196.3603367256,-1164.5150886029005,-348.88404716644436,-151.8474180009216,0.0,0.0,0.0,0.0,0.0,0.0,0.0,0.0,1750714727.0607953,0.0,eyebrow_raise
132.64214706420898,113.0,-1297.0347036328167,-1083.823007158935,-464.31979919876903,-149.02379353437573,0.0,0.0,0.0,0.0,0.0,0.0,0.0,0.0,1750714727.1503568,0.0,eyebrow_raise
132.74295115470886,124.0,-1205.4034148184583,-1026.52399993781,-452.78968763537705,-86.97511336952448,0.0,0.0,0.0,0.0,0.0,0.0,0.0,0.0,1750714727.2569003,0.0,eyebrow_raise
132.8433437347412,133.0,-1236.9906098442152,-1111.0120798368007,-484.8219307558611,-51.07207379490137,0.0,0.0,0.0,0.0,0.0,0.0,0.0,0.0,1750714727.3467953,0.0,eyebrow_raise
132.94384288787842,145.0,-1342.474488094449,-775.0456471173093,-523.5111957974732,-321.06293139606714,0.0,0.0,0.0,0.0,0.0,0.0,0.0,0.0,1750714727.467585,0.0,eyebrow_raise
133.0445146560669,154.0,-1303.8226220523939,-734.1236618021503,-466.84049176890403,-215.7323890440166,0.0,0.0,0.0,0.0,0.0,0.0,0.0,0.0,1750714727.5570643,0.0,eyebrow_raise
133.1455945968628,164.0,-1287.4343804465607,-757.2399834282696,-450.79258105903864,-195.2751362863928,0.0,0.0,0.0,0.0,0.0,0.0,0.0,0.0,1750714727.6606278,0.0,eyebrow_raise
133.24656128883362,173.0,-1344.1911021741107,-800.1179364202544,-514.153966108337,-228.86691768839955,0.0,0.0,0.0,0.0,0.0,0.0,0.0,0.0,1750714727.7505856,0.0,eyebrow_raise
133.34719800949097,185.0,-1482.208370138891,-266.7969830390066,-647.7918112250045,-294.3226467128843,0.0,0.0,0.0,0.0,0.0,0.0,0.0,0.0,1750714727.873621,0.0,eyebrow_raise
133.44870781898499,194.0,-1417.3435453074053,-190.51424364279956,-566.4228078890592,-223.45902235247195,0.0,0.0,0.0,0.0,0.0,0.0,0.0,0.0,1750714727.9605737,0.0,eyebrow_raise
133.54977917671204,104.0,-1261.139143858105,-1128.135211783927,-426.92827944178134,-179.16551722725853,0.0,0.0,0.0,0.0,0.0,0.0,0.0,0.0,1750714728.0655365,0.0,eyebrow_raise
133.65066528320312,113.0,-1222.9136264109984,-1126.493395703379,-380.0673329969868,-173.03208129992709,0.0,0.0,0.0,0.0,0.0,0.0,0.0,0.0,1750714728.1553783,0.0,eyebrow_raise
133.75135731697083,123.0,-1201.7869315613061,-2150.992239815183,-391.1224772660062,-230.6863790168427,0.0,0.0,0.0,0.0,0.0,0.0,0.0,0.0,1750714728.2613363,0.0,eyebrow_raise
133.85226130485535,134.0,-1287.1576278498396,-1973.990254712291,-437.51967611629516,-66.15322036622092,0.0,0.0,0.0,0.0,0.0,0.0,0.0,0.0,1750714728.3654897,0.0,eyebrow_raise
133.95299792289734,143.0,-1224.65641979035,-2056.8552180305123,-451.9556899452582,-232.21225819876418,0.0,0.0,0.0,0.0,0.0,0.0,0.0,0.0,1750714728.4553137,0.0,eyebrow_raise
134.05387210845947,153.0,-1271.7305405326188,-2012.2082923594862,-449.6593913724646,-206.54532480286434,0.0,0.0,0.0,0.0,0.0,0.0,0.0,0.0,1750714728.5608292,0.0,eyebrow_raise
134.15447735786438,164.0,-1316.4784435024485,-1861.5052837450057,-495.03933743480593,-99.74874166818336,0.0,0.0,0.0,0.0,0.0,0.0,0.0,0.0,1750714728.6656241,0.0,eyebrow_raise
134.25541257858276,175.0,-1313.505223037675,-1691.4782120594755,-474.5933043770492,-238.77952252095565,0.0,0.0,0.0,0.0,0.0,0.0,0.0,0.0,1750714728.771881,0.0,eyebrow_raise
134.35588669776917,184.0,-1305.606554331258,-1787.485183821991,-482.91458177845925,-247.04470142303035,0.0,0.0,0.0,0.0,0.0,0.0,0.0,0.0,1750714728.8617525,0.0,eyebrow_raise
134.45661211013794,193.0,-1335.0171275828034,-1702.6941720265895,-557.8472172906622,-244.3183143553324,0.0,0.0,0.0,0.0,0.0,0.0,0.0,0.0,1750714728.9519072,0.0,eyebrow_raise
134.55756545066833,104.0,-1323.5692938184366,-733.1550277136266,-506.70408539660275,-349.15331996325403,0.0,0.0,0.0,0.0,0.0,0.0,0.0,0.0,1750714729.0707655,0.0,eyebrow_raise
134.65806794166565,115.0,-1222.3825606172904,-960.7129804175347,-393.5646319370717,-152.79361268971115,0.0,0.0,0.0,0.0,0.0,0.0,0.0,0.0,1750714729.1768517,0.0,eyebrow_raise
134.75885796546936,122.0,-1269.5875778580084,-1035.2155274348333,-437.00356992240995,-333.02313145436347,0.0,0.0,0.0,0.0,0.0,0.0,0.0,0.0,1750714729.2532716,0.0,eyebrow_raise
134.85964512825012,134.0,-1328.689216857776,-925.3634460363537,-462.34887192212045,-232.49462064541876,0.0,0.0,0.0,0.0,0.0,0.0,0.0,0.0,1750714729.3704066,0.0,eyebrow_raise
134.96023988723755,145.0,-1196.723107021302,-926.1151659274474,-307.12806416116655,-1144.7815064867027,0.0,0.0,0.0,0.0,0.0,0.0,0.0,0.0,1750714729.4766178,0.0,eyebrow_raise
135.0610203742981,155.0,-1247.2341958228499,-925.9693098291755,-385.3705111341551,-1223.0202135597356,0.0,0.0,0.0,0.0,0.0,0.0,0.0,0.0,1750714729.5808933,0.0,eyebrow_raise
135.16184043884277,164.0,-1355.8184511363506,-874.0632383441553,-498.3566286955029,-1266.7321642418392,0.0,0.0,0.0,0.0,0.0,0.0,0.0,0.0,1750714729.6705303,0.0,eyebrow_raise
135.26254153251648,173.0,-1275.4330414887518,-788.3858702592552,-434.9578446466476,-1159.7074472098611,0.0,0.0,0.0,0.0,0.0,0.0,0.0,0.0,1750714729.7604384,0.0,eyebrow_raise
135.3635172843933,185.0,-1327.1483780760318,-749.9434386147186,-486.3365902379155,-1091.9367201128043,0.0,0.0,0.0,0.0,0.0,0.0,0.0,0.0,1750714729.8805091,0.0,eyebrow_raise
135.46438026428223,194.0,-1337.1526104575023,-728.4240542696789,-609.5401144782081,-985.2859930763952,0.0,0.0,0.0,0.0,0.0,0.0,0.0,0.0,1750714729.9705412,0.0,eyebrow_raise
135.56518864631653,103.0,-1335.8716947226785,-587.4765746896155,-572.1916035707109,-166.67425137525424,0.0,0.0,0.0,0.0,0.0,0.0,0.0,0.0,1750714730.061726,0.0,eyebrow_raise
135.66618990898132,113.0,-1286.9575432022102,-723.6313724764623,-474.1314267325215,-1207.31076379586,0.0,0.0,0.0,0.0,0.0,0.0,0.0,0.0,1750714730.1655612,0.0,eyebrow_raise
135.7666974067688,125.0,-1311.3379510133527,-2101.401166402735,-479.2850088714622,-2112.890139066614,0.0,0.0,0.0,0.0,0.0,0.0,0.0,0.0,1750714730.2855325,0.0,eyebrow_raise
135.86761140823364,134.0,-1242.662168127019,-1960.3770188735798,-391.82370850769803,-2186.5399888940156,0.0,0.0,0.0,0.0,0.0,0.0,0.0,0.0,1750714730.3755083,0.0,eyebrow_raise
135.96890234947205,145.0,-1309.7522334321402,-2042.808153796941,-456.9802455357276,-2252.6838595103472,0.0,0.0,0.0,0.0,0.0,0.0,0.0,0.0,1750714730.4819565,0.0,eyebrow_raise
136.0699143409729,154.0,-1271.1676855892874,-1942.863067381084,-411.56664037378505,-3173.598694549408,0.0,0.0,0.0,0.0,0.0,0.0,0.0,0.0,1750714730.5719352,0.0,eyebrow_raise
136.17142701148987,164.0,-1294.8188129090704,-1783.505930269137,-418.38073809305206,-3090.5317766335793,0.0,0.0,0.0,0.0,0.0,0.0,0.0,0.0,1750714730.6755836,0.0,eyebrow_raise
136.27246499061584,175.0,-1334.2784973415546,-1839.6829675035551,-480.5827541560866,-3104.571361067239,0.0,0.0,0.0,0.0,0.0,0.0,0.0,0.0,1750714730.7820208,0.0,eyebrow_raise
136.3730652332306,185.0,-1370.9033376076259,-1890.1416977057233,-520.7604993800633,-3060.2348470925353,0.0,0.0,0.0,0.0,0.0,0.0,0.0,0.0,1750714730.8856416,0.0,eyebrow_raise
136.47365355491638,194.0,-1331.1220217789523,-1811.9179502325132,-475.30575531860813,-3011.9190795649774,0.0,0.0,0.0,0.0,0.0,0.0,0.0,0.0,1750714730.9755757,0.0,eyebrow_raise
136.57420110702515,104.0,-1294.7552346098237,-837.0550583326258,-461.4400762328878,-163.32704091491178,0.0,0.0,0.0,0.0,0.0,0.0,0.0,0.0,1750714731.0804403,0.0,eyebrow_raise
136.67448091506958,113.0,-1306.1282703750767,-758.2254470665939,-542.580945671536,-223.98821819620207,0.0,0.0,0.0,0.0,0.0,0.0,0.0,0.0,1750714731.1709268,0.0,eyebrow_raise
136.77482914924622,125.0,-1250.5421373336576,-984.3697175872512,-467.6296106595546,-2281.0453908243217,0.0,0.0,0.0,0.0,0.0,0.0,0.0,0.0,1750714731.290429,0.0,eyebrow_raise
136.8754141330719,134.0,-1243.9860927113332,-933.3462624917738,-416.66599396336824,-2227.976210453082,0.0,0.0,0.0,0.0,0.0,0.0,0.0,0.0,1750714731.380364,0.0,eyebrow_raise
136.976149559021,143.0,-1323.275711671915,-949.5512489997782,-475.83869106229395,-3203.448706045747,0.0,0.0,0.0,0.0,0.0,0.0,0.0,0.0,1750714731.470369,0.0,eyebrow_raise
137.07674860954285,155.0,-1311.1135570160113,-876.7279170625843,-441.9589373636991,-3048.8337620776147,0.0,0.0,0.0,0.0,0.0,0.0,0.0,0.0,1750714731.5903015,0.0,eyebrow_raise
137.17718052864075,166.0,-1326.0881164385937,-853.7611914346926,-463.5232005082071,-3156.9692293964326,0.0,0.0,0.0,0.0,0.0,0.0,0.0,0.0,1750714731.696875,0.0,eyebrow_raise
137.27777695655823,175.0,-1290.1476778644137,-928.8808219446801,-436.2518500313163,-3318.828359578736,0.0,0.0,0.0,0.0,0.0,0.0,0.0,0.0,1750714731.786844,0.0,eyebrow_raise
137.37848782539368,185.0,-1293.8090399210341,-1028.0629687695764,-442.8004148537293,-3206.702419007197,0.0,0.0,0.0,0.0,0.0,0.0,0.0,0.0,1750714731.890548,0.0,eyebrow_raise
137.47908997535706,195.0,-1297.1113715819083,-912.1709489426576,-445.12663262616843,-3219.8818264510483,0.0,0.0,0.0,0.0,0.0,0.0,0.0,0.0,1750714731.9961956,0.0,eyebrow_raise
137.5796663761139,106.0,-1410.9109173836187,-750.336128110066,-560.8821461047046,-66.514120711945,0.0,0.0,0.0,0.0,0.0,0.0,0.0,0.0,1750714732.1018507,0.0,eyebrow_raise
137.68095421791077,115.0,-1316.302668204531,-716.3179981131107,-486.52545518567786,-156.32781814783812,0.0,0.0,0.0,0.0,0.0,0.0,0.0,0.0,1750714732.1918998,0.0,eyebrow_raise
137.78112173080444,124.0,-1388.4191590500996,-660.473811974749,-552.1195605085231,-280.4588375771418,0.0,0.0,0.0,0.0,0.0,0.0,0.0,0.0,1750714732.2819889,0.0,eyebrow_raise
137.8818838596344,136.0,-1522.5319714611396,-94.44743348099291,-681.2695256783627,-381.64183087833226,0.0,0.0,0.0,0.0,0.0,0.0,0.0,0.0,1750714732.4016306,0.0,eyebrow_raise
137.9821436405182,145.0,-1465.6780123347417,117.06260851304978,-625.14858694328,-598.686924806796,0.0,0.0,0.0,0.0,0.0,0.0,0.0,0.0,1750714732.491785,0.0,eyebrow_raise
138.0827934741974,154.0,-1265.4624682068825,-307.91905300179496,-428.32139217527583,-122.7996150450781,0.0,0.0,0.0,0.0,0.0,0.0,0.0,0.0,1750714732.5825045,0.0,eyebrow_raise
138.18352460861206,164.0,-1282.0377048105001,-230.3871870203875,-442.8957823025994,-146.91448995936662,0.0,0.0,0.0,0.0,0.0,0.0,0.0,0.0,1750714732.6855993,0.0,eyebrow_raise
138.28392696380615,176.0,-1279.1617217445746,-190.24310089601204,-431.0103802434169,-89.46962663996965,0.0,0.0,0.0,0.0,0.0,0.0,0.0,0.0,1750714732.8056176,0.0,eyebrow_raise
138.3843812942505,185.0,-1215.0934956036508,-135.91731413966045,-379.77375085046515,-181.41132715065032,0.0,0.0,0.0,0.0,0.0,0.0,0.0,0.0,1750714732.8953424,0.0,eyebrow_raise
138.48483109474182,196.0,-1313.0152961434796,-14.632358576636761,-473.0954744447954,-64.31879943795502,0.0,0.0,0.0,0.0,0.0,0.0,0.0,0.0,1750714733.002625,0.0,eyebrow_raise
138.58561611175537,104.0,-1301.45713533042,-1034.4750272436067,-456.3612920930609,-310.4079564223066,0.0,0.0,0.0,0.0,0.0,0.0,0.0,0.0,1750714733.0905008,0.0,eyebrow_raise
138.68589758872986,115.0,-1288.2852076864801,-972.239352080971,-447.2209766013548,-227.7374679017812,0.0,0.0,0.0,0.0,0.0,0.0,0.0,0.0,1750714733.1970916,0.0,eyebrow_raise
138.7864408493042,125.0,-1346.9118793918751,-803.9625535747036,-503.96647862903774,-148.2197150439024,0.0,0.0,0.0,0.0,0.0,0.0,0.0,0.0,1750714733.300742,0.0,eyebrow_raise
138.88723015785217,134.0,-1356.3775661797263,-679.7978750457987,-507.437105787918,-304.2894800947979,0.0,0.0,0.0,0.0,0.0,0.0,0.0,0.0,1750714733.390232,0.0,eyebrow_raise
138.98830842971802,145.0,-1340.0566427730955,-679.2630693521351,-514.5803147032857,-312.83515149354935,0.0,0.0,0.0,0.0,0.0,0.0,0.0,0.0,1750714733.4967828,0.0,eyebrow_raise
139.08887314796448,155.0,-1477.7298399419524,169.92235448677093,-644.4857396641746,-387.98844110313803,0.0,0.0,0.0,0.0,0.0,0.0,0.0,0.0,1750714733.6006248,0.0,eyebrow_raise
139.18950080871582,164.0,-1380.6046380926855,2163.053417172283,-538.6802300177515,-331.87498216796666,0.0,0.0,0.0,0.0,0.0,0.0,0.0,0.0,1750714733.6931846,0.0,eyebrow_raise
139.29028487205505,176.0,-1225.1594363343902,1814.0459533073008,-382.2663941709325,-107.25285092927516,0.0,0.0,0.0,0.0,0.0,0.0,0.0,0.0,1750714733.8102741,0.0,eyebrow_raise
139.39199781417847,185.0,-1241.7870315373875,1778.23641123157,-413.303823903203,-164.42844145186245,0.0,0.0,0.0,0.0,0.0,0.0,0.0,0.0,1750714733.9003727,0.0,eyebrow_raise
139.49233222007751,194.0,-1271.2312638885342,1698.961751870811,-418.8201763378456,-99.54117722064257,0.0,0.0,0.0,0.0,0.0,0.0,0.0,0.0,1750714733.9906745,0.0,eyebrow_raise
139.5931966304779,106.0,-1199.5018526883796,-1173.6815833942965,-377.9243703223765,-287.73107304098085,0.0,0.0,0.0,0.0,0.0,0.0,0.0,0.0,1750714734.1119695,0.0,eyebrow_raise
139.6939823627472,115.0,-1262.5752654410899,-1022.1520568896085,-420.95191931258887,-312.95669824210927,0.0,0.0,0.0,0.0,0.0,0.0,0.0,0.0,1750714734.201799,0.0,eyebrow_raise
139.79539442062378,125.0,-1291.4136339994147,-1029.0185132082552,-439.44572459347546,-318.7311037736945,0.0,0.0,0.0,0.0,0.0,0.0,0.0,0.0,1750714734.306029,0.0,eyebrow_raise
139.8965516090393,134.0,-1259.9348960723728,-887.4034614861012,-413.77879119757563,-179.61056532198563,0.0,0.0,0.0,0.0,0.0,0.0,0.0,0.0,1750714734.395866,0.0,eyebrow_raise
139.99717712402344,146.0,-1294.499051462859,-759.6036002002656,-457.46082268003374,-236.5430623474531,0.0,0.0,0.0,0.0,0.0,0.0,0.0,0.0,1750714734.5157764,0.0,eyebrow_raise
140.09776043891907,155.0,-1342.4670082945377,-801.01551240962,-502.4592989468947,-327.00002257572487,0.0,0.0,0.0,0.0,0.0,0.0,0.0,0.0,1750714734.60567,0.0,eyebrow_raise
140.19828367233276,166.0,-1277.3927490655333,-746.0464628608897,-450.42233096342534,-344.932842863258,0.0,0.0,0.0,0.0,0.0,0.0,0.0,0.0,1750714734.712165,0.0,eyebrow_raise
140.29901671409607,175.0,-1317.944484285079,-926.0889866277575,-485.57739054691046,-1437.2809519711882,0.0,0.0,0.0,0.0,0.0,0.0,0.0,0.0,1750714734.802148,0.0,eyebrow_raise
140.4003803730011,187.0,-1280.844676724635,-761.7727421745658,-440.2086641844362,-1311.7886089580134,0.0,0.0,0.0,0.0,0.0,0.0,0.0,0.0,1750714734.9217365,0.0,eyebrow_raise
140.5009105205536,196.0,-1219.0091708572581,-1037.2051542112604,-400.1954745585099,-1046.4427071018144,0.0,0.0,0.0,0.0,0.0,0.0,0.0,0.0,1750714735.0118427,0.0,eyebrow_raise
140.60162997245789,106.0,-1262.6612831400707,-998.2204370731488,-433.734897361137,-391.55817561084405,0.0,0.0,0.0,0.0,0.0,0.0,0.0,0.0,1750714735.1169424,0.0,eyebrow_raise
140.70240926742554,115.0,-1258.4987744893879,-964.7333728699014,-421.0080178119242,-188.5526661160402,0.0,0.0,0.0,0.0,0.0,0.0,0.0,0.0,1750714735.2071424,0.0,eyebrow_raise
140.8030126094818,126.0,-1288.3207367360592,-1027.234580929391,-461.4325964329764,-312.40319304866716,0.0,0.0,0.0,0.0,0.0,0.0,0.0,0.0,1750714735.3260062,0.0,eyebrow_raise
140.90783548355103,136.0,-1327.8477393677458,-876.2809990178794,-489.5603839997202,-372.14435494085774,0.0,0.0,0.0,0.0,0.0,0.0,0.0,0.0,1750714735.4166036,0.0,eyebrow_raise
141.00865745544434,146.0,-1361.5143187688664,-841.4438309306279,-524.5209687855095,-183.30184657825157,0.0,0.0,0.0,0.0,0.0,0.0,0.0,0.0,1750714735.5204911,0.0,eyebrow_raise
141.10957860946655,155.0,-1330.2188359396532,-671.3569208458066,-487.17806772794574,-206.1488954075612,0.0,0.0,0.0,0.0,0.0,0.0,0.0,0.0,1750714735.6105964,0.0,eyebrow_raise
141.21018600463867,167.0,-1282.882922200486,-713.6738888444379,-453.2796145295724,-395.11482046870515,0.0,0.0,0.0,0.0,0.0,0.0,0.0,0.0,1750714735.730611,0.0,eyebrow_raise
141.31074595451355,176.0,-1360.179174484685,-752.8643004801124,-534.8617921629921,-284.4810999794863,0.0,0.0,0.0,0.0,0.0,0.0,0.0,0.0,1750714735.82096,0.0,eyebrow_raise
141.4119095802307,185.0,-1283.8440764890984,-1718.8075309856795,-445.9194914167747,-1230.902052716352,0.0,0.0,0.0,0.0,0.0,0.0,0.0,0.0,1750714735.910493,0.0,eyebrow_raise
141.5131208896637,196.0,-1339.822899025865,-1839.2809282583185,-491.7893643733114,-1292.4907251866534,0.0,0.0,0.0,0.0,0.0,0.0,0.0,0.0,1750714736.0174613,0.0,eyebrow_raise
141.61412954330444,107.0,-1256.5222373628058,-981.6208911198191,-423.844731928315,-333.0418309541419,0.0,0.0,0.0,0.0,0.0,0.0,0.0,0.0,1750714736.1357377,0.0,eyebrow_raise
141.71509170532227,116.0,-1285.3007675218396,-862.3816608325578,-441.8673098147847,-342.3205227442086,0.0,0.0,0.0,0.0,0.0,0.0,0.0,0.0,1750714736.226123,0.0,eyebrow_raise
141.81571698188782,127.0,-1247.8942881650291,-1005.9713797313161,-413.16357765486464,-392.1771290535107,0.0,0.0,0.0,0.0,0.0,0.0,0.0,0.0,1750714736.33196,0.0,eyebrow_raise
141.9166121482849,136.0,-1321.633895591367,-794.3827998382039,-452.7803378854878,-265.55159635376185,0.0,0.0,0.0,0.0,0.0,0.0,0.0,0.0,1750714736.422057,0.0,eyebrow_raise
