1.6140806674957275,102.0,20.10944206174463,18.209572884254158,14.394874929450452,19.615775267593563,0.0,0.0,0.0,0.0,0.0,0.0,0.0,0.0,1750714299.3394537,0.0,nothing
1.7155125141143799,111.0,-1.2528664851561189,7.562077710404992,23.77828391827643,-7.352643312886357,0.0,0.0,0.0,0.0,0.0,0.0,0.0,0.0,1750714299.428024,0.0,nothing
1.8172717094421387,122.0,-2.4084955714643,24.466425510123372,16.06661020964384,35.79084257595241,0.0,0.0,0.0,0.0,0.0,0.0,0.0,0.0,1750714299.534672,0.0,nothing
1.9180052280426025,131.0,-10.097729880362749,24.49634470976889,26.654266984201968,8.250219302251935,0.0,0.0,0.0,0.0,0.0,0.0,0.0,0.0,1750714299.6247835,0.0,nothing
2.0186240673065186,141.0,1.1892881859093904,8.126802603714168,33.46462480351329,0.7292804913595319,0.0,0.0,0.0,0.0,0.0,0.0,0.0,0.0,1750714299.7280307,0.0,nothing
2.118870735168457,152.0,15.988072310574353,21.089295850135386,32.61940741352737,33.9433319978416,0.0,0.0,0.0,0.0,0.0,0.0,0.0,0.0,1750714299.8352697,0.0,nothing
2.219780683517456,162.0,-10.0790303805843,10.722293172962964,17.798183889128268,38.038522449322045,0.0,0.0,0.0,0.0,0.0,0.0,0.0,0.0,1750714299.9381335,0.0,nothing
2.3212196826934814,171.0,-1.731573679484427,7.838830307126045,29.922939545474946,16.07035010959953,0.0,0.0,0.0,0.0,0.0,0.0,0.0,0.0,1750714300.0283265,0.0,nothing
2.4218757152557373,183.0,26.377514387480915,38.93609843868762,64.1392842400819,31.078568631783128,0.0,0.0,0.0,0.0,0.0,0.0,0.0,0.0,1750714300.148415,0.0,nothing
2.5227677822113037,192.0,-32.18557901866734,21.078076150268316,38.13201994821429,78.8894496653229,0.0,0.0,0.0,0.0,0.0,0.0,0.0,0.0,1750714300.2384603,0.0,nothing
2.624058961868286,102.0,-1318.5877470774576,-877.2458932064474,-418.960422586184,-70.93468245957047,0.0,0.0,0.0,0.0,0.0,0.0,0.0,0.0,1750714300.3433335,0.0,nothing
2.7248544692993164,111.0,-1272.5159195233136,-815.5188444377854,-352.0012537795119,-17.540130792185664,0.0,0.0,0.0,0.0,0.0,0.0,0.0,0.0,1750714300.4332874,0.0,nothing
2.825254440307617,122.0,-1350.9752806937322,-910.6431998107582,-440.76029942790046,-143.8440320957452,0.0,0.0,0.0,0.0,0.0,0.0,0.0,0.0,1750714300.539873,0.0,nothing
2.9273622035980225,131.0,-1248.1916102115065,-805.4285943573341,-273.82612500572577,-20.734005354344845,0.0,0.0,0.0,0.0,0.0,0.0,0.0,0.0,1750714300.629738,0.0,nothing
3.0277068614959717,143.0,-1288.40675443504,-842.1731114219874,-323.0619079223834,-23.494051521643996,0.0,0.0,0.0,0.0,0.0,0.0,0.0,0.0,1750714300.7499056,0.0,nothing
3.129084348678589,152.0,-1338.749547738582,-854.1033922806382,-376.55369698861614,-60.01043468900025,0.0,0.0,0.0,0.0,0.0,0.0,0.0,0.0,1750714300.839722,0.0,nothing
3.2297446727752686,162.0,-1372.8574353344738,-861.8449851889163,-417.8421924994327,-58.62667170539498,0.0,0.0,0.0,0.0,0.0,0.0,0.0,0.0,1750714300.9432812,0.0,nothing
3.330742835998535,171.0,-1329.6279317466542,-772.0986059522256,-382.33184242015705,22.689973031170666,0.0,0.0,0.0,0.0,0.0,0.0,0.0,0.0,1750714301.0334475,0.0,nothing
3.4317877292633057,183.0,-1311.0555885666981,-803.6222226787359,-346.65319684287533,9.155275091528893,0.0,0.0,0.0,0.0,0.0,0.0,0.0,0.0,1750714301.153214,0.0,nothing
3.532641887664795,192.0,-1348.0693784281611,-861.2316415961832,-385.7987296790816,-65.70630232151598,0.0,0.0,0.0,0.0,0.0,0.0,0.0,0.0,1750714301.243435,0.0,nothing
3.6332993507385254,102.0,-1298.4970045154914,-826.4786212579347,-330.8147205305286,-15.000738722272217,0.0,0.0,0.0,0.0,0.0,0.0,0.0,0.0,1750714301.3484623,0.0,nothing
3.7337920665740967,111.0,-1341.8798440014943,-845.6717878305353,-384.56082279374823,-8.08192380424589,0.0,0.0,0.0,0.0,0.0,0.0,0.0,0.0,1750714301.4397352,0.0,nothing
3.834589958190918,123.0,-1353.099543868564,-859.3673014682718,-392.5380293992348,-55.67963054031134,0.0,0.0,0.0,0.0,0.0,0.0,0.0,0.0,1750714301.5584548,0.0,nothing
3.9352643489837646,132.0,-1292.3673084881157,-806.2233230979182,-322.59442042792216,-23.512751021422446,0.0,0.0,0.0,0.0,0.0,0.0,0.0,0.0,1750714301.6485,0.0,nothing
4.0365049839019775,142.0,-1289.3791284235194,-808.0296947765164,-326.3118809838779,-28.075428967364132,0.0,0.0,0.0,0.0,0.0,0.0,0.0,0.0,1750714301.7558112,0.0,nothing
4.137532472610474,152.0,-1285.9758194638416,-816.4706489765085,-325.86309298919514,-35.656206177547574,0.0,0.0,0.0,0.0,0.0,0.0,0.0,0.0,1750714301.8447933,0.0,nothing
4.2378129959106445,162.0,-1298.9906713096425,-803.0631076353602,-327.11969937430695,-30.14359364286065,0.0,0.0,0.0,0.0,0.0,0.0,0.0,0.0,1750714301.9482744,0.0,nothing
4.33843994140625,171.0,-1335.8212060732767,-849.9053545803763,-363.79689823975787,-23.512751021422446,0.0,0.0,0.0,0.0,0.0,0.0,0.0,0.0,1750714302.0382864,0.0,nothing
4.439134120941162,183.0,-1343.5440994817764,-865.2913029980846,-390.63816022174433,-59.25871479790658,0.0,0.0,0.0,0.0,0.0,0.0,0.0,0.0,1750714302.1583064,0.0,nothing
4.539703845977783,192.0,-1291.6978663960472,-817.0652930694632,-324.4718502056785,-32.3127356171608,0.0,0.0,0.0,0.0,0.0,0.0,0.0,0.0,1750714302.2484949,0.0,nothing
4.6408467292785645,102.0,-1279.6422988888808,-823.8887405386195,-346.93742923950776,-36.033936073072255,0.0,0.0,0.0,0.0,0.0,0.0,0.0,0.0,1750714302.3532753,0.0,nothing
4.741650342941284,113.0,-1304.3929567956366,-838.4107720665634,-343.27606718288735,-58.04698721226305,0.0,0.0,0.0,0.0,0.0,0.0,0.0,0.0,1750714302.4598017,0.0,nothing
4.843548059463501,123.0,-1308.6489629452117,-830.781376156956,-344.60747156711295,-51.745255786925554,0.0,0.0,0.0,0.0,0.0,0.0,0.0,0.0,1750714302.5634851,0.0,nothing
4.944597244262695,132.0,-1291.1873700520955,-845.385685483925,-342.9880948862992,-20.741485154256225,0.0,0.0,0.0,0.0,0.0,0.0,0.0,0.0,1750714302.6534472,0.0,nothing
5.045312166213989,143.0,-1302.1789360218681,-845.6474784808233,-346.2118886481039,-56.195736734196544,0.0,0.0,0.0,0.0,0.0,0.0,0.0,0.0,1750714302.7598646,0.0,nothing
5.146011829376221,153.0,-1298.6970891631208,-849.8548659309745,-339.04624033300206,-62.47128885984421,0.0,0.0,0.0,0.0,0.0,0.0,0.0,0.0,1750714302.8632748,0.0,nothing
5.247375249862671,164.0,-1330.860228782054,-878.6408758899197,-381.9690721244551,-52.956983372569084,0.0,0.0,0.0,0.0,0.0,0.0,0.0,0.0,1750714302.970343,0.0,nothing
5.348423480987549,173.0,-1303.484161106404,-832.1165204411373,-339.4052707287483,-50.99727579578757,0.0,0.0,0.0,0.0,0.0,0.0,0.0,0.0,1750714303.0597239,0.0,nothing
5.449527263641357,183.0,-1312.0747113046236,-843.3810991076753,-323.693951014895,-50.499869101680815,0.0,0.0,0.0,0.0,0.0,0.0,0.0,0.0,1750714303.1632426,0.0,nothing
5.5504419803619385,192.0,-1307.0819448637776,-838.5902872644365,-334.1469713910483,-24.421546710655093,0.0,0.0,0.0,0.0,0.0,0.0,0.0,0.0,1750714303.2530167,0.0,nothing
5.650988817214966,102.0,-1341.281460008584,-876.0397754707374,-387.32460886100307,-64.18790293950588,0.0,0.0,0.0,0.0,0.0,0.0,0.0,0.0,1750714303.3581028,0.0,nothing
5.7520647048950195,113.0,-1285.0745035745203,-832.4736808869056,-327.9200379648246,-22.07288953848183,0.0,0.0,0.0,0.0,0.0,0.0,0.0,0.0,1750714303.4650445,0.0,nothing
5.85277795791626,123.0,-1288.8368429299444,-832.0398524920456,-321.04236194631085,-23.80072331801057,0.0,0.0,0.0,0.0,0.0,0.0,0.0,0.0,1750714303.5687149,0.0,nothing
5.953242540359497,132.0,-1325.8468928914517,-872.4532114132307,-388.495197547134,-59.789780591614544,0.0,0.0,0.0,0.0,0.0,0.0,0.0,0.0,1750714303.6602256,0.0,nothing
6.054269790649414,143.0,-1282.7221065023914,-818.4864550526254,-330.78106143092737,-16.54531740397215,0.0,0.0,0.0,0.0,0.0,0.0,0.0,0.0,1750714303.7645924,0.0,nothing
6.154822826385498,153.0,-1273.9632608061656,-813.38897141302,-336.7686412599869,-25.580915696918964,0.0,0.0,0.0,0.0,0.0,0.0,0.0,0.0,1750714303.868853,0.0,nothing
6.255957126617432,162.0,-1329.3997978493571,-868.578675059136,-392.59412789857015,-66.90307030733675,0.0,0.0,0.0,0.0,0.0,0.0,0.0,0.0,1750714303.9586914,0.0,nothing
6.357197284698486,173.0,-1282.6996671026573,-824.2010221849196,-334.7640548837371,-30.693358936347067,0.0,0.0,0.0,0.0,0.0,0.0,0.0,0.0,1750714304.0645998,0.0,nothing
6.457852363586426,183.0,-1265.5597056057304,-823.0229536988772,-343.1077716848813,-29.204878753982484,0.0,0.0,0.0,0.0,0.0,0.0,0.0,0.0,1750714304.168348,0.0,nothing
6.55879282951355,192.0,-1324.8034608038142,-870.2279709395953,-401.9588373876177,-72.7747132377699,0.0,0.0,0.0,0.0,0.0,0.0,0.0,0.0,1750714304.258051,0.0,nothing
6.659607648849487,104.0,-1271.9268852802925,-812.8130268198438,-328.73346620518714,-21.437106546014547,0.0,0.0,0.0,0.0,0.0,0.0,0.0,0.0,1750714304.3796785,0.0,nothing
6.760153293609619,113.0,-1316.7645458490588,-873.1750121046789,-395.6739355120808,-60.152550887316465,0.0,0.0,0.0,0.0,0.0,0.0,0.0,0.0,1750714304.4698348,0.0,nothing
6.86154580116272,123.0,-1324.8763888529502,-871.1891252282076,-394.6005842247978,-58.181623610667884,0.0,0.0,0.0,0.0,0.0,0.0,0.0,0.0,1750714304.5733752,0.0,nothing
6.962446689605713,134.0,-1264.779936464969,-810.266154950019,-324.7504727523774,-20.446033057756722,0.0,0.0,0.0,0.0,0.0,0.0,0.0,0.0,1750714304.6797335,0.0,nothing
7.063277244567871,144.0,-1267.3193285348825,-814.4137040008791,-328.0490645132959,-26.007264291867614,0.0,0.0,0.0,0.0,0.0,0.0,0.0,0.0,1750714304.7838051,0.0,nothing
7.164072036743164,153.0,-1327.3896016231738,-866.0467627891339,-390.3782371748239,-61.345578973181546,0.0,0.0,0.0,0.0,0.0,0.0,0.0,0.0,1750714304.8736737,0.0,nothing
7.264692544937134,164.0,-1272.6486859717406,-807.5210683825426,-329.32437039818615,-23.191119625233114,0.0,0.0,0.0,0.0,0.0,0.0,0.0,0.0,1750714304.9797895,0.0,nothing
7.36573600769043,174.0,-1268.6544728190638,-819.6233846391551,-328.80452430434525,-31.523616726510227,0.0,0.0,0.0,0.0,0.0,0.0,0.0,0.0,1750714305.0833457,0.0,nothing
7.466524839401245,185.0,-1329.4652460985817,-880.6697716158815,-393.68056883569807,-71.56672555208206,0.0,0.0,0.0,0.0,0.0,0.0,0.0,0.0,1750714305.189618,0.0,nothing
7.566907644271851,194.0,-1265.8383281524293,-822.1403373093344,-328.28093831054866,-26.818822582252324,0.0,0.0,0.0,0.0,0.0,0.0,0.0,0.0,1750714305.2795832,0.0,nothing
7.668863773345947,103.0,-1309.2791360877454,-846.2514723236673,-359.2641394934617,-65.65207377215847,0.0,0.0,0.0,0.0,0.0,0.0,0.0,0.0,1750714305.3836389,0.0,nothing
7.7703025341033936,114.0,-1311.683891759254,-859.569256065879,-380.10286204656586,-37.778599402401596,0.0,0.0,0.0,0.0,0.0,0.0,0.0,0.0,1750714305.488456,0.0,nothing
7.871072769165039,125.0,-1278.638135750778,-816.5342272757553,-331.60757932113484,-36.978260811883956,0.0,0.0,0.0,0.0,0.0,0.0,0.0,0.0,1750714305.5951536,0.0,nothing
7.972165822982788,134.0,-1308.344161098823,-860.7622841517441,-382.54501671763137,-31.5890649757348,0.0,0.0,0.0,0.0,0.0,0.0,0.0,0.0,1750714305.6847181,0.0,nothing
8.07303524017334,144.0,-1306.317135322839,-856.1173284067772,-386.7262248680927,-51.69476713752374,0.0,0.0,0.0,0.0,0.0,0.0,0.0,0.0,1750714305.7882714,0.0,nothing
8.17348599433899,153.0,-1312.974157243967,-843.2595523591153,-359.7465865877457,-58.98383215116337,0.0,0.0,0.0,0.0,0.0,0.0,0.0,0.0,1750714305.8783255,0.0,nothing
8.274474382400513,165.0,-1284.3452230831608,-805.1387521107681,-327.18701757350937,-36.652889515738934,0.0,0.0,0.0,0.0,0.0,0.0,0.0,0.0,1750714305.9988608,0.0,nothing
8.375418424606323,174.0,-1306.4068929217756,-852.9945119437762,-365.87254271516576,-42.7414466436021,0.0,0.0,0.0,0.0,0.0,0.0,0.0,0.0,1750714306.088542,0.0,nothing
8.47600531578064,184.0,-1309.065961790271,-848.1513415011577,-381.6736200279556,-43.018199240323156,0.0,0.0,0.0,0.0,0.0,0.0,0.0,0.0,1750714306.1946406,0.0,nothing
8.577129602432251,192.0,-1268.1439764751121,-820.5957586276345,-344.83186556445435,-20.070173112209886,0.0,0.0,0.0,0.0,0.0,0.0,0.0,0.0,1750714306.2682602,0.0,nothing
8.677716970443726,104.0,-1323.1915639229119,-870.9647312308662,-382.2308651213534,-77.16909568570554,0.0,0.0,0.0,0.0,0.0,0.0,0.0,0.0,1750714306.3897896,0.0,nothing
8.778668642044067,114.0,-1324.9605366019532,-874.8392675849609,-384.5795222935267,-70.79630616120994,0.0,0.0,0.0,0.0,0.0,0.0,0.0,0.0,1750714306.4933288,0.0,nothing
8.879317998886108,125.0,-1282.8567429007962,-838.2667859182693,-360.02333918446675,-34.425779092125595,0.0,0.0,0.0,0.0,0.0,0.0,0.0,0.0,1750714306.5997968,0.0,nothing
8.979934453964233,134.0,-1328.08709296491,-867.1649928758852,-386.77484356751665,-64.90222383104265,0.0,0.0,0.0,0.0,0.0,0.0,0.0,0.0,1750714306.689989,0.0,nothing
9.080822229385376,144.0,-1327.2643149746582,-863.9038001145236,-386.88330066623166,-75.83769130147994,0.0,0.0,0.0,0.0,0.0,0.0,0.0,0.0,1750714306.793624,0.0,nothing
9.181479215621948,153.0,-1273.8847229070961,-812.2221226268448,-324.4344512061216,-22.372081534937024,0.0,0.0,0.0,0.0,0.0,0.0,0.0,0.0,1750714306.8833084,0.0,nothing
9.282604217529297,165.0,-1292.4084473876283,-832.3427843884565,-363.1910344469361,-29.73220464773476,0.0,0.0,0.0,0.0,0.0,0.0,0.0,0.0,1750714307.0035844,0.0,nothing
9.383317708969116,174.0,-1325.9553499901667,-862.4190598321147,-379.2015461572446,-76.65298949182034,0.0,0.0,0.0,0.0,0.0,0.0,0.0,0.0,1750714307.0933976,0.0,nothing
9.483831882476807,185.0,-1289.7867775186896,-835.2524265539832,-360.05699828406796,-29.070242355577648,0.0,0.0,0.0,0.0,0.0,0.0,0.0,0.0,1750714307.199768,0.0,nothing
9.584625244140625,194.0,-1323.322460421361,-865.5904949945398,-382.96762541262433,-76.11444389820099,0.0,0.0,0.0,0.0,0.0,0.0,0.0,0.0,1750714307.2899296,0.0,nothing
9.685219287872314,105.0,-1332.4814754128456,-881.8908489514142,-405.01433565141633,-75.69183520320803,0.0,0.0,0.0,0.0,0.0,0.0,0.0,0.0,1750714307.4081538,0.0,nothing
9.785960674285889,114.0,-1277.5236455639824,-825.5081172194332,-322.85621342482045,-30.390427039936185,0.0,0.0,0.0,0.0,0.0,0.0,0.0,0.0,1750714307.4984925,0.0,nothing
9.887007236480713,125.0,-1336.262514268048,-886.6554814949632,-392.92697899462655,-77.89837617706507,0.0,0.0,0.0,0.0,0.0,0.0,0.0,0.0,1750714307.6047645,0.0,nothing
9.987915992736816,134.0,-1279.9957194346935,-822.8041695514694,-327.0561210750602,-31.81158902309835,0.0,0.0,0.0,0.0,0.0,0.0,0.0,0.0,1750714307.694804,0.0,nothing
10.088788032531738,144.0,-1277.792918360792,-819.7860702872276,-327.9237778647803,-29.35821465216577,0.0,0.0,0.0,0.0,0.0,0.0,0.0,0.0,1750714307.7980568,0.0,nothing
10.189353942871094,155.0,-1339.291833232157,-894.2811375046149,-393.7946357843466,-78.71741426736116,0.0,0.0,0.0,0.0,0.0,0.0,0.0,0.0,1750714307.9048872,0.0,nothing
10.289812564849854,165.0,-1334.4823218891397,-882.5004526441917,-393.7198377852328,-66.97786830645055,0.0,0.0,0.0,0.0,0.0,0.0,0.0,0.0,1750714308.008442,0.0,nothing
10.390431880950928,174.0,-1279.157981844619,-822.8228690512478,-327.8415000657551,-26.13068099040538,0.0,0.0,0.0,0.0,0.0,0.0,0.0,0.0,1750714308.0982456,0.0,nothing
10.491834878921509,185.0,-1335.7987666735426,-882.0591444494203,-394.58749457495287,-78.82213146612048,0.0,0.0,0.0,0.0,0.0,0.0,0.0,0.0,1750714308.2047365,0.0,nothing
10.592755794525146,195.0,-1331.669917122461,-878.3903025928885,-395.41775236511603,-68.64586368668824,0.0,0.0,0.0,0.0,0.0,0.0,0.0,0.0,1750714308.3086205,0.0,nothing
10.693608283996582,104.0,-1286.8939649029635,-850.3971514245495,-362.1644319090992,-36.36117731919512,0.0,0.0,0.0,0.0,0.0,0.0,0.0,0.0,1750714308.399673,0.0,nothing
10.794798612594604,114.0,-1284.2760349339806,-850.2400756264105,-360.5113961286843,-39.66350898006931,0.0,0.0,0.0,0.0,0.0,0.0,0.0,0.0,1750714308.503374,0.0,nothing
10.89563536643982,123.0,-1328.4405135107227,-873.8388443468139,-380.6956361895427,-73.2739898818545,0.0,0.0,0.0,0.0,0.0,0.0,0.0,0.0,1750714308.5934703,0.0,nothing
10.996577739715576,135.0,-1293.8501788205467,-835.6282864995301,-344.3849475197494,-51.971519734244794,0.0,0.0,0.0,0.0,0.0,0.0,0.0,0.0,1750714308.7135413,0.0,nothing
11.098463535308838,146.0,-1332.5880625615828,-871.508886674419,-391.5488258609548,-59.129688249435276,0.0,0.0,0.0,0.0,0.0,0.0,0.0,0.0,1750714308.8206377,0.0,nothing
11.199394941329956,155.0,-1297.0253538829274,-828.743130681105,-345.282523509115,-37.57290490483865,0.0,0.0,0.0,0.0,0.0,0.0,0.0,0.0,1750714308.9095023,0.0,nothing
11.29994821548462,165.0,-1295.379797902424,-834.9401449076831,-344.18673282209784,-47.838930283207446,0.0,0.0,0.0,0.0,0.0,0.0,0.0,0.0,1750714309.013338,0.0,nothing
11.401646852493286,176.0,-1331.5745496735908,-882.4256546450779,-395.5879178130999,-55.172874096315354,0.0,0.0,0.0,0.0,0.0,0.0,0.0,0.0,1750714309.1196663,0.0,nothing
11.502257823944092,186.0,-1325.130702049937,-876.7335269125178,-394.8848166214302,-58.11617536144331,0.0,0.0,0.0,0.0,0.0,0.0,0.0,0.0,1750714309.2234895,0.0,nothing
11.60324478149414,195.0,-1295.3087398032658,-853.3890713891014,-335.1324350293726,-57.47665246902034,0.0,0.0,0.0,0.0,0.0,0.0,0.0,0.0,1750714309.3133652,0.0,nothing
11.704032182693481,105.0,-1279.9003519858234,-839.5925804525614,-339.16591713158414,-19.466179269365966,0.0,0.0,0.0,0.0,0.0,0.0,0.0,0.0,1750714309.418449,0.0,nothing
11.804987668991089,115.0,-1270.920852192212,-830.9945504544303,-334.45738308737054,-18.45640628132969,0.0,0.0,0.0,0.0,0.0,0.0,0.0,0.0,1750714309.5235684,0.0,nothing
11.905423879623413,126.0,-1313.7614061846398,-852.6149120982736,-366.84491670364514,-60.05157358851284,0.0,0.0,0.0,0.0,0.0,0.0,0.0,0.0,1750714309.6281817,0.0,nothing
12.006089448928833,135.0,-1276.03329543164,-813.1552276657894,-345.3591914582066,-21.122954949736595,0.0,0.0,0.0,0.0,0.0,0.0,0.0,0.0,1750714309.718316,0.0,nothing
12.106709480285645,146.0,-1317.3255308424123,-848.2616685498506,-363.1611152472906,-66.05411301739514,0.0,0.0,0.0,0.0,0.0,0.0,0.0,0.0,1750714309.8247554,0.0,nothing
12.208240509033203,155.0,-1276.8972123214044,-817.6879864120856,-339.9886951218359,-22.330942635424435,0.0,0.0,0.0,0.0,0.0,0.0,0.0,0.0,1750714309.9147625,0.0,nothing
12.3092200756073,167.0,-1325.2428990486078,-838.9567974600941,-382.26078432099894,-42.63859939482063,0.0,0.0,0.0,0.0,0.0,0.0,0.0,0.0,1750714310.0352516,0.0,nothing
12.410337209701538,176.0,-1318.3988821296953,-848.4711029473692,-369.5974830710329,-54.6922969520092,0.0,0.0,0.0,0.0,0.0,0.0,0.0,0.0,1750714310.1247509,0.0,nothing
12.510705471038818,186.0,-1327.412041022908,-855.0982056688517,-371.4562133490108,-60.534020682796836,0.0,0.0,0.0,0.0,0.0,0.0,0.0,0.0,1750714310.228095,0.0,nothing
12.61274766921997,195.0,-1283.595373142045,-815.0476170433685,-346.9523888393305,-12.562323951162398,0.0,0.0,0.0,0.0,0.0,0.0,0.0,0.0,1750714310.3195229,0.0,nothing
12.713499546051025,106.0,-1276.396065727342,-808.2129498743452,-331.1288721268065,-13.388841841369867,0.0,0.0,0.0,0.0,0.0,0.0,0.0,0.0,1750714310.439039,0.0,nothing
12.814347505569458,116.0,-1275.9397979327478,-811.2572284382768,-325.249749396462,-21.930773340165615,0.0,0.0,0.0,0.0,0.0,0.0,0.0,0.0,1750714310.529912,0.0,nothing
12.91526746749878,126.0,-1272.824461269658,-805.2771284091286,-327.9611768643372,-27.690219271928072,0.0,0.0,0.0,0.0,0.0,0.0,0.0,0.0,1750714310.6336532,0.0,nothing
13.015720129013062,135.0,-1328.0440841154195,-869.1994984517805,-391.73769080871716,-57.84503261465579,0.0,0.0,0.0,0.0,0.0,0.0,0.0,0.0,1750714310.7234223,0.0,nothing
13.116377115249634,146.0,-1281.7777817635797,-818.1423842567019,-325.89301218884066,-16.182547108270228,0.0,0.0,0.0,0.0,0.0,0.0,0.0,0.0,1750714310.8299081,0.0,nothing
13.216715812683105,156.0,-1274.9674239442684,-816.8932576715015,-325.59756009234115,-26.4934512861073,0.0,0.0,0.0,0.0,0.0,0.0,0.0,0.0,1750714310.933614,0.0,nothing
13.317354917526245,167.0,-1325.9534800401889,-870.1606527403928,-389.44513213587925,-76.1817620974034,0.0,0.0,0.0,0.0,0.0,0.0,0.0,0.0,1750714311.0398877,0.0,nothing
13.417836666107178,176.0,-1270.172872201074,-817.6561972624622,-329.2589221489616,-21.79613694176078,0.0,0.0,0.0,0.0,0.0,0.0,0.0,0.0,1750714311.1312928,0.0,nothing
13.518980026245117,186.0,-1264.0730953733437,-817.188709768001,-329.9059248412959,-19.77659096568823,0.0,0.0,0.0,0.0,0.0,0.0,0.0,0.0,1750714311.233595,0.0,nothing
13.619471311569214,195.0,-1326.4508867342956,-874.8729266845621,-402.63575927959755,-62.84153895545751,0.0,0.0,0.0,0.0,0.0,0.0,0.0,0.0,1750714311.32339,0.0,nothing
13.719874143600464,107.0,-1272.2372969766147,-819.0156508963555,-335.28203102760017,-31.345971478614956,0.0,0.0,0.0,0.0,0.0,0.0,0.0,0.0,1750714311.443282,0.0,nothing
13.820744514465332,116.0,-1304.5126335942186,-864.4217762583867,-377.9991683214903,-48.732766372617334,0.0,0.0,0.0,0.0,0.0,0.0,0.0,0.0,1750714311.534728,0.0,nothing
13.921201944351196,126.0,-1305.122237286996,-859.2158355200663,-384.54025334399194,-48.343816777225584,0.0,0.0,0.0,0.0,0.0,0.0,0.0,0.0,1750714311.6384854,0.0,nothing
14.02217721939087,135.0,-1312.179428503383,-848.1382518513128,-368.9523503286764,-62.753651306498796,0.0,0.0,0.0,0.0,0.0,0.0,0.0,0.0,1750714311.728281,0.0,nothing
14.12252950668335,147.0,-1273.366746763233,-829.7491637691855,-332.84361625649035,-38.14510959805921,0.0,0.0,0.0,0.0,0.0,0.0,0.0,0.0,1750714311.8481083,0.0,nothing
14.223098039627075,156.0,-1308.0318794525228,-872.1708489665762,-387.64811020717025,-44.81709111901,0.0,0.0,0.0,0.0,0.0,0.0,0.0,0.0,1750714311.9380834,0.0,nothing
14.324085474014282,165.0,-1311.6072238101624,-850.849679319188,-374.8127735592425,-65.83532886998728,0.0,0.0,0.0,0.0,0.0,0.0,0.0,0.0,1750714312.028262,0.0,nothing
14.42471718788147,176.0,-1299.2468544566073,-854.7279555732384,-392.7717731464654,-47.23680639034137,0.0,0.0,0.0,0.0,0.0,0.0,0.0,0.0,1750714312.1351843,0.0,nothing
14.525408744812012,186.0,-1314.5467851753347,-866.5871783327311,-388.4147896980867,-38.16754899779335,0.0,0.0,0.0,0.0,0.0,0.0,0.0,0.0,1750714312.2384834,0.0,nothing
14.626070737838745,197.0,-1283.4121180442162,-826.8694408033043,-335.76821802183986,-30.141723692882806,0.0,0.0,0.0,0.0,0.0,0.0,0.0,0.0,1750714312.344761,0.0,nothing
14.726766109466553,105.0,-1272.3139649257064,-824.8517647772096,-327.9836162640713,-14.49585222825408,0.0,0.0,0.0,0.0,0.0,0.0,0.0,0.0,1750714312.4333184,0.0,nothing
14.827672243118286,116.0,-1322.0471545364708,-859.7113722641952,-385.8249089787714,-79.19986136164516,0.0,0.0,0.0,0.0,0.0,0.0,0.0,0.0,1750714312.5396967,0.0,nothing
14.928084373474121,126.0,-1327.8178201681003,-877.4272783542983,-387.7210382563062,-65.4033704251051,0.0,0.0,0.0,0.0,0.0,0.0,0.0,0.0,1750714312.6433032,0.0,nothing
15.02873182296753,137.0,-1302.6183742666617,-851.5995292603038,-359.0808843956329,-26.766463982872665,0.0,0.0,0.0,0.0,0.0,0.0,0.0,0.0,1750714312.7499244,0.0,nothing
15.129337310791016,146.0,-1327.3652922734618,-879.1850313334726,-388.7270713443868,-68.11105799302459,0.0,0.0,0.0,0.0,0.0,0.0,0.0,0.0,1750714312.8398232,0.0,nothing
15.229829549789429,156.0,-1321.994795937091,-868.421599260997,-385.25270428555086,-66.98908800631762,0.0,0.0,0.0,0.0,0.0,0.0,0.0,0.0,1750714312.943266,0.0,nothing
15.33057427406311,165.0,-1275.2946651903912,-817.3270860663615,-326.2071637851186,-20.315136559307575,0.0,0.0,0.0,0.0,0.0,0.0,0.0,0.0,1750714313.0334089,0.0,nothing
15.431111097335815,177.0,-1288.5900095328689,-834.9494946575724,-366.0483180130832,-36.34434776939452,0.0,0.0,0.0,0.0,0.0,0.0,0.0,0.0,1750714313.153126,0.0,nothing
15.532155275344849,186.0,-1337.8706712489948,-865.9757046899758,-392.8783602952026,-84.06547120399773,0.0,0.0,0.0,0.0,0.0,0.0,0.0,0.0,1750714313.243168,0.0,nothing
15.632939338684082,195.0,-1277.7405597614124,-813.9948352058418,-334.6181987854652,-20.685386654920876,0.0,0.0,0.0,0.0,0.0,0.0,0.0,0.0,1750714313.333491,0.0,nothing
15.733556985855103,106.0,-1278.3782127038576,-819.2007759441622,-337.0921426061541,-28.898206957615912,0.0,0.0,0.0,0.0,0.0,0.0,0.0,0.0,1750714313.4541454,0.0,nothing
15.834105014801025,116.0,-1283.9394439379685,-827.8474246417172,-326.9682334261015,-25.853928393684328,0.0,0.0,0.0,0.0,0.0,0.0,0.0,0.0,1750714313.544904,0.0,nothing
15.935057163238525,124.0,-1315.122729768511,-855.3618686157279,-365.2835084721446,-56.63704492896795,0.0,0.0,0.0,0.0,0.0,0.0,0.0,0.0,1750714313.6336708,0.0,nothing
16.035829067230225,137.0,-1327.7748113186099,-882.3489866959862,-399.24180006980896,-77.97691407613456,0.0,0.0,0.0,0.0,0.0,0.0,0.0,0.0,1750714313.7549276,0.0,nothing
16.136334657669067,146.0,-1272.3494939752854,-827.0957047506236,-336.0113115189597,-36.15361287165433,0.0,0.0,0.0,0.0,0.0,0.0,0.0,0.0,1750714313.8449056,0.0,nothing
16.23703646659851,156.0,-1277.5666544134729,-833.4759740750305,-331.13822187669575,-30.091235043480992,0.0,0.0,0.0,0.0,0.0,0.0,0.0,0.0,1750714313.9483418,0.0,nothing
16.338030099868774,167.0,-1336.4289398160763,-882.9249312891625,-395.5168597139418,-77.34113108366728,0.0,0.0,0.0,0.0,0.0,0.0,0.0,0.0,1750714314.0546484,0.0,nothing
16.452386617660522,179.0,-1309.441821735818,-853.9444465325214,-364.77862197812647,-65.92695641890168,0.0,0.0,0.0,0.0,0.0,0.0,0.0,0.0,1750714314.1745348,0.0,nothing
16.553435564041138,188.0,-1277.7798287109472,-815.6029921867885,-348.95510526560247,-24.567402808927,0.0,0.0,0.0,0.0,0.0,0.0,0.0,0.0,1750714314.264694,0.0,nothing
16.654446363449097,198.0,-1285.3606059211306,-819.817859436851,-340.4917116658762,-19.585856067948043,0.0,0.0,0.0,0.0,0.0,0.0,0.0,0.0,1750714314.3683596,0.0,nothing
16.755515575408936,108.0,-1332.114965217188,-864.260960560292,-397.1511959945783,-67.13494410458952,0.0,0.0,0.0,0.0,0.0,0.0,0.0,0.0,1750714314.4732363,0.0,nothing
16.856509923934937,117.0,-1291.6006289971992,-820.5527497781441,-351.07562854047865,-56.37151203211397,0.0,0.0,0.0,0.0,0.0,0.0,0.0,0.0,1750714314.563621,0.0,nothing
16.957528591156006,128.0,-1328.08709296491,-860.3116262070835,-405.88012249115855,-62.79666015598923,0.0,0.0,0.0,0.0,0.0,0.0,0.0,0.0,1750714314.6695232,0.0,nothing
17.058402061462402,137.0,-1296.2081857426092,-827.4790444960818,-354.71081129740924,-46.7637090459466,0.0,0.0,0.0,0.0,0.0,0.0,0.0,0.0,1750714314.7595415,0.0,nothing
17.15910506248474,147.0,-1297.4199133282527,-824.6815993292257,-344.21291212178767,-60.130111487582326,0.0,0.0,0.0,0.0,0.0,0.0,0.0,0.0,1750714314.8632212,0.0,nothing
17.25986123085022,159.0,-1272.209247726947,-811.3488559871912,-330.28552468679845,-26.362554787658155,0.0,0.0,0.0,0.0,0.0,0.0,0.0,0.0,1750714314.9833052,0.0,nothing
17.36063289642334,168.0,-1330.2898940388113,-864.9752814518288,-401.83355073910207,-66.9591688066721,0.0,0.0,0.0,0.0,0.0,0.0,0.0,0.0,1750714315.0733504,0.0,nothing
17.461121320724487,179.0,-1270.062545152381,-805.585670155473,-335.4503265256062,-31.516136926598847,0.0,0.0,0.0,0.0,0.0,0.0,0.0,0.0,1750714315.1798103,0.0,nothing
17.561679363250732,188.0,-1332.5113946124911,-864.6199909560382,-401.6315961414948,-76.93722188845277,0.0,0.0,0.0,0.0,0.0,0.0,0.0,0.0,1750714315.269749,0.0,nothing
17.662330389022827,198.0,-1327.1446381760761,-866.8601910294965,-396.68744840007275,-61.831765967421234,0.0,0.0,0.0,0.0,0.0,0.0,0.0,0.0,1750714315.373366,0.0,nothing
17.76327633857727,108.0,-1316.8617832479067,-865.2370744487271,-362.50663275504485,-66.41501336311921,0.0,0.0,0.0,0.0,0.0,0.0,0.0,0.0,1750714315.4781847,0.0,nothing
17.864309787750244,117.0,-1274.8776663453318,-825.100468124263,-341.6230314024724,-15.735629063565284,0.0,0.0,0.0,0.0,0.0,0.0,0.0,0.0,1750714315.5682623,0.0,nothing
17.96505832672119,129.0,-1306.9996670647524,-858.9727420229465,-376.54621718870476,-40.33669097209349,0.0,0.0,0.0,0.0,0.0,0.0,0.0,0.0,1750714315.6880856,0.0,nothing
18.065720796585083,138.0,-1312.1158502041362,-844.8172206906602,-359.4099955917336,-64.99759127991274,0.0,0.0,0.0,0.0,0.0,0.0,0.0,0.0,1750714315.77833,0.0,nothing
18.166287422180176,149.0,-1313.8810829832219,-864.8406450534239,-376.6135353879072,-47.02363209286705,0.0,0.0,0.0,0.0,0.0,0.0,0.0,0.0,1750714315.8833704,0.0,nothing
18.266879558563232,158.0,-1315.7809521607123,-854.612018674612,-367.8621694915928,-66.41127346316352,0.0,0.0,0.0,0.0,0.0,0.0,0.0,0.0,1750714315.9746232,0.0,nothing
18.36758518218994,168.0,-1313.4547343882732,-842.7714954148978,-363.76697904011235,-69.87068092217669,0.0,0.0,0.0,0.0,0.0,0.0,0.0,0.0,1750714316.0782564,0.0,nothing
18.468260526657104,178.0,-1311.7156809088774,-857.0541733456776,-364.2606458342634,-72.64194678934291,0.0,0.0,0.0,0.0,0.0,0.0,0.0,0.0,1750714316.1839404,0.0,nothing
18.568925380706787,189.0,-1306.3825835720636,-846.1112260753289,-379.5381371532567,-56.04053088603541,0.0,0.0,0.0,0.0,0.0,0.0,0.0,0.0,1750714316.2880802,0.0,nothing
18.669682264328003,198.0,-1309.9167890301906,-856.0892791571096,-359.9747204850428,-72.30535579333082,0.0,0.0,0.0,0.0,0.0,0.0,0.0,0.0,1750714316.3781796,0.0,nothing
18.77050256729126,108.0,-1257.545100000687,-812.1922034271993,-321.4444011915475,-19.413820669986308,0.0,0.0,0.0,0.0,0.0,0.0,0.0,0.0,1750714316.4835875,0.0,nothing
18.871342658996582,119.0,-1317.304961392656,-869.3565742499195,-387.39379701018333,-77.7039013793692,0.0,0.0,0.0,0.0,0.0,0.0,0.0,0.0,1750714316.589488,0.0,nothing
18.993074655532837,131.0,-1296.5559964384884,-828.5804450330324,-345.92952620144933,-48.98894951958209,0.0,0.0,0.0,0.0,0.0,0.0,0.0,0.0,1750714316.7095685,0.0,nothing
19.093680143356323,140.0,-1285.8224835656583,-824.1673630853184,-361.9213384119794,-25.36400149948895,0.0,0.0,0.0,0.0,0.0,0.0,0.0,0.0,1750714316.7996607,0.0,nothing
19.19431185722351,150.0,-1283.873995688744,-846.8236770168878,-365.85571316536516,-41.39695260953158,0.0,0.0,0.0,0.0,0.0,0.0,0.0,0.0,1750714316.903124,0.0,nothing
19.29518437385559,161.0,-1292.1990129901096,-824.3805373827927,-351.6814923333004,-53.79098106268793,0.0,0.0,0.0,0.0,0.0,0.0,0.0,0.0,1750714317.009818,0.0,nothing
19.396020889282227,171.0,-1292.8721949821338,-832.107170691248,-357.6092337630689,-51.5059021897614,0.0,0.0,0.0,0.0,0.0,0.0,0.0,0.0,1750714317.1131997,0.0,nothing
19.496400594711304,180.0,-1296.2867236416787,-836.2472399421968,-363.9184449883178,-29.545209649950266,0.0,0.0,0.0,0.0,0.0,0.0,0.0,0.0,1750714317.2032568,0.0,nothing
19.59714365005493,191.0,-1290.6806136080995,-830.3718571118079,-345.82480900269,-50.58962670061737,0.0,0.0,0.0,0.0,0.0,0.0,0.0,0.0,1750714317.3112955,0.0,nothing
19.697412729263306,200.0,-1298.8822142109275,-832.2979055889882,-372.1798839904368,-34.9044862864539,0.0,0.0,0.0,0.0,0.0,0.0,0.0,0.0,1750714317.3998277,0.0,nothing
19.79778742790222,110.0,-1336.9113869103603,-865.7849697922356,-407.7538123689592,-62.31982291163877,0.0,0.0,0.0,0.0,0.0,0.0,0.0,0.0,1750714317.5046873,0.0,nothing
19.898252725601196,120.0,-1325.0372045510449,-875.5124495769851,-406.1606149878353,-74.46701796771958,0.0,0.0,0.0,0.0,0.0,0.0,0.0,0.0,1750714317.6081593,0.0,nothing
19.999287366867065,131.0,-1276.5194824258797,-828.1353969383053,-341.2359517570585,-24.01576756546274,0.0,0.0,0.0,0.0,0.0,0.0,0.0,0.0,1750714317.7147424,0.0,nothing
20.099899768829346,141.0,-1274.743029946927,-825.4725881698541,-354.4751976002008,-24.210242363158613,0.0,0.0,0.0,0.0,0.0,0.0,0.0,0.0,1750714317.8181484,0.0,nothing
20.200952529907227,152.0,-1316.1512022563256,-860.9118801499717,-372.853065982461,-68.12040774291381,0.0,0.0,0.0,0.0,0.0,0.0,0.0,0.0,1750714317.9246755,0.0,nothing
20.30179214477539,161.0,-1263.7290245774202,-818.4640156528912,-350.11447425186634,-25.56408614711836,0.0,0.0,0.0,0.0,0.0,0.0,0.0,0.0,1750714318.0147886,0.0,nothing
20.402610063552856,171.0,-1281.014842172619,-829.9866474163719,-350.0845550522208,-29.1805694042705,0.0,0.0,0.0,0.0,0.0,0.0,0.0,0.0,1750714318.118382,0.0,nothing
20.503082513809204,180.0,-1324.6519948556088,-869.652026346419,-411.62086892314255,-73.08325498411432,0.0,0.0,0.0,0.0,0.0,0.0,0.0,0.0,1750714318.2084885,0.0,nothing
20.60363221168518,191.0,-1276.6989976237528,-816.0854392810725,-351.5356362350285,-23.256567874457687,0.0,0.0,0.0,0.0,0.0,0.0,0.0,0.0,1750714318.3149757,0.0,nothing
20.70470905303955,101.0,-1325.637458493933,-870.0503256917,-399.6008304655552,-62.546086858958006,0.0,0.0,0.0,0.0,0.0,0.0,0.0,0.0,1750714318.422681,0.0,nothing
20.80550527572632,110.0,-1284.3340033832937,-831.7761895451695,-351.1205073399469,-62.542346959002316,0.0,0.0,0.0,0.0,0.0,0.0,0.0,0.0,1750714318.5104082,0.0,nothing
20.906553268432617,120.0,-1289.6708406200632,-839.7758355503902,-351.2514038383961,-51.86493258550763,0.0,0.0,0.0,0.0,0.0,0.0,0.0,0.0,1750714318.6132264,0.0,nothing
21.007692575454712,132.0,-1269.1724489629269,-811.0309644909576,-334.343316138722,-30.801816035062075,0.0,0.0,0.0,0.0,0.0,0.0,0.0,0.0,1750714318.7330627,0.0,nothing
21.108476877212524,141.0,-1330.4095708373934,-869.8221917944029,-403.3856092207134,-67.95024229492992,0.0,0.0,0.0,0.0,0.0,0.0,0.0,0.0,1750714318.8232815,0.0,nothing
21.209215879440308,152.0,-1274.887016095221,-821.5288636665791,-331.59074977133423,-21.530604044906795,0.0,0.0,0.0,0.0,0.0,0.0,0.0,0.0,1750714318.9296172,0.0,nothing
21.310176610946655,161.0,-1328.1506712641567,-880.0134191736579,-401.20524754654616,-65.82971902005374,0.0,0.0,0.0,0.0,0.0,0.0,0.0,0.0,1750714319.0199833,0.0,nothing
21.410800457000732,171.0,-1323.1840841230005,-878.0424918970093,-413.834889696911,-66.72355510946363,0.0,0.0,0.0,0.0,0.0,0.0,0.0,0.0,1750714319.124596,0.0,nothing
21.511727333068848,182.0,-1277.1982742678374,-814.6998063474894,-335.91407412011176,-23.995198115706444,0.0,0.0,0.0,0.0,0.0,0.0,0.0,0.0,1750714319.2297008,0.0,nothing
21.611994743347168,191.0,-1326.5761733828112,-858.4080171296373,-395.068071719259,-65.83719881996512,0.0,0.0,0.0,0.0,0.0,0.0,0.0,0.0,1750714319.3197255,0.0,nothing
21.712651014328003,101.0,-1309.1239302395843,-850.2456854763441,-361.7885719635524,-67.2714504529722,0.0,0.0,0.0,0.0,0.0,0.0,0.0,0.0,1750714319.424765,0.0,nothing
21.813045740127563,109.0,-1335.1124950316735,-870.7403372335248,-404.96945685194805,-75.89191985083744,0.0,0.0,0.0,0.0,0.0,0.0,0.0,0.0,1750714319.5143743,0.0,nothing
21.913875341415405,121.0,-1312.7852922962047,-853.5966358366422,-365.640668917913,-62.813489705789834,0.0,0.0,0.0,0.0,0.0,0.0,0.0,0.0,1750714319.6340594,0.0,nothing
22.01432728767395,131.0,-1311.6072238101624,-848.5664703962393,-371.9760594428517,-64.88539428124204,0.0,0.0,0.0,0.0,0.0,0.0,0.0,0.0,1750714319.725222,0.0,nothing
22.11500859260559,141.0,-1309.4343419359066,-843.3941887575202,-373.5393376243301,-53.119669020641595,0.0,0.0,0.0,0.0,0.0,0.0,0.0,0.0,1750714319.8286035,0.0,nothing
22.216166019439697,150.0,-1280.0873469836079,-824.279560083989,-340.7441549128853,-14.329426680225879,0.0,0.0,0.0,0.0,0.0,0.0,0.0,0.0,1750714319.9184656,0.0,nothing
22.316710710525513,161.0,-1309.2697863378562,-852.1792137534358,-366.3774292091839,-62.51429770933464,0.0,0.0,0.0,0.0,0.0,0.0,0.0,0.0,1750714320.0249228,0.0,nothing
22.417444944381714,171.0,-1312.3252846016549,-862.3180825333111,-366.7028005053289,-67.33502875221893,0.0,0.0,0.0,0.0,0.0,0.0,0.0,0.0,1750714320.1283994,0.0,nothing
22.51798391342163,182.0,-1313.4397747884504,-862.8454084270634,-383.3902341076173,-37.90575600089505,0.0,0.0,0.0,0.0,0.0,0.0,0.0,0.0,1750714320.2350583,0.0,nothing
22.61900281906128,191.0,-1321.948047187645,-849.9203141801991,-365.0871637244709,-57.61128886742517,0.0,0.0,0.0,0.0,0.0,0.0,0.0,0.0,1750714320.3247995,0.0,nothing
22.71999716758728,101.0,-1274.0212292554788,-816.4706489765085,-326.40911838272586,-13.805840686429292,0.0,0.0,0.0,0.0,0.0,0.0,0.0,0.0,1750714320.4299717,0.0,nothing
22.8207426071167,111.0,-1283.258782146033,-809.2189829624258,-327.3179140719585,-23.398684072773904,0.0,0.0,0.0,0.0,0.0,0.0,0.0,0.0,1750714320.5337524,0.0,nothing
22.921489477157593,122.0,-1332.318789764773,-857.3552352921106,-388.1960055506788,-64.7133588832803,0.0,0.0,0.0,0.0,0.0,0.0,0.0,0.0,1750714320.6399808,0.0,nothing
23.022493839263916,131.0,-1272.211117676925,-803.7250699275173,-344.94406256312504,-35.96848782384768,0.0,0.0,0.0,0.0,0.0,0.0,0.0,0.0,1750714320.7298436,0.0,nothing
23.1230251789093,141.0,-1274.6981511474587,-801.6157663525082,-335.283900977578,-33.54129275260493,0.0,0.0,0.0,0.0,0.0,0.0,0.0,0.0,1750714320.8333924,0.0,nothing
23.22358250617981,150.0,-1335.321929429192,-865.4334191964008,-406.97778312815353,-64.50392448576167,0.0,0.0,0.0,0.0,0.0,0.0,0.0,0.0,1750714320.9234645,0.0,nothing
23.325063705444336,161.0,-1272.9890168677084,-804.0915801231749,-342.05311989737675,-14.340646380092949,0.0,0.0,0.0,0.0,0.0,0.0,0.0,0.0,1750714321.0297685,0.0,nothing
23.425695180892944,173.0,-1287.0846998007037,-830.3643773118965,-372.4098878377117,-37.038099211174995,0.0,0.0,0.0,0.0,0.0,0.0,0.0,0.0,1750714321.1497934,0.0,nothing
23.527220249176025,182.0,-1327.1652076258324,-875.5610682764091,-398.6452860268764,-67.43974595097825,0.0,0.0,0.0,0.0,0.0,0.0,0.0,0.0,1750714321.2397275,0.0,nothing
23.628066062927246,191.0,-1276.1230530305766,-809.5293946587481,-334.05347389215603,-14.838053074199706,0.0,0.0,0.0,0.0,0.0,0.0,0.0,0.0,1750714321.3298092,0.0,nothing
23.72928237915039,102.0,-1280.025638634339,-805.6118494551629,-329.95267359074205,-23.241608274634928,0.0,0.0,0.0,0.0,0.0,0.0,0.0,0.0,1750714321.4485369,0.0,nothing
23.829769611358643,111.0,-1316.9945496963337,-847.6483249571174,-391.1037777662277,-41.16694876225665,0.0,0.0,0.0,0.0,0.0,0.0,0.0,0.0,1750714321.5386264,0.0,nothing
23.93075203895569,122.0,-1293.8408290706575,-802.0552045973018,-350.18553235102445,-13.173797593917698,0.0,0.0,0.0,0.0,0.0,0.0,0.0,0.0,1750714321.6448774,0.0,nothing
24.031320095062256,131.0,-1323.2551422221586,-838.3097947677597,-401.2613460458815,-27.022647129837424,0.0,0.0,0.0,0.0,0.0,0.0,0.0,0.0,1750714321.734695,0.0,nothing
24.132147073745728,141.0,-1326.531294583343,-828.4177593849599,-407.9707265663892,-24.40471716085449,0.0,0.0,0.0,0.0,0.0,0.0,0.0,0.0,1750714321.8399706,0.0,nothing
24.232743740081787,152.0,-1294.0951422676444,-792.7578133074567,-360.3917193301022,-11.131812218111008,0.0,0.0,0.0,0.0,0.0,0.0,0.0,0.0,1750714321.945436,0.0,nothing
24.333373308181763,162.0,-1292.5655231857672,-791.6395832207054,-358.4320117533207,-2.21589072374627,0.0,0.0,0.0,0.0,0.0,0.0,0.0,0.0,1750714322.0484524,0.0,nothing
24.43389868736267,171.0,-1318.2661156812683,-839.0577747588977,-398.553658477962,-29.461061900947243,0.0,0.0,0.0,0.0,0.0,0.0,0.0,0.0,1750714322.13847,0.0,nothing
24.534831523895264,183.0,-1337.3470852551982,-862.7089020786807,-411.58720982354134,-62.30112341186032,0.0,0.0,0.0,0.0,0.0,0.0,0.0,0.0,1750714322.2581792,0.0,nothing
24.63564944267273,192.0,-1277.7854385608807,-805.465993356891,-343.8314423263073,-31.701261974405497,0.0,0.0,0.0,0.0,0.0,0.0,0.0,0.0,1750714322.3487687,0.0,nothing
24.736340761184692,102.0,-1288.2702480866574,-831.5237462981604,-378.4778755158186,-28.514867212157696,0.0,0.0,0.0,0.0,0.0,0.0,0.0,0.0,1750714322.4534333,0.0,nothing
24.83696985244751,111.0,-1327.2923642243259,-856.8166896984912,-395.13912981841713,-68.38968053972349,0.0,0.0,0.0,0.0,0.0,0.0,0.0,0.0,1750714322.5434017,0.0,nothing
24.937497854232788,122.0,-1302.9568352126516,-831.4115492994897,-380.7031159894541,-22.082239288371056,0.0,0.0,0.0,0.0,0.0,0.0,0.0,0.0,1750714322.6499393,0.0,nothing
25.03869342803955,132.0,-1300.2977663441561,-825.2519340724684,-372.48655578680336,-33.23088105628267,0.0,0.0,0.0,0.0,0.0,0.0,0.0,0.0,1750714322.7533755,0.0,nothing
25.139353036880493,141.0,-1329.1548344022594,-844.0374515498988,-402.06542453635484,-75.05792216071859,0.0,0.0,0.0,0.0,0.0,0.0,0.0,0.0,1750714322.8435223,0.0,nothing
25.240051984786987,152.0,-1299.5423065531068,-843.7270398535766,-378.7770675122738,-26.106371640693396,0.0,0.0,0.0,0.0,0.0,0.0,0.0,0.0,1750714322.9502647,0.0,nothing
25.340991735458374,162.0,-1291.4042842495255,-846.4870860208757,-362.3215077072382,-45.38555591227487,0.0,0.0,0.0,0.0,0.0,0.0,0.0,0.0,1750714323.0531216,0.0,nothing
25.442243337631226,171.0,-1321.8096708892845,-860.9230998498388,-383.9156900513917,-82.8743130681105,0.0,0.0,0.0,0.0,0.0,0.0,0.0,0.0,1750714323.1449132,0.0,nothing
25.54302144050598,183.0,-1293.1919564283453,-834.5268859625794,-336.5311576128006,-52.59608302684501,0.0,0.0,0.0,0.0,0.0,0.0,0.0,0.0,1750714323.2634332,0.0,nothing
25.6442973613739,192.0,-1285.8916717148386,-849.9988520792685,-358.55542845185846,-37.74868020275608,0.0,0.0,0.0,0.0,0.0,0.0,0.0,0.0,1750714323.3535218,0.0,nothing
25.745033740997314,102.0,-1332.2944804150611,-879.8451236756518,-394.62489357450977,-78.53228921955451,0.0,0.0,0.0,0.0,0.0,0.0,0.0,0.0,1750714323.4583032,0.0,nothing
25.84658408164978,113.0,-1282.8380434010178,-834.4389983136207,-343.5490798796527,-21.611011893954128,0.0,0.0,0.0,0.0,0.0,0.0,0.0,0.0,1750714323.5650115,0.0,nothing
25.94759464263916,123.0,-1270.0812446521595,-823.9971976373345,-338.41793714044616,-20.870511702727526,0.0,0.0,0.0,0.0,0.0,0.0,0.0,0.0,1750714323.668534,0.0,nothing
26.048322439193726,132.0,-1344.5089936703444,-879.6394291780889,-397.59063423937187,-73.24781058216467,0.0,0.0,0.0,0.0,0.0,0.0,0.0,0.0,1750714323.7585213,0.0,nothing
26.14901900291443,143.0,-1278.6343958508223,-834.6596524110064,-337.7036162489094,-33.48145435331389,0.0,0.0,0.0,0.0,0.0,0.0,0.0,0.0,1750714323.86497,0.0,nothing
26.249740839004517,150.0,-1319.3170275688171,-847.6632845569402,-394.5687950751744,-60.412473934236914,0.0,0.0,0.0,0.0,0.0,0.0,0.0,0.0,1750714323.9382408,0.0,nothing
26.35068941116333,162.0,-1334.7366350861266,-873.4461548514664,-392.67266579763964,-73.21041158260778,0.0,0.0,0.0,0.0,0.0,0.0,0.0,0.0,1750714324.0587416,0.0,nothing
26.451311111450195,172.0,-1334.8488320847973,-875.5629382263869,-399.60270041553304,-73.1655327831395,0.0,0.0,0.0,0.0,0.0,0.0,0.0,0.0,1750714324.1636884,0.0,nothing
26.551878213882446,183.0,-1277.3703096657991,-832.711164534092,-337.93922994611785,-22.826479379553348,0.0,0.0,0.0,0.0,0.0,0.0,0.0,0.0,1750714324.2684362,0.0,nothing
26.65280771255493,192.0,-1330.1290783407167,-882.6313491426408,-397.51583624025807,-81.11656008893624,0.0,0.0,0.0,0.0,0.0,0.0,0.0,0.0,1750714324.3586888,0.0,nothing
26.75332736968994,102.0,-1284.3153038835153,-840.682761289645,-342.5991452909075,-56.64826462883502,0.0,0.0,0.0,0.0,0.0,0.0,0.0,0.0,1750714324.463724,0.0,nothing
26.85459303855896,113.0,-1332.320659714751,-880.0526881231926,-391.0981679162942,-67.63235079869628,0.0,0.0,0.0,0.0,0.0,0.0,0.0,0.0,1750714324.5699213,0.0,nothing
26.955436944961548,123.0,-1330.1814369400963,-877.105646958109,-404.2775753601454,-63.67927654553205,0.0,0.0,0.0,0.0,0.0,0.0,0.0,0.0,1750714324.6735132,0.0,nothing
27.0567889213562,132.0,-1284.319043783471,-827.5108336457051,-345.38911065785214,-54.99522884842008,0.0,0.0,0.0,0.0,0.0,0.0,0.0,0.0,1750714324.763328,0.0,nothing
27.1570725440979,141.0,-1298.4521257160231,-841.9692868744023,-363.47526684356853,-38.13201994821429,0.0,0.0,0.0,0.0,0.0,0.0,0.0,0.0,1750714324.853245,0.0,nothing
27.25803518295288,153.0,-1325.035334601067,-866.6937654814683,-393.3121886900626,-57.2129895221442,0.0,0.0,0.0,0.0,0.0,0.0,0.0,0.0,1750714324.9737425,0.0,nothing
27.358785152435303,161.0,-1286.4320872584358,-839.8151044999249,-360.9994530729018,-39.287649034522474,0.0,0.0,0.0,0.0,0.0,0.0,0.0,0.0,1750714325.050085,0.0,nothing
27.459567308425903,173.0,-1322.4286243319511,-882.2367896973155,-404.70392395509407,-77.51316648162901,0.0,0.0,0.0,0.0,0.0,0.0,0.0,0.0,1750714325.170468,0.0,nothing
27.5603928565979,183.0,-1305.243784035556,-881.6945042037405,-402.66941837919876,-65.89703721925616,0.0,0.0,0.0,0.0,0.0,0.0,0.0,0.0,1750714325.2739313,0.0,nothing
27.661466598510742,194.0,-1231.3097018115222,-832.5634384858422,-328.56704065715894,-37.08858786057681,0.0,0.0,0.0,0.0,0.0,0.0,0.0,0.0,1750714325.3801627,0.0,nothing
27.76243782043457,102.0,-1252.5448537599295,-835.8040617974475,-342.3803611434996,-48.246579378377646,0.0,0.0,0.0,0.0,0.0,0.0,0.0,0.0,1750714325.4685435,0.0,nothing
27.863383293151855,113.0,-1288.6947267316282,-857.832072536461,-365.00675587542355,-70.61866091331467,0.0,0.0,0.0,0.0,0.0,0.0,0.0,0.0,1750714325.5750792,0.0,nothing
27.964391708374023,123.0,-1290.6357348086312,-851.4443234121427,-360.44407792948186,-58.14983446104452,0.0,0.0,0.0,0.0,0.0,0.0,0.0,0.0,1750714325.678331,0.0,nothing
28.06507134437561,134.0,-1310.696558170952,-865.1547966497019,-384.83570544049144,-59.65327424323186,0.0,0.0,0.0,0.0,0.0,0.0,0.0,0.0,1750714325.7854044,0.0,nothing
28.166107892990112,143.0,-1308.6396131953225,-855.3749582655728,-364.85715987719595,-70.65979981282726,0.0,0.0,0.0,0.0,0.0,0.0,0.0,0.0,1750714325.8748443,0.0,nothing
28.267049312591553,153.0,-1311.250063364394,-842.2591291209683,-364.7748820781708,-66.08216226706281,0.0,0.0,0.0,0.0,0.0,0.0,0.0,0.0,1750714325.9784818,0.0,nothing
28.367785692214966,162.0,-1281.7459926139563,-817.5645697135478,-353.14379321597517,-30.37733739009127,0.0,0.0,0.0,0.0,0.0,0.0,0.0,0.0,1750714326.0687916,0.0,nothing
28.4682297706604,174.0,-1322.4248844319955,-856.5605065515265,-388.28389319963753,-50.655074949841946,0.0,0.0,0.0,0.0,0.0,0.0,0.0,0.0,1750714326.1884904,0.0,nothing
28.568743467330933,182.0,-1287.744792142883,-832.3895331379026,-345.7126120040193,-25.680023045744747,0.0,0.0,0.0,0.0,0.0,0.0,0.0,0.0,1750714326.2647889,0.0,nothing
28.669223070144653,194.0,-1318.5615677777678,-865.4689482459798,-388.5868250960484,-38.01795299956575,0.0,0.0,0.0,0.0,0.0,0.0,0.0,0.0,1750714326.3846712,0.0,nothing
28.769925594329834,102.0,-1334.9647689834237,-875.6676554251462,-402.2299801344052,-62.03933041496202,0.0,0.0,0.0,0.0,0.0,0.0,0.0,0.0,1750714326.4733677,0.0,nothing
28.87045168876648,114.0,-1329.41475744918,-876.0117262210697,-384.4804149447009,-70.58500181371346,0.0,0.0,0.0,0.0,0.0,0.0,0.0,0.0,1750714326.593897,0.0,nothing
28.97129487991333,123.0,-1278.6119564510882,-819.8795677861199,-334.0553438421339,-19.236175422091037,0.0,0.0,0.0,0.0,0.0,0.0,0.0,0.0,1750714326.683519,0.0,nothing
29.071929931640625,134.0,-1330.981775530614,-872.9113491578028,-373.8403995707631,-66.03354356763884,0.0,0.0,0.0,0.0,0.0,0.0,0.0,0.0,1750714326.790274,0.0,nothing
29.172681093215942,143.0,-1278.963507046923,-816.8951276214793,-339.9120271727443,-15.88522506179288,0.0,0.0,0.0,0.0,0.0,0.0,0.0,0.0,1750714326.8795853,0.0,nothing
29.27350664138794,155.0,-1296.3690014407039,-845.7634153794497,-363.40981859434396,-38.582677892874926,0.0,0.0,0.0,0.0,0.0,0.0,0.0,0.0,1750714326.9995985,0.0,nothing
29.374318838119507,164.0,-1328.8724719556049,-859.3392522186041,-385.5874253315851,-62.26372441230342,0.0,0.0,0.0,0.0,0.0,0.0,0.0,0.0,1750714327.0907717,0.0,nothing
29.475173473358154,174.0,-1330.9032376315445,-869.9979670923203,-391.3992298627272,-62.435759810265154,0.0,0.0,0.0,0.0,0.0,0.0,0.0,0.0,1750714327.1935036,0.0,nothing
29.57645273208618,183.0,-1274.8570968955755,-816.8614685218781,-334.9641395313665,-18.551773730199784,0.0,0.0,0.0,0.0,0.0,0.0,0.0,0.0,1750714327.283468,0.0,nothing
29.677085638046265,194.0,-1325.2111098989844,-876.3894561165944,-389.7424541823566,-70.22597141796723,0.0,0.0,0.0,0.0,0.0,0.0,0.0,0.0,1750714327.3904357,0.0,nothing
29.778083324432373,104.0,-1276.8822527215816,-819.4064704417251,-331.5309113720432,-32.46420156536624,0.0,0.0,0.0,0.0,0.0,0.0,0.0,0.0,1750714327.4950123,0.0,nothing
29.87867784500122,113.0,-1323.3766889707185,-860.7061856524087,-395.54303901363164,-42.95462094107643,0.0,0.0,0.0,0.0,0.0,0.0,0.0,0.0,1750714327.5848017,0.0,nothing
29.980013847351074,123.0,-1317.8565966361202,-858.436066379305,-388.8822771925479,-43.21267403801903,0.0,0.0,0.0,0.0,0.0,0.0,0.0,0.0,1750714327.6884522,0.0,nothing
30.081245183944702,134.0,-1292.0101480423473,-815.5319340876304,-334.3769752383232,-33.63105035154149,0.0,0.0,0.0,0.0,0.0,0.0,0.0,0.0,1750714327.7947524,0.0,nothing
30.181668996810913,144.0,-1271.9418448801152,-807.9586366773583,-332.33124996256083,-35.13075023377314,0.0,0.0,0.0,0.0,0.0,0.0,0.0,0.0,1750714327.8986251,0.0,nothing
30.282490015029907,153.0,-1311.0948575162329,-853.1815069415607,-395.21392781753093,-57.31209687096998,0.0,0.0,0.0,0.0,0.0,0.0,0.0,0.0,1750714327.9886036,0.0,nothing
30.383692979812622,164.0,-1283.3261003452353,-808.9721495653503,-332.9707728549838,-35.58327812841162,0.0,0.0,0.0,0.0,0.0,0.0,0.0,0.0,1750714328.0951421,0.0,nothing
30.4844331741333,174.0,-1272.775842570234,-818.3592984541319,-335.72707912232727,-31.117837581317872,0.0,0.0,0.0,0.0,0.0,0.0,0.0,0.0,1750714328.198809,0.0,nothing
30.585670709609985,185.0,-1335.8567351228558,-870.9198524313979,-404.57489740662277,-80.67899179412052,0.0,0.0,0.0,0.0,0.0,0.0,0.0,0.0,1750714328.3048239,0.0,nothing
30.686310529708862,192.0,-1306.4237224715762,-837.9825535216369,-367.41525144688785,-67.6043015490286,0.0,0.0,0.0,0.0,0.0,0.0,0.0,0.0,1750714328.3782225,0.0,nothing
30.786747694015503,104.0,-1300.2472776947543,-850.4233307242393,-378.7602379624732,-28.54665636178106,0.0,0.0,0.0,0.0,0.0,0.0,0.0,0.0,1750714328.5000265,0.0,nothing
30.8875470161438,113.0,-1320.5698940539733,-858.9615223230794,-391.0869482164271,-75.9611080000177,0.0,0.0,0.0,0.0,0.0,0.0,0.0,0.0,1750714328.5899382,0.0,nothing
30.988159894943237,125.0,-1289.5362042216584,-826.0691022127867,-347.31515913503245,-41.44183140899986,0.0,0.0,0.0,0.0,0.0,0.0,0.0,0.0,1750714328.7099063,0.0,nothing
31.08917474746704,134.0,-1294.99271825701,-838.1714184693992,-368.47925298428163,-49.134805617854,0.0,0.0,0.0,0.0,0.0,0.0,0.0,0.0,1750714328.7999575,0.0,nothing
31.189850330352783,143.0,-1325.6561579937115,-857.1701102443039,-388.54755614651367,-85.57639078609645,0.0,0.0,0.0,0.0,0.0,0.0,0.0,0.0,1750714328.8898656,0.0,nothing
31.290772914886475,154.0,-1304.4696247447282,-847.2257162621245,-383.128441110719,-45.81003455724567,0.0,0.0,0.0,0.0,0.0,0.0,0.0,0.0,1750714329.009093,0.0,nothing
31.391894817352295,165.0,-1295.849155346863,-818.8136962987483,-349.334705111105,-55.15604454651475,0.0,0.0,0.0,0.0,0.0,0.0,0.0,0.0,1750714329.1139395,0.0,nothing
31.49319100379944,174.0,-1298.766277312301,-843.8261472024024,-380.7498647389002,-48.061454330570996,0.0,0.0,0.0,0.0,0.0,0.0,0.0,0.0,1750714329.2035499,0.0,nothing
31.594103574752808,185.0,-1290.493618610315,-826.7385443048552,-344.2147820717655,-42.492743296548724,0.0,0.0,0.0,0.0,0.0,0.0,0.0,0.0,1750714329.3096657,0.0,nothing
31.694401025772095,194.0,-1300.7259848890826,-844.9331575892866,-382.6347743165679,-33.86105419881642,0.0,0.0,0.0,0.0,0.0,0.0,0.0,0.0,1750714329.399752,0.0,nothing
31.7950656414032,104.0,-1330.3085935385898,-883.1642848863266,-403.32577082142234,-70.40174671588466,0.0,0.0,0.0,0.0,0.0,0.0,0.0,0.0,1750714329.5046616,0.0,nothing
31.89523434638977,114.0,-1340.3128259200603,-877.2028843569569,-400.3375907568261,-72.12210069550201,0.0,0.0,0.0,0.0,0.0,0.0,0.0,0.0,1750714329.6082127,0.0,nothing
31.995619535446167,125.0,-1286.42834735848,-824.3356585833244,-354.2059248033911,-18.510634830687195,0.0,0.0,0.0,0.0,0.0,0.0,0.0,0.0,1750714329.7147725,0.0,nothing
32.09697914123535,134.0,-1330.2487551392987,-863.8813607147895,-400.69662115257233,-74.8297882634215,0.0,0.0,0.0,0.0,0.0,0.0,0.0,0.0,1750714329.804628,0.0,nothing
32.19744801521301,144.0,-1333.1920564044267,-870.0596754415892,-408.2998377624899,-66.60200836090371,0.0,0.0,0.0,0.0,0.0,0.0,0.0,0.0,1750714329.9086833,0.0,nothing
32.29909586906433,155.0,-1285.8972815647721,-826.7179748550989,-358.03558235801756,-34.54732584068552,0.0,0.0,0.0,0.0,0.0,0.0,0.0,0.0,1750714330.0152397,0.0,nothing
32.400307178497314,164.0,-1328.4760425603017,-866.8284018798731,-428.9440855178982,-70.4989841147326,0.0,0.0,0.0,0.0,0.0,0.0,0.0,0.0,1750714330.104967,0.0,nothing
32.50138783454895,174.0,-1317.7238301876932,-857.362715092022,-412.7241394100711,-61.77379751810804,0.0,0.0,0.0,0.0,0.0,0.0,0.0,0.0,1750714330.208726,0.0,nothing
32.60218954086304,185.0,-1290.9947652043775,-834.9719340573065,-360.3281410308555,-29.367564402054995,0.0,0.0,0.0,0.0,0.0,0.0,0.0,0.0,1750714330.3135805,0.0,nothing
32.702829122543335,195.0,-1284.7566120782867,-829.6463165204041,-354.6846319977194,-14.636098476592451,0.0,0.0,0.0,0.0,0.0,0.0,0.0,0.0,1750714330.4185483,0.0,nothing
32.80349612236023,104.0,-1293.087239229586,-827.0433461512439,-341.8006766503677,-43.75682948157191,0.0,0.0,0.0,0.0,0.0,0.0,0.0,0.0,1750714330.5100696,0.0,nothing
32.904402017593384,113.0,-1309.7148344325833,-848.0428844024427,-377.2848474299535,-34.89326658658683,0.0,0.0,0.0,0.0,0.0,0.0,0.0,0.0,1750714330.5997868,0.0,nothing
33.00537061691284,124.0,-1287.2941341982223,-828.4794677342288,-341.3556285556406,-34.12284719571471,0.0,0.0,0.0,0.0,0.0,0.0,0.0,0.0,1750714330.7190068,0.0,nothing
33.10644483566284,135.0,-1322.3182972832583,-871.7127112220041,-407.98942606616765,-71.1104577574879,0.0,0.0,0.0,0.0,0.0,0.0,0.0,0.0,1750714330.8232074,0.0,nothing
33.20698308944702,144.0,-1276.4858233262785,-833.1917416783981,-342.51125764194876,-33.4982839031145,0.0,0.0,0.0,0.0,0.0,0.0,0.0,0.0,1750714330.9135892,0.0,nothing
33.308027267456055,155.0,-1325.3812753469683,-875.7443233742379,-404.92270810250193,-74.08367822226137,0.0,0.0,0.0,0.0,0.0,0.0,0.0,0.0,1750714331.0199127,0.0,nothing
33.40885806083679,163.0,-1306.3489244724624,-855.7021995116957,-374.1807304667309,-38.54714884329587,0.0,0.0,0.0,0.0,0.0,0.0,0.0,0.0,1750714331.1096811,0.0,nothing
33.50938653945923,176.0,-1274.1558656538837,-816.1976362797432,-338.91347388457507,-20.408634058199823,0.0,0.0,0.0,0.0,0.0,0.0,0.0,0.0,1750714331.2299132,0.0,nothing
33.61067271232605,185.0,-1337.4274931042455,-874.8841463844292,-401.2688258457929,-71.3647709544748,0.0,0.0,0.0,0.0,0.0,0.0,0.0,0.0,1750714331.3199472,0.0,nothing
33.71174240112305,195.0,-1330.3516023880802,-874.2184441923164,-404.2607458103448,-75.28418610803783,0.0,0.0,0.0,0.0,0.0,0.0,0.0,0.0,1750714331.4235866,0.0,nothing
33.81285858154297,104.0,-1290.929316955153,-842.7901949146762,-351.5524657848291,-27.450865674763918,0.0,0.0,0.0,0.0,0.0,0.0,0.0,0.0,1750714331.5146923,0.0,nothing
33.913867712020874,116.0,-1324.023691663053,-881.7262933533639,-392.30241570202634,-49.36667941510677,0.0,0.0,0.0,0.0,0.0,0.0,0.0,0.0,1750714331.6352284,0.0,nothing
34.01421332359314,123.0,-1330.426400387194,-873.5658316500485,-400.11880660941824,-71.073058757931,0.0,0.0,0.0,0.0,0.0,0.0,0.0,0.0,1750714331.7083979,0.0,nothing
34.11510753631592,135.0,-1301.8386051259004,-847.7530421558768,-362.480453455355,-66.37574441358447,0.0,0.0,0.0,0.0,0.0,0.0,0.0,0.0,1750714331.8285608,0.0,nothing
34.21612000465393,144.0,-1283.9618833377026,-838.4930498655885,-364.1634084354155,-33.52820310276002,0.0,0.0,0.0,0.0,0.0,0.0,0.0,0.0,1750714331.9185505,0.0,nothing
34.31696367263794,156.0,-1316.3681164537556,-871.3705103760585,-397.07078814553097,-52.8036474743858,0.0,0.0,0.0,0.0,0.0,0.0,0.0,0.0,1750714332.0385993,0.0,nothing
34.41752076148987,165.0,-1304.714588191826,-850.5467474227771,-349.4132430101745,-56.01622153632343,0.0,0.0,0.0,0.0,0.0,0.0,0.0,0.0,1750714332.1286757,0.0,nothing
34.51814389228821,176.0,-1325.7515254425816,-862.0282402867451,-401.71574389049783,-54.146271558478475,0.0,0.0,0.0,0.0,0.0,0.0,0.0,0.0,1750714332.2346349,0.0,nothing
34.618855714797974,185.0,-1302.3696709196083,-845.5053622825071,-358.35908370418474,-57.13071172311902,0.0,0.0,0.0,0.0,0.0,0.0,0.0,0.0,1750714332.3248017,0.0,nothing
34.71970510482788,197.0,-1270.8535339930095,-821.9477324616164,-335.2502418779768,-25.165786801837385,0.0,0.0,0.0,0.0,0.0,0.0,0.0,0.0,1750714332.444687,0.0,nothing
34.82111144065857,105.0,-1273.1647921656258,-820.2086789822206,-340.92180016078055,-21.775567492004484,0.0,0.0,0.0,0.0,0.0,0.0,0.0,0.0,1750714332.5335784,0.0,nothing
34.92188334465027,114.0,-1333.923206845764,-874.2726727416739,-407.70145376957953,-79.2802692106925,0.0,0.0,0.0,0.0,0.0,0.0,0.0,0.0,1750714332.6233575,0.0,nothing
35.022836685180664,126.0,-1324.7529721544124,-855.4422764647752,-377.9206304224208,-63.49789139768109,0.0,0.0,0.0,0.0,0.0,0.0,0.0,0.0,1750714332.743272,0.0,nothing
35.12357831001282,135.0,-1278.7522026994266,-827.3406681977212,-339.70633267518133,-18.903324326034635,0.0,0.0,0.0,0.0,0.0,0.0,0.0,0.0,1750714332.8334088,0.0,nothing
35.22425174713135,146.0,-1324.6557347555645,-859.2494946196675,-381.6605303781107,-64.7544977827929,0.0,0.0,0.0,0.0,0.0,0.0,0.0,0.0,1750714332.9399843,0.0,nothing
35.32495665550232,155.0,-1273.4078856627457,-824.7227382287383,-344.426086419262,-14.976429372560233,0.0,0.0,0.0,0.0,0.0,0.0,0.0,0.0,1750714333.0298748,0.0,nothing
35.42545437812805,165.0,-1275.876219633501,-819.8833076860756,-350.96343154180795,-17.646717940922827,0.0,0.0,0.0,0.0,0.0,0.0,0.0,0.0,1750714333.1334414,0.0,nothing
35.52611494064331,176.0,-1311.4277086122893,-854.2492483789101,-381.11824488453567,-67.28641005279496,0.0,0.0,0.0,0.0,0.0,0.0,0.0,0.0,1750714333.2398193,0.0,nothing
35.62695813179016,185.0,-1288.5021218839101,-805.1705412603915,-352.5341895231977,-18.33859943272546,0.0,0.0,0.0,0.0,0.0,0.0,0.0,0.0,1750714333.3298578,0.0,nothing
35.72734236717224,195.0,-1276.093133830931,-817.8899410096928,-347.55264278221875,-20.245948410127312,0.0,0.0,0.0,0.0,0.0,0.0,0.0,0.0,1750714333.4334867,0.0,nothing
35.82768130302429,105.0,-1327.9618063163944,-858.5950121274218,-402.20380083471537,-57.717876016162336,0.0,0.0,0.0,0.0,0.0,0.0,0.0,0.0,1750714333.538279,0.0,nothing
35.928409576416016,115.0,-1325.9796593398787,-866.0486327391118,-402.8620232269168,-54.935390449129045,0.0,0.0,0.0,0.0,0.0,0.0,0.0,0.0,1750714333.6310804,0.0,nothing
36.02891302108765,126.0,-1267.4801442329772,-811.1506412895396,-334.07030344195664,-21.055636750534177,0.0,0.0,0.0,0.0,0.0,0.0,0.0,0.0,1750714333.7484467,0.0,nothing
36.12979865074158,135.0,-1326.6304019321688,-864.0739655625075,-401.35110364481807,-61.379238072782755,0.0,0.0,0.0,0.0,0.0,0.0,0.0,0.0,1750714333.838291,0.0,nothing
36.23051071166992,144.0,-1303.4804212064482,-838.5341887651011,-360.22342383209616,-48.32324732746929,0.0,0.0,0.0,0.0,0.0,0.0,0.0,0.0,1750714333.9284177,0.0,nothing
36.33106565475464,155.0,-1326.3686089352705,-868.1841156138107,-402.17014173511416,-59.89823769032955,0.0,0.0,0.0,0.0,0.0,0.0,0.0,0.0,1750714334.0349035,0.0,nothing
36.43160033226013,167.0,-1326.0918563385494,-867.6455700201914,-401.83729063905776,-79.09140426293015,0.0,0.0,0.0,0.0,0.0,0.0,0.0,0.0,1750714334.1548505,0.0,nothing
36.5323269367218,176.0,-1266.806962240953,-809.2694716118276,-334.62754853535444,-24.18967291340232,0.0,0.0,0.0,0.0,0.0,0.0,0.0,0.0,1750714334.2446775,0.0,nothing
36.63289523124695,186.0,-1270.1130338017829,-821.9963511610404,-339.47445887792856,-16.9716659989208,0.0,0.0,0.0,0.0,0.0,0.0,0.0,0.0,1750714334.3482163,0.0,nothing
36.733532190322876,194.0,-1292.2420218396,-835.9199986960739,-358.9892568467185,-47.683724435046315,0.0,0.0,0.0,0.0,0.0,0.0,0.0,0.0,1750714334.423436,0.0,nothing
36.834327936172485,105.0,-1324.7641918542795,-852.8336962456815,-377.25305828033015,-53.85268941195682,0.0,0.0,0.0,0.0,0.0,0.0,0.0,0.0,1750714334.543269,0.0,nothing
36.9351110458374,116.0,-1304.5949113932438,-847.6576747070067,-390.8625542190857,-48.7813850720413,0.0,0.0,0.0,0.0,0.0,0.0,0.0,0.0,1750714334.6500196,0.0,nothing
37.035582304000854,126.0,-1318.5858771274798,-856.4240002031438,-390.51474352320656,-53.172027620021254,0.0,0.0,0.0,0.0,0.0,0.0,0.0,0.0,1750714334.7533493,0.0,nothing
37.136101961135864,134.0,-1279.0326951961033,-824.436635882128,-349.7797532058321,-26.528980335686356,0.0,0.0,0.0,0.0,0.0,0.0,0.0,0.0,1750714334.829574,0.0,nothing
37.23657274246216,146.0,-1316.6186897507869,-849.5313645848073,-393.1251936922781,-45.58377060992643,0.0,0.0,0.0,0.0,0.0,0.0,0.0,0.0,1750714334.9496422,0.0,nothing
37.33686184883118,156.0,-1313.4883934878744,-853.8509490336291,-387.7659170557745,-47.120869491714984,0.0,0.0,0.0,0.0,0.0,0.0,0.0,0.0,1750714335.0533612,0.0,nothing
37.43784213066101,167.0,-1267.4016063339077,-816.3883711774834,-340.86757161142305,-47.1507886913605,0.0,0.0,0.0,0.0,0.0,0.0,0.0,0.0,1750714335.1599991,0.0,nothing
37.53854298591614,176.0,-1314.9806135701947,-842.5265319678001,-396.47988395253196,-61.994451615493745,0.0,0.0,0.0,0.0,0.0,0.0,0.0,0.0,1750714335.2496612,0.0,nothing
37.63931393623352,186.0,-1320.089316909667,-845.3912953338586,-398.4321117294021,-53.80781061248854,0.0,0.0,0.0,0.0,0.0,0.0,0.0,0.0,1750714335.353268,0.0,nothing
37.73978281021118,195.0,-1319.2889783191495,-829.8856701175682,-382.76941071497276,-81.80470168078318,0.0,0.0,0.0,0.0,0.0,0.0,0.0,0.0,1750714335.443545,0.0,nothing
37.840290784835815,105.0,-1270.1504328013398,-804.6413454166614,-347.2422310858965,-32.52403996465728,0.0,0.0,0.0,0.0,0.0,0.0,0.0,0.0,1750714335.5487213,0.0,nothing
37.9408233165741,116.0,-1325.8038840419613,-850.9188674683683,-397.4503879910335,-75.6824854533188,0.0,0.0,0.0,0.0,0.0,0.0,0.0,0.0,1750714335.6549103,0.0,nothing
38.04205393791199,126.0,-1331.3576354761608,-845.7017070301808,-394.83245802205056,-76.5389225431718,0.0,0.0,0.0,0.0,0.0,0.0,0.0,0.0,1750714335.758494,0.0,nothing
38.1425666809082,135.0,-1274.0212292554788,-804.2149968217127,-342.6384142404422,-27.10866482881829,0.0,0.0,0.0,0.0,0.0,0.0,0.0,0.0,1750714335.8486192,0.0,nothing
38.2428994178772,146.0,-1329.2371122012846,-855.7956970105879,-404.2383064106107,-62.20388601301238,0.0,0.0,0.0,0.0,0.0,0.0,0.0,0.0,1750714335.9546716,0.0,nothing
38.34381437301636,156.0,-1326.4209675346501,-844.9537270390429,-392.330464951694,-77.88154662726447,0.0,0.0,0.0,0.0,0.0,0.0,0.0,0.0,1750714336.0587811,0.0,nothing
38.44440197944641,167.0,-1305.6196439811029,-840.79121838836,-372.86054578237236,-36.04328582296148,0.0,0.0,0.0,0.0,0.0,0.0,0.0,0.0,1750714336.1654701,0.0,nothing
38.545268058776855,176.0,-1333.575396149885,-868.0438693654723,-391.23841416463256,-75.5366293550469,0.0,0.0,0.0,0.0,0.0,0.0,0.0,0.0,1750714336.254897,0.0,nothing
38.64582562446594,186.0,-1327.8907482172363,-861.3831075443886,-390.1089643780142,-78.13959972420707,0.0,0.0,0.0,0.0,0.0,0.0,0.0,0.0,1750714336.358317,0.0,nothing
38.747076749801636,196.0,-1330.680713584181,-860.1863395585679,-391.1935353651643,-74.44457856798545,0.0,0.0,0.0,0.0,0.0,0.0,0.0,0.0,1750714336.4639452,0.0,nothing
38.84762668609619,107.0,-1336.4775585155003,-865.5138270454481,-408.6065095588565,-67.99138119444251,0.0,0.0,0.0,0.0,0.0,0.0,0.0,0.0,1750714336.570112,0.0,nothing
38.948660135269165,116.0,-1280.2257232819684,-804.6170360669494,-337.29783710371703,-42.818114592693746,0.0,0.0,0.0,0.0,0.0,0.0,0.0,0.0,1750714336.6601756,0.0,nothing
39.04924249649048,126.0,-1277.4170584152453,-802.5039925919846,-340.14390096999705,-37.387779857032,0.0,0.0,0.0,0.0,0.0,0.0,0.0,0.0,1750714336.7637527,0.0,nothing
39.15082001686096,135.0,-1313.5856308867224,-844.1627381984144,-388.1754361009225,-52.927064172923565,0.0,0.0,0.0,0.0,0.0,0.0,0.0,0.0,1750714336.8534899,0.0,nothing
39.251126766204834,147.0,-1340.3184357699938,-869.0592522034422,-404.05505131278187,-73.4404154298827,0.0,0.0,0.0,0.0,0.0,0.0,0.0,0.0,1750714336.9741411,0.0,nothing
39.35202598571777,156.0,-1273.6472392599098,-810.9973053913563,-340.3159363679588,-27.996891068294644,0.0,0.0,0.0,0.0,0.0,0.0,0.0,0.0,1750714337.0632455,0.0,nothing
39.45314335823059,167.0,-1336.1746266190894,-873.4311952516437,-401.17906824685633,-76.51461319345981,0.0,0.0,0.0,0.0,0.0,0.0,0.0,0.0,1750714337.16988,0.0,nothing
39.55401420593262,176.0,-1275.9210984329693,-814.4043542509899,-336.4264404140413,-44.482370072975755,0.0,0.0,0.0,0.0,0.0,0.0,0.0,0.0,1750714337.2601595,0.0,nothing
39.654664516448975,186.0,-1284.2199364346452,-811.0721033904701,-350.74277744442225,-36.95395146217197,0.0,0.0,0.0,0.0,0.0,0.0,0.0,0.0,1750714337.3633313,0.0,nothing
39.75530409812927,195.0,-1315.8146112603135,-853.4264703886583,-394.7800994226709,-38.461131144315004,0.0,0.0,0.0,0.0,0.0,0.0,0.0,0.0,1750714337.4536984,0.0,nothing
39.85670852661133,107.0,-1295.2657309537753,-821.4521957174875,-345.51813720632344,-46.42898799991235,0.0,0.0,0.0,0.0,0.0,0.0,0.0,0.0,1750714337.575262,0.0,nothing
39.957340240478516,117.0,-1295.5275239506736,-814.6754969977774,-354.6135738985613,-41.19312806194648,0.0,0.0,0.0,0.0,0.0,0.0,0.0,0.0,1750714337.678647,0.0,nothing
40.05826807022095,126.0,-1308.7256308943033,-833.8836231702007,-382.5543664675206,-33.432835653889924,0.0,0.0,0.0,0.0,0.0,0.0,0.0,0.0,1750714337.768605,0.0,nothing
40.16122770309448,138.0,-1332.4141572136432,-865.0893484004773,-404.68709440529346,-67.32006915239617,0.0,0.0,0.0,0.0,0.0,0.0,0.0,0.0,1750714337.8885643,0.0,nothing
40.262606143951416,147.0,-1299.8321487996727,-813.5423073112033,-346.2025388982147,-44.267325825523585,0.0,0.0,0.0,0.0,0.0,0.0,0.0,0.0,1750714337.9790373,0.0,nothing
40.363452672958374,158.0,-1334.9647689834237,-868.2271244633012,-397.36063039209694,-75.29727575788274,0.0,0.0,0.0,0.0,0.0,0.0,0.0,0.0,1750714338.0847847,0.0,nothing
40.46412754058838,167.0,-1295.811756347306,-823.3969436944462,-344.3924273196608,-48.09324348019436,0.0,0.0,0.0,0.0,0.0,0.0,0.0,0.0,1750714338.1751595,0.0,nothing
40.56549072265625,177.0,-1294.1213215673342,-817.6935962620191,-332.9745127549395,-44.12894952716306,0.0,0.0,0.0,0.0,0.0,0.0,0.0,0.0,1750714338.2782676,0.0,nothing
40.66680669784546,186.0,-1308.0823681019247,-858.5632229777984,-367.5012691458687,-35.044732534792274,0.0,0.0,0.0,0.0,0.0,0.0,0.0,0.0,1750714338.3843958,0.0,nothing
40.77035164833069,195.0,-1321.3664927445352,-865.2763433982618,-379.74944150075316,-74.24636387033388,0.0,0.0,0.0,0.0,0.0,0.0,0.0,0.0,1750714338.4586167,0.0,nothing
40.8718376159668,107.0,-1292.4776355368085,-825.4557586200535,-352.74362392071635,-28.518607112113386,0.0,0.0,0.0,0.0,0.0,0.0,0.0,0.0,1750714338.5784023,0.0,nothing
40.97206473350525,117.0,-1294.9010907080956,-827.198551999405,-359.41186554171145,-31.798499373253435,0.0,0.0,0.0,0.0,0.0,0.0,0.0,0.0,1750714338.6835651,0.0,nothing
41.072694063186646,126.0,-1341.029016761575,-865.7756200423464,-397.4429081911221,-78.25553662283346,0.0,0.0,0.0,0.0,0.0,0.0,0.0,0.0,1750714338.7736194,0.0,nothing
41.17346906661987,138.0,-1313.383676289115,-841.1072399346158,-366.29702136013657,-59.09602914983407,0.0,0.0,0.0,0.0,0.0,0.0,0.0,0.0,1750714338.893823,0.0,nothing
41.27440118789673,149.0,-1313.5818909867667,-844.8359201904386,-415.03165768273175,-55.06815689755604,0.0,0.0,0.0,0.0,0.0,0.0,0.0,0.0,1750714339.0005453,0.0,nothing
41.37580871582031,158.0,-1314.965653970372,-840.3256008438766,-374.9287104578689,-64.07009609090164,0.0,0.0,0.0,0.0,0.0,0.0,0.0,0.0,1750714339.0897465,0.0,nothing
41.47655987739563,168.0,-1305.268093385268,-827.5575823951513,-371.4019847996533,-63.11268170224503,0.0,0.0,0.0,0.0,0.0,0.0,0.0,0.0,1750714339.1936913,0.0,nothing
41.57772159576416,177.0,-1297.2647074800916,-829.334034874104,-363.7239701906219,-26.4018237371929,0.0,0.0,0.0,0.0,0.0,0.0,0.0,0.0,1750714339.2838728,0.0,nothing
41.678587913513184,187.0,-1287.7653615926392,-818.6154816010967,-364.71504367887974,-31.23377447994426,0.0,0.0,0.0,0.0,0.0,0.0,0.0,0.0,1750714339.38917,0.0,nothing
41.77950739860535,197.0,-1289.3922180733643,-821.988871361129,-356.1768520800397,-31.93687567161396,0.0,0.0,0.0,0.0,0.0,0.0,0.0,0.0,1750714339.4800513,0.0,nothing
41.881011724472046,108.0,-1277.7611292111687,-810.8420995431952,-347.6741895307787,-19.466179269365966,0.0,0.0,0.0,0.0,0.0,0.0,0.0,0.0,1750714339.5987115,0.0,nothing
41.98245692253113,117.0,-1332.8348959586583,-858.3500486803241,-418.3283794936724,-76.7390071908012,0.0,0.0,0.0,0.0,0.0,0.0,0.0,0.0,1750714339.6887343,0.0,nothing
42.0829553604126,128.0,-1282.4173046560027,-799.8991522728465,-356.01790633192286,-28.93560595717281,0.0,0.0,0.0,0.0,0.0,0.0,0.0,0.0,1750714339.7951477,0.0,nothing
42.18360257148743,138.0,-1281.5234685665928,-804.8769591138698,-353.3438778636046,-21.485725245438516,0.0,0.0,0.0,0.0,0.0,0.0,0.0,0.0,1750714339.898544,0.0,nothing
42.284724712371826,149.0,-1325.1755808494054,-837.0326189328916,-377.0211844830774,-71.17403605673462,0.0,0.0,0.0,0.0,0.0,0.0,0.0,0.0,1750714340.0055003,0.0,nothing
42.38518214225769,158.0,-1281.1868775705807,-822.0057009109296,-350.4379755980335,-23.538930321112275,0.0,0.0,0.0,0.0,0.0,0.0,0.0,0.0,1750714340.0948005,0.0,nothing
42.485668420791626,168.0,-1280.9587436732836,-819.4476093412377,-356.6611691243015,-15.842216212302446,0.0,0.0,0.0,0.0,0.0,0.0,0.0,0.0,1750714340.19864,0.0,nothing
42.586674213409424,178.0,-1286.2282627108507,-813.8751584072597,-351.8815769809298,-18.377868382260203,0.0,0.0,0.0,0.0,0.0,0.0,0.0,0.0,1750714340.2928936,0.0,nothing
42.68764925003052,189.0,-1329.6522410963662,-855.1262549185194,-392.51558999950066,-68.02130039408803,0.0,0.0,0.0,0.0,0.0,0.0,0.0,0.0,1750714340.408633,0.0,nothing
42.7881600856781,197.0,-1332.8535954584368,-869.9063395434059,-418.9903417858295,-75.66939580347389,0.0,0.0,0.0,0.0,0.0,0.0,0.0,0.0,1750714340.4847257,0.0,nothing
42.8897123336792,108.0,-1329.1193053526804,-861.7982364394702,-413.0700801559724,-63.87562129320577,0.0,0.0,0.0,0.0,0.0,0.0,0.0,0.0,1750714340.603762,0.0,nothing
42.991097927093506,119.0,-1272.5159195233136,-804.2075170218013,-347.6367905312218,-23.60437857033685,0.0,0.0,0.0,0.0,0.0,0.0,0.0,0.0,1750714340.7097304,0.0,nothing
43.093440771102905,129.0,-1267.8223450789228,-819.3466320424341,-340.807733212132,-25.22001535119489,0.0,0.0,0.0,0.0,0.0,0.0,0.0,0.0,1750714340.8137324,0.0,nothing
43.19443917274475,138.0,-1328.0459540653974,-868.6011144588701,-407.05258112726733,-58.46772595727816,0.0,0.0,0.0,0.0,0.0,0.0,0.0,0.0,1750714340.9035149,0.0,nothing
43.29649066925049,150.0,-1334.6506173871458,-870.3065088386647,-393.9479716825299,-77.37292023329064,0.0,0.0,0.0,0.0,0.0,0.0,0.0,0.0,1750714341.023372,0.0,nothing
43.397695541381836,159.0,-1276.5849306751043,-827.2340810489841,-342.6963826897554,-20.38806460844353,0.0,0.0,0.0,0.0,0.0,0.0,0.0,0.0,1750714341.1139438,0.0,nothing
43.498042583465576,168.0,-1333.0349806062877,-873.305908603128,-408.6158593087457,-58.06007686210796,0.0,0.0,0.0,0.0,0.0,0.0,0.0,0.0,1750714341.2036476,0.0,nothing
43.598719358444214,179.0,-1279.614249639213,-821.4559356174432,-338.9639625339769,-27.265740626957268,0.0,0.0,0.0,0.0,0.0,0.0,0.0,0.0,1750714341.310113,0.0,nothing
43.69911241531372,189.0,-1273.4546344121918,-819.2306951438077,-329.1392453503795,-27.239561327267438,0.0,0.0,0.0,0.0,0.0,0.0,0.0,0.0,1750714341.413804,0.0,nothing
43.80068278312683,198.0,-1332.7021295102313,-872.2662164154463,-402.2131505846046,-63.221138800960034,0.0,0.0,0.0,0.0,0.0,0.0,0.0,0.0,1750714341.503372,0.0,nothing
43.90129899978638,110.0,-1278.5390284019522,-819.0848390455358,-334.5770598859526,-35.37197378091514,0.0,0.0,0.0,0.0,0.0,0.0,0.0,0.0,1750714341.6247156,0.0,nothing
44.00261878967285,118.0,-1318.5372584280558,-856.083669307176,-367.03191170142964,-50.144578605890274,0.0,0.0,0.0,0.0,0.0,0.0,0.0,0.0,1750714341.7140872,0.0,nothing
44.10367035865784,129.0,-1317.8865158357657,-852.6766204475425,-387.7659170557745,-51.55452088918537,0.0,0.0,0.0,0.0,0.0,0.0,0.0,0.0,1750714341.8186257,0.0,nothing
44.204267740249634,138.0,-1314.9132953709923,-839.6393292020075,-375.5327043007128,-63.64187754597515,0.0,0.0,0.0,0.0,0.0,0.0,0.0,0.0,1750714341.90859,0.0,nothing
44.3049054145813,150.0,-1279.5936801894568,-813.0785597166978,-336.97059585759416,-33.02705650869757,0.0,0.0,0.0,0.0,0.0,0.0,0.0,0.0,1750714342.028535,0.0,nothing
44.405293703079224,159.0,-1319.438574317377,-858.8362356745638,-391.9733045059256,-42.22721039969474,0.0,0.0,0.0,0.0,0.0,0.0,0.0,0.0,1750714342.1186328,0.0,nothing
44.50589966773987,168.0,-1319.475973316934,-834.9270552578382,-372.92599403159693,-54.99896874837577,0.0,0.0,0.0,0.0,0.0,0.0,0.0,0.0,1750714342.2083724,0.0,nothing
44.60699534416199,179.0,-1322.3856154824607,-845.133242236916,-399.47928371699527,-30.887833734042943,0.0,0.0,0.0,0.0,0.0,0.0,0.0,0.0,1750714342.3150735,0.0,nothing
44.70774006843567,189.0,-1329.7532183951698,-848.0728036020882,-397.9010459356941,-41.78590220492333,0.0,0.0,0.0,0.0,0.0,0.0,0.0,0.0,1750714342.418667,0.0,nothing
44.808690786361694,200.0,-1305.1072776871733,-793.1710722525604,-364.61593633005396,-13.142008444294333,0.0,0.0,0.0,0.0,0.0,0.0,0.0,0.0,1750714342.523657,0.0,nothing
44.90979051589966,108.0,-1299.5740957027301,-784.178482809104,-362.73102675238624,-8.0407849047333,0.0,0.0,0.0,0.0,0.0,0.0,0.0,0.0,1750714342.613612,0.0,nothing
45.010599851608276,120.0,-1328.8425527559593,-781.7363281380385,-421.0024079619907,21.841015741229057,0.0,0.0,0.0,0.0,0.0,0.0,0.0,0.0,1750714342.733376,0.0,nothing
45.11166048049927,128.0,-1297.2628375301138,-769.1927036866546,-371.5347512480803,23.31453632377088,0.0,0.0,0.0,0.0,0.0,0.0,0.0,0.0,1750714342.8100383,0.0,nothing
45.21262502670288,140.0,-1320.6559117529541,-814.7559048468247,-399.30724831903353,-7.835090407170355,0.0,0.0,0.0,0.0,0.0,0.0,0.0,0.0,1750714342.9301493,0.0,nothing
45.31345582008362,149.0,-1339.6620833277702,-843.1080864109099,-410.04076119186357,-52.137945282272995,0.0,0.0,0.0,0.0,0.0,0.0,0.0,0.0,1750714343.019897,0.0,nothing
45.41450095176697,159.0,-1330.0991591410711,-853.6658239858225,-399.7672560135834,-78.7398536670953,0.0,0.0,0.0,0.0,0.0,0.0,0.0,0.0,1750714343.1237175,0.0,nothing
45.51529359817505,170.0,-1309.8102018814534,-846.4814761709422,-391.22532451478764,-20.808803353458643,0.0,0.0,0.0,0.0,0.0,0.0,0.0,0.0,1750714343.2302146,0.0,nothing
45.61651301383972,180.0,-1313.8941726330668,-848.6805373448879,-387.5714422580786,-31.923786021769047,0.0,0.0,0.0,0.0,0.0,0.0,0.0,0.0,1750714343.333785,0.0,nothing
45.71739912033081,189.0,-1319.1150729712099,-867.6193907205015,-386.59158846968785,-72.4792611412704,0.0,0.0,0.0,0.0,0.0,0.0,0.0,0.0,1750714343.4231448,0.0,nothing
45.817747354507446,0.0,-1331.6269082729705,-879.4580440302379,-413.7657015477307,-86.9134050202556,0.0,0.0,0.0,0.0,0.0,0.0,0.0,0.0,1750714343.5315118,0.0,nothing
45.91843938827515,108.0,-1316.9739802465774,-864.6218609060161,-395.51872966391966,-62.005671315360814,0.0,0.0,0.0,0.0,0.0,0.0,0.0,0.0,1750714343.6183205,0.0,nothing
46.01949119567871,120.0,-1332.9171737576835,-866.8396215797402,-398.07308133365586,-78.80156201636419,0.0,0.0,0.0,0.0,0.0,0.0,0.0,0.0,1750714343.738686,0.0,nothing
46.12027406692505,129.0,-1267.7980357292108,-813.9836155059747,-336.67140386113897,-21.409057296346873,0.0,0.0,0.0,0.0,0.0,0.0,0.0,0.0,1750714343.8286147,0.0,nothing
46.22099423408508,138.0,-1315.3845227654092,-864.3002295098267,-392.8447011956014,-70.15491331880912,0.0,0.0,0.0,0.0,0.0,0.0,0.0,0.0,1750714343.9190388,0.0,nothing
46.3218719959259,149.0,-1277.4507175148465,-827.2565204487182,-336.0206612688489,-32.546479364391416,0.0,0.0,0.0,0.0,0.0,0.0,0.0,0.0,1750714344.024982,0.0,nothing
46.42311096191406,161.0,-1284.0067621371709,-837.9601141219027,-357.8093184106983,-28.600884911138564,0.0,0.0,0.0,0.0,0.0,0.0,0.0,0.0,1750714344.1446939,0.0,nothing
46.52394938468933,170.0,-1329.8766350937076,-866.5030305837281,-394.59871427481994,-89.07880709460005,0.0,0.0,0.0,0.0,0.0,0.0,0.0,0.0,1750714344.2348752,0.0,nothing
46.6249566078186,180.0,-1321.574057192076,-868.0251698656939,-397.5307958400808,-84.9088186440058,0.0,0.0,0.0,0.0,0.0,0.0,0.0,0.0,1750714344.3387473,0.0,nothing
46.726043701171875,189.0,-1269.6866852068342,-815.9470629827119,-332.7220695079304,-30.530673288274556,0.0,0.0,0.0,0.0,0.0,0.0,0.0,0.0,1750714344.4287572,0.0,nothing
46.82683515548706,101.0,-1333.5155577505939,-870.2560201892629,-406.2615922866389,-88.54587135091424,0.0,0.0,0.0,0.0,0.0,0.0,0.0,0.0,1750714344.548828,0.0,nothing
46.92738103866577,110.0,-1277.7012908118777,-816.4463396267965,-337.91866049636155,-44.512289272621274,0.0,0.0,0.0,0.0,0.0,0.0,0.0,0.0,1750714344.640727,0.0,nothing
47.02835178375244,120.0,-1275.7041842355393,-817.7253854116425,-336.73685211036354,-54.894251549616456,0.0,0.0,0.0,0.0,0.0,0.0,0.0,0.0,1750714344.7437809,0.0,nothing
47.129250049591064,129.0,-1305.8402980784886,-840.1423457460478,-376.3723118407652,-51.89485178515315,0.0,0.0,0.0,0.0,0.0,0.0,0.0,0.0,1750714344.8334732,0.0,nothing
47.229838371276855,141.0,-1337.2704173061065,-874.2764126416296,-407.65283507015556,-77.61788368038833,0.0,0.0,0.0,0.0,0.0,0.0,0.0,0.0,1750714344.9534352,0.0,nothing
47.330625772476196,149.0,-1317.4078086414374,-843.601753205061,-391.60492436029017,-39.1305732363835,0.0,0.0,0.0,0.0,0.0,0.0,0.0,0.0,1750714345.0297303,0.0,nothing
47.431498765945435,161.0,-1335.7370583242737,-853.3404526896775,-419.6728735277429,-77.99561357591301,0.0,0.0,0.0,0.0,0.0,0.0,0.0,0.0,1750714345.1499207,0.0,nothing
47.53214383125305,170.0,-1289.9419833668508,-802.5301718916744,-352.9119194187224,-39.71773752942681,0.0,0.0,0.0,0.0,0.0,0.0,0.0,0.0,1750714345.2397645,0.0,nothing
47.63274836540222,180.0,-1283.8160272394307,-823.870041038841,-340.6113884644583,-38.34893414564431,0.0,0.0,0.0,0.0,0.0,0.0,0.0,0.0,1750714345.3436224,0.0,nothing
47.73343873023987,191.0,-1338.3101094937883,-860.8913107002154,-413.65911439899355,-78.67627536784858,0.0,0.0,0.0,0.0,0.0,0.0,0.0,0.0,1750714345.4500084,0.0,nothing
47.83476138114929,101.0,-1308.7443303940818,-826.5066705076024,-363.2359132464044,-55.13360514678061,0.0,0.0,0.0,0.0,0.0,0.0,0.0,0.0,1750714345.553878,0.0,nothing
47.93529987335205,110.0,-1297.0234839329496,-825.8559279153123,-376.0114114950411,-41.83826080430299,0.0,0.0,0.0,0.0,0.0,0.0,0.0,0.0,1750714345.6451209,0.0,nothing
48.03645324707031,120.0,-1298.0781357204542,-827.4266858967021,-376.95012638391927,-35.55148897878826,0.0,0.0,0.0,0.0,0.0,0.0,0.0,0.0,1750714345.7485187,0.0,nothing
48.137227058410645,131.0,-1295.7444381481037,-818.2788906050846,-360.6366827771999,-56.80160052701831,0.0,0.0,0.0,0.0,0.0,0.0,0.0,0.0,1750714345.8550127,0.0,nothing
48.2385311126709,141.0,-1304.3574277460575,-812.8373361695558,-362.312157957349,-50.74296259880066,0.0,0.0,0.0,0.0,0.0,0.0,0.0,0.0,1750714345.9585326,0.0,nothing
48.339112997055054,150.0,-1296.1932261427864,-824.834935227409,-372.13687514094636,-33.84983449894935,0.0,0.0,0.0,0.0,0.0,0.0,0.0,0.0,1750714346.04909,0.0,nothing
48.44008159637451,160.0,-1299.779790200293,-827.2583903986961,-367.80233109230176,-22.89566752873361,0.0,0.0,0.0,0.0,0.0,0.0,0.0,0.0,1750714346.1540904,0.0,nothing
48.541205644607544,171.0,-1306.6462465189397,-827.9128728909418,-361.9007689622231,-55.82548663858324,0.0,0.0,0.0,0.0,0.0,0.0,0.0,0.0,1750714346.25839,0.0,nothing
48.641955852508545,182.0,-1342.5044072940946,-854.2529882788658,-412.96910285716876,-66.19622921571136,0.0,0.0,0.0,0.0,0.0,0.0,0.0,0.0,1750714346.3649156,0.0,nothing
48.74258279800415,191.0,-1299.2075855070725,-819.8346889866516,-355.24374704109505,-56.62956512905657,0.0,0.0,0.0,0.0,0.0,0.0,0.0,0.0,1750714346.4552884,0.0,nothing
48.84319186210632,101.0,-1294.691656310577,-809.4602065095678,-367.62281589442864,-19.93553671380505,0.0,0.0,0.0,0.0,0.0,0.0,0.0,0.0,1750714346.5588365,0.0,nothing
48.94397187232971,110.0,-1344.656719718594,-858.3257393306121,-413.59740604972467,-81.66632538242266,0.0,0.0,0.0,0.0,0.0,0.0,0.0,0.0,1750714346.6497948,0.0,nothing
49.044739961624146,120.0,-1336.8739879108034,-859.9413761114702,-418.20122289517894,-76.49030384374782,0.0,0.0,0.0,0.0,0.0,0.0,0.0,0.0,1750714346.7534456,0.0,nothing
49.145363092422485,131.0,-1286.5648537068628,-805.7577055534348,-360.69652117649093,-26.446702536661178,0.0,0.0,0.0,0.0,0.0,0.0,0.0,0.0,1750714346.8600652,0.0,nothing
49.24606275558472,141.0,-1286.007608613465,-807.564077232033,-363.493966343347,-14.493982278276235,0.0,0.0,0.0,0.0,0.0,0.0,0.0,0.0,1750714346.9636674,0.0,nothing
49.34653663635254,150.0,-1337.1657001073472,-853.4489097883925,-411.01313518034294,-79.04465551348403,0.0,0.0,0.0,0.0,0.0,0.0,0.0,0.0,1750714347.0537384,0.0,nothing
49.447577238082886,161.0,-1285.46532311989,-809.7481788061559,-356.522792825941,-32.03785297041759,0.0,0.0,0.0,0.0,0.0,0.0,0.0,0.0,1750714347.1596317,0.0,nothing
49.54818344116211,170.0,-1341.9826912502758,-856.4670090526342,-417.2924272059463,-83.67839155858383,0.0,0.0,0.0,0.0,0.0,0.0,0.0,0.0,1750714347.2501755,0.0,nothing
49.648839712142944,182.0,-1311.3865697127767,-840.5425150413066,-382.6759132160805,-64.20473248930648,0.0,0.0,0.0,0.0,0.0,0.0,0.0,0.0,1750714347.3700233,0.0,nothing
49.74985599517822,191.0,-1282.3462465568446,-827.5501025952399,-365.5209921193309,-28.35031161410734,0.0,0.0,0.0,0.0,0.0,0.0,0.0,0.0,1750714347.4599805,0.0,nothing
49.85075306892395,101.0,-1334.9404596337117,-866.4431921844371,-416.92404706031084,-66.93672940693796,0.0,0.0,0.0,0.0,0.0,0.0,0.0,0.0,1750714347.5639205,0.0,nothing
49.9521541595459,111.0,-1335.1162349316292,-869.3977131494321,-417.27185775619,-76.59689099248499,0.0,0.0,0.0,0.0,0.0,0.0,0.0,0.0,1750714347.668875,0.0,nothing
50.05336952209473,122.0,-1269.5146498088725,-815.4234769889154,-349.1346204634756,-30.17725274246186,0.0,0.0,0.0,0.0,0.0,0.0,0.0,0.0,1750714347.7749555,0.0,nothing
50.15392017364502,131.0,-1329.2483319011517,-869.6856854460202,-420.0954822227359,-71.72006145026535,0.0,0.0,0.0,0.0,0.0,0.0,0.0,0.0,1750714347.86506,0.0,nothing
50.2549409866333,141.0,-1339.218905183021,-867.0640155770816,-418.6481409398839,-72.52040004078299,0.0,0.0,0.0,0.0,0.0,0.0,0.0,0.0,1750714347.9685607,0.0,nothing
50.35539269447327,151.0,-1278.770902199205,-878.2201371449046,-407.02827177755535,-118.47255079634488,0.0,0.0,0.0,0.0,0.0,0.0,0.0,0.0,1750714348.0613668,0.0,nothing
50.455939054489136,162.0,-1227.6651693047024,-818.4378363532014,-348.07622877601534,-59.61774519365281,0.0,0.0,0.0,0.0,0.0,0.0,0.0,0.0,1750714348.179184,0.0,nothing
50.55647945404053,171.0,-1306.1581895747222,-878.0780209465884,-417.7131659509614,-90.55419762711972,0.0,0.0,0.0,0.0,0.0,0.0,0.0,0.0,1750714348.2684443,0.0,nothing
50.65929675102234,182.0,-1262.5434762914665,-820.40876362985,-340.77594406250864,-43.34918038640171,0.0,0.0,0.0,0.0,0.0,0.0,0.0,0.0,1750714348.3752687,0.0,nothing
50.76107835769653,192.0,-1267.3754270342179,-820.4536424293183,-347.9752514772117,-35.644986477680504,0.0,0.0,0.0,0.0,0.0,0.0,0.0,0.0,1750714348.4786632,0.0,nothing
50.86143183708191,101.0,-1281.5795670659281,-859.8441387126222,-350.0546358525753,-100.4200537102297,0.0,0.0,0.0,0.0,0.0,0.0,0.0,0.0,1750714348.5685167,0.0,nothing
50.96257305145264,111.0,-1293.255534727592,-852.0090483054519,-363.00590939912945,-78.369603571482,0.0,0.0,0.0,0.0,0.0,0.0,0.0,0.0,1750714348.6736503,0.0,nothing
51.06425166130066,120.0,-1273.0264158672653,-830.2465704632923,-358.58908755145967,-39.81871482823044,0.0,0.0,0.0,0.0,0.0,0.0,0.0,0.0,1750714348.763517,0.0,nothing
51.164841413497925,132.0,-1312.7478932966478,-855.5806527631357,-412.3501494145021,-71.20395525638014,0.0,0.0,0.0,0.0,0.0,0.0,0.0,0.0,1750714348.8838353,0.0,nothing
51.26555895805359,141.0,-1312.130809803959,-829.550949071534,-361.9811768112704,-76.52209299337119,0.0,0.0,0.0,0.0,0.0,0.0,0.0,0.0,1750714348.9736128,0.0,nothing
51.36643028259277,152.0,-1308.7948190434836,-857.1140117449686,-422.29828329663724,-70.45971516519785,0.0,0.0,0.0,0.0,0.0,0.0,0.0,0.0,1750714349.0800056,0.0,nothing
51.46748328208923,161.0,-1293.6220449232496,-825.6614531176165,-382.05321987345815,-67.63235079869628,0.0,0.0,0.0,0.0,0.0,0.0,0.0,0.0,1750714349.1729314,0.0,nothing
51.568570613861084,171.0,-1296.7224219865166,-815.7694177348167,-374.842692758888,-63.54090024717152,0.0,0.0,0.0,0.0,0.0,0.0,0.0,0.0,1750714349.273379,0.0,nothing
51.66923236846924,180.0,-1289.8036070684902,-816.8577286219224,-371.57028029765934,-38.3152750460431,0.0,0.0,0.0,0.0,0.0,0.0,0.0,0.0,1750714349.3807752,0.0,nothing
51.771056175231934,191.0,-1309.453041435685,-793.0083866044879,-408.68878735788167,-28.258684065192938,0.0,0.0,0.0,0.0,0.0,0.0,0.0,0.0,1750714349.470034,0.0,nothing
51.87171649932861,102.0,-1325.469162995927,-836.2734192418866,-416.090049370192,-67.18169285403565,0.0,0.0,0.0,0.0,0.0,0.0,0.0,0.0,1750714349.5886736,0.0,nothing
51.972092390060425,111.0,-1268.158936074935,-806.4402372953482,-363.3499801950529,-32.88307036040351,0.0,0.0,0.0,0.0,0.0,0.0,0.0,0.0,1750714349.6784632,0.0,nothing
52.07285666465759,123.0,-1306.4592515211552,-841.756112576928,-403.0789374243468,-43.17527503846213,0.0,0.0,0.0,0.0,0.0,0.0,0.0,0.0,1750714349.7986033,0.0,nothing
52.17433428764343,132.0,-1325.0241149012,-843.8354969522916,-396.02548610791564,-75.73484405269846,0.0,0.0,0.0,0.0,0.0,0.0,0.0,0.0,1750714349.8887267,0.0,nothing
52.27509546279907,143.0,-1316.6392592005432,-837.0737578324042,-402.5590913305059,-49.72757976083085,0.0,0.0,0.0,0.0,0.0,0.0,0.0,0.0,1750714349.9950905,0.0,nothing
52.37635087966919,152.0,-1308.2880625994876,-878.2425765446387,-338.24777169246227,-96.99991520075127,0.0,0.0,0.0,0.0,0.0,0.0,0.0,0.0,1750714350.0850067,0.0,nothing
52.47760629653931,161.0,-1264.7593670152128,-841.3559432816692,-320.05315840803087,-53.23560591926798,0.0,0.0,0.0,0.0,0.0,0.0,0.0,0.0,1750714350.175074,0.0,nothing
52.57852840423584,173.0,-1312.8918794449419,-852.4335269504227,-383.5529197556898,-66.07842236710712,0.0,0.0,0.0,0.0,0.0,0.0,0.0,0.0,1750714350.2935283,0.0,nothing
52.67951488494873,183.0,-1304.1517332484946,-860.1751198587008,-390.05286587867886,-62.25250471243635,0.0,0.0,0.0,0.0,0.0,0.0,0.0,0.0,1750714350.3985283,0.0,nothing
52.78039264678955,192.0,-1315.3527336157858,-849.4603064856492,-383.1901494599879,-81.08290098933503,0.0,0.0,0.0,0.0,0.0,0.0,0.0,0.0,1750714350.48863,0.0,nothing
52.88137197494507,101.0,-1327.3428528737277,-866.274896686431,-402.4880332313478,-63.30528654996306,0.0,0.0,0.0,0.0,0.0,0.0,0.0,0.0,1750714350.5784595,0.0,nothing
52.981945514678955,111.0,-1334.299066791311,-869.0386827536859,-402.65258882939816,-67.7744669970125,0.0,0.0,0.0,0.0,0.0,0.0,0.0,0.0,1750714350.683483,0.0,nothing
53.08270883560181,123.0,-1330.0206212420017,-866.5815684827976,-399.941161361523,-85.88306258246303,0.0,0.0,0.0,0.0,0.0,0.0,0.0,0.0,1750714350.8035243,0.0,nothing
53.18361783027649,132.0,-1279.8536032363772,-800.774288862478,-343.40135383140296,-40.71629081759602,0.0,0.0,0.0,0.0,0.0,0.0,0.0,0.0,1750714350.893505,0.0,nothing
53.28412747383118,143.0,-1332.3468390144408,-851.7566050584428,-402.8620232269168,-87.87268935889006,0.0,0.0,0.0,0.0,0.0,0.0,0.0,0.0,1750714351.000064,0.0,nothing
53.385037660598755,152.0,-1336.8870775606483,-752.4847006346099,-341.95401254855096,44.17195837665349,0.0,0.0,0.0,0.0,0.0,0.0,0.0,0.0,1750714351.0899923,0.0,nothing
53.485798358917236,163.0,-1405.7311559449881,-821.5082942168228,-419.2278254330158,-22.9742054278031,0.0,0.0,0.0,0.0,0.0,0.0,0.0,0.0,1750714351.2091775,0.0,nothing
53.586387395858765,173.0,-1411.3148265788332,-833.1393830790184,-413.06073040608317,-26.246617889031768,0.0,0.0,0.0,0.0,0.0,0.0,0.0,0.0,1750714351.299898,0.0,nothing
53.68738675117493,183.0,-1384.62690049503,-843.0875169611536,-413.9321270957589,-45.264009163714945,0.0,0.0,0.0,0.0,0.0,0.0,0.0,0.0,1750714351.4036756,0.0,nothing
53.7882182598114,192.0,-1314.133526230231,-783.080822172109,-355.3914730893448,-4.330804148688912,0.0,0.0,0.0,0.0,0.0,0.0,0.0,0.0,1750714351.493538,0.0,nothing
53.88894748687744,104.0,-1365.426254122518,-855.5731729632244,-416.95396625995636,-61.7887571179308,0.0,0.0,0.0,0.0,0.0,0.0,0.0,0.0,1750714351.6147263,0.0,nothing
53.98997783660889,113.0,-1301.8255154760554,-797.4065089523792,-338.6816000873223,-37.64396300399676,0.0,0.0,0.0,0.0,0.0,0.0,0.0,0.0,1750714351.7049437,0.0,nothing
54.09057593345642,123.0,-1300.2659771945328,-797.5112261511385,-342.5000379420817,-34.637083439622074,0.0,0.0,0.0,0.0,0.0,0.0,0.0,0.0,1750714351.8088207,0.0,nothing
54.191272020339966,132.0,-1328.8275931561366,-828.5411760834977,-399.8514037625864,-49.940754058305174,0.0,0.0,0.0,0.0,0.0,0.0,0.0,0.0,1750714351.898548,0.0,nothing
54.29211354255676,143.0,-1299.4805982038379,-793.9059625938535,-348.45021877158433,-33.402916454244405,0.0,0.0,0.0,0.0,0.0,0.0,0.0,0.0,1750714352.0033684,0.0,nothing
54.39287328720093,153.0,-1286.0655770627782,-800.7125805132091,-347.489064482972,-43.76617923146114,0.0,0.0,0.0,0.0,0.0,0.0,0.0,0.0,1750714352.10868,0.0,nothing
54.493323802948,164.0,-1341.498374206014,-856.5530267516151,-410.4988989364356,-77.71325112925842,0.0,0.0,0.0,0.0,0.0,0.0,0.0,0.0,1750714352.2151177,0.0,nothing
54.59384274482727,173.0,-1280.844676724635,-797.806678247638,-345.2413846096024,-32.80079256137833,0.0,0.0,0.0,0.0,0.0,0.0,0.0,0.0,1750714352.303568,0.0,nothing
54.694772720336914,183.0,-1284.1170891858637,-794.5043465867639,-343.9735585246235,-44.271065725479275,0.0,0.0,0.0,0.0,0.0,0.0,0.0,0.0,1750714352.408491,0.0,nothing
54.795210123062134,193.0,-1285.6654077675194,-799.953380822204,-347.6199609814212,-30.590511687565595,0.0,0.0,0.0,0.0,0.0,0.0,0.0,0.0,1750714352.499766,0.0,nothing
54.89569067955017,104.0,-1296.7916101356968,-819.5149275404401,-354.6042241486721,-63.18186985142529,0.0,0.0,0.0,0.0,0.0,0.0,0.0,0.0,1750714352.6186972,0.0,nothing
54.99700164794922,113.0,-1301.9900710741058,-820.2666474315338,-381.22109213331714,-42.31322809867561,0.0,0.0,0.0,0.0,0.0,0.0,0.0,0.0,1750714352.708575,0.0,nothing
55.09805512428284,123.0,-1295.8341957470402,-828.5093869338743,-383.85398170212284,-39.13431313633919,0.0,0.0,0.0,0.0,0.0,0.0,0.0,0.0,1750714352.814089,0.0,nothing
55.19889235496521,134.0,-1296.8290091352537,-812.4652161239646,-353.2204611650668,-60.90053087845445,0.0,0.0,0.0,0.0,0.0,0.0,0.0,0.0,1750714352.91845,0.0,nothing
55.299442529678345,143.0,-1308.9687243914232,-836.2846389417537,-397.78136913711205,-54.097652859054506,0.0,0.0,0.0,0.0,0.0,0.0,0.0,0.0,1750714353.0083911,0.0,nothing
55.40028691291809,154.0,-1301.470224980265,-805.0302950120531,-359.80642498703673,-64.27766053844243,0.0,0.0,0.0,0.0,0.0,0.0,0.0,0.0,1750714353.1150982,0.0,nothing
55.50099205970764,163.0,-1298.3361888173968,-827.8100256421603,-380.8620617375709,-54.127572058700025,0.0,0.0,0.0,0.0,0.0,0.0,0.0,0.0,1750714353.2048056,0.0,nothing
55.60166049003601,173.0,-1302.8876470634714,-829.4368821228854,-383.3790144077502,-59.004401600919664,0.0,0.0,0.0,0.0,0.0,0.0,0.0,0.0,1750714353.308426,0.0,nothing
55.70226573944092,184.0,-1291.8773815939203,-805.5351815060712,-356.02164623187855,-68.24943429138511,0.0,0.0,0.0,0.0,0.0,0.0,0.0,0.0,1750714353.4147563,0.0,nothing
55.80260419845581,194.0,-1295.329309253022,-812.1809837273322,-358.91258889762685,-55.99378213658929,0.0,0.0,0.0,0.0,0.0,0.0,0.0,0.0,1750714353.524912,0.0,nothing
55.90342450141907,103.0,-1348.927685467992,-858.3818378299475,-416.30509361764416,-81.55412838375196,0.0,0.0,0.0,0.0,0.0,0.0,0.0,0.0,1750714353.6096544,0.0,nothing
56.00439929962158,113.0,-1340.4306327686645,-865.7756200423464,-411.4656630749814,-80.03946890169755,0.0,0.0,0.0,0.0,0.0,0.0,0.0,0.0,1750714353.713504,0.0,nothing
56.10479712486267,122.0,-1289.010748277884,-812.3735885750502,-346.5110806445591,-37.33729120763019,0.0,0.0,0.0,0.0,0.0,0.0,0.0,0.0,1750714353.803475,0.0,nothing
56.20544624328613,133.0,-1339.327362281736,-853.755581584759,-410.97199628083035,-82.3544669742696,0.0,0.0,0.0,0.0,0.0,0.0,0.0,0.0,1750714353.9101477,0.0,nothing
56.306095123291016,143.0,-1337.9473391980864,-856.1640771562234,-405.00685585150495,-80.51069629611447,0.0,0.0,0.0,0.0,0.0,0.0,0.0,0.0,1750714354.0133123,0.0,nothing
56.40646958351135,154.0,-1290.820859856438,-814.8868013452739,-371.815243744757,-22.3627317850478,0.0,0.0,0.0,0.0,0.0,0.0,0.0,0.0,1750714354.1198087,0.0,nothing
56.507397413253784,164.0,-1300.275326944422,-795.2934654774144,-376.7818308859132,-28.952435506973416,0.0,0.0,0.0,0.0,0.0,0.0,0.0,0.0,1750714354.2232997,0.0,nothing
56.608025789260864,175.0,-1313.4996131877415,-826.7871630042791,-378.3899878668599,-61.37736812280491,0.0,0.0,0.0,0.0,0.0,0.0,0.0,0.0,1750714354.3302002,0.0,nothing
56.70852708816528,184.0,-1294.6243381113745,-824.3637078329921,-367.51061889575794,-38.47422079415992,0.0,0.0,0.0,0.0,0.0,0.0,0.0,0.0,1750714354.4199817,0.0,nothing
56.80914926528931,194.0,-1288.625538582448,-802.245939495042,-366.02587861334905,-28.83275870839134,0.0,0.0,0.0,0.0,0.0,0.0,0.0,0.0,1750714354.523296,0.0,nothing
56.90993809700012,103.0,-1299.514257303439,-812.074396578595,-359.3258478427306,-54.86433234997094,0.0,0.0,0.0,0.0,0.0,0.0,0.0,0.0,1750714354.6148193,0.0,nothing
57.010266065597534,113.0,-1293.4668390750885,-816.5061780260876,-354.33308140188456,-52.59421307686716,0.0,0.0,0.0,0.0,0.0,0.0,0.0,0.0,1750714354.719806,0.0,nothing
57.11067056655884,124.0,-1341.8087859023362,-861.2241617962718,-419.11188853438944,-71.97063474729657,0.0,0.0,0.0,0.0,0.0,0.0,0.0,0.0,1750714354.8256512,0.0,nothing
57.21149277687073,134.0,-1340.787793214433,-866.1795292375609,-421.15013401024044,-67.96894179470837,0.0,0.0,0.0,0.0,0.0,0.0,0.0,0.0,1750714354.928579,0.0,nothing
57.312345027923584,143.0,-1297.7714639240876,-815.6198217365891,-354.2882026024163,-45.630519359372556,0.0,0.0,0.0,0.0,0.0,0.0,0.0,0.0,1750714355.018767,0.0,nothing
57.41302728652954,154.0,-1339.1908559333533,-877.2234538067132,-416.20972616877407,-79.57011145725846,0.0,0.0,0.0,0.0,0.0,0.0,0.0,0.0,1750714355.1248176,0.0,nothing
57.513468980789185,163.0,-1292.943253081292,-815.6871399357915,-347.99395097699016,-44.897498968057334,0.0,0.0,0.0,0.0,0.0,0.0,0.0,0.0,1750714355.2151852,0.0,nothing
57.61430239677429,175.0,-1288.7171661313623,-800.3348506176844,-351.00457044132054,-28.774790259078145,0.0,0.0,0.0,0.0,0.0,0.0,0.0,0.0,1750714355.334869,0.0,nothing
57.71464705467224,184.0,-1342.6278239926323,-869.4519416987896,-416.02647107094526,-84.1888879025355,0.0,0.0,0.0,0.0,0.0,0.0,0.0,0.0,1750714355.4252572,0.0,nothing
57.815531969070435,194.0,-1343.1701094862074,-871.7968589710072,-421.17631330993026,-82.3338975245133,0.0,0.0,0.0,0.0,0.0,0.0,0.0,0.0,1750714355.528558,0.0,nothing
57.94401526451111,103.0,-1296.5578663884662,-832.5765281356871,-372.62680203514174,-30.706448586191982,0.0,0.0,0.0,0.0,0.0,0.0,0.0,0.0,1750714355.6202967,0.0,nothing
58.04495453834534,118.0,-1298.9925412596203,-830.3400679621845,-374.58650961192325,-34.659522839356214,0.0,0.0,0.0,0.0,0.0,0.0,0.0,0.0,1750714355.7701938,0.0,nothing
58.146337270736694,127.0,-1335.093795531895,-878.2182671949267,-411.0580139798112,-84.69564434653148,0.0,0.0,0.0,0.0,0.0,0.0,0.0,0.0,1750714355.8601065,0.0,nothing
58.247395277023315,137.0,-1335.5687628262676,-875.0543118324131,-408.0660940152593,-80.21898409957066,0.0,0.0,0.0,0.0,0.0,0.0,0.0,0.0,1750714355.9634464,0.0,nothing
58.34815001487732,146.0,-1281.0522411721759,-817.2391984174028,-344.8131660646759,-34.00878024706617,0.0,0.0,0.0,0.0,0.0,0.0,0.0,0.0,1750714356.053548,0.0,nothing
58.44881534576416,158.0,-1299.0673392587341,-833.0851545296609,-378.6704803635366,-35.63937662774697,0.0,0.0,0.0,0.0,0.0,0.0,0.0,0.0,1750714356.173411,0.0,nothing
58.549509048461914,167.0,-1334.0989821436815,-872.6495561609045,-411.89575156988576,-77.9825239260681,0.0,0.0,0.0,0.0,0.0,0.0,0.0,0.0,1750714356.2633176,0.0,nothing
58.650198221206665,178.0,-1291.8231530445628,-842.3376670200378,-375.7608381980099,-24.266340862493962,0.0,0.0,0.0,0.0,0.0,0.0,0.0,0.0,1750714356.370159,0.0,nothing
58.750824213027954,187.0,-1325.4037147467025,-876.550271814689,-412.96910285716876,-73.40488638030365,0.0,0.0,0.0,0.0,0.0,0.0,0.0,0.0,1750714356.4599955,0.0,nothing
58.851317405700684,197.0,-1326.5518640330993,-867.0621456271037,-403.9970828634687,-78.47619072021917,0.0,0.0,0.0,0.0,0.0,0.0,0.0,0.0,1750714356.5635846,0.0,nothing
58.95190978050232,107.0,-1281.4748498671688,-806.4738963949494,-349.39454351039603,-44.55716807208955,0.0,0.0,0.0,0.0,0.0,0.0,0.0,0.0,1750714356.6688428,0.0,nothing
59.05280613899231,118.0,-1342.2444842471741,-877.1767050572671,-417.139091307763,-77.91333577688783,0.0,0.0,0.0,0.0,0.0,0.0,0.0,0.0,1750714356.7751544,0.0,nothing
59.15342307090759,127.0,-1290.192556663882,-813.1047390163876,-349.15892981318757,-45.39490566216409,0.0,0.0,0.0,0.0,0.0,0.0,0.0,0.0,1750714356.8649657,0.0,nothing
59.25383520126343,136.0,-1320.863476200495,-869.1284403526224,-400.5713345040567,-45.58564055990428,0.0,0.0,0.0,0.0,0.0,0.0,0.0,0.0,1750714356.954988,0.0,nothing
59.354278564453125,148.0,-1338.9758116859011,-887.9663164294325,-420.3628850695677,-67.39673710148782,0.0,0.0,0.0,0.0,0.0,0.0,0.0,0.0,1750714357.0751135,0.0,nothing
59.454906940460205,157.0,-1275.913618633058,-814.7016762974672,-356.6424696245231,-42.7994150929153,0.0,0.0,0.0,0.0,0.0,0.0,0.0,0.0,1750714357.1651611,0.0,nothing
59.55551362037659,167.0,-1282.6342188534327,-814.8774515953846,-345.50130765652284,-49.688310811296105,0.0,0.0,0.0,0.0,0.0,0.0,0.0,0.0,1750714357.271302,0.0,nothing
59.65645670890808,176.0,-1316.966500446666,-844.179567748215,-409.05342760356143,-45.94093105569482,0.0,0.0,0.0,0.0,0.0,0.0,0.0,0.0,1750714357.3586442,0.0,nothing
59.75729966163635,188.0,-1333.4258001516573,-868.7768897567876,-419.0800993847661,-80.53874554578215,0.0,0.0,0.0,0.0,0.0,0.0,0.0,0.0,1750714357.4784453,0.0,nothing
59.85795617103577,197.0,-1277.9892631084658,-808.8412530669011,-349.98918760335073,-40.26376292295754,0.0,0.0,0.0,0.0,0.0,0.0,0.0,0.0,1750714357.568342,0.0,nothing
59.958372831344604,107.0,-1297.150640531443,-836.8942426345311,-384.89928373973817,-26.895490531343967,0.0,0.0,0.0,0.0,0.0,0.0,0.0,0.0,1750714357.6733913,0.0,nothing
60.05896496772766,116.0,-1331.886831319891,-873.8257546969689,-408.28113826271147,-60.348895634990185,0.0,0.0,0.0,0.0,0.0,0.0,0.0,0.0,1750714357.76365,0.0,nothing
60.15962767601013,128.0,-1300.3445150936022,-840.1105565964244,-362.6543588032946,-79.21669091144577,0.0,0.0,0.0,0.0,0.0,0.0,0.0,0.0,1750714357.8835487,0.0,nothing
60.260128021240234,137.0,-1188.3345114206895,-877.4048389545642,-361.42019181791693,-103.05481322901323,0.0,0.0,0.0,0.0,0.0,0.0,0.0,0.0,1750714357.973594,0.0,nothing
60.36114740371704,148.0,-1228.1607060488313,-836.5352122387849,-356.89117297157645,-99.18401677487418,0.0,0.0,0.0,0.0,0.0,0.0,0.0,0.0,1750714358.0798829,0.0,left_blink
60.461873292922974,157.0,-1259.8862773729488,-835.1664088550024,-385.9614153271541,-72.26047699386254,0.0,0.0,0.0,0.0,0.0,0.0,0.0,0.0,1750714358.1697404,0.0,left_blink
60.5629825592041,167.0,-1266.8237917907536,-854.3371360278688,-378.87056501116604,-62.8621084052138,0.0,0.0,0.0,0.0,0.0,0.0,0.0,0.0,1750714358.2735984,0.0,left_blink
60.6638720035553,178.0,-1274.82717769593,-815.8086866843514,-366.96646345220506,-65.82410917012021,0.0,0.0,0.0,0.0,0.0,0.0,0.0,0.0,1750714358.3813932,0.0,left_blink
60.764291286468506,187.0,-1279.939620935358,-838.7641926123761,-386.432642721571,-55.154174596536905,0.0,0.0,0.0,0.0,0.0,0.0,0.0,0.0,1750714358.4696882,0.0,left_blink
60.865249156951904,197.0,-1287.5203981455415,-833.6779286726378,-380.1795299956575,-43.76991913141683,0.0,0.0,0.0,0.0,0.0,0.0,0.0,0.0,1750714358.573504,0.0,left_blink
60.96562933921814,107.0,-1240.5453847520985,-794.2743427394889,-477.6263632411137,-81.80657163076103,0.0,0.0,0.0,0.0,0.0,0.0,0.0,0.0,1750714358.6785483,0.0,left_blink
61.066529989242554,118.0,-1571.5246608806774,-108.21213526790962,-102.69017298333347,239.40221586357802,0.0,0.0,0.0,0.0,0.0,0.0,0.0,0.0,1750714358.7849448,0.0,left_blink
61.167097091674805,127.0,-1024.5717721609399,-381.95411252463236,-284.5876871282235,100.28915721178055,0.0,0.0,0.0,0.0,0.0,0.0,0.0,0.0,1750714358.8747385,0.0,left_blink
61.267977714538574,137.0,328.84940310381353,-922.3472167220898,-481.39618239644915,-289.85720616579056,0.0,0.0,0.0,0.0,0.0,0.0,0.0,0.0,1750714358.9784772,0.0,left_blink
61.36846899986267,146.0,933.9652159344405,-1061.778166870121,-533.6725039770827,-348.52127687074244,0.0,0.0,0.0,0.0,0.0,0.0,0.0,0.0,1750714359.0687785,0.0,left_blink
61.46920299530029,158.0,496.280984220095,-1026.0471626934595,-522.3331273114309,-227.38217740599066,0.0,0.0,0.0,0.0,0.0,0.0,0.0,0.0,1750714359.1885521,0.0,left_blink
61.56964683532715,167.0,223.1411308562383,-1038.9759968402795,-523.0848472025245,-215.8071870431304,0.0,0.0,0.0,0.0,0.0,0.0,0.0,0.0,1750714359.2788453,0.0,left_blink
61.67116403579712,178.0,-4.966587141156197,-897.9144503115676,-443.86254644114524,-63.89245084300637,0.0,0.0,0.0,0.0,0.0,0.0,0.0,0.0,1750714359.3847592,0.0,left_blink
61.771974086761475,185.0,-615.3855781089514,-794.599714035634,-299.09101915638894,19.006171574816108,0.0,0.0,0.0,0.0,0.0,0.0,0.0,0.0,1750714359.4586525,0.0,left_blink
61.87253665924072,199.0,-1738.290539804846,-435.0083332960494,-21.470765645615757,242.6372293252498,0.0,0.0,0.0,0.0,0.0,0.0,0.0,0.0,1750714359.5949497,0.0,left_blink
61.97302579879761,107.0,-2720.4761558179744,-445.16029172576964,15.615952264983207,262.7298418371938,0.0,0.0,0.0,0.0,0.0,0.0,0.0,0.0,1750714359.683371,0.0,left_blink
62.0736882686615,118.0,-914.4373283158056,-923.0297484640032,-369.5750436712988,-153.1619928353466,0.0,0.0,0.0,0.0,0.0,0.0,0.0,0.0,1750714359.7939095,0.0,left_blink
62.174317359924316,127.0,-402.1832313849591,-1016.501068056561,-439.38775614416227,-295.03509765444323,0.0,0.0,0.0,0.0,0.0,0.0,0.0,0.0,1750714359.8799317,0.0,left_blink
62.27456092834473,137.0,-358.3329044044949,-1075.284815560095,-462.78083036700264,-306.6549668167718,0.0,0.0,0.0,0.0,0.0,0.0,0.0,0.0,1750714359.9860904,0.0,left_blink
62.375272274017334,148.0,-584.8025462212972,-1095.0913257254288,-534.2241392205469,-273.71766790701076,0.0,0.0,0.0,0.0,0.0,0.0,0.0,0.0,1750714360.0900633,0.0,left_blink
62.47564101219177,158.0,-774.5762896728702,-1038.2373665990308,-523.7860784442164,-203.47112703928724,0.0,0.0,0.0,0.0,0.0,0.0,0.0,0.0,1750714360.1935728,0.0,left_blink
62.57618975639343,167.0,-901.0185672747903,-912.371033590287,-447.77635174477473,-124.39468237617984,0.0,0.0,0.0,0.0,0.0,0.0,0.0,0.0,1750714360.2836063,0.0,left_blink
62.677186012268066,179.0,-1309.514749784954,-387.30777931120247,-184.8800843595527,166.12448608176783,0.0,0.0,0.0,0.0,0.0,0.0,0.0,0.0,1750714360.4032736,0.0,left_blink
62.7779700756073,188.0,-1408.397704613395,-507.07433549221605,-233.11731398804113,109.62955735111609,0.0,0.0,0.0,0.0,0.0,0.0,0.0,0.0,1750714360.4940035,0.0,left_blink
62.87860703468323,196.0,-1254.2240688400343,-579.7966901306063,-168.04305475903675,129.09573662048206,0.0,0.0,0.0,0.0,0.0,0.0,0.0,0.0,1750714360.5703945,0.0,left_blink
62.97896909713745,107.0,-1147.92489239946,-868.687132157851,-330.73805258143693,-93.6564446403645,0.0,0.0,0.0,0.0,0.0,0.0,0.0,0.0,1750714360.688733,0.0,left_blink
63.0795464515686,118.0,-522.6360592078418,-1050.9548963983543,-470.9730812199414,-264.49133471632376,0.0,0.0,0.0,0.0,0.0,0.0,0.0,0.0,1750714360.7950969,0.0,left_blink
63.18088698387146,128.0,-424.55718286987394,-1074.138536223676,-526.2188833653927,-291.2316193995066,0.0,0.0,0.0,0.0,0.0,0.0,0.0,0.0,1750714360.8988376,0.0,left_blink
63.28173351287842,137.0,-582.5081175984815,-1029.9665778470226,-515.1487794965506,-205.60660991398618,0.0,0.0,0.0,0.0,0.0,0.0,0.0,0.0,1750714360.9886868,0.0,left_blink
63.38275623321533,147.0,-775.1728037158027,-955.3219146314077,-496.84196921344846,-160.44357804907486,0.0,0.0,0.0,0.0,0.0,0.0,0.0,0.0,1750714361.0940502,0.0,left_blink
63.4837486743927,157.0,-886.4610066972673,-929.4268473382108,-432.3212151778862,-98.22286248626187,0.0,0.0,0.0,0.0,0.0,0.0,0.0,0.0,1750714361.1850564,0.0,left_blink
63.584311962127686,169.0,-2503.511469738558,-507.0649857423268,-173.0414310498163,231.92428590217605,0.0,0.0,0.0,0.0,0.0,0.0,0.0,0.0,1750714361.305961,0.0,left_blink
63.68512320518494,178.0,-2623.7978720134124,-382.9788451124914,-129.92412446066737,209.32033056998625,0.0,0.0,0.0,0.0,0.0,0.0,0.0,0.0,1750714361.395012,0.0,left_blink
63.785985231399536,188.0,-1962.2843678509817,-661.1825230163522,-220.8485721834004,75.77224305225536,0.0,0.0,0.0,0.0,0.0,0.0,0.0,0.0,1750714361.4986885,0.0,left_blink
63.8867449760437,199.0,-936.4410297051072,-942.5127572831698,-471.9716345081106,-175.53781427023932,0.0,0.0,0.0,0.0,0.0,0.0,0.0,0.0,1750714361.6049976,0.0,left_blink
63.9871301651001,107.0,-730.8774286406115,-1029.7066548001021,-508.8152589215897,-233.35853753518313,0.0,0.0,0.0,0.0,0.0,0.0,0.0,0.0,1750714361.6935992,0.0,left_blink
64.08808851242065,117.0,-563.5842238226905,-1075.3970125587657,-562.1574519895948,-271.6027544820681,0.0,0.0,0.0,0.0,0.0,0.0,0.0,0.0,1750714361.799249,0.0,left_blink
64.18972873687744,128.0,-700.973188594915,-987.4570050006732,-485.3623462994583,-180.37537486292422,0.0,0.0,0.0,0.0,0.0,0.0,0.0,0.0,1750714361.9036193,0.0,left_blink
64.29047584533691,139.0,-902.7108720047399,-980.0744424881414,-485.0706341029145,-170.0831701848656,0.0,0.0,0.0,0.0,0.0,0.0,0.0,0.0,1750714362.0102334,0.0,left_blink
64.39102005958557,148.0,-1014.6011988790706,-871.3518108762801,-453.61807547556236,-70.68036926258355,0.0,0.0,0.0,0.0,0.0,0.0,0.0,0.0,1750714362.1000364,0.0,left_blink
64.49129676818848,158.0,-2263.035902587697,-433.843354459852,-215.18823360046372,202.22761030402035,0.0,0.0,0.0,0.0,0.0,0.0,0.0,0.0,1750714362.2037764,0.0,left_blink
64.5923843383789,168.0,-2239.0855832714587,-477.1962747462094,-206.79963799985126,187.36524788010865,0.0,0.0,0.0,0.0,0.0,0.0,0.0,0.0,1750714362.3092704,0.0,left_blink
64.69318842887878,178.0,-2063.201828255318,-592.5983676789328,-205.62530941376463,146.83221216034144,0.0,0.0,0.0,0.0,0.0,0.0,0.0,0.0,1750714362.4001217,0.0,left_blink
64.79464602470398,188.0,-993.0294559346512,-855.5320340637118,-374.3882949142717,-56.7679414274171,0.0,0.0,0.0,0.0,0.0,0.0,0.0,0.0,1750714362.5035958,0.0,left_blink
64.89613270759583,197.0,-698.9798219185323,-1052.9426532248035,-515.734073839616,-229.6672562789172,0.0,0.0,0.0,0.0,0.0,0.0,0.0,0.0,1750714362.5934892,0.0,left_blink
64.99679589271545,109.0,-620.3259859504178,-982.8924571047537,-458.1788834715262,-181.73669844679534,0.0,0.0,0.0,0.0,0.0,0.0,0.0,0.0,1750714362.7149029,0.0,left_blink
65.09748315811157,116.0,-684.4241312909871,-1005.4964124369435,-489.47810620069504,-181.2355518527329,0.0,0.0,0.0,0.0,0.0,0.0,0.0,0.0,1750714362.788526,0.0,left_blink
65.19801092147827,128.0,-875.3871629284695,-999.7182670054026,-514.7037314018235,-182.76517093461007,0.0,0.0,0.0,0.0,0.0,0.0,0.0,0.0,1750714362.9087305,0.0,left_blink
65.29889059066772,137.0,-2258.8546944372356,-517.1290565230884,-219.20301620289683,153.2199612846598,0.0,0.0,0.0,0.0,0.0,0.0,0.0,0.0,1750714362.9986749,0.0,left_blink
65.39963388442993,149.0,-2367.251954752952,-474.0491489334963,-150.54593281634152,210.18611740972847,0.0,0.0,0.0,0.0,0.0,0.0,0.0,0.0,1750714363.1185596,0.0,left_blink
65.50018644332886,158.0,-2322.664867481217,-597.469587371219,-224.96620203461498,143.6233779983595,0.0,0.0,0.0,0.0,0.0,0.0,0.0,0.0,1750714363.208804,0.0,left_blink
65.60119009017944,169.0,-1562.833133383654,-723.97170337243,-274.9911038419232,34.32854169327766,0.0,0.0,0.0,0.0,0.0,0.0,0.0,0.0,1750714363.3151283,0.0,left_blink
65.70183682441711,178.0,-1083.1647847667336,-923.1064164130948,-438.21903740800917,-141.56643302273005,0.0,0.0,0.0,0.0,0.0,0.0,0.0,0.0,1750714363.4049098,0.0,left_blink
65.80203604698181,189.0,-483.6438622698188,-1022.2773435381241,-474.20061488170177,-221.85834517143667,0.0,0.0,0.0,0.0,0.0,0.0,0.0,0.0,1750714363.5245247,0.0,left_blink
65.90292549133301,199.0,-484.91916815470904,-1019.9847848652862,-496.3520423192531,-216.05776034016162,0.0,0.0,0.0,0.0,0.0,0.0,0.0,0.0,1750714363.6150174,0.0,left_blink
66.00365018844604,109.0,-696.7134425453842,-1001.3806525357068,-542.580945671536,-212.66380113037303,0.0,0.0,0.0,0.0,0.0,0.0,0.0,0.0,1750714363.719737,0.0,left_blink
66.10398769378662,118.0,-855.4460163647309,-957.9491943502799,-491.2059399802238,-189.10243140952662,0.0,0.0,0.0,0.0,0.0,0.0,0.0,0.0,1750714363.8100812,0.0,left_blink
66.20460557937622,127.0,-777.8879710836336,-925.4270243356004,-472.1885487055406,-109.08353195758536,0.0,0.0,0.0,0.0,0.0,0.0,0.0,0.0,1750714363.8998897,0.0,left_blink
66.30539679527283,139.0,-2212.117164690979,-507.4333658879623,-302.1128583205864,145.96642532059923,0.0,0.0,0.0,0.0,0.0,0.0,0.0,0.0,1750714364.0202363,0.0,left_blink
66.40621137619019,149.0,-2049.2894004201517,-556.0745047116652,-314.76867977064103,108.36173126613721,0.0,0.0,0.0,0.0,0.0,0.0,0.0,0.0,1750714364.1239233,0.0,left_blink
66.50719976425171,158.0,-1749.5588583713397,-700.1541505046189,-322.65612877719104,43.35105033637956,0.0,0.0,0.0,0.0,0.0,0.0,0.0,0.0,1750714364.2136416,0.0,left_blink
66.60785627365112,169.0,-746.1773593593389,-947.5447926735505,-523.6383523959666,-163.14752571703866,0.0,0.0,0.0,0.0,0.0,0.0,0.0,0.0,1750714364.3200016,0.0,left_blink
66.70859599113464,179.0,-837.4271783782169,-976.5514567298815,-499.47111888229847,-168.86583274928853,0.0,0.0,0.0,0.0,0.0,0.0,0.0,0.0,1750714364.4239628,0.0,left_blink
66.80988359451294,190.0,-700.9133501956239,-955.174188583158,-461.31291963439435,-166.33766037924215,0.0,0.0,0.0,0.0,0.0,0.0,0.0,0.0,1750714364.5303886,0.0,left_blink
66.91095089912415,199.0,-868.5281864097342,-982.0378899648786,-513.1703724199906,-179.71902242070064,0.0,0.0,0.0,0.0,0.0,0.0,0.0,0.0,1750714364.6201975,0.0,left_blink
67.01192045211792,109.0,-1001.3039845866151,-965.5262316605076,-478.4248318816535,-150.2205615201965,0.0,0.0,0.0,0.0,0.0,0.0,0.0,0.0,1750714364.7249608,0.0,left_blink
67.11261796951294,118.0,-1038.1046001506038,-879.1233229842037,-402.7741355779581,-53.671304264105856,0.0,0.0,0.0,0.0,0.0,0.0,0.0,0.0,1750714364.8152986,0.0,left_blink
67.2133846282959,128.0,-2069.677465028595,-520.7885486297309,-228.85008813859895,156.27171964850277,0.0,0.0,0.0,0.0,0.0,0.0,0.0,0.0,1750714364.9186237,0.0,left_blink
67.31403708457947,139.0,-1969.324729517568,-632.1627693101764,-311.6477332576178,75.32532500755042,0.0,0.0,0.0,0.0,0.0,0.0,0.0,0.0,1750714365.0254853,0.0,left_blink
67.41473817825317,149.0,-897.5666396156885,-903.6982055930421,-471.6780523615889,-159.66006900835782,0.0,0.0,0.0,0.0,0.0,0.0,0.0,0.0,1750714365.128939,0.0,left_blink
67.51529550552368,158.0,-930.4814991257153,-897.415173667483,-414.97368923341855,-111.86414757464081,0.0,0.0,0.0,0.0,0.0,0.0,0.0,0.0,1750714365.21867,0.0,left_blink
67.61620998382568,170.0,-964.5968665215187,-951.1762355305254,-446.7030004574917,-119.67679858207703,0.0,0.0,0.0,0.0,0.0,0.0,0.0,0.0,1750714365.3386621,0.0,left_blink
67.71691727638245,179.0,-927.5419377605431,-982.8831073548645,-460.0432235994376,-165.04926484450698,0.0,0.0,0.0,0.0,0.0,0.0,0.0,0.0,1750714365.4291248,0.0,left_blink
67.81835794448853,190.0,-1040.4083785233088,-944.0741655146703,-446.68804085766897,-105.2370448531583,0.0,0.0,0.0,0.0,0.0,0.0,0.0,0.0,1750714365.535347,0.0,left_blink
67.91909098625183,199.0,-1168.0137650114484,-921.4627303825691,-434.301492204424,-122.56774124782532,0.0,0.0,0.0,0.0,0.0,0.0,0.0,0.0,1750714365.6250174,0.0,left_blink
68.02052187919617,109.0,-1167.477089367807,-851.7360356086865,-361.61653656559065,-44.723593620117754,0.0,0.0,0.0,0.0,0.0,0.0,0.0,0.0,1750714365.7300718,0.0,left_blink
68.12118363380432,118.0,-2346.6600655969232,-614.6637774175033,-222.09956871857867,161.12049994105473,0.0,0.0,0.0,0.0,0.0,0.0,0.0,0.0,1750714365.8201272,0.0,left_blink
68.22198915481567,130.0,-2339.5056369816884,-591.2781829945743,-203.05225824424997,145.607394924853,0.0,0.0,0.0,0.0,0.0,0.0,0.0,0.0,1750714365.940166,0.0,left_blink
68.32282423973083,140.0,-2207.425460196566,-894.8122032983229,-411.49558227462694,-119.8507039300166,0.0,0.0,0.0,0.0,0.0,0.0,0.0,0.0,1750714366.043695,0.0,left_blink
68.42441320419312,149.0,-2100.6101775621064,-867.9597216164693,-356.57889132527635,-75.37581365695223,0.0,0.0,0.0,0.0,0.0,0.0,0.0,0.0,1750714366.1337633,0.0,left_blink
68.52539086341858,160.0,-1912.3473536926322,-955.9745271736756,-473.5442624394782,-169.56145414104685,0.0,0.0,0.0,0.0,0.0,0.0,0.0,0.0,1750714366.2400491,0.0,left_blink
68.62661623954773,170.0,-1978.5922016077675,-949.4484017509967,-475.10754062095657,-156.3932663970627,0.0,0.0,0.0,0.0,0.0,0.0,0.0,0.0,1750714366.343707,0.0,left_blink
68.72964882850647,181.0,-2030.7301468900405,-893.7500717109069,-441.4447011197917,-101.3606385490857,0.0,0.0,0.0,0.0,0.0,0.0,0.0,0.0,1750714366.4500985,0.0,left_blink
68.83028531074524,190.0,-2131.849561891984,-924.1853775503114,-462.96034556487575,-114.07629839843139,0.0,0.0,0.0,0.0,0.0,0.0,0.0,0.0,1750714366.5403109,0.0,left_blink
68.93121123313904,0.0,-1282.4154347060248,-772.2126729008742,-390.6792991212569,-23.35567522328347,0.0,0.0,0.0,0.0,0.0,0.0,0.0,0.0,1750714366.645054,0.0,left_blink
69.03244996070862,110.0,-2283.6539710434154,-495.3553589810617,-197.06467841519043,189.43341255560517,0.0,0.0,0.0,0.0,0.0,0.0,0.0,0.0,1750714366.7489405,0.0,left_blink
69.13330316543579,121.0,-1544.6123407995328,-767.9828460509889,-396.8463941481896,-23.060223126783967,0.0,0.0,0.0,0.0,0.0,0.0,0.0,0.0,1750714366.8552384,0.0,left_blink
69.23388814926147,130.0,-1266.4872007947415,-827.8212453420274,-344.89918376365677,-46.056867954321206,0.0,0.0,0.0,0.0,0.0,0.0,0.0,0.0,1750714366.9451265,0.0,left_blink
69.3343985080719,140.0,-1102.036319943145,-873.7920955973677,-373.2326658279635,-75.97606759984046,0.0,0.0,0.0,0.0,0.0,0.0,0.0,0.0,1750714367.048633,0.0,left_blink
69.43562340736389,151.0,-927.9028381062672,-973.5913259149529,-476.86155370017514,-163.08955726772547,0.0,0.0,0.0,0.0,0.0,0.0,0.0,0.0,1750714367.154844,0.0,left_blink
69.53624892234802,161.0,-927.9851159052923,-983.3188056997024,-497.9134505507536,-179.06640987843275,0.0,0.0,0.0,0.0,0.0,0.0,0.0,0.0,1750714367.2613652,0.0,left_blink
69.6369686126709,170.0,-981.3160892734304,-894.4176438529976,-415.4411767278798,-110.99649078492075,0.0,0.0,0.0,0.0,0.0,0.0,0.0,0.0,1750714367.349096,0.0,left_blink
69.73793125152588,181.0,-1147.7004984021187,-923.3719493099488,-465.3950204360299,-122.94547114335,0.0,0.0,0.0,0.0,0.0,0.0,0.0,0.0,1750714367.4548185,0.0,left_blink
69.83863091468811,190.0,-1210.5906560570002,-808.7514954679646,-389.9836777294986,-50.20441700518131,0.0,0.0,0.0,0.0,0.0,0.0,0.0,0.0,1750714367.54508,0.0,left_blink
69.93950653076172,101.0,-2203.047907298431,-507.52686338685453,-230.67702926695347,165.55228138854727,0.0,0.0,0.0,0.0,0.0,0.0,0.0,0.0,1750714367.6637168,0.0,left_blink
70.04008650779724,110.0,-1333.3229529028758,-714.6238234331831,-411.9686796190217,-17.418584043625742,0.0,0.0,0.0,0.0,0.0,0.0,0.0,0.0,1750714367.754056,0.0,left_blink
70.1413094997406,121.0,-1295.0749960560352,-777.6224381867796,-372.71468968410045,-44.80961131909862,0.0,0.0,0.0,0.0,0.0,0.0,0.0,0.0,1750714367.8600261,0.0,left_blink
70.24220061302185,130.0,-1091.0335342735052,-865.7943195421249,-421.10151531081647,-97.71423609228805,0.0,0.0,0.0,0.0,0.0,0.0,0.0,0.0,1750714367.9499638,0.0,left_blink
70.3427677154541,140.0,-1101.0751656545326,-881.8497100519016,-416.62859496381134,-81.26241618720815,0.0,0.0,0.0,0.0,0.0,0.0,0.0,0.0,1750714368.0536168,0.0,left_blink
70.44345879554749,151.0,-1073.7813757779077,-892.2615915285423,-403.5576446186751,-116.05096557503566,0.0,0.0,0.0,0.0,0.0,0.0,0.0,0.0,1750714368.1599092,0.0,left_blink
70.54418921470642,161.0,-1122.2878782032058,-896.5549966776744,-381.8774445755407,-111.43592902971432,0.0,0.0,0.0,0.0,0.0,0.0,0.0,0.0,1750714368.2636712,0.0,left_blink
70.64488315582275,170.0,-1179.8898173207417,-898.3090097568929,-392.76429334655404,-84.51238924870268,0.0,0.0,0.0,0.0,0.0,0.0,0.0,0.0,1750714368.3535,0.0,left_blink
70.7459568977356,181.0,-1331.0154346302152,-757.9543043198064,-370.44831031095237,-38.7397536910139,0.0,0.0,0.0,0.0,0.0,0.0,0.0,0.0,1750714368.459868,0.0,left_blink
70.84653997421265,191.0,-2123.672270638868,-597.6023538196459,-194.36260069720447,101.12876475183293,0.0,0.0,0.0,0.0,0.0,0.0,0.0,0.0,1750714368.5641708,0.0,left_blink
70.94729137420654,101.0,-1853.4607589403167,-666.2968362057582,-219.0347207048908,102.31618298776448,0.0,0.0,0.0,0.0,0.0,0.0,0.0,0.0,1750714368.668681,0.0,left_blink
71.04817652702332,110.0,-1275.3058848902583,-900.7212452283129,-409.492865848355,-104.492804761976,0.0,0.0,0.0,0.0,0.0,0.0,0.0,0.0,1750714368.7589269,0.0,left_blink
71.14938426017761,121.0,-1003.8901254059747,-912.1279400931671,-400.01595936063677,-105.12858775444329,0.0,0.0,0.0,0.0,0.0,0.0,0.0,0.0,1750714368.8651547,0.0,left_blink
71.25001668930054,130.0,-1085.2778282416984,-961.5918569071218,-447.71464339550585,-143.28304710239172,0.0,0.0,0.0,0.0,0.0,0.0,0.0,0.0,1750714368.954922,0.0,left_blink
71.3505961894989,142.0,-1050.537897553295,-932.1588442558423,-425.25654416158795,-143.1409309040755,0.0,0.0,0.0,0.0,0.0,0.0,0.0,0.0,1750714369.0750644,0.0,left_blink
71.4511878490448,151.0,-1069.5665085278451,-922.2892482727766,-398.69203477632254,-105.64843384828418,0.0,0.0,0.0,0.0,0.0,0.0,0.0,0.0,1750714369.165373,0.0,left_blink
71.55188775062561,161.0,-1160.4273779513314,-890.4514799499884,-396.68744840007275,-86.8180375713855,0.0,0.0,0.0,0.0,0.0,0.0,0.0,0.0,1750714369.2688732,0.0,left_blink
71.65237641334534,170.0,-1214.7157657081261,-875.7686327239498,-449.2966210767627,-66.17378981597722,0.0,0.0,0.0,0.0,0.0,0.0,0.0,0.0,1750714369.3587492,0.0,left_blink
71.75349521636963,181.0,-1193.5236226092093,-500.14804077427834,-226.23776801954955,165.49431293923408,0.0,0.0,0.0,0.0,0.0,0.0,0.0,0.0,1750714369.4805827,0.0,left_blink
71.85500955581665,191.0,-982.9934344035573,-620.0118343541399,-267.081215435639,116.59138111863285,0.0,0.0,0.0,0.0,0.0,0.0,0.0,0.0,1750714369.5688655,0.0,left_blink
71.9557774066925,101.0,-1270.5113331470639,-900.7380747781135,-421.62510130461305,-111.67528262687847,0.0,0.0,0.0,0.0,0.0,0.0,0.0,0.0,1750714369.6739953,0.0,left_blink
72.05688643455505,110.0,-1129.3562891194597,-883.8748658779077,-375.53457425069064,-84.21319725224748,0.0,0.0,0.0,0.0,0.0,0.0,0.0,0.0,1750714369.7636712,0.0,left_blink
72.15740275382996,122.0,-849.6416916335002,-935.4780054665171,-420.54427021741867,-122.29285860108212,0.0,0.0,0.0,0.0,0.0,0.0,0.0,0.0,1750714369.8833568,0.0,left_blink
72.25824761390686,131.0,-922.7529958672822,-995.2303870585747,-489.3808688018471,-173.68282389221713,0.0,0.0,0.0,0.0,0.0,0.0,0.0,0.0,1750714369.974131,0.0,left_blink
72.35907554626465,140.0,-993.8559738248587,-925.9450004794635,-406.69542068149894,-123.24653308978304,0.0,0.0,0.0,0.0,0.0,0.0,0.0,0.0,1750714370.063855,0.0,left_blink
72.46039295196533,151.0,-1134.091002463363,-896.1192983328365,-472.3418846037239,-79.97963050240651,0.0,0.0,0.0,0.0,0.0,0.0,0.0,0.0,1750714370.1700864,0.0,left_blink
72.5612244606018,161.0,-2483.0841361805797,-556.3680868581869,-231.0771985622123,202.2668792535551,0.0,0.0,0.0,0.0,0.0,0.0,0.0,0.0,1750714370.2736404,0.0,left_blink
72.66234421730042,172.0,-2139.1068377560005,-576.350372321438,-191.0116503369063,162.60524022346362,0.0,0.0,0.0,0.0,0.0,0.0,0.0,0.0,1750714370.380276,0.0,left_blink
72.76290774345398,181.0,-1872.0405819201842,-735.924423630815,-311.7804997060448,23.1032319762744,0.0,0.0,0.0,0.0,0.0,0.0,0.0,0.0,1750714370.47001,0.0,left_blink
72.86400103569031,190.0,-946.4714413862675,-880.4790367181413,-406.8562363795936,-140.2368985884823,0.0,0.0,0.0,0.0,0.0,0.0,0.0,0.0,1750714370.5602403,0.0,left_blink
72.9647421836853,0.0,-757.3764897766523,-981.8359353672713,-461.97114202659577,-169.16128484578803,0.0,0.0,0.0,0.0,0.0,0.0,0.0,0.0,1750714370.6650383,0.0,left_blink
73.0657811164856,112.0,-904.519113633316,-985.1831458276138,-483.6363824699074,-162.93435141956434,0.0,0.0,0.0,0.0,0.0,0.0,0.0,0.0,1750714370.7853503,0.0,left_blink
73.16648697853088,121.0,-901.5010143690743,-952.8143117111176,-444.0570212388411,-158.7643629689701,0.0,0.0,0.0,0.0,0.0,0.0,0.0,0.0,1750714370.8747916,0.0,left_blink
73.26705837249756,131.0,-1031.5261161285453,-919.4581440063193,-422.4590989947319,-130.4121814048849,0.0,0.0,0.0,0.0,0.0,0.0,0.0,0.0,1750714370.97891,0.0,left_blink
73.36775088310242,140.0,-1217.9601289196871,-764.9815763365477,-438.5855476036668,-14.894151573535055,0.0,0.0,0.0,0.0,0.0,0.0,0.0,0.0,1750714371.0686753,0.0,left_blink
73.46833753585815,152.0,-1993.8883924265392,-626.2163283806294,-324.8290106514469,116.34267777157947,0.0,0.0,0.0,0.0,0.0,0.0,0.0,0.0,1750714371.1887057,0.0,left_blink
73.56901454925537,161.0,-1991.9436444495805,-623.736774710007,-245.31499769352376,117.38984975917265,0.0,0.0,0.0,0.0,0.0,0.0,0.0,0.0,1750714371.278586,0.0,left_blink
73.66978073120117,172.0,-1200.8538265223615,-864.3133191596717,-453.4740893272683,-81.50924958428368,0.0,0.0,0.0,0.0,0.0,0.0,0.0,0.0,1750714371.3851027,0.0,left_blink
73.77015399932861,181.0,-1021.6976590449922,-900.0854622358456,-426.7674637436867,-107.79700637282804,0.0,0.0,0.0,0.0,0.0,0.0,0.0,0.0,1750714371.475066,0.0,left_blink
73.87134885787964,191.0,-901.4710951694287,-956.1428226716816,-445.30240792408586,-160.30146185075864,0.0,0.0,0.0,0.0,0.0,0.0,0.0,0.0,1750714371.5786648,0.0,left_blink
73.97210264205933,101.0,-1011.375535167288,-904.1488635377027,-422.505847744178,-97.73667549202219,0.0,0.0,0.0,0.0,0.0,0.0,0.0,0.0,1750714371.6835873,0.0,left_blink
74.07332515716553,112.0,-1143.390263703186,-914.444808115717,-427.9249627799727,-105.42964970087633,0.0,0.0,0.0,0.0,0.0,0.0,0.0,0.0,1750714371.790051,0.0,left_blink
74.17391848564148,122.0,-1216.550186636392,-875.9500178718008,-404.30001475987956,-94.9504500250332,0.0,0.0,0.0,0.0,0.0,0.0,0.0,0.0,1750714371.8937745,0.0,left_blink
74.27454662322998,131.0,-1247.8531492655165,-720.6394525119103,-405.66881814366207,-11.89849170902744,0.0,0.0,0.0,0.0,0.0,0.0,0.0,0.0,1750714371.9838216,0.0,left_blink
74.37523531913757,142.0,-1125.4518335657194,-605.4318343768828,-228.52097694249824,111.0320198344998,0.0,0.0,0.0,0.0,0.0,0.0,0.0,0.0,1750714372.0901601,0.0,left_blink
74.47570419311523,152.0,-1030.7725262874737,-649.2784214573912,-257.987648693379,70.39052701601759,0.0,0.0,0.0,0.0,0.0,0.0,0.0,0.0,1750714372.1936789,0.0,left_blink
74.57634162902832,163.0,-145.15673698019236,-888.6394984214567,-428.2615537759848,-115.29176588403061,0.0,0.0,0.0,0.0,0.0,0.0,0.0,0.0,1750714372.300044,0.0,left_blink
74.67766809463501,172.0,38.797722140327096,-955.0227226349525,-433.35529751563445,-168.01313555939123,0.0,0.0,0.0,0.0,0.0,0.0,0.0,0.0,1750714372.3901093,0.0,left_blink
74.7786033153534,182.0,92.79439770057797,-967.3980515883304,-457.69830632722005,-169.08648684667423,0.0,0.0,0.0,0.0,0.0,0.0,0.0,0.0,1750714372.4937556,0.0,left_blink
74.88008975982666,191.0,105.01639075577259,-931.607209012378,-437.4392682672478,-136.09682933753356,0.0,0.0,0.0,0.0,0.0,0.0,0.0,0.0,1750714372.5837772,0.0,left_blink
74.98081040382385,103.0,-1097.1127416514792,-955.873549874872,-449.77719822106883,-151.81188895134255,0.0,0.0,0.0,0.0,0.0,0.0,0.0,0.0,1750714372.704822,0.0,left_blink
75.08160209655762,112.0,-1082.5159121244214,-844.0056624002755,-403.510895869229,-51.42549434071407,0.0,0.0,0.0,0.0,0.0,0.0,0.0,0.0,1750714372.7952023,0.0,left_blink
75.18219661712646,122.0,-1375.9503325978294,-467.588471760042,-156.53164269542322,206.9267945983447,0.0,0.0,0.0,0.0,0.0,0.0,0.0,0.0,1750714372.898768,0.0,left_blink
75.28287363052368,131.0,-920.1537653980777,-668.6567130777985,-303.0422234595753,62.12534811394289,0.0,0.0,0.0,0.0,0.0,0.0,0.0,0.0,1750714372.988695,0.0,left_blink
75.38364481925964,143.0,-1092.097535810899,-893.9146273089573,-438.6809150525369,-141.57578277261928,0.0,0.0,0.0,0.0,0.0,0.0,0.0,0.0,1750714373.108503,0.0,left_blink
75.48436784744263,152.0,-942.1986056868918,-891.2742579402402,-420.00759457377717,-125.99161965725943,0.0,0.0,0.0,0.0,0.0,0.0,0.0,0.0,1750714373.1987653,0.0,left_blink
75.58536028862,163.0,-1012.4040076551028,-949.4484017509967,-454.0481639704667,-161.45709093706682,0.0,0.0,0.0,0.0,0.0,0.0,0.0,0.0,1750714373.3050592,0.0,left_blink
75.68599915504456,172.0,-1003.9742731549777,-905.6691328696907,-404.00082276342437,-95.97144271293655,0.0,0.0,0.0,0.0,0.0,0.0,0.0,0.0,1750714373.3953145,0.0,left_blink
75.78657293319702,182.0,-1089.240252244752,-882.9642002386972,-377.36151537904516,-83.32310106279328,0.0,0.0,0.0,0.0,0.0,0.0,0.0,0.0,1750714373.4986873,0.0,left_blink
75.88703656196594,192.0,-1177.2251386023127,-846.3131806729361,-368.88690207945183,-37.18769520940259,0.0,0.0,0.0,0.0,0.0,0.0,0.0,0.0,1750714373.6045003,0.0,left_blink
75.98812937736511,103.0,-2409.5539631517604,-430.52606319915503,-167.36426291707903,253.33334319852293,0.0,0.0,0.0,0.0,0.0,0.0,0.0,0.0,1750714373.71007,0.0,left_blink
76.08890295028687,112.0,-2123.6348716393113,-599.5807608962059,-274.25808345060796,129.5763137647882,0.0,0.0,0.0,0.0,0.0,0.0,0.0,0.0,1750714373.7999823,0.0,left_blink
76.18949437141418,122.0,-1954.8195275394246,-664.1463937312365,-278.63376639876515,62.8078798558563,0.0,0.0,0.0,0.0,0.0,0.0,0.0,0.0,1750714373.9038265,0.0,left_blink
76.29050493240356,132.0,-892.2167127290741,-945.1774360015988,-472.1810689056292,-166.4105884283781,0.0,0.0,0.0,0.0,0.0,0.0,0.0,0.0,1750714374.0093784,0.0,left_blink
76.39103841781616,142.0,-832.2511568395421,-997.2069241851568,-496.5278176171705,-192.6871255170554,0.0,0.0,0.0,0.0,0.0,0.0,0.0,0.0,1750714374.1001575,0.0,left_blink
76.49173521995544,152.0,-860.7192753022537,-992.5582285402343,-500.0470634754747,-170.40106168109924,0.0,0.0,0.0,0.0,0.0,0.0,0.0,0.0,1750714374.2037292,0.0,left_blink
76.59217739105225,161.0,-969.3297099154443,-946.8603909816593,-440.89306587632746,-138.48101555928588,0.0,0.0,0.0,0.0,0.0,0.0,0.0,0.0,1750714374.2936573,0.0,left_blink
76.69284915924072,172.0,-1114.374249896966,-943.1504102256149,-460.28070724662393,-111.07128878403455,0.0,0.0,0.0,0.0,0.0,0.0,0.0,0.0,1750714374.4027967,0.0,left_blink
76.79340195655823,182.0,-1266.5021603945643,-889.9765126556158,-441.67844486702234,-74.76434001419693,0.0,0.0,0.0,0.0,0.0,0.0,0.0,0.0,1750714374.5041049,0.0,left_blink
76.89442300796509,193.0,-1296.909416984301,-494.5007918411866,-194.14194659981877,231.78403965383768,0.0,0.0,0.0,0.0,0.0,0.0,0.0,0.0,1750714374.6100147,0.0,left_blink
76.99493408203125,103.0,-2049.502574717626,-627.669279513415,-268.2443243218586,111.15543653303757,0.0,0.0,0.0,0.0,0.0,0.0,0.0,0.0,1750714374.7152095,0.0,left_blink
77.09609770774841,112.0,-1911.9303548475727,-702.1493871309794,-291.52146164607257,59.26058474788442,0.0,0.0,0.0,0.0,0.0,0.0,0.0,0.0,1750714374.8048153,0.0,left_blink
77.19677186012268,122.0,-848.0073553528637,-913.528532626573,-456.1443778956309,-131.82960348809138,0.0,0.0,0.0,0.0,0.0,0.0,0.0,0.0,1750714374.9087994,0.0,left_blink
77.297602891922,132.0,-862.6490636793897,-961.2309565613978,-466.5188603727147,-194.62252374412492,0.0,0.0,0.0,0.0,0.0,0.0,0.0,0.0,1750714375.013913,0.0,left_blink
77.39810562133789,142.0,-880.9446542626247,-979.07775914995,-458.6314113661647,-197.06841831514612,0.0,0.0,0.0,0.0,0.0,0.0,0.0,0.0,1750714375.104798,0.0,left_blink
77.499032497406,152.0,-922.4912028703839,-969.4886556635611,-446.3645395115018,-179.9882952175103,0.0,0.0,0.0,0.0,0.0,0.0,0.0,0.0,1750714375.208531,0.0,left_blink
77.59949469566345,163.0,-999.4097252590582,-927.2390058641322,-459.1400377601385,-109.96988824708387,0.0,0.0,0.0,0.0,0.0,0.0,0.0,0.0,1750714375.3149369,0.0,left_blink
77.7000470161438,173.0,-2220.184128895402,-572.8797451625578,-206.03856835886836,163.39809901406989,0.0,0.0,0.0,0.0,0.0,0.0,0.0,0.0,1750714375.4186263,0.0,left_blink
77.80027961730957,182.0,-2091.2996966224164,-615.2677712603472,-207.47842984180897,80.18158510001376,0.0,0.0,0.0,0.0,0.0,0.0,0.0,0.0,1750714375.5088837,0.0,left_blink
77.90094447135925,193.0,-1826.3427443616092,-722.1840311936103,-255.00133857876062,26.132550940383226,0.0,0.0,0.0,0.0,0.0,0.0,0.0,0.0,1750714375.6148474,0.0,left_blink
78.00147938728333,103.0,-1057.8363123168238,-928.5928496480919,-407.85291971778497,-151.9932740991935,0.0,0.0,0.0,0.0,0.0,0.0,0.0,0.0,1750714375.7199595,0.0,left_blink
78.10216856002808,113.0,-920.3725495454855,-980.0239538387395,-434.10327750677243,-192.2046784227714,0.0,0.0,0.0,0.0,0.0,0.0,0.0,0.0,1750714375.8237183,0.0,left_blink
78.20281720161438,122.0,-861.7271783403121,-936.0913490592502,-396.5135430521332,-126.37121950276196,0.0,0.0,0.0,0.0,0.0,0.0,0.0,0.0,1750714375.91382,0.0,left_blink
78.30382490158081,133.0,-835.2711260537617,-1014.632988028694,-494.60363908996806,-204.38553257845342,0.0,0.0,0.0,0.0,0.0,0.0,0.0,0.0,1750714376.0199945,0.0,left_blink
78.40466547012329,143.0,-970.0907795564272,-958.2539961966686,-485.6877175956033,-169.26039219461381,0.0,0.0,0.0,0.0,0.0,0.0,0.0,0.0,1750714376.123844,0.0,left_blink
78.50493097305298,152.0,-1055.4764354447834,-857.1196215949021,-415.2841009297408,-65.02564052958041,0.0,0.0,0.0,0.0,0.0,0.0,0.0,0.0,1750714376.2138343,0.0,left_blink
78.60605978965759,163.0,-1321.3552730446681,-522.0919037642889,-234.08594807656482,173.3406230462715,0.0,0.0,0.0,0.0,0.0,0.0,0.0,0.0,1750714376.32001,0.0,left_blink
78.70669603347778,172.0,-1191.861237078905,-498.35101884556934,-199.72748718364164,158.42964192293584,0.0,0.0,0.0,0.0,0.0,0.0,0.0,0.0,1750714376.409904,0.0,left_blink
78.80744814872742,184.0,-7.468580211512744,-843.5400448557921,-379.47455885400996,-69.76409377343953,0.0,0.0,0.0,0.0,0.0,0.0,0.0,0.0,1750714376.5300555,0.0,left_blink
78.90821623802185,193.0,-60.3619852848351,-938.2193521340378,-434.4548281026073,-171.62400896660984,0.0,0.0,0.0,0.0,0.0,0.0,0.0,0.0,1750714376.6203077,0.0,left_blink
79.00880169868469,103.0,-962.6053697951138,-903.6327573438175,-390.5951513722539,-108.73011141177267,0.0,0.0,0.0,0.0,0.0,0.0,0.0,0.0,1750714376.725185,0.0,left_blink
79.10975885391235,112.0,-982.2548041623086,-958.0931804985739,-468.71792154666036,-141.2560213264078,0.0,0.0,0.0,0.0,0.0,0.0,0.0,0.0,1750714376.8151047,0.0,left_blink
79.21004343032837,122.0,-960.9785133143887,-957.9847233998589,-479.0886641237885,-151.08821830991656,0.0,0.0,0.0,0.0,0.0,0.0,0.0,0.0,1750714376.920195,0.0,left_blink
79.31153130531311,133.0,-978.148394010961,-904.4293560343795,-423.48009168263525,-97.68244694266468,0.0,0.0,0.0,0.0,0.0,0.0,0.0,0.0,1750714377.0252144,0.0,left_blink
79.41217589378357,143.0,-1184.721768063493,-775.0325574674644,-394.4135892270133,-36.22467097081244,0.0,0.0,0.0,0.0,0.0,0.0,0.0,0.0,1750714377.128854,0.0,left_blink
79.51322984695435,152.0,-2227.035625614226,-513.0862246709876,-270.7911961916834,164.31250455323607,0.0,0.0,0.0,0.0,0.0,0.0,0.0,0.0,1750714377.218845,0.0,left_blink
79.61381769180298,163.0,-1987.5137329520658,-563.2756820763461,-229.57375878002495,106.57966893725097,0.0,0.0,0.0,0.0,0.0,0.0,0.0,0.0,1750714377.3249145,0.0,left_blink
79.7146270275116,173.0,-1589.8651302633807,-708.9821843500249,-279.7706959852949,38.872520139440894,0.0,0.0,0.0,0.0,0.0,0.0,0.0,0.0,1750714377.4288995,0.0,left_blink
79.8154468536377,184.0,-959.3890558332205,-967.5177283869125,-464.08792540151626,-174.06242373771966,0.0,0.0,0.0,0.0,0.0,0.0,0.0,0.0,1750714377.5352612,0.0,left_blink
79.9160840511322,193.0,-919.0579747110605,-916.5279323910363,-404.64969540573657,-126.95464389584959,0.0,0.0,0.0,0.0,0.0,0.0,0.0,0.0,1750714377.6250892,0.0,left_blink
80.01676893234253,103.0,-988.2479938413016,-929.6979900849983,-440.53964533051476,-118.14530955022201,0.0,0.0,0.0,0.0,0.0,0.0,0.0,0.0,1750714377.73031,0.0,left_blink
80.11726665496826,112.0,-963.8488865303807,-949.9570281449705,-463.80930285481736,-178.08842604001984,0.0,0.0,0.0,0.0,0.0,0.0,0.0,0.0,1750714377.8203158,0.0,left_blink
80.21875286102295,123.0,-1007.5196983129717,-946.9688480803743,-466.0233236285858,-115.43762198230252,0.0,0.0,0.0,0.0,0.0,0.0,0.0,0.0,1750714377.9391668,0.0,left_blink
80.31932950019836,133.0,-1112.442591569852,-840.3891791431233,-457.66464722761884,-55.04197759786621,0.0,0.0,0.0,0.0,0.0,0.0,0.0,0.0,1750714378.0300393,0.0,left_blink
80.42065477371216,143.0,-1241.1194593952969,-561.130849451758,-257.1461712033488,178.01362804090604,0.0,0.0,0.0,0.0,0.0,0.0,0.0,0.0,1750714378.1336176,0.0,left_blink
80.52401280403137,154.0,-978.7018992044032,-600.5606146845967,-235.9072793549858,98.61181208165362,0.0,0.0,0.0,0.0,0.0,0.0,0.0,0.0,1750714378.240203,0.0,left_blink
80.62562131881714,163.0,168.35533640533686,-904.5097638834268,-473.08425474492833,-132.25221218308434,0.0,0.0,0.0,0.0,0.0,0.0,0.0,0.0,1750714378.3301384,0.0,left_blink
80.72616720199585,174.0,48.65235852357,-907.6699793459848,-416.656644213479,-144.17875314177945,0.0,0.0,0.0,0.0,0.0,0.0,0.0,0.0,1750714378.4491158,0.0,left_blink
80.82692646980286,184.0,-29.204878753982484,-880.7875784644857,-401.29687509546056,-112.90570971230045,0.0,0.0,0.0,0.0,0.0,0.0,0.0,0.0,1750714378.540056,0.0,left_blink
80.92714595794678,194.0,43.77552898135036,-891.5921494364738,-422.20665574772283,-126.61618294985965,0.0,0.0,0.0,0.0,0.0,0.0,0.0,0.0,1750714378.6467576,0.0,left_blink
81.0278468132019,103.0,-1054.202999509871,-945.1886557014659,-484.6274559581652,-146.85465156007558,0.0,0.0,0.0,0.0,0.0,0.0,0.0,0.0,1750714378.7352304,0.0,left_blink
81.12863945960999,115.0,-1237.3234609402716,-824.8573746271431,-399.43627486750484,-67.02648700587451,0.0,0.0,0.0,0.0,0.0,0.0,0.0,0.0,1750714378.8549852,0.0,left_blink
81.22959685325623,124.0,-1151.1243768115528,-581.0869556153193,-249.6794609418139,173.01899165008217,0.0,0.0,0.0,0.0,0.0,0.0,0.0,0.0,1750714378.9450953,0.0,left_blink
81.330162525177,134.0,-1060.1064315899275,-589.0492026209831,-253.62505539506674,140.08917254023254,0.0,0.0,0.0,0.0,0.0,0.0,0.0,0.0,1750714379.0486145,0.0,left_blink
81.43209171295166,143.0,-660.3447854262777,-788.5504258573055,-339.99056507181376,-19.956106163561344,0.0,0.0,0.0,0.0,0.0,0.0,0.0,0.0,1750714379.1384652,0.0,left_blink
81.53248000144958,154.0,134.61956885503605,-973.0022916719317,-460.075012749061,-139.38981124851853,0.0,0.0,0.0,0.0,0.0,0.0,0.0,0.0,1750714379.24509,0.0,left_blink
81.63330459594727,164.0,91.57706026500091,-951.1276168311015,-445.12663262616843,-135.63869159296155,0.0,0.0,0.0,0.0,0.0,0.0,0.0,0.0,1750714379.3485684,0.0,left_blink
81.73413419723511,175.0,27.351758325938135,-935.5733729153872,-425.55573615804315,-140.52674083504826,0.0,0.0,0.0,0.0,0.0,0.0,0.0,0.0,1750714379.455082,0.0,left_blink
81.83498668670654,184.0,-62.57787600858137,-922.8913721656427,-433.9368519587442,-109.32475550472736,0.0,0.0,0.0,0.0,0.0,0.0,0.0,0.0,1750714379.5452838,0.0,left_blink
81.93620204925537,194.0,-136.0818697377108,-910.0635153176263,-423.33049568440765,-97.18878014851362,0.0,0.0,0.0,0.0,0.0,0.0,0.0,0.0,1750714379.6489427,0.0,left_blink
82.03721976280212,103.0,-1171.469432570506,-859.9694253611378,-381.0079178358428,-70.30824921699241,0.0,0.0,0.0,0.0,0.0,0.0,0.0,0.0,1750714379.7399545,0.0,left_blink
82.1382384300232,115.0,-1312.6300864480436,-444.8554898793809,-218.58780266018584,240.10718700522557,0.0,0.0,0.0,0.0,0.0,0.0,0.0,0.0,1750714379.8615873,0.0,left_blink
82.23920917510986,124.0,-1097.7952733933926,-631.7831694646738,-304.29135004477575,85.84379363292828,0.0,0.0,0.0,0.0,0.0,0.0,0.0,0.0,1750714379.9505303,0.0,left_blink
82.33965301513672,134.0,-865.0463395509869,-735.3634386374615,-331.098952927161,28.567225811537355,0.0,0.0,0.0,0.0,0.0,0.0,0.0,0.0,1750714380.0535624,0.0,left_blink
82.44027876853943,143.0,-182.52581733744591,-848.0840233019553,-358.3665635040961,-60.58824923215434,0.0,0.0,0.0,0.0,0.0,0.0,0.0,0.0,1750714380.1440887,0.0,left_blink
82.54084324836731,154.0,-86.92275477014482,-956.7617761143483,-442.35723670898005,-150.74227756401524,0.0,0.0,0.0,0.0,0.0,0.0,0.0,0.0,1750714380.2501523,0.0,left_blink
82.64186143875122,164.0,60.72475558053702,-989.111910731066,-481.5775675443001,-177.90517094219103,0.0,0.0,0.0,0.0,0.0,0.0,0.0,0.0,1750714380.3537247,0.0,left_blink
82.7424328327179,173.0,203.56275458820164,-964.7576822196133,-440.0497184363194,-150.46926486724988,0.0,0.0,0.0,0.0,0.0,0.0,0.0,0.0,1750714380.4438052,0.0,left_blink
82.84349036216736,184.0,-25.865148093551397,-973.6175052146427,-484.943477504421,-157.2010847874917,0.0,0.0,0.0,0.0,0.0,0.0,0.0,0.0,1750714380.5500495,0.0,left_blink
82.9443826675415,195.0,-542.7829002691433,-749.9191292650066,-355.7822926347144,49.20025386707857,0.0,0.0,0.0,0.0,0.0,0.0,0.0,0.0,1750714380.6699288,0.0,left_blink
83.04508233070374,104.0,-2025.1913550556637,-548.4600684018806,-272.09829122619703,144.7715272847563,0.0,0.0,0.0,0.0,0.0,0.0,0.0,0.0,1750714380.7589092,0.0,left_blink
83.14557147026062,113.0,-1854.82021257421,-613.1304184356704,-317.048148793634,82.34137732442468,0.0,0.0,0.0,0.0,0.0,0.0,0.0,0.0,1750714380.8489149,0.0,left_blink
83.24619698524475,124.0,-1540.76211379515,-764.9890561364591,-312.5415693470277,0.8601769898086786,0.0,0.0,0.0,0.0,0.0,0.0,0.0,0.0,1750714380.9553947,0.0,left_blink
83.34685182571411,135.0,-803.0369283356704,-1006.5940730739385,-519.4216151959263,-210.74336250312626,0.0,0.0,0.0,0.0,0.0,0.0,0.0,0.0,1750714381.0742412,0.0,left_blink
83.44807624816895,145.0,-951.0771281816997,-985.9386056186631,-475.85178071213886,-184.17137331794947,0.0,0.0,0.0,0.0,0.0,0.0,0.0,0.0,1750714381.1657424,0.0,left_blink
83.54888606071472,154.0,-934.6963663757779,-926.0515876282007,-414.0985526437871,-152.06059229839593,0.0,0.0,0.0,0.0,0.0,0.0,0.0,0.0,1750714381.255195,0.0,left_blink
83.64977359771729,164.0,-974.8516722000204,-916.4886634415016,-414.00505514489487,-140.1041321400553,0.0,0.0,0.0,0.0,0.0,0.0,0.0,0.0,1750714381.358812,0.0,left_blink
83.75030279159546,175.0,-1158.1105099287815,-942.1144579378888,-450.16988771641627,-118.28181589860469,0.0,0.0,0.0,0.0,0.0,0.0,0.0,0.0,1750714381.4652016,0.0,left_blink
83.85147333145142,185.0,-1477.2978814970702,-554.4326886311173,-274.5928044966422,160.815698094666,0.0,0.0,0.0,0.0,0.0,0.0,0.0,0.0,1750714381.5691643,0.0,left_blink
83.95243120193481,194.0,-1131.8956811893731,-533.0554204843938,-237.16014584014192,158.30996512435377,0.0,0.0,0.0,0.0,0.0,0.0,0.0,0.0,1750714381.6589816,0.0,left_blink
84.05322670936584,104.0,-1760.8009976381436,-656.9583060164005,-277.0966675169766,60.752804830204695,0.0,0.0,0.0,0.0,0.0,0.0,0.0,0.0,1750714381.7639303,0.0,left_blink
84.1541428565979,113.0,-1116.6555888699368,-924.8959585418925,-444.56190773285925,-156.6438396940939,0.0,0.0,0.0,0.0,0.0,0.0,0.0,0.0,1750714381.8536355,0.0,left_blink
84.25517702102661,125.0,-1144.3233687421307,-887.6016761837527,-397.58502438943833,-117.33001135988161,0.0,0.0,0.0,0.0,0.0,0.0,0.0,0.0,1750714381.9743629,0.0,left_blink
84.355877161026,134.0,-1082.6449386728927,-888.0093252789229,-400.9284949498251,-94.85321262618527,0.0,0.0,0.0,0.0,0.0,0.0,0.0,0.0,1750714382.0638487,0.0,left_blink
84.45644974708557,145.0,-1051.8094635382295,-894.5279709016904,-427.4593452354893,-133.8267100644298,0.0,0.0,0.0,0.0,0.0,0.0,0.0,0.0,1750714382.170206,0.0,left_blink
84.55728363990784,155.0,-1009.301760641858,-916.084754246287,-431.73779078479856,-142.24896476464346,0.0,0.0,0.0,0.0,0.0,0.0,0.0,0.0,1750714382.273844,0.0,left_blink
84.65818095207214,166.0,-1138.8406754070893,-906.7574437567964,-452.0005687447265,-125.5241321627982,0.0,0.0,0.0,0.0,0.0,0.0,0.0,0.0,1750714382.3803184,0.0,left_blink
84.75935697555542,175.0,-1238.2771354289725,-830.889833255671,-399.1146434713155,-70.03523652022704,0.0,0.0,0.0,0.0,0.0,0.0,0.0,0.0,1750714382.47043,0.0,left_blink
84.85988259315491,185.0,-1150.3876165202819,-518.4286717576906,-256.88624815642834,133.22084627160802,0.0,0.0,0.0,0.0,0.0,0.0,0.0,0.0,1750714382.57394,0.0,left_blink
84.96083879470825,194.0,-974.6983363018371,-575.7276789788157,-278.78336239699274,99.43085017194971,0.0,0.0,0.0,0.0,0.0,0.0,0.0,0.0,1750714382.6641612,0.0,left_blink
85.06164956092834,104.0,-869.1976285018027,-945.0820685527287,-484.35818316135556,-174.1802305863239,0.0,0.0,0.0,0.0,0.0,0.0,0.0,0.0,1750714382.7687793,0.0,left_blink
85.1623764038086,115.0,-941.0074475510046,-904.893103628885,-418.7939970381558,-130.01575200958177,0.0,0.0,0.0,0.0,0.0,0.0,0.0,0.0,1750714382.8751264,0.0,left_blink
85.26328015327454,125.0,-1046.8017374975607,-886.6835307446308,-396.8482640981674,-95.45159661909565,0.0,0.0,0.0,0.0,0.0,0.0,0.0,0.0,1750714382.979143,0.0,left_blink
85.36468839645386,134.0,-1149.349794282578,-940.9681786014698,-456.33885269332677,-120.77445921907201,0.0,0.0,0.0,0.0,0.0,0.0,0.0,0.0,1750714383.0688996,0.0,left_blink
85.46552538871765,146.0,-1094.930510027334,-913.2256007301621,-436.5510420277715,-141.43740647425875,0.0,0.0,0.0,0.0,0.0,0.0,0.0,0.0,1750714383.1892352,0.0,left_blink
85.56622362136841,155.0,-1006.0742269800976,-892.2485018786974,-407.8697492675856,-104.8088263082318,0.0,0.0,0.0,0.0,0.0,0.0,0.0,0.0,1750714383.278802,0.0,left_blink
85.66669845581055,166.0,-1234.7691092705354,-884.5330882701091,-414.11164229363203,-98.45099638355896,0.0,0.0,0.0,0.0,0.0,0.0,0.0,0.0,1750714383.3852057,0.0,left_blink
85.76763892173767,175.0,-2264.5505620697513,-506.3282254510559,-178.69615978281945,215.5248245964758,0.0,0.0,0.0,0.0,0.0,0.0,0.0,0.0,1750714383.4752038,0.0,left_blink
85.86815905570984,185.0,-2049.491355017759,-562.9054319807328,-231.63818355556577,141.10829527815804,0.0,0.0,0.0,0.0,0.0,0.0,0.0,0.0,1750714383.5799785,0.0,left_blink
85.96924614906311,196.0,-1754.0355186183006,-733.355112361256,-293.97483601700515,7.44801076175645,0.0,0.0,0.0,0.0,0.0,0.0,0.0,0.0,1750714383.685406,0.0,left_blink
86.0711874961853,106.0,-782.8620380247012,-936.7121724518947,-424.49547452060506,-153.16760268528014,0.0,0.0,0.0,0.0,0.0,0.0,0.0,0.0,1750714383.7902644,0.0,left_blink
86.17233228683472,115.0,-946.9052697811276,-990.3273782166652,-478.41361218178645,-172.09523636102676,0.0,0.0,0.0,0.0,0.0,0.0,0.0,0.0,1750714383.8801632,0.0,left_blink
86.27307415008545,125.0,-1038.0354120014235,-965.6028996095993,-464.37402774812654,-157.7826392306015,0.0,0.0,0.0,0.0,0.0,0.0,0.0,0.0,1750714383.9836593,0.0,left_blink
86.3736686706543,136.0,-983.1935190511867,-905.0015607276,-401.1996376966126,-109.95305869728327,0.0,0.0,0.0,0.0,0.0,0.0,0.0,0.0,1750714384.090318,0.0,left_blink
86.47446298599243,145.0,-1091.145731272176,-953.9605910475366,-472.85238094767556,-123.71215063426644,0.0,0.0,0.0,0.0,0.0,0.0,0.0,0.0,1750714384.1802475,0.0,left_blink
86.5757257938385,155.0,-1636.789655007422,-763.6370823024772,-372.87363543221727,-5.703347432427108,0.0,0.0,0.0,0.0,0.0,0.0,0.0,0.0,1750714384.2835665,0.0,left_blink
86.6761245727539,166.0,-2149.619696531445,-492.45319661544636,-227.98617124883458,232.30388574767858,0.0,0.0,0.0,0.0,0.0,0.0,0.0,0.0,1750714384.3899827,0.0,left_blink
86.77706480026245,176.0,-1996.893402040936,-545.1072480916046,-261.8098264480941,185.51399740204215,0.0,0.0,0.0,0.0,0.0,0.0,0.0,0.0,1750714384.4937184,0.0,left_blink
86.87732243537903,185.0,-1572.8149263653904,-783.6268475656398,-372.87363543221727,-36.041415872983634,0.0,0.0,0.0,0.0,0.0,0.0,0.0,0.0,1750714384.5838037,0.0,left_blink
86.97864985466003,196.0,-1357.9576739110053,-823.3296254952438,-334.1843703906052,-17.958999587222934,0.0,0.0,0.0,0.0,0.0,0.0,0.0,0.0,1750714384.690234,0.0,left_blink
87.07903838157654,106.0,-493.2984140054323,-1046.410917952191,-554.8272480764426,-249.55043439334258,0.0,0.0,0.0,0.0,0.0,0.0,0.0,0.0,1750714384.795545,0.0,left_blink
87.17985510826111,116.0,-826.5160202574916,-999.0712643130682,-493.53776760259643,-184.96610205853358,0.0,0.0,0.0,0.0,0.0,0.0,0.0,0.0,1750714384.89908,0.0,left_blink
87.28040790557861,125.0,-857.9124803855084,-965.0680939159356,-457.3766749310307,-195.09749103849754,0.0,0.0,0.0,0.0,0.0,0.0,0.0,0.0,1750714384.9886603,0.0,left_blink
87.38126873970032,136.0,-997.7585594286211,-951.9560046712868,-476.2145510078408,-151.97270464943722,0.0,0.0,0.0,0.0,0.0,0.0,0.0,0.0,1750714385.094952,0.0,left_blink
87.48193144798279,146.0,-1466.2072081784718,-782.9013069742359,-420.6994760655798,-12.912004597019404,0.0,0.0,0.0,0.0,0.0,0.0,0.0,0.0,1750714385.1987548,0.0,left_blink
87.58287453651428,157.0,-1063.2909564021975,-556.5326424562372,-265.1009384091012,144.81453613424674,0.0,0.0,0.0,0.0,0.0,0.0,0.0,0.0,1750714385.3051574,0.0,left_blink
87.68391108512878,166.0,-898.151933958754,-667.9667015359737,-322.33636733097956,65.80914957029745,0.0,0.0,0.0,0.0,0.0,0.0,0.0,0.0,1750714385.39556,0.0,left_blink
87.78490710258484,176.0,236.49257369805127,-986.3967433632351,-509.68291571130976,-207.32696389360353,0.0,0.0,0.0,0.0,0.0,0.0,0.0,0.0,1750714385.498755,0.0,left_blink
87.88594031333923,185.0,67.64731039851904,-950.1234536929987,-451.33299660263583,-187.16890313243493,0.0,0.0,0.0,0.0,0.0,0.0,0.0,0.0,1750714385.5888858,0.0,left_blink
87.9867672920227,197.0,26.755244283005595,-924.8716491921805,-413.93773694569245,-126.76203904813156,0.0,0.0,0.0,0.0,0.0,0.0,0.0,0.0,1750714385.7088885,0.0,left_blink
88.08754348754883,106.0,-1051.2914873943664,-950.9742809329182,-446.7927580564283,-151.59123485395685,0.0,0.0,0.0,0.0,0.0,0.0,0.0,0.0,1750714385.8000338,0.0,left_blink
88.18819332122803,116.0,-1130.8428993518464,-920.8606064897031,-441.0108727249317,-133.18718717200682,0.0,0.0,0.0,0.0,0.0,0.0,0.0,0.0,1750714385.9038448,0.0,left_blink
88.28884243965149,125.0,-1153.8732032789849,-861.306439595297,-379.37358155520633,-70.6822392125614,0.0,0.0,0.0,0.0,0.0,0.0,0.0,0.0,1750714385.993738,0.0,left_blink
88.38956904411316,136.0,-1511.7965886383317,-743.5332500906661,-423.31366613460705,-2.5562216197140515,0.0,0.0,0.0,0.0,0.0,0.0,0.0,0.0,1750714386.100274,0.0,left_blink
88.4908766746521,146.0,-184.24056146712974,-554.9300953252241,-291.4859325964935,129.92225451068953,0.0,0.0,0.0,0.0,0.0,0.0,0.0,0.0,1750714386.2038727,0.0,left_blink
88.59165740013123,157.0,78.75668321689591,-649.3700490063056,-286.7811384522356,64.84799528168514,0.0,0.0,0.0,0.0,0.0,0.0,0.0,0.0,1750714386.3100717,0.0,left_blink
88.69247674942017,166.0,271.7392608304508,-767.6855240045115,-317.904585883487,-10.978476319927722,0.0,0.0,0.0,0.0,0.0,0.0,0.0,0.0,1750714386.4003167,0.0,left_blink
88.79327630996704,176.0,950.6545194867067,-937.5667395917699,-426.98624789109454,-173.42851069523022,0.0,0.0,0.0,0.0,0.0,0.0,0.0,0.0,1750714386.503991,0.0,left_blink
88.89392375946045,185.0,913.3340578288771,-885.451233709231,-384.44862579507753,-97.11585209937766,0.0,0.0,0.0,0.0,0.0,0.0,0.0,0.0,1750714386.5937529,0.0,left_blink
88.99511003494263,197.0,981.4002370224334,-930.8087403718382,-446.96105355443433,-138.47166580939665,0.0,0.0,0.0,0.0,0.0,0.0,0.0,0.0,1750714386.714075,0.0,left_blink
89.09565567970276,106.0,-882.3938654954545,-913.44438487757,-420.07304282300174,-140.63519793376327,0.0,0.0,0.0,0.0,0.0,0.0,0.0,0.0,1750714386.8049076,0.0,left_blink
89.19672274589539,116.0,-1061.4004369745962,-854.7803141726181,-402.62266962975264,-74.81669861357659,0.0,0.0,0.0,0.0,0.0,0.0,0.0,0.0,1750714386.9102185,0.0,left_blink
89.29711389541626,125.0,-2156.985429494176,-586.4724115515128,-284.37451283074915,133.83231991436332,0.0,0.0,0.0,0.0,0.0,0.0,0.0,0.0,1750714386.9991171,0.0,left_blink
89.3975613117218,137.0,-2013.4256297950633,-680.7365899346769,-306.1781295724213,76.5183530934155,0.0,0.0,0.0,0.0,0.0,0.0,0.0,0.0,1750714387.1188517,0.0,left_blink
89.49840879440308,146.0,-869.5286096478812,-850.0942195281386,-406.3363902857527,-119.54964198358357,0.0,0.0,0.0,0.0,0.0,0.0,0.0,0.0,1750714387.2090476,0.0,left_blink
89.59951186180115,157.0,-1039.1368125383742,-952.7769127115607,-456.38373149279505,-162.4462944753468,0.0,0.0,0.0,0.0,0.0,0.0,0.0,0.0,1750714387.3151903,0.0,left_blink
89.7001085281372,166.0,-959.5704409810714,-924.7426226437092,-386.09605172555894,-121.83846075646579,0.0,0.0,0.0,0.0,0.0,0.0,0.0,0.0,1750714387.405188,0.0,left_blink
89.80073094367981,178.0,-996.457074244041,-920.8718261895701,-414.69506668671966,-109.21255850605667,0.0,0.0,0.0,0.0,0.0,0.0,0.0,0.0,1750714387.5249324,0.0,left_blink
89.90145993232727,187.0,-1109.899459599983,-926.8145272191614,-445.9868096159771,-137.93873006571084,0.0,0.0,0.0,0.0,0.0,0.0,0.0,0.0,1750714387.6151595,0.0,left_blink
90.00209450721741,197.0,-1153.6974279810674,-934.802953524515,-446.3533198116347,-137.38522487226874,0.0,0.0,0.0,0.0,0.0,0.0,0.0,0.0,1750714387.7186952,0.0,left_blink
90.10281777381897,106.0,-1218.781036959961,-886.6349120452069,-417.36161535512656,-73.16179288318381,0.0,0.0,0.0,0.0,0.0,0.0,0.0,0.0,1750714387.8101964,0.0,left_blink
90.20338153839111,116.0,-1550.1062538344413,-795.3289945269935,-396.83330449834466,-0.5254559437744319,0.0,0.0,0.0,0.0,0.0,0.0,0.0,0.0,1750714387.9136007,0.0,left_blink
90.30405735969543,127.0,-1102.625354186166,-511.1078175944276,-265.2673639571294,162.3546669264324,0.0,0.0,0.0,0.0,0.0,0.0,0.0,0.0,1750714388.020394,0.0,left_blink
90.40516877174377,137.0,-873.4742041011341,-610.2563053197227,-286.4763366058469,78.79408221645281,0.0,0.0,0.0,0.0,0.0,0.0,0.0,0.0,1750714388.12385,0.0,left_blink
90.50613236427307,146.0,-140.70438608294353,-868.0513491653837,-446.5178754096851,-97.62821839330718,0.0,0.0,0.0,0.0,0.0,0.0,0.0,0.0,1750714388.213699,0.0,left_blink
90.60681295394897,157.0,-76.74461704073474,-872.3671937142499,-390.075305278413,-109.59963815147057,0.0,0.0,0.0,0.0,0.0,0.0,0.0,0.0,1750714388.319951,0.0,left_blink
90.7072525024414,167.0,-69.07408223161474,-890.5318877990358,-392.72689434699714,-110.3326585427858,0.0,0.0,0.0,0.0,0.0,0.0,0.0,0.0,1750714388.4234884,0.0,left_blink
90.81061053276062,178.0,-46.234513202216476,-953.1976514565758,-473.32547829207033,-164.86413979670033,0.0,0.0,0.0,0.0,0.0,0.0,0.0,0.0,1750714388.529872,0.0,left_blink
90.91228771209717,187.0,-17.239068845752627,-909.4707411746494,-395.72629411146045,-118.38466314738616,0.0,0.0,0.0,0.0,0.0,0.0,0.0,0.0,1750714388.6201434,0.0,left_blink
91.01303696632385,197.0,-87.63894561165944,-883.9721032767557,-392.8914499450475,-108.93767585931346,0.0,0.0,0.0,0.0,0.0,0.0,0.0,0.0,1750714388.7239106,0.0,left_blink
91.11377811431885,106.0,-1291.1294016027823,-839.658028701786,-444.1355591379106,-96.56982670584694,0.0,0.0,0.0,0.0,0.0,0.0,0.0,0.0,1750714388.8149,0.0,left_blink
91.2148232460022,116.0,-1020.4597521596588,-617.0442237392999,-315.12771016638726,122.44245459930971,0.0,0.0,0.0,0.0,0.0,0.0,0.0,0.0,1750714388.918447,0.0,left_blink
91.31551814079285,127.0,-844.1459086486138,-624.03783665644,-311.7356209065765,75.83582135150209,0.0,0.0,0.0,0.0,0.0,0.0,0.0,0.0,1750714389.025155,0.0,left_blink
91.41641068458557,137.0,-6.516775672789663,-867.7521571689285,-445.41460492275655,-106.73861468536779,0.0,0.0,0.0,0.0,0.0,0.0,0.0,0.0,1750714389.1287007,0.0,left_blink
91.51700830459595,148.0,-2.889072715770453,-902.1405372614972,-414.50807168893516,-146.76676391111687,0.0,0.0,0.0,0.0,0.0,0.0,0.0,0.0,1750714389.2351112,0.0,left_blink
91.61805486679077,157.0,-33.74324735021219,-904.2498408365063,-435.3206149423495,-95.72460931586102,0.0,0.0,0.0,0.0,0.0,0.0,0.0,0.0,1750714389.3251553,0.0,left_blink
91.71903848648071,167.0,-111.87349732453004,-899.6123648914509,-430.5372828990221,-96.42771050753072,0.0,0.0,0.0,0.0,0.0,0.0,0.0,0.0,1750714389.428803,0.0,left_blink
91.81994485855103,178.0,-149.05932258395478,-891.9680093820207,-390.80084586981684,-110.77022683760151,0.0,0.0,0.0,0.0,0.0,0.0,0.0,0.0,1750714389.535272,0.0,left_blink
91.92073106765747,187.0,-139.14484780142084,-915.2975053056143,-408.4868327602744,-101.54015374695882,0.0,0.0,0.0,0.0,0.0,0.0,0.0,0.0,1750714389.625272,0.0,left_blink
92.02143955230713,197.0,-613.4427000819705,-735.8010069322772,-349.84520145505667,46.83663709508255,0.0,0.0,0.0,0.0,0.0,0.0,0.0,0.0,1750714389.728792,0.0,left_blink
92.12189316749573,107.0,-1982.3152720136568,-637.5089562968351,-321.7267636382021,77.58983443072066,0.0,0.0,0.0,0.0,0.0,0.0,0.0,0.0,1750714389.833804,0.0,left_blink
92.22273564338684,118.0,-1694.788023520261,-675.584877745714,-292.963193078991,65.45385907450691,0.0,0.0,0.0,0.0,0.0,0.0,0.0,0.0,1750714389.9402735,0.0,left_blink
92.32370090484619,127.0,-1550.2932488322258,-823.1538501973264,-375.47660580137745,-37.819738301914185,0.0,0.0,0.0,0.0,0.0,0.0,0.0,0.0,1750714390.03005,0.0,left_blink
92.42458987236023,137.0,-1163.856866210699,-927.9271474559791,-433.57969151297584,-109.05735265789554,0.0,0.0,0.0,0.0,0.0,0.0,0.0,0.0,1750714390.1337504,0.0,left_blink
92.52525615692139,147.0,-1067.9546116469428,-942.7932497798465,-473.1740123438649,-152.51125024305657,0.0,0.0,0.0,0.0,0.0,0.0,0.0,0.0,1750714390.2392182,0.0,left_blink
92.6259970664978,158.0,-951.434288627468,-919.1458623600192,-417.49064190359786,-110.9983607348986,0.0,0.0,0.0,0.0,0.0,0.0,0.0,0.0,1750714390.3435788,0.0,left_blink
92.72658634185791,167.0,-955.6753351772204,-984.1004447904415,-484.56948750885203,-182.8044398841448,0.0,0.0,0.0,0.0,0.0,0.0,0.0,0.0,1750714390.4334865,0.0,left_blink
92.82686376571655,178.0,-991.7017914503813,-922.7623456171714,-404.4346511582844,-112.18764892080799,0.0,0.0,0.0,0.0,0.0,0.0,0.0,0.0,1750714390.5401936,0.0,left_blink
92.9274480342865,187.0,-2507.1728317951784,-620.5634695976041,-289.58606341900304,167.70646376302466,0.0,0.0,0.0,0.0,0.0,0.0,0.0,0.0,1750714390.63004,0.0,left_blink
93.02825665473938,199.0,-1863.3303549233824,-615.6866400553845,-323.42093831812963,75.70866475300863,0.0,0.0,0.0,0.0,0.0,0.0,0.0,0.0,1750714390.7500873,0.0,left_blink
93.12919878959656,107.0,-1663.5692086401395,-683.0945968567394,-324.959907149896,9.622762585990131,0.0,0.0,0.0,0.0,0.0,0.0,0.0,0.0,1750714390.8387764,0.0,left_blink
93.22981929779053,118.0,-990.9220223096199,-953.1565125570633,-469.76509353425354,-144.91364348307252,0.0,0.0,0.0,0.0,0.0,0.0,0.0,0.0,1750714390.9452567,0.0,left_blink
93.33076000213623,127.0,-997.3696098332293,-925.8103640810587,-401.7774522397667,-142.2134357150644,0.0,0.0,0.0,0.0,0.0,0.0,0.0,0.0,1750714391.035077,0.0,left_blink
93.43127417564392,137.0,-982.1781362132169,-925.3017376870848,-405.8651628913358,-131.61081934068352,0.0,0.0,0.0,0.0,0.0,0.0,0.0,0.0,1750714391.138805,0.0,left_blink
93.53179621696472,148.0,-1042.659798296634,-962.8091943426989,-467.9998607551679,-155.774312954396,0.0,0.0,0.0,0.0,0.0,0.0,0.0,0.0,1750714391.245159,0.0,left_blink
93.6325147151947,158.0,-1183.5493094273843,-928.1253621536307,-432.85976077150553,-122.12269315309823,0.0,0.0,0.0,0.0,0.0,0.0,0.0,0.0,1750714391.3503797,0.0,left_blink
93.73321390151978,167.0,-2014.8206124785356,-565.1119729545899,-280.55981487594545,143.34662540163845,0.0,0.0,0.0,0.0,0.0,0.0,0.0,0.0,1750714391.4387956,0.0,left_blink
93.83381962776184,179.0,-1739.0852685454302,-632.710664653685,-307.363677858375,69.42002297751606,0.0,0.0,0.0,0.0,0.0,0.0,0.0,0.0,1750714391.558877,0.0,left_blink
93.93441820144653,188.0,-1723.8713555256836,-720.5085560134612,-363.45469739381224,6.817837619222701,0.0,0.0,0.0,0.0,0.0,0.0,0.0,0.0,1750714391.648782,0.0,left_blink
94.03515410423279,199.0,-1539.509247309994,-764.4336809930392,-304.05760629754514,19.152027673088014,0.0,0.0,0.0,0.0,0.0,0.0,0.0,0.0,1750714391.7553923,0.0,left_blink
94.1358470916748,107.0,-1323.2308328724466,-820.1039617834613,-354.46958775026724,-32.51843011472374,0.0,0.0,0.0,0.0,0.0,0.0,0.0,0.0,1750714391.843742,0.0,left_blink
94.23675751686096,116.0,-1202.1179127073847,-929.8401062833145,-421.8925041514449,-118.89141959138215,0.0,0.0,0.0,0.0,0.0,0.0,0.0,0.0,1750714391.935095,0.0,left_blink
94.33733677864075,128.0,-902.4285095580854,-967.6579746352509,-441.9009689143859,-178.3820081865415,0.0,0.0,0.0,0.0,0.0,0.0,0.0,0.0,1750714392.053837,0.0,left_blink
94.43788361549377,137.0,-848.1625612010248,-954.583284390159,-429.7126349587925,-151.67912250291556,0.0,0.0,0.0,0.0,0.0,0.0,0.0,0.0,1750714392.1439164,0.0,left_blink
94.53863453865051,148.0,-1052.6771203279495,-649.0633772099391,-268.0816386737861,96.1565677607432,0.0,0.0,0.0,0.0,0.0,0.0,0.0,0.0,1750714392.2502005,0.0,left_blink
94.63909268379211,157.0,-743.1405605953187,-691.047494112514,-311.34106146125123,78.52293946966529,0.0,0.0,0.0,0.0,0.0,0.0,0.0,0.0,1750714392.3404915,0.0,left_blink
94.74005627632141,169.0,-650.1329885972664,-756.1853316407651,-362.42435495601967,20.326356259174645,0.0,0.0,0.0,0.0,0.0,0.0,0.0,0.0,1750714392.460304,0.0,left_blink
94.840829372406,178.0,-533.0928194839507,-767.5733270058408,-345.49382785661146,-44.38887257408351,0.0,0.0,0.0,0.0,0.0,0.0,0.0,0.0,1750714392.5503411,0.0,left_blink
94.94136261940002,188.0,-468.45612854976207,-810.084769802168,-354.5630852491595,-52.960723272524774,0.0,0.0,0.0,0.0,0.0,0.0,0.0,0.0,1750714392.654349,0.0,left_blink
95.04241180419922,197.0,-337.51101140119135,-840.5387751413509,-350.69228879502043,-33.70771830063313,0.0,0.0,0.0,0.0,0.0,0.0,0.0,0.0,1750714392.7439945,0.0,left_blink
95.14260482788086,109.0,-910.9554814570583,-956.8272243635729,-449.08344677928835,-162.42011517565697,0.0,0.0,0.0,0.0,0.0,0.0,0.0,0.0,1750714392.8651404,0.0,left_blink
95.24331665039062,118.0,-791.6003142711706,-921.9115183772519,-434.56141525134444,-146.34228526614606,0.0,0.0,0.0,0.0,0.0,0.0,0.0,0.0,1750714392.9552467,0.0,left_blink
95.34366178512573,128.0,-821.422276517842,-917.749009726569,-423.6184679809958,-141.9927816176787,0.0,0.0,0.0,0.0,0.0,0.0,0.0,0.0,1750714393.060223,0.0,left_blink
95.44416618347168,137.0,-1327.9075777670369,-676.7835156815127,-297.5090414751321,93.30676399450749,0.0,0.0,0.0,0.0,0.0,0.0,0.0,0.0,1750714393.149044,0.0,left_blink
95.54471564292908,149.0,-764.8731192378327,-706.9271093243733,-347.81443577911705,16.02921121008694,0.0,0.0,0.0,0.0,0.0,0.0,0.0,0.0,1750714393.268786,0.0,left_blink
95.64537906646729,158.0,-668.8848469750956,-684.19599739369,-303.2984066065401,50.59336660057306,0.0,0.0,0.0,0.0,0.0,0.0,0.0,0.0,1750714393.359123,0.0,left_blink
95.74608492851257,169.0,-649.2915111072361,-786.2840464841574,-358.49185015261173,-25.880107693374157,0.0,0.0,0.0,0.0,0.0,0.0,0.0,0.0,1750714393.4651613,0.0,left_blink
95.84681034088135,178.0,-457.4084640806541,-791.0449391277507,-337.1145820058882,-9.173974591307342,0.0,0.0,0.0,0.0,0.0,0.0,0.0,0.0,1750714393.5553079,0.0,left_blink
95.94733595848083,188.0,341.6174215525389,-971.4951119897887,-459.4504494564608,-191.8306884272024,0.0,0.0,0.0,0.0,0.0,0.0,0.0,0.0,1750714393.6589043,0.0,left_blink
96.04828071594238,199.0,86.60486327391118,-965.0699638659135,-459.2896337583661,-194.40747949667275,0.0,0.0,0.0,0.0,0.0,0.0,0.0,0.0,1750714393.7650619,0.0,left_blink
96.14878106117249,109.0,-756.4676940874197,-942.0789288883097,-425.9166365037672,-166.821977423504,0.0,0.0,0.0,0.0,0.0,0.0,0.0,0.0,1750714393.8703032,0.0,left_blink
96.2493941783905,118.0,-1050.4500099043362,-922.1078631249256,-480.63137285551056,-128.60019987635314,0.0,0.0,0.0,0.0,0.0,0.0,0.0,0.0,1750714393.9601648,0.0,left_blink
96.35016298294067,128.0,-1021.0263470029458,-649.3793987561949,-319.96901065902784,124.32923412695527,0.0,0.0,0.0,0.0,0.0,0.0,0.0,0.0,1750714394.0640936,0.0,left_blink
96.45127058029175,137.0,-789.4966205460951,-671.9571747886948,-327.022461975459,63.18560975138098,0.0,0.0,0.0,0.0,0.0,0.0,0.0,0.0,1750714394.1541994,0.0,left_blink
96.55186247825623,149.0,-639.246139826253,-722.730056587141,-295.25201185187325,40.96686411462724,0.0,0.0,0.0,0.0,0.0,0.0,0.0,0.0,1750714394.2738187,0.0,left_blink
96.65229845046997,158.0,-641.7331732967868,-777.7701642350294,-366.80377780413255,8.396075400523841,0.0,0.0,0.0,0.0,0.0,0.0,0.0,0.0,1750714394.3642125,0.0,left_blink
96.7533369064331,169.0,206.89874534867704,-918.7307334649377,-435.0345125957392,-145.0707192812115,0.0,0.0,0.0,0.0,0.0,0.0,0.0,0.0,1750714394.4701607,0.0,left_blink
96.85414552688599,178.0,-20.348795658908784,-959.6041000806727,-470.3915267768316,-166.10765653196722,0.0,0.0,0.0,0.0,0.0,0.0,0.0,0.0,1750714394.560279,0.0,left_blink
96.95483875274658,188.0,25.81652939412743,-956.8515337132849,-452.7130196862854,-170.33000358194113,0.0,0.0,0.0,0.0,0.0,0.0,0.0,0.0,1750714394.6637123,0.0,left_blink
97.05517435073853,199.0,107.3126893285662,-889.2902410137467,-425.4902879088186,-152.31864539533854,0.0,0.0,0.0,0.0,0.0,0.0,0.0,0.0,1750714394.7703493,0.0,left_blink
97.15597081184387,107.0,-1078.9854465662502,-603.4571672002785,-243.62830281350762,158.80737181846052,0.0,0.0,0.0,0.0,0.0,0.0,0.0,0.0,1750714394.858708,0.0,left_blink
97.2566328048706,118.0,-830.6822688081302,-678.9320882060565,-347.0926350876689,48.929111120291054,0.0,0.0,0.0,0.0,0.0,0.0,0.0,0.0,1750714394.9654372,0.0,left_blink
97.35702133178711,128.0,-664.7279481743462,-766.400868369732,-357.6615923624486,-5.370496336370707,0.0,0.0,0.0,0.0,0.0,0.0,0.0,0.0,1750714395.0686045,0.0,left_blink
97.45797657966614,139.0,-546.259137277957,-786.7683635284193,-358.9780371468514,-1.9671873766928911,0.0,0.0,0.0,0.0,0.0,0.0,0.0,0.0,1750714395.1753287,0.0,left_blink
97.55862832069397,148.0,-472.6915652495809,-817.5365204638802,-369.9471637168899,-48.83561362139881,0.0,0.0,0.0,0.0,0.0,0.0,0.0,0.0,1750714395.265124,0.0,left_blink
97.65929388999939,158.0,293.6438548709266,-972.6563509260304,-513.1367133203894,-237.89877608139068,0.0,0.0,0.0,0.0,0.0,0.0,0.0,0.0,1750714395.3686013,0.0,left_blink
97.75984811782837,168.0,171.86523251375183,-955.8305410253815,-491.7968441732228,-214.34488616045564,0.0,0.0,0.0,0.0,0.0,0.0,0.0,0.0,1750714395.4742403,0.0,left_blink
97.86004734039307,179.0,36.88102341303602,-943.0587826767005,-459.45418935641646,-150.64691011514515,0.0,0.0,0.0,0.0,0.0,0.0,0.0,0.0,1750714395.5785525,0.0,left_blink
97.96062350273132,188.0,58.96139275142923,-978.6327110552229,-449.12084577884525,-200.84758722037077,0.0,0.0,0.0,0.0,0.0,0.0,0.0,0.0,1750714395.6685145,0.0,left_blink
98.06138610839844,198.0,23.447302772197872,-942.931626078207,-438.884739600122,-183.50941102579236,0.0,0.0,0.0,0.0,0.0,0.0,0.0,0.0,1750714395.774268,0.0,left_blink
98.16250038146973,109.0,-1207.9072778387927,-843.7476093033329,-451.17966070445254,-124.82664082106203,0.0,0.0,0.0,0.0,0.0,0.0,0.0,0.0,1750714395.8799517,0.0,left_blink
98.26340889930725,118.0,-1249.221952649299,-784.541253104806,-364.02877203701064,-62.205755962990224,0.0,0.0,0.0,0.0,0.0,0.0,0.0,0.0,1750714395.9700353,0.0,left_blink
98.36406779289246,128.0,-1318.499859428499,-760.7068706871942,-358.54607870196924,-43.81292798090726,0.0,0.0,0.0,0.0,0.0,0.0,0.0,0.0,1750714396.0737698,0.0,left_blink
98.46494770050049,139.0,-1359.0889936476015,-860.9623687993735,-412.93918365752324,-91.40689481701702,0.0,0.0,0.0,0.0,0.0,0.0,0.0,0.0,1750714396.180242,0.0,left_blink
98.5657250881195,148.0,-1281.7964812633581,-803.6558817783371,-360.4870867789723,-50.122139206156135,0.0,0.0,0.0,0.0,0.0,0.0,0.0,0.0,1750714396.2703025,0.0,left_blink
98.66664505004883,159.0,-1235.5189592116512,-898.6044618533924,-435.4533813907765,-119.70671778172255,0.0,0.0,0.0,0.0,0.0,0.0,0.0,0.0,1750714396.3893583,0.0,left_blink
98.76728200912476,169.0,-1146.9992671604268,-917.1618454335257,-460.7201454914175,-151.53326640464365,0.0,0.0,0.0,0.0,0.0,0.0,0.0,0.0,1750714396.4804509,0.0,left_blink
98.86777305603027,179.0,-1234.61764332233,-883.0726573374122,-450.95526670711115,-121.81976125668734,0.0,0.0,0.0,0.0,0.0,0.0,0.0,0.0,1750714396.583964,0.0,left_blink
98.96825337409973,188.0,-1336.7543111122213,-780.3413454545662,-369.80317756859586,-18.96877257525921,0.0,0.0,0.0,0.0,0.0,0.0,0.0,0.0,1750714396.6767383,0.0,left_blink
99.06877851486206,0.0,-1909.1684387302957,-688.6483482909389,-333.5579371480271,58.181623610667884,0.0,0.0,0.0,0.0,0.0,0.0,0.0,0.0,1750714396.795195,0.0,left_blink
99.16961216926575,108.0,-1777.1350106946193,-677.5184060228057,-346.2361979978159,64.15050393994898,0.0,0.0,0.0,0.0,0.0,0.0,0.0,0.0,1750714396.884205,0.0,left_blink
99.27022624015808,119.0,-1465.926715681795,-737.1585906161927,-325.9061018386856,-0.9162754891440272,0.0,0.0,0.0,0.0,0.0,0.0,0.0,0.0,1750714396.989002,0.0,left_blink
99.37136268615723,128.0,-1492.7829372636043,-798.313434691634,-388.9234160920605,-22.446879534050822,0.0,0.0,0.0,0.0,0.0,0.0,0.0,0.0,1750714397.07887,0.0,left_blink
99.47218751907349,140.0,-760.3945890408941,-996.0756044485606,-526.4357975628227,-215.07790655177087,0.0,0.0,0.0,0.0,0.0,0.0,0.0,0.0,1750714397.1991649,0.0,left_blink
99.57354760169983,149.0,-752.230387437623,-955.8417607252486,-440.23110358417034,-200.41001892555505,0.0,0.0,0.0,0.0,0.0,0.0,0.0,0.0,1750714397.2893207,0.0,left_blink
99.67540574073792,158.0,-925.7954044812359,-946.2563971388154,-471.35829091537744,-163.13069616723806,0.0,0.0,0.0,0.0,0.0,0.0,0.0,0.0,1750714397.3790298,0.0,left_blink
99.776207447052,169.0,-963.3963586357422,-879.8619532254525,-406.6804610816762,-124.29931492730975,0.0,0.0,0.0,0.0,0.0,0.0,0.0,0.0,1750714397.4851835,0.0,left_blink
99.87764835357666,179.0,-1058.2701407116838,-872.1390598169528,-400.54328525438905,-108.9395458092913,0.0,0.0,0.0,0.0,0.0,0.0,0.0,0.0,1750714397.5892308,0.0,left_blink
99.97871232032776,190.0,-1372.6835299865343,-818.9726420468651,-440.1637853849679,-80.407849047333,0.0,0.0,0.0,0.0,0.0,0.0,0.0,0.0,1750714397.6953363,0.0,left_blink
100.07959413528442,199.0,-1228.8077087411657,-493.19743670662865,-245.4533739918843,210.9191378010437,0.0,0.0,0.0,0.0,0.0,0.0,0.0,0.0,1750714397.785221,0.0,left_blink
100.18035292625427,109.0,-2001.055910691619,-594.1859552101232,-339.51185787748545,204.23406663024798,0.0,0.0,0.0,0.0,0.0,0.0,0.0,0.0,1750714397.8901815,0.0,left_blink
100.28098440170288,118.0,-1872.825960910879,-680.3682097890414,-364.6589451795444,73.5731818783097,0.0,0.0,0.0,0.0,0.0,0.0,0.0,0.0,1750714397.9802735,0.0,left_blink
100.38200426101685,130.0,-1612.5326638948172,-725.9725498487242,-335.4278871258721,17.51208154251799,0.0,0.0,0.0,0.0,0.0,0.0,0.0,0.0,1750714398.1003745,0.0,left_blink
100.48273277282715,140.0,-901.8768743146211,-914.6841617128812,-456.78764068800956,-161.84978043241426,0.0,0.0,0.0,0.0,0.0,0.0,0.0,0.0,1750714398.2045815,0.0,left_blink
100.58398461341858,149.0,-1055.6204215930775,-900.4987211809494,-429.5723887104541,-122.10212370334193,0.0,0.0,0.0,0.0,0.0,0.0,0.0,0.0,1750714398.2941551,0.0,left_blink
100.68450736999512,160.0,-1001.7284632315859,-907.0472860033624,-417.1970597570762,-135.5321044442244,0.0,0.0,0.0,0.0,0.0,0.0,0.0,0.0,1750714398.4003568,0.0,left_blink
100.78553986549377,169.0,-991.2754428554326,-934.1952197817154,-420.3909343192354,-126.60870314994827,0.0,0.0,0.0,0.0,0.0,0.0,0.0,0.0,1750714398.4901779,0.0,left_blink
100.8860125541687,179.0,-1284.7753115780652,-827.054565851111,-399.25301976967603,-57.38315497012809,0.0,0.0,0.0,0.0,0.0,0.0,0.0,0.0,1750714398.5939972,0.0,left_blink
100.98646426200867,190.0,-2397.2122932979837,-603.7600990966894,-228.994074286893,154.67291241744533,0.0,0.0,0.0,0.0,0.0,0.0,0.0,0.0,1750714398.7004268,0.0,left_blink
101.08727240562439,199.0,-1865.0581887029111,-636.039175614249,-305.1758363842964,118.15652925008908,0.0,0.0,0.0,0.0,0.0,0.0,0.0,0.0,1750714398.7902052,0.0,left_blink
101.18770003318787,109.0,-1695.7641374086961,-722.8011146862991,-376.55369698861614,17.84493263857439,0.0,0.0,0.0,0.0,0.0,0.0,0.0,0.0,1750714398.8967147,0.0,left_blink
101.28834295272827,119.0,-1596.0995434895158,-756.1647621910088,-389.2843164377846,-29.22170830378309,0.0,0.0,0.0,0.0,0.0,0.0,0.0,0.0,1750714398.9990294,0.0,left_blink
101.39452815055847,130.0,-1403.0459077768028,-782.2954431814142,-342.4458093927242,-17.11565214721486,0.0,0.0,0.0,0.0,0.0,0.0,0.0,0.0,1750714399.105746,0.0,left_blink
101.49494123458862,140.0,-1152.5249693449587,-853.5704565369524,-379.1716269575991,-88.03911490691826,0.0,0.0,0.0,0.0,0.0,0.0,0.0,0.0,1750714399.2089293,0.0,left_blink
101.59557557106018,149.0,-598.6233465075493,-1070.0957043715753,-529.7586986734532,-307.76945700356737,0.0,0.0,0.0,0.0,0.0,0.0,0.0,0.0,1750714399.2989523,0.0,left_blink
101.69623899459839,160.0,-803.704500477761,-954.3084017434157,-443.3370904973708,-183.0325737814419,0.0,0.0,0.0,0.0,0.0,0.0,0.0,0.0,1750714399.4052565,0.0,left_blink
101.79763269424438,170.0,-956.8534036632627,-922.0816838252358,-405.55662114499137,-142.2751440643333,0.0,0.0,0.0,0.0,0.0,0.0,0.0,0.0,1750714399.5089839,0.0,left_blink
101.89912819862366,181.0,-1038.1326494002715,-930.9527265201323,-414.01627484476194,-171.52864151773974,0.0,0.0,0.0,0.0,0.0,0.0,0.0,0.0,1750714399.6152756,0.0,left_blink
102.00037431716919,191.0,-1637.7882082955912,-733.8712185551412,-393.93301208270714,7.141338965389878,0.0,0.0,0.0,0.0,0.0,0.0,0.0,0.0,1750714399.7190614,0.0,left_blink
102.1011688709259,0.0,-1948.964714158792,-712.8997295536101,-334.68551698466763,61.472735571675,0.0,0.0,0.0,0.0,0.0,0.0,0.0,0.0,1750714399.8102777,0.0,left_blink
102.20183038711548,110.0,-1818.674079502467,-739.6923728361726,-349.8470714050345,40.26002302300185,0.0,0.0,0.0,0.0,0.0,0.0,0.0,0.0,1750714399.9140651,0.0,left_blink
102.30257821083069,121.0,-1560.3778890627436,-729.9200142519549,-329.9582834406756,40.069288125261664,0.0,0.0,0.0,0.0,0.0,0.0,0.0,0.0,1750714400.0205593,0.0,left_blink
102.4036557674408,130.0,-1496.5677160187624,-811.9995985794812,-408.56350070936605,-22.97046552784741,0.0,0.0,0.0,0.0,0.0,0.0,0.0,0.0,1750714400.1103253,0.0,left_blink
102.50521850585938,140.0,-1041.8108410066925,-904.5359431831166,-495.65081107756123,-137.98360886517912,0.0,0.0,0.0,0.0,0.0,0.0,0.0,0.0,1750714400.2138,0.0,left_blink
102.60602951049805,149.0,-1000.6382823945023,-896.7831305749714,-412.6138123613782,-134.46436300687492,0.0,0.0,0.0,0.0,0.0,0.0,0.0,0.0,1750714400.3038924,0.0,left_blink
102.70686197280884,161.0,-904.9379824283533,-922.2593290731311,-414.8166134352796,-125.45868391357362,0.0,0.0,0.0,0.0,0.0,0.0,0.0,0.0,1750714400.4238946,0.0,left_blink
102.80770993232727,170.0,-1053.5503869676031,-954.7740192878991,-469.5837083864026,-174.49999203253537,0.0,0.0,0.0,0.0,0.0,0.0,0.0,0.0,1750714400.5137804,0.0,left_blink
102.90860748291016,181.0,-1517.124076125212,-558.5428386824206,-221.67322012363002,182.13686774205416,0.0,0.0,0.0,0.0,0.0,0.0,0.0,0.0,1750714400.6199071,0.0,left_blink
103.00894713401794,191.0,-902.2022456107661,-626.945608871989,-288.57629043096676,124.97249691933393,0.0,0.0,0.0,0.0,0.0,0.0,0.0,0.0,1750714400.723784,0.0,left_blink
103.11013865470886,101.0,-1612.6504707434215,-779.269864117261,-380.79287358839065,21.859715241007507,0.0,0.0,0.0,0.0,0.0,0.0,0.0,0.0,1750714400.829285,0.0,left_blink
103.21149230003357,110.0,-1479.5698707201518,-787.5387829192914,-362.55712140444666,-34.47065789159387,0.0,0.0,0.0,0.0,0.0,0.0,0.0,0.0,1750714400.9189088,0.0,left_blink
103.3122889995575,121.0,-1068.3790902919136,-897.1963895200752,-478.83435092680156,-128.74605597462505,0.0,0.0,0.0,0.0,0.0,0.0,0.0,0.0,1750714401.0252223,0.0,left_blink
103.41269183158875,130.0,-1020.9384593539871,-927.9234075560234,-407.1928273756057,-180.61098856013268,0.0,0.0,0.0,0.0,0.0,0.0,0.0,0.0,1750714401.1150603,0.0,left_blink
103.51373291015625,141.0,-1077.9233149788342,-923.8244772045873,-464.4506956972182,-147.05286625772715,0.0,0.0,0.0,0.0,0.0,0.0,0.0,0.0,1750714401.2348528,0.0,left_blink
103.61457371711731,152.0,-932.6282017002814,-904.2498408365063,-411.05988392978907,-136.68586358055472,0.0,0.0,0.0,0.0,0.0,0.0,0.0,0.0,1750714401.3391695,0.0,left_blink
103.71557712554932,161.0,-1015.8858545138501,-926.7490789699368,-476.9943201486021,-164.43592125177383,0.0,0.0,0.0,0.0,0.0,0.0,0.0,0.0,1750714401.4287064,0.0,left_blink
103.81660604476929,170.0,-1232.1343497517519,-786.88056052709,-448.85531288199127,-81.1483492385596,0.0,0.0,0.0,0.0,0.0,0.0,0.0,0.0,1750714401.5187647,0.0,left_blink
103.9173629283905,181.0,-1382.0183202759363,-782.2468244819902,-450.2914344649762,-32.754043811932206,0.0,0.0,0.0,0.0,0.0,0.0,0.0,0.0,1750714401.625376,0.0,left_blink
104.01844954490662,191.0,-1499.4212596849538,-774.2434385768138,-423.7157053798437,-7.562077710404992,0.0,0.0,0.0,0.0,0.0,0.0,0.0,0.0,1750714401.7292523,0.0,left_blink
104.11938881874084,101.0,-1394.7152806255035,-785.4893177435733,-423.37163458392024,-59.61026539374143,0.0,0.0,0.0,0.0,0.0,0.0,0.0,0.0,1750714401.8339913,0.0,left_blink
104.21996450424194,112.0,-1346.5341494963504,-812.5512338229455,-403.3108112215996,-50.084740206599236,0.0,0.0,0.0,0.0,0.0,0.0,0.0,0.0,1750714401.9403293,0.0,left_blink
104.32077360153198,121.0,-1285.2521488224156,-861.076435748022,-412.43242721352726,-102.00203139148653,0.0,0.0,0.0,0.0,0.0,0.0,0.0,0.0,1750714402.030077,0.0,left_blink
104.42111611366272,131.0,-1268.6021142196842,-879.517882429529,-413.5282179005444,-106.13088094256818,0.0,0.0,0.0,0.0,0.0,0.0,0.0,0.0,1750714402.1337297,0.0,left_blink
104.522043466568,142.0,-1105.6958120497875,-915.7911720997654,-401.1940278466791,-124.81916102115065,0.0,0.0,0.0,0.0,0.0,0.0,0.0,0.0,1750714402.2403176,0.0,left_blink
104.62266683578491,152.0,-1096.0506100640632,-925.4849927849136,-419.2278254330158,-129.89420526102185,0.0,0.0,0.0,0.0,0.0,0.0,0.0,0.0,1750714402.3440359,0.0,left_blink
104.72359299659729,160.0,-1227.0929646114819,-791.2300641755573,-396.6762287002057,-39.04829543735832,0.0,0.0,0.0,0.0,0.0,0.0,0.0,0.0,1750714402.4202793,0.0,left_blink
104.82454586029053,170.0,-1811.8712014830671,-646.2565822931938,-324.6644550533965,85.9279413819313,0.0,0.0,0.0,0.0,0.0,0.0,0.0,0.0,1750714402.523794,0.0,left_blink
104.9261224269867,182.0,-974.8236229503527,-643.8929655211978,-309.4094031341374,102.71261238306761,0.0,0.0,0.0,0.0,0.0,0.0,0.0,0.0,1750714402.644396,0.0,left_blink
105.02670383453369,191.0,-786.4972207816318,-702.1531270309351,-343.087202235125,23.77454401832074,0.0,0.0,0.0,0.0,0.0,0.0,0.0,0.0,1750714402.7336125,0.0,left_blink
105.12741279602051,101.0,-1603.742029048968,-719.0930038802326,-301.7351284250617,35.177498983219266,0.0,0.0,0.0,0.0,0.0,0.0,0.0,0.0,1750714402.838606,0.0,left_blink
105.22771859169006,110.0,-741.5417533642612,-957.6836614534259,-526.6751511599869,-207.4672101419419,0.0,0.0,0.0,0.0,0.0,0.0,0.0,0.0,1750714402.9286745,0.0,left_blink
105.32850766181946,122.0,-880.1461856220849,-967.5195983368903,-487.77271182090044,-212.9947822764516,0.0,0.0,0.0,0.0,0.0,0.0,0.0,0.0,1750714403.0486677,0.0,left_blink
105.42885971069336,131.0,-980.958928827662,-897.2132190698758,-387.1881025126204,-130.94137724861503,0.0,0.0,0.0,0.0,0.0,0.0,0.0,0.0,1750714403.1385868,0.0,left_blink
105.52938485145569,142.0,-1061.8417451693676,-975.5603832416236,-435.74322363734245,-190.76855683978647,0.0,0.0,0.0,0.0,0.0,0.0,0.0,0.0,1750714403.2450492,0.0,left_blink
105.62990236282349,151.0,-1093.9338266891427,-889.8568358570337,-376.9482564339414,-106.36649463977665,0.0,0.0,0.0,0.0,0.0,0.0,0.0,0.0,1750714403.336495,0.0,left_blink
105.73092150688171,163.0,-1170.1342882863246,-826.1476401118562,-412.8176369089633,-44.68058477062732,0.0,0.0,0.0,0.0,0.0,0.0,0.0,0.0,1750714403.4553108,0.0,left_blink
105.8315007686615,172.0,-2189.6497157071717,-629.1371902460232,-284.1052400339395,130.51502865366638,0.0,0.0,0.0,0.0,0.0,0.0,0.0,0.0,1750714403.544982,0.0,left_blink
105.9321129322052,182.0,-1877.2708320082165,-650.0918496977538,-355.82530148420483,42.814374692738056,0.0,0.0,0.0,0.0,0.0,0.0,0.0,0.0,1750714403.648591,0.0,left_blink
106.0324969291687,191.0,-1619.9432756570168,-678.3093948634341,-320.20649430621415,36.76321656443179,0.0,0.0,0.0,0.0,0.0,0.0,0.0,0.0,1750714403.738577,0.0,left_blink
106.13283205032349,101.0,-1299.093518558424,-851.8257932076231,-415.0391374826431,-50.51295875152573,0.0,0.0,0.0,0.0,0.0,0.0,0.0,0.0,1750714403.843555,0.0,left_blink
106.23321843147278,112.0,-782.3515416807495,-901.7384980162606,-472.8205917980522,-160.90358574362472,0.0,0.0,0.0,0.0,0.0,0.0,0.0,0.0,1750714403.9500642,0.0,left_blink
106.33385872840881,121.0,-933.331302891951,-934.0138346338645,-484.3133043618873,-158.18093857588246,0.0,0.0,0.0,0.0,0.0,0.0,0.0,0.0,1750714404.040021,0.0,left_blink
106.4342839717865,131.0,-1000.5148656959645,-932.4804756520316,-463.5157207082957,-149.63900707708672,0.0,0.0,0.0,0.0,0.0,0.0,0.0,0.0,1750714404.1435256,0.0,left_blink
106.5348014831543,140.0,-1030.0002369466238,-925.4831228349358,-436.9586911229417,-172.28036140883341,0.0,0.0,0.0,0.0,0.0,0.0,0.0,0.0,1750714404.233539,0.0,left_blink
106.63535284996033,152.0,-1146.2064083698206,-888.0280247787014,-378.34323911741376,-107.87554427189752,0.0,0.0,0.0,0.0,0.0,0.0,0.0,0.0,1750714404.353674,0.0,left_blink
106.73569345474243,161.0,-1507.5892011881806,-774.4136040247977,-393.343977839686,-15.268141569104046,0.0,0.0,0.0,0.0,0.0,0.0,0.0,0.0,1750714404.44371,0.0,left_blink
106.83687043190002,172.0,-959.0375052373856,-593.2416304713115,-267.1597533347085,125.3371371650137,0.0,0.0,0.0,0.0,0.0,0.0,0.0,0.0,1750714404.549939,0.0,left_blink
106.93859052658081,181.0,-819.636474289,-689.5216149305925,-337.84012259729207,70.46906491508707,0.0,0.0,0.0,0.0,0.0,0.0,0.0,0.0,1750714404.6400323,0.0,left_blink
107.03925323486328,193.0,-387.8837239043787,-862.6228843796998,-423.40903358347714,-76.0938744484447,0.0,0.0,0.0,0.0,0.0,0.0,0.0,0.0,1750714404.760131,0.0,left_blink
107.13980889320374,101.0,-982.3670011609793,-921.8161509283818,-470.24754062853754,-129.41923796664923,0.0,0.0,0.0,0.0,0.0,0.0,0.0,0.0,1750714404.8486276,0.0,left_blink
107.24067831039429,112.0,-1021.9014835925773,-880.4191983188502,-446.11396621447057,-109.99793749675155,0.0,0.0,0.0,0.0,0.0,0.0,0.0,0.0,1750714404.9551947,0.0,left_blink
107.34158086776733,121.0,-1022.8588979812339,-940.990618001204,-462.3002532226965,-166.16001513134688,0.0,0.0,0.0,0.0,0.0,0.0,0.0,0.0,1750714405.045138,0.0,left_blink
107.44270062446594,133.0,-1003.3515798123553,-928.1590212532319,-407.20778697542846,-152.64027679152787,0.0,0.0,0.0,0.0,0.0,0.0,0.0,0.0,1750714405.1655486,0.0,left_blink
107.5436270236969,142.0,-1107.2422606814653,-898.9653621991165,-421.3558285078034,-89.82491713576019,0.0,0.0,0.0,0.0,0.0,0.0,0.0,0.0,1750714405.2553132,0.0,left_blink
107.644766330719,152.0,-1259.9461157722399,-850.7692714701407,-425.0209304643795,-49.48261631373316,0.0,0.0,0.0,0.0,0.0,0.0,0.0,0.0,1750714405.3589923,0.0,left_blink
107.74572587013245,161.0,-2218.95370180998,-661.1226846170612,-339.059329982847,81.09599063917994,0.0,0.0,0.0,0.0,0.0,0.0,0.0,0.0,1750714405.448958,0.0,left_blink
107.84629249572754,173.0,-1837.6484619276598,-663.3741043903865,-293.8401996186003,84.9293880937621,0.0,0.0,0.0,0.0,0.0,0.0,0.0,0.0,1750714405.5692422,0.0,left_blink
107.94698596000671,182.0,-1709.863560241647,-704.374627604615,-327.09539002459496,44.17569827660918,0.0,0.0,0.0,0.0,0.0,0.0,0.0,0.0,1750714405.6590002,0.0,left_blink
108.04742050170898,191.0,-1636.1276927152649,-767.8519495525397,-373.9114576699212,-14.970819522626698,0.0,0.0,0.0,0.0,0.0,0.0,0.0,0.0,1750714405.748726,0.0,left_blink
108.1478819847107,101.0,-1069.0335727841593,-824.9976208754815,-383.7642241031863,-83.10244696540758,0.0,0.0,0.0,0.0,0.0,0.0,0.0,0.0,1750714405.8537445,0.0,left_blink
108.2487440109253,113.0,-828.0755585390143,-902.047039762605,-443.8868557908572,-160.66797204641625,0.0,0.0,0.0,0.0,0.0,0.0,0.0,0.0,1750714405.9741893,0.0,left_blink
108.35006809234619,122.0,-948.335781514179,-962.121052750852,-490.9160977336578,-197.15817591408268,0.0,0.0,0.0,0.0,0.0,0.0,0.0,0.0,1750714406.0637095,0.0,left_blink
108.45110368728638,133.0,-1045.3899252642877,-866.1103410883807,-412.9915422569029,-93.81352043850347,0.0,0.0,0.0,0.0,0.0,0.0,0.0,0.0,1750714406.1702933,0.0,left_blink
108.55221176147461,142.0,-1168.8814218011685,-905.7271013190039,-455.7872174498625,-131.1526815961115,0.0,0.0,0.0,0.0,0.0,0.0,0.0,0.0,1750714406.2603827,0.0,left_blink
108.65282988548279,154.0,-1244.988385899458,-863.5335500189103,-420.67329676589,-105.25013450300321,0.0,0.0,0.0,0.0,0.0,0.0,0.0,0.0,1750714406.3800704,0.0,left_blink
108.75370812416077,163.0,-2260.1954485713504,-544.9950510929339,-250.30215428443626,177.49378194706514,0.0,0.0,0.0,0.0,0.0,0.0,0.0,0.0,1750714406.4703808,0.0,left_blink
108.85469508171082,173.0,-1756.7039372366853,-658.0784060531296,-319.2359902677126,87.87829920882359,0.0,0.0,0.0,0.0,0.0,0.0,0.0,0.0,1750714406.574016,0.0,left_blink
108.95542645454407,182.0,-1592.2418366852216,-786.4205528325401,-395.33547456609085,-35.13075023377314,0.0,0.0,0.0,0.0,0.0,0.0,0.0,0.0,1750714406.6667504,0.0,left_blink
109.05601072311401,191.0,-1304.7557270913385,-792.5315493601374,-354.7126812473871,-33.399176554288715,0.0,0.0,0.0,0.0,0.0,0.0,0.0,0.0,1750714406.7537963,0.0,left_blink
109.15678334236145,103.0,-1025.1645463039167,-957.82764760172,-472.7588834487833,-163.5271255625412,0.0,0.0,0.0,0.0,0.0,0.0,0.0,0.0,1750714406.875128,0.0,left_blink
109.25731372833252,113.0,-1075.1221299120225,-943.088701876346,-455.3085102555342,-151.42854920588434,0.0,0.0,0.0,0.0,0.0,0.0,0.0,0.0,1750714406.9790154,0.0,left_blink
109.35914087295532,122.0,-1085.272218391765,-906.1422302140854,-406.00914903962985,-137.1757904747501,0.0,0.0,0.0,0.0,0.0,0.0,0.0,0.0,1750714407.0686662,0.0,left_blink
109.45989775657654,131.0,-1188.4074394698255,-884.1665780744515,-400.96402399940416,-82.24787982553244,0.0,0.0,0.0,0.0,0.0,0.0,0.0,0.0,1750714407.1586785,0.0,left_blink
109.5604236125946,143.0,-1283.1054462478496,-892.3606988773681,-431.79949913406745,-99.22702562436461,0.0,0.0,0.0,0.0,0.0,0.0,0.0,0.0,1750714407.2790866,0.0,left_blink
109.66092276573181,152.0,-1273.8005751580931,-794.5062165367417,-374.3134969151579,-40.67141201812774,0.0,0.0,0.0,0.0,0.0,0.0,0.0,0.0,1750714407.368957,0.0,left_blink
109.76176166534424,163.0,44.300984925124794,-715.2876556753181,-337.587679350283,54.01163516007364,0.0,0.0,0.0,0.0,0.0,0.0,0.0,0.0,1750714407.4752824,0.0,left_blink
109.86267971992493,172.0,235.63426665822044,-687.7769516012631,-308.9101264900528,35.10644088406116,0.0,0.0,0.0,0.0,0.0,0.0,0.0,0.0,1750714407.5652053,0.0,left_blink
109.96342515945435,184.0,427.1545433891006,-738.2244621035643,-315.88877980737016,17.581269691698253,0.0,0.0,0.0,0.0,0.0,0.0,0.0,0.0,1750714407.68551,0.0,left_blink
110.06384992599487,193.0,428.1493567773141,-815.7039694855921,-388.95520524168387,-37.52989605534822,0.0,0.0,0.0,0.0,0.0,0.0,0.0,0.0,1750714407.776544,0.0,left_blink
110.16479659080505,103.0,-599.9584907917306,-969.3241000655107,-499.0559899872169,-212.57591348141432,0.0,0.0,0.0,0.0,0.0,0.0,0.0,0.0,1750714407.8801908,0.0,left_blink
110.26517009735107,112.0,-864.9715415518731,-906.7555738068186,-446.33836021181196,-156.3726969473064,0.0,0.0,0.0,0.0,0.0,0.0,0.0,0.0,1750714407.9700696,0.0,left_blink
110.36601901054382,124.0,-942.0471397386864,-969.2268626666628,-465.5913651837036,-183.98437832016498,0.0,0.0,0.0,0.0,0.0,0.0,0.0,0.0,1750714408.0904305,0.0,left_blink
110.46679162979126,133.0,-1046.2108333045617,-914.2017146185972,-426.88340064231306,-163.10077696759254,0.0,0.0,0.0,0.0,0.0,0.0,0.0,0.0,1750714408.1804674,0.0,left_blink
110.56771659851074,143.0,-1139.966385293752,-905.8355584177189,-412.84755610860884,-135.93040378950536,0.0,0.0,0.0,0.0,0.0,0.0,0.0,0.0,1750714408.2839568,0.0,left_blink
110.66853022575378,152.0,-1237.5740342373028,-831.6097639971413,-387.6294107073918,-64.11684484034777,0.0,0.0,0.0,0.0,0.0,0.0,0.0,0.0,1750714408.3740687,0.0,left_blink
110.76942229270935,164.0,-2095.888553868048,-609.5681637278758,-322.1250629834831,155.90520945284516,0.0,0.0,0.0,0.0,0.0,0.0,0.0,0.0,1750714408.4939895,0.0,left_blink
110.86978507041931,173.0,-1855.5887620151043,-658.8563052439131,-341.28457045648247,75.55719880480319,0.0,0.0,0.0,0.0,0.0,0.0,0.0,0.0,1750714408.584004,0.0,left_blink
110.97030282020569,184.0,-1523.1378352539614,-789.1207606005482,-395.83475121017545,8.141762203536928,0.0,0.0,0.0,0.0,0.0,0.0,0.0,0.0,1750714408.690465,0.0,left_blink
111.07105541229248,193.0,-997.7379899788648,-869.0499024535529,-465.68112278264016,-141.4018774246797,0.0,0.0,0.0,0.0,0.0,0.0,0.0,0.0,1750714408.7802286,0.0,left_blink
111.17154502868652,103.0,-888.7666550199501,-888.0298947286792,-418.99969153571874,-154.29518252192065,0.0,0.0,0.0,0.0,0.0,0.0,0.0,0.0,1750714408.8853793,0.0,left_blink
111.27188611030579,113.0,-962.397805347573,-887.5025688349269,-412.9073945078999,-127.1509886435233,0.0,0.0,0.0,0.0,0.0,0.0,0.0,0.0,1750714408.9887488,0.0,left_blink
111.37233805656433,122.0,-1114.035788950976,-914.2054545185529,-466.39170377422124,-150.94797206157818,0.0,0.0,0.0,0.0,0.0,0.0,0.0,0.0,1750714409.0791898,0.0,left_blink
111.47283673286438,133.0,-1080.8254773444496,-874.8766665845178,-382.05321987345815,-102.2507347385399,0.0,0.0,0.0,0.0,0.0,0.0,0.0,0.0,1750714409.1851864,0.0,left_blink
111.57346558570862,142.0,-1350.7789359460585,-815.3411991898902,-465.5277868844569,-56.309803682845086,0.0,0.0,0.0,0.0,0.0,0.0,0.0,0.0,1750714409.2751677,0.0,left_blink
111.67425775527954,154.0,-2003.8103470089845,-634.9994834265672,-315.9654477564618,100.86323185497895,0.0,0.0,0.0,0.0,0.0,0.0,0.0,0.0,1750714409.3954127,0.0,left_blink
111.77554512023926,163.0,-1749.1007206267677,-670.423815806862,-298.6646705614403,96.27811450930312,0.0,0.0,0.0,0.0,0.0,0.0,0.0,0.0,1750714409.4853725,0.0,left_blink
111.87619757652283,173.0,-1343.5796285313554,-774.5800295728259,-338.66290058754385,-13.86941898567602,0.0,0.0,0.0,0.0,0.0,0.0,0.0,0.0,1750714409.5886617,0.0,left_blink
111.9767587184906,182.0,-1014.36745513184,-935.623861564789,-491.3817152781412,-170.07008053502068,0.0,0.0,0.0,0.0,0.0,0.0,0.0,0.0,1750714409.679047,0.0,left_blink
112.07773065567017,194.0,-1044.8476397707127,-940.9868781012483,-441.5438084686175,-179.4048708244227,0.0,0.0,0.0,0.0,0.0,0.0,0.0,0.0,1750714409.7986627,0.0,left_blink
112.17825865745544,103.0,-1074.7799290660769,-949.7962124468759,-428.48781772330403,-151.15553650911897,0.0,0.0,0.0,0.0,0.0,0.0,0.0,0.0,1750714409.89078,0.0,left_blink
112.27925944328308,113.0,-1112.8708101147786,-968.5331112248823,-420.5068712178618,-163.63932256121188,0.0,0.0,0.0,0.0,0.0,0.0,0.0,0.0,1750714409.9964817,0.0,left_blink
112.37983536720276,122.0,-1152.883999740705,-894.7074860995635,-393.72170773521066,-142.628564610146,0.0,0.0,0.0,0.0,0.0,0.0,0.0,0.0,1750714410.084115,0.0,left_blink
112.48072052001953,134.0,-1225.4343189811334,-847.8577593546361,-357.0258093699813,-60.50784138310701,0.0,0.0,0.0,0.0,0.0,0.0,0.0,0.0,1750714410.2041304,0.0,left_blink
112.58163285255432,143.0,-1584.8873234223574,-815.6721803359687,-393.27665964048356,36.10499417223036,0.0,0.0,0.0,0.0,0.0,0.0,0.0,0.0,1750714410.2941551,0.0,left_blink
112.68217515945435,152.0,-2251.4235132252797,-521.1887179249898,-267.8591146264225,283.9406844358891,0.0,0.0,0.0,0.0,0.0,0.0,0.0,0.0,1750714410.3839123,0.0,left_blink
112.78256273269653,163.0,-1877.5718939546496,-659.2583444891497,-375.0035084569827,165.95058073382825,0.0,0.0,0.0,0.0,0.0,0.0,0.0,0.0,1750714410.4902775,0.0,left_blink
112.88329744338989,173.0,-1753.235180027783,-774.4846621239558,-323.452727467753,-10.628795674070716,0.0,0.0,0.0,0.0,0.0,0.0,0.0,0.0,1750714410.594118,0.0,left_blink
112.98440265655518,184.0,-662.6279943492264,-929.3202601894736,-458.20506277121603,-237.038599091582,0.0,0.0,0.0,0.0,0.0,0.0,0.0,0.0,1750714410.700677,0.0,left_blink
113.0856294631958,193.0,-825.3360818214715,-978.1446541110054,-492.88515506032854,-232.31136554758996,0.0,0.0,0.0,0.0,0.0,0.0,0.0,0.0,1750714410.790337,0.0,left_blink
113.1858184337616,103.0,-976.7646310273558,-957.6593521037139,-438.8230312508531,-194.3008923479356,0.0,0.0,0.0,0.0,0.0,0.0,0.0,0.0,1750714410.8954906,0.0,left_blink
113.28665733337402,113.0,-1073.1792518850416,-915.7088943007402,-422.9209766392596,-179.65170422149822,0.0,0.0,0.0,0.0,0.0,0.0,0.0,0.0,1750714410.9987388,0.0,left_blink
113.38762307167053,124.0,-1157.0053694918752,-892.3644387773238,-422.446009344887,-115.15712948562577,0.0,0.0,0.0,0.0,0.0,0.0,0.0,0.0,1750714411.1068892,0.0,left_blink
113.4881100654602,133.0,-1236.1566121540964,-876.0023764711805,-427.97358147939667,-109.82029224885628,0.0,0.0,0.0,0.0,0.0,0.0,0.0,0.0,1750714411.195346,0.0,left_blink
113.58903217315674,143.0,-1267.4745343830436,-842.6649082661606,-426.4888411969878,-103.72799522103742,0.0,0.0,0.0,0.0,0.0,0.0,0.0,0.0,1750714411.2987816,0.0,left_blink
113.68977522850037,152.0,-1088.178120657336,-548.5703954505734,-279.3723966400139,180.46700241183862,0.0,0.0,0.0,0.0,0.0,0.0,0.0,0.0,1750714411.3890674,0.0,left_blink
113.79001379013062,164.0,-866.0804218887351,-610.349802818615,-365.0871637244709,78.34903412172571,0.0,0.0,0.0,0.0,0.0,0.0,0.0,0.0,1750714411.509219,0.0,left_blink
113.89065146446228,173.0,-684.1829077438451,-709.4908107439987,-370.4240009612404,-17.355005744379014,0.0,0.0,0.0,0.0,0.0,0.0,0.0,0.0,1750714411.5990713,0.0,left_blink
113.99098992347717,184.0,-394.5762748750858,-793.6722188466229,-396.8463941481896,-47.902508582454175,0.0,0.0,0.0,0.0,0.0,0.0,0.0,0.0,1750714411.7054007,0.0,left_blink
114.09206056594849,193.0,304.7887567388825,-954.7422301382758,-526.5423847115599,-251.51762177003548,0.0,0.0,0.0,0.0,0.0,0.0,0.0,0.0,1750714411.7953527,0.0,left_blink
114.1928300857544,104.0,-944.0330266151577,-954.5664548403583,-496.1893566711806,-192.48143101949245,0.0,0.0,0.0,0.0,0.0,0.0,0.0,0.0,1750714411.91484,0.0,left_blink
114.29385828971863,113.0,-988.0366894938052,-885.9018916538917,-404.44961075810716,-128.14393208175898,0.0,0.0,0.0,0.0,0.0,0.0,0.0,0.0,1750714412.0043187,0.0,left_blink
114.39472079277039,124.0,-1113.8170048035681,-929.1426149415784,-451.2394991037436,-171.59034986700863,0.0,0.0,0.0,0.0,0.0,0.0,0.0,0.0,1750714412.1103923,0.0,left_blink
114.49526596069336,131.0,-1140.2094787908718,-900.7268550782464,-392.33233490167186,-133.19653692189604,0.0,0.0,0.0,0.0,0.0,0.0,0.0,0.0,1750714412.1840448,0.0,left_blink
114.59635615348816,143.0,-1230.8459542170167,-828.2326343371533,-370.9662864548154,-53.04300107154995,0.0,0.0,0.0,0.0,0.0,0.0,0.0,0.0,1750714412.304116,0.0,left_blink
114.69683909416199,154.0,-1255.807916471269,-565.2391295530833,-318.89565937174484,165.22130024246871,0.0,0.0,0.0,0.0,0.0,0.0,0.0,0.0,1750714412.410728,0.0,left_blink
114.79817247390747,164.0,-930.6759739234112,-633.9560513389297,-362.7871252517216,62.75926115643233,0.0,0.0,0.0,0.0,0.0,0.0,0.0,0.0,1750714412.514243,0.0,left_blink
114.899254322052,173.0,-632.7031848537736,-682.761745760683,-322.59068052796647,42.21225079987198,0.0,0.0,0.0,0.0,0.0,0.0,0.0,0.0,1750714412.6040502,0.0,left_blink
114.99983310699463,185.0,-107.00414758222178,-861.3756277444772,-421.76160765299574,-82.40121572371572,0.0,0.0,0.0,0.0,0.0,0.0,0.0,0.0,1750714412.7239635,0.0,left_blink
115.10034704208374,194.0,37.16899570962414,-958.9982362878509,-507.21084184059873,-206.03108855895698,0.0,0.0,0.0,0.0,0.0,0.0,0.0,0.0,1750714412.8140533,0.0,left_blink
115.20131826400757,104.0,-988.3901100396179,-894.6252083005384,-411.4488335251808,-146.0524430195801,0.0,0.0,0.0,0.0,0.0,0.0,0.0,0.0,1750714412.9187703,0.0,left_blink
115.30189657211304,113.0,-1042.2858083010651,-916.555981640704,-461.12592463660985,-127.56611753860489,0.0,0.0,0.0,0.0,0.0,0.0,0.0,0.0,1750714413.0089087,0.0,left_blink
115.4027452468872,124.0,-1070.8287247628905,-872.1820686664432,-401.3660632446408,-108.06253926968202,0.0,0.0,0.0,0.0,0.0,0.0,0.0,0.0,1750714413.115379,0.0,left_blink
115.50347304344177,134.0,-1140.4694018377922,-859.1672168206424,-391.91533605661243,-100.81461315555498,0.0,0.0,0.0,0.0,0.0,0.0,0.0,0.0,1750714413.2190027,0.0,left_blink
115.60441827774048,145.0,-1263.792602876667,-876.5577516146004,-459.858098551631,-103.56343962298706,0.0,0.0,0.0,0.0,0.0,0.0,0.0,0.0,1750714413.32672,0.0,left_blink
115.70490622520447,154.0,-2197.342689916026,-566.0862168930471,-239.43213506322354,165.32788739120588,0.0,0.0,0.0,0.0,0.0,0.0,0.0,0.0,1750714413.4155805,0.0,left_blink
115.80573797225952,164.0,-1842.2130098235793,-625.1915957927704,-287.96855668816715,91.08339347084984,0.0,0.0,0.0,0.0,0.0,0.0,0.0,0.0,1750714413.5189464,0.0,left_blink
115.90616226196289,173.0,-1290.1065389649011,-781.0743658458814,-416.37054186686873,-36.35369751928374,0.0,0.0,0.0,0.0,0.0,0.0,0.0,0.0,1750714413.60879,0.0,left_blink
116.00708770751953,185.0,-1048.882991822902,-948.842537958175,-479.0811843238771,-171.39026521937922,0.0,0.0,0.0,0.0,0.0,0.0,0.0,0.0,1750714413.7292309,0.0,left_blink
116.10789036750793,194.0,-1047.6039460380562,-899.176666546613,-384.3382987463847,-128.80776432389393,0.0,0.0,0.0,0.0,0.0,0.0,0.0,0.0,1750714413.8192337,0.0,left_blink
116.20906972885132,104.0,-1152.1565891993232,-884.8135807667859,-398.4190220795572,-89.52946503926069,0.0,0.0,0.0,0.0,0.0,0.0,0.0,0.0,1750714413.9240637,0.0,left_blink
116.31023573875427,113.0,-1210.1512178122066,-906.5872783088125,-427.8744741305709,-138.8026469554752,0.0,0.0,0.0,0.0,0.0,0.0,0.0,0.0,1750714414.0139413,0.0,left_blink
116.41099071502686,125.0,-1226.258966921363,-872.8272014087997,-389.8060324816033,-101.96089249197394,0.0,0.0,0.0,0.0,0.0,0.0,0.0,0.0,1750714414.1348147,0.0,left_blink
116.51204872131348,134.0,-1272.2410368765704,-861.2709105457179,-388.7700801938772,-45.90353205613792,0.0,0.0,0.0,0.0,0.0,0.0,0.0,0.0,1750714414.2246337,0.0,left_blink
116.61284685134888,145.0,-1170.960806176532,-871.6229536230676,-344.96463201288134,-143.61589819844812,0.0,0.0,0.0,0.0,0.0,0.0,0.0,0.0,1750714414.330237,0.0,left_blink
116.71333885192871,152.0,-1321.7460925900377,-768.4690330452286,-345.10300831124187,-44.893759068101645,0.0,0.0,0.0,0.0,0.0,0.0,0.0,0.0,1750714414.4037888,0.0,left_blink
116.81419539451599,166.0,-1898.3937869579531,-617.0778828389011,-329.518845195882,48.59626002423465,0.0,0.0,0.0,0.0,0.0,0.0,0.0,0.0,1750714414.5410068,0.0,left_blink
116.91538405418396,175.0,-1739.32836204255,-643.2609224286862,-327.63767551817,15.890834911726415,0.0,0.0,0.0,0.0,0.0,0.0,0.0,0.0,1750714414.630693,0.0,left_blink
117.01595067977905,185.0,-1557.8983353921212,-723.7323497752659,-343.2330583333969,-25.173266601748765,0.0,0.0,0.0,0.0,0.0,0.0,0.0,0.0,1750714414.734098,0.0,left_blink
117.1168007850647,194.0,-1051.272787894588,-864.8125958037563,-436.098514133133,-97.30471704714,0.0,0.0,0.0,0.0,0.0,0.0,0.0,0.0,1750714414.8240154,0.0,left_blink
117.21750664710999,104.0,-877.8349274494685,-974.0270242597908,-519.5038929949515,-215.04424745216966,0.0,0.0,0.0,0.0,0.0,0.0,0.0,0.0,1750714414.9288108,0.0,left_blink
117.31832718849182,115.0,-961.7358430554159,-899.4048004439101,-433.4113960149698,-114.07816834840924,0.0,0.0,0.0,0.0,0.0,0.0,0.0,0.0,1750714415.035781,0.0,left_blink
117.4190399646759,125.0,-1066.5502792135812,-880.8249774640426,-421.9972213502042,-83.94953430537134,0.0,0.0,0.0,0.0,0.0,0.0,0.0,0.0,1750714415.1386657,0.0,left_blink
117.52034258842468,134.0,-1089.8573357374407,-940.640937355347,-476.11731360899284,-153.74728717841208,0.0,0.0,0.0,0.0,0.0,0.0,0.0,0.0,1750714415.2291253,0.0,left_blink
117.62080812454224,145.0,-1175.9760120171122,-833.518982924521,-402.23558998433873,-55.55995374172926,0.0,0.0,0.0,0.0,0.0,0.0,0.0,0.0,1750714415.3355725,0.0,left_blink
117.72143125534058,155.0,-1765.0513939377852,-689.1326653352007,-305.9743050248362,63.783993744291365,0.0,0.0,0.0,0.0,0.0,0.0,0.0,0.0,1750714415.4389143,0.0,left_blink
117.82227420806885,166.0,-1871.2533329795115,-666.106101308018,-318.6563057745807,44.897498968057334,0.0,0.0,0.0,0.0,0.0,0.0,0.0,0.0,1750714415.5453825,0.0,left_blink
117.92360615730286,175.0,-1496.0590896247886,-729.6058626556769,-350.20610180078074,-6.234413226135075,0.0,0.0,0.0,0.0,0.0,0.0,0.0,0.0,1750714415.635238,0.0,left_blink
118.024240732193,185.0,-1269.869940304663,-816.5211376259103,-390.7690567201935,-45.260269263759255,0.0,0.0,0.0,0.0,0.0,0.0,0.0,0.0,1750714415.7390904,0.0,left_blink
118.12603068351746,196.0,-966.4368972997181,-927.0464010164142,-463.0575829637237,-177.43207359779626,0.0,0.0,0.0,0.0,0.0,0.0,0.0,0.0,1750714415.8450313,0.0,left_blink
118.22671794891357,106.0,-1076.1749117495492,-833.6237001232803,-429.79117285786197,-64.47774518607184,0.0,0.0,0.0,0.0,0.0,0.0,0.0,0.0,1750714415.950492,0.0,left_blink
118.32764554023743,115.0,-1192.8822297668085,-896.7008527759463,-492.9842624091543,-86.32998062716797,0.0,0.0,0.0,0.0,0.0,0.0,0.0,0.0,1750714416.0401733,0.0,left_blink
118.42823314666748,125.0,-1283.4925258932635,-888.1065626777709,-466.92463951790705,-74.67271246528253,0.0,0.0,0.0,0.0,0.0,0.0,0.0,0.0,1750714416.144004,0.0,left_blink
118.52878928184509,134.0,-1299.551656302996,-812.2987905759364,-392.0593222049065,-42.48713344661519,0.0,0.0,0.0,0.0,0.0,0.0,0.0,0.0,1750714416.2339275,0.0,left_blink
118.6298439502716,146.0,-1024.1136344163679,-565.906701695174,-271.821538629476,162.79223522124812,0.0,0.0,0.0,0.0,0.0,0.0,0.0,0.0,1750714416.354317,0.0,left_blink
118.73093914985657,155.0,-911.2097946540453,-677.153765777126,-356.46669432660565,44.4468410233967,0.0,0.0,0.0,0.0,0.0,0.0,0.0,0.0,1750714416.4443965,0.0,left_blink
118.83171367645264,166.0,-649.727209452074,-695.3932578610256,-322.0932738338597,30.84482488455251,0.0,0.0,0.0,0.0,0.0,0.0,0.0,0.0,1750714416.5505073,0.0,left_blink
118.93204426765442,173.0,-604.4893795880489,-750.6315802065656,-359.35015719244257,4.358853398356587,0.0,0.0,0.0,0.0,0.0,0.0,0.0,0.0,1750714416.6241195,0.0,left_blink
119.03270888328552,185.0,-220.77190423430875,-916.0473552467301,-454.2351589682512,-118.33978434791788,0.0,0.0,0.0,0.0,0.0,0.0,0.0,0.0,1750714416.7440088,0.0,left_blink
119.13323712348938,196.0,202.47631365107372,-955.5406987788156,-433.4749743142165,-152.45141184376553,0.0,0.0,0.0,0.0,0.0,0.0,0.0,0.0,1750714416.850283,0.0,left_blink
119.23373413085938,106.0,-1029.1868087062612,-944.5061239595525,-465.8120192810893,-120.54258542181924,0.0,0.0,0.0,0.0,0.0,0.0,0.0,0.0,1750714416.9551144,0.0,left_blink
119.33452987670898,115.0,-1154.2902021240443,-893.4303102646954,-420.95191931258887,-105.93827609485015,0.0,0.0,0.0,0.0,0.0,0.0,0.0,0.0,1750714417.0452192,0.0,left_blink
119.43526196479797,125.0,-1273.548131911084,-823.9953276873566,-384.2111421478912,-60.023524338845164,0.0,0.0,0.0,0.0,0.0,0.0,0.0,0.0,1750714417.148752,0.0,left_blink
119.53585481643677,134.0,-1126.4971356033348,-582.3342122505419,-230.0711654741317,175.41439757170156,0.0,0.0,0.0,0.0,0.0,0.0,0.0,0.0,1750714417.2387192,0.0,left_blink
119.63622617721558,146.0,-929.4492867379449,-690.3013840713538,-325.3077178457752,65.70069247158244,0.0,0.0,0.0,0.0,0.0,0.0,0.0,0.0,1750714417.358744,0.0,left_blink
119.73677635192871,155.0,-752.4884405345656,-701.3490485404618,-317.86905683390796,16.434990355279297,0.0,0.0,0.0,0.0,0.0,0.0,0.0,0.0,1750714417.4486787,0.0,left_blink
119.83736801147461,164.0,-583.9161899317987,-723.9941427721642,-331.2691183751449,24.045686765108258,0.0,0.0,0.0,0.0,0.0,0.0,0.0,0.0,1750714417.5388093,0.0,left_blink
119.9378035068512,176.0,-534.3999145184644,-808.3812453723513,-388.01462040282786,-31.345971478614956,0.0,0.0,0.0,0.0,0.0,0.0,0.0,0.0,1750714417.658627,0.0,left_blink
120.03841304779053,184.0,-189.68959570256993,-850.4625996737741,-387.0459863143042,-65.30426307627931,0.0,0.0,0.0,0.0,0.0,0.0,0.0,0.0,1750714417.7352548,0.0,left_blink
120.13903713226318,196.0,257.9465097938664,-998.1475090240128,-533.4219306800514,-213.1200689249672,0.0,0.0,0.0,0.0,0.0,0.0,0.0,0.0,1750714417.8553405,0.0,left_blink
120.2394471168518,104.0,-945.2279246510006,-957.2330035087653,-504.57795227179304,-174.27372808521613,0.0,0.0,0.0,0.0,0.0,0.0,0.0,0.0,1750714417.9437485,0.0,left_blink
120.34007263183594,116.0,-1108.8186285127886,-920.1406757482328,-448.7898646327667,-130.6702345018275,0.0,0.0,0.0,0.0,0.0,0.0,0.0,0.0,1750714418.0637288,0.0,left_blink
120.44041800498962,125.0,-1158.3610832258128,-837.1410760316066,-385.7912498791702,-60.26287793600932,0.0,0.0,0.0,0.0,0.0,0.0,0.0,0.0,1750714418.1538045,0.0,left_blink
120.54110980033875,136.0,-357.72704061167315,-546.8051626714878,-265.9274562993087,163.78704860946164,0.0,0.0,0.0,0.0,0.0,0.0,0.0,0.0,1750714418.260145,0.0,left_blink
120.6419107913971,145.0,181.48799509974197,-626.1471402314492,-292.06935698958114,85.01727574272081,0.0,0.0,0.0,0.0,0.0,0.0,0.0,0.0,1750714418.350356,0.0,left_blink
120.74243712425232,155.0,304.18289294606075,-682.1035233684815,-304.80745623866096,33.60113115189597,0.0,0.0,0.0,0.0,0.0,0.0,0.0,0.0,1750714418.4536653,0.0,left_blink
120.84323382377625,165.0,425.3780909101479,-737.0837926170789,-314.26566322660074,9.85650633322075,0.0,0.0,0.0,0.0,0.0,0.0,0.0,0.0,1750714418.5595045,0.0,left_blink
120.9437928199768,176.0,1451.9095706478693,-1018.9114335780032,-562.4342045863159,-288.21352013526484,0.0,0.0,0.0,0.0,0.0,0.0,0.0,0.0,1750714418.6639109,0.0,left_blink
121.04443287849426,185.0,1228.4131492958404,-932.8376360978,-460.85478188982233,-177.2170293503441,0.0,0.0,0.0,0.0,0.0,0.0,0.0,0.0,1750714418.7537,0.0,left_blink
121.14520454406738,195.0,893.5051082638092,-841.3783826814033,-288.61368943052366,-99.61036536982283,0.0,0.0,0.0,0.0,0.0,0.0,0.0,0.0,1750714418.8591857,0.0,left_blink
121.24592614173889,104.0,-1432.4695706781931,-919.160821959842,-153.4611848318018,277.31545166438445,0.0,0.0,0.0,0.0,0.0,0.0,0.0,0.0,1750714418.9487343,0.0,left_blink
121.34646391868591,116.0,-1189.039482562337,-883.1942040859722,-180.13041141582653,-125.82332415925339,0.0,0.0,0.0,0.0,0.0,0.0,0.0,0.0,1750714419.0688915,0.0,left_blink
121.44679498672485,125.0,-1163.641821963247,-959.7910950784571,-341.3014000062831,-201.9676872570999,0.0,0.0,0.0,0.0,0.0,0.0,0.0,0.0,1750714419.1589372,0.0,left_blink
121.54759764671326,136.0,-1162.411394877825,-824.642330379691,-331.64497832069173,-120.00777972815558,0.0,0.0,0.0,0.0,0.0,0.0,0.0,0.0,1750714419.26555,0.0,left_blink
121.64831852912903,145.0,-1303.43554240698,-813.1309183160774,-451.28437790321186,-99.66272396920249,0.0,0.0,0.0,0.0,0.0,0.0,0.0,0.0,1750714419.3552115,0.0,left_blink
121.74903392791748,156.0,-1372.5077546886168,-707.5348430671729,-403.48471656953916,17.624278541188687,0.0,0.0,0.0,0.0,0.0,0.0,0.0,0.0,1750714419.474986,0.0,left_blink
121.85004234313965,166.0,-1472.7632528007962,-784.2962896577083,-272.0010538273491,150.19251227052882,0.0,0.0,0.0,0.0,0.0,0.0,0.0,0.0,1750714419.5653298,0.0,right_blink
121.95050001144409,175.0,-1554.7942184288986,-935.9380131610669,-225.40938017936423,328.1107728625648,0.0,0.0,0.0,0.0,0.0,0.0,0.0,0.0,1750714419.6552567,0.0,right_blink
122.0510003566742,185.0,-1410.3069235407747,-972.5366741274484,-156.22497089905664,85.0958136417903,0.0,0.0,0.0,0.0,0.0,0.0,0.0,0.0,1750714419.758799,0.0,right_blink
122.15156364440918,196.0,-1293.6706636226736,-866.117820888292,-124.742493072059,-98.6940898806788,0.0,0.0,0.0,0.0,0.0,0.0,0.0,0.0,1750714419.8651116,0.0,right_blink
122.25219345092773,104.0,-1282.0133954607882,-849.6005527339876,-196.38027672329918,-188.84998816251755,0.0,0.0,0.0,0.0,0.0,0.0,0.0,0.0,1750714419.9537652,0.0,right_blink
122.35277986526489,115.0,-1329.0575970034115,-858.5725727276877,-286.8260172517039,-211.42028439510614,0.0,0.0,0.0,0.0,0.0,0.0,0.0,0.0,1750714420.060512,0.0,right_blink
122.45338678359985,125.0,-1203.019228596706,-872.5261394623667,-353.2204611650668,-247.3046244699508,0.0,0.0,0.0,0.0,0.0,0.0,0.0,0.0,1750714420.1639445,0.0,right_blink
122.55403804779053,136.0,-1217.623537923675,-825.5492561189458,-414.30798704130575,-177.0842629019171,0.0,0.0,0.0,0.0,0.0,0.0,0.0,0.0,1750714420.2700741,0.0,right_blink
122.65454483032227,146.0,-1229.9165890780278,-833.3469475265592,-466.4571520234458,-110.51778359059244,0.0,0.0,0.0,0.0,0.0,0.0,0.0,0.0,1750714420.3743584,0.0,right_blink
122.75542426109314,155.0,-1342.1883857478388,-824.2215916346759,-390.8363749193959,-67.45283560082316,0.0,0.0,0.0,0.0,0.0,0.0,0.0,0.0,1750714420.463904,0.0,right_blink
122.85620307922363,166.0,-1501.2238914635964,-900.1303410353139,-324.1315193097107,212.38517858367413,0.0,0.0,0.0,0.0,0.0,0.0,0.0,0.0,1750714420.5702584,0.0,right_blink
122.9563422203064,175.0,-1486.3390896399505,-898.2155122580007,-316.4198456010781,190.7947361394763,0.0,0.0,0.0,0.0,0.0,0.0,0.0,0.0,1750714420.6600897,0.0,right_blink
123.05696821212769,187.0,-1341.8667543516494,-848.4411837477237,-304.2464712453075,-27.8285955702886,0.0,0.0,0.0,0.0,0.0,0.0,0.0,0.0,1750714420.7801554,0.0,right_blink
123.15724396705627,196.0,-1308.3722103484906,-852.4279171004891,-349.30852581141517,-152.46824139356613,0.0,0.0,0.0,0.0,0.0,0.0,0.0,0.0,1750714420.8701668,0.0,right_blink
123.25791001319885,106.0,-1293.3939110259525,-851.947339956183,-409.734089395497,-192.43094237009063,0.0,0.0,0.0,0.0,0.0,0.0,0.0,0.0,1750714420.975361,0.0,right_blink
123.35849952697754,115.0,-1221.711248575244,-784.3449083571322,-385.2078254860826,-136.77001132955775,0.0,0.0,0.0,0.0,0.0,0.0,0.0,0.0,1750714421.065261,0.0,right_blink
123.45911693572998,126.0,-1275.0010830438696,-842.1338424724527,-474.7559900251217,-162.67255842266604,0.0,0.0,0.0,0.0,0.0,0.0,0.0,0.0,1750714421.1848576,0.0,right_blink
123.55980372428894,136.0,-1263.4223527810536,-837.7357201245613,-482.3292874353938,-145.9439859208651,0.0,0.0,0.0,0.0,0.0,0.0,0.0,0.0,1750714421.2753177,0.0,right_blink
123.66040539741516,146.0,-1299.5535262529738,-827.4322957466356,-493.1076791076921,-121.4850402106531,0.0,0.0,0.0,0.0,0.0,0.0,0.0,0.0,1750714421.3788898,0.0,right_blink
123.7618305683136,155.0,-1318.0622911336832,-730.5651469943114,-456.61747524002567,26.996467830147594,0.0,0.0,0.0,0.0,0.0,0.0,0.0,0.0,1750714421.4688675,0.0,right_blink
123.86275792121887,166.0,-1635.8902090680785,-842.3881556694396,-370.9326273552142,353.5944511606358,0.0,0.0,0.0,0.0,0.0,0.0,0.0,0.0,1750714421.5752723,0.0,right_blink
123.96352410316467,176.0,-1574.29031689791,-898.6998293022625,-322.08579403394833,219.83318934543058,0.0,0.0,0.0,0.0,0.0,0.0,0.0,0.0,1750714421.6795356,0.0,right_blink
124.06548523902893,187.0,-1426.4857307490893,-862.0001910370775,-270.50509384507313,20.137491311412305,0.0,0.0,0.0,0.0,0.0,0.0,0.0,0.0,1750714421.7853944,0.0,right_blink
124.16642189025879,196.0,-1407.2177661773749,-887.3978516361676,-319.1424927688204,-175.81456686696038,0.0,0.0,0.0,0.0,0.0,0.0,0.0,0.0,1750714421.8756475,0.0,right_blink
124.26730036735535,106.0,-1289.5100249219686,-802.1917109456845,-317.1304265926592,-173.75388199137524,0.0,0.0,0.0,0.0,0.0,0.0,0.0,0.0,1750714421.9805934,0.0,right_blink
124.3685028553009,116.0,-1303.6655462542549,-787.0151969254948,-362.54403175460175,-116.94106176448986,0.0,0.0,0.0,0.0,0.0,0.0,0.0,0.0,1750714422.0842457,0.0,right_blink
124.46940112113953,125.0,-1305.1764658363536,-812.3604989252053,-441.0819308240898,-135.1917735482566,0.0,0.0,0.0,0.0,0.0,0.0,0.0,0.0,1750714422.174559,0.0,right_blink
124.5701425075531,136.0,-1277.3665697658435,-791.282422774937,-411.45070347515866,-105.82607909617946,0.0,0.0,0.0,0.0,0.0,0.0,0.0,0.0,1750714422.2803907,0.0,right_blink
124.67066860198975,146.0,-1322.1481318352744,-749.5937579688616,-382.6123349168338,-53.72179291350767,0.0,0.0,0.0,0.0,0.0,0.0,0.0,0.0,1750714422.384887,0.0,right_blink
124.77169704437256,157.0,-1532.3978275442496,-798.8332807854749,-359.6643087887205,120.92405521729961,0.0,0.0,0.0,0.0,0.0,0.0,0.0,0.0,1750714422.4904337,0.0,right_blink
124.87218618392944,166.0,-1510.2314405068755,-806.6085327933542,-302.26058436883613,203.46364723937586,0.0,0.0,0.0,0.0,0.0,0.0,0.0,0.0,1750714422.5804389,0.0,right_blink
124.97305250167847,176.0,-1360.6466619791463,-833.3001987771131,-304.9121734374203,24.71138895722106,0.0,0.0,0.0,0.0,0.0,0.0,0.0,0.0,1750714422.6841009,0.0,right_blink
125.07395625114441,185.0,-1333.307993303053,-874.5699947881512,-337.23612875444815,-126.5600844505243,0.0,0.0,0.0,0.0,0.0,0.0,0.0,0.0,1750714422.7737153,0.0,right_blink
125.17436456680298,197.0,-1315.3527336157858,-877.0383287589066,-397.6990913380869,-198.75885309511796,0.0,0.0,0.0,0.0,0.0,0.0,0.0,0.0,1750714422.8943,0.0,right_blink
125.27562141418457,106.0,-1273.6285397601314,-830.6860087080859,-386.3559747724794,-128.83207367360592,0.0,0.0,0.0,0.0,0.0,0.0,0.0,0.0,1750714422.9854856,0.0,right_blink
125.37620663642883,116.0,-1273.8454539575614,-826.0597524628974,-407.60234642075375,-118.169618899934,0.0,0.0,0.0,0.0,0.0,0.0,0.0,0.0,1750714423.0891173,0.0,right_blink
125.47696495056152,125.0,-1306.173149174545,-847.4931191089563,-450.9365672073327,-167.51385891530663,0.0,0.0,0.0,0.0,0.0,0.0,0.0,0.0,1750714423.1789813,0.0,right_blink
125.57742071151733,136.0,-1281.6693246648647,-818.6921495501883,-439.5635314420797,-75.82273170165718,0.0,0.0,0.0,0.0,0.0,0.0,0.0,0.0,1750714423.2850826,0.0,right_blink
125.67816042900085,146.0,-1328.062783615198,-788.7467706049792,-439.42889504367486,-14.368695629760623,0.0,0.0,0.0,0.0,0.0,0.0,0.0,0.0,1750714423.3889763,0.0,right_blink
125.77957558631897,157.0,-1461.4949342343025,-745.5135271172039,-376.96508598374203,104.11133496649563,0.0,0.0,0.0,0.0,0.0,0.0,0.0,0.0,1750714423.495222,0.0,right_blink
125.88028860092163,166.0,-1424.0921947774477,-822.8396986010484,-377.21939918072894,58.27138120960444,0.0,0.0,0.0,0.0,0.0,0.0,0.0,0.0,1750714423.5854812,0.0,right_blink
125.9811737537384,176.0,-1340.8195823640563,-842.2796985707246,-345.50504755647853,-57.63559821713716,0.0,0.0,0.0,0.0,0.0,0.0,0.0,0.0,1750714423.6888287,0.0,right_blink
126.08203268051147,187.0,-1320.9158347998746,-823.3371052951552,-333.1297186031006,-130.5449478533119,0.0,0.0,0.0,0.0,0.0,0.0,0.0,0.0,1750714423.7953608,0.0,right_blink
126.18282127380371,197.0,-1272.8656001691706,-813.3478325135075,-365.8276639156975,-150.23552112001926,0.0,0.0,0.0,0.0,0.0,0.0,0.0,0.0,1750714423.8996115,0.0,right_blink
126.2836172580719,106.0,-1284.0815601362847,-862.8641079268418,-449.96045331889763,-157.58629448292777,0.0,0.0,0.0,0.0,0.0,0.0,0.0,0.0,1750714423.9904037,0.0,right_blink
126.38452410697937,116.0,-1281.448670567479,-861.8767743385397,-459.44483960652724,-152.26067694602534,0.0,0.0,0.0,0.0,0.0,0.0,0.0,0.0,1750714424.0938065,0.0,right_blink
126.4849922657013,127.0,-1250.6318949325942,-797.240083404351,-418.7659477884881,-73.65545967733487,0.0,0.0,0.0,0.0,0.0,0.0,0.0,0.0,1750714424.200548,0.0,right_blink
126.58598184585571,137.0,-1289.5380741716363,-796.9371515079401,-411.6264787730761,-61.50826462125406,0.0,0.0,0.0,0.0,0.0,0.0,0.0,0.0,1750714424.3040264,0.0,right_blink
126.68674874305725,145.0,-1344.3986666216515,-719.8765129209496,-512.0614920831285,99.29621377354488,0.0,0.0,0.0,0.0,0.0,0.0,0.0,0.0,1750714424.3801317,0.0,right_blink
126.78750920295715,158.0,-1501.1116944649257,-841.2998447823338,-327.2431160728447,130.8908885992132,0.0,0.0,0.0,0.0,0.0,0.0,0.0,0.0,1750714424.514151,0.0,right_blink
126.8894944190979,167.0,-1386.966207917314,-853.0992291425355,-295.17347395280376,48.95716036995873,0.0,0.0,0.0,0.0,0.0,0.0,0.0,0.0,1750714424.6045823,0.0,right_blink
126.9898841381073,178.0,-1361.8527797148563,-855.8817147095688,-332.9240241055377,-125.43811446381733,0.0,0.0,0.0,0.0,0.0,0.0,0.0,0.0,1750714424.710487,0.0,right_blink
127.0909366607666,187.0,-1295.7463080980815,-825.4838078697212,-331.5776601214893,-124.84347037086263,0.0,0.0,0.0,0.0,0.0,0.0,0.0,0.0,1750714424.8004808,0.0,right_blink
127.19136667251587,197.0,-1267.5736417318694,-817.5963588631712,-379.14170775795355,-116.51471316954121,0.0,0.0,0.0,0.0,0.0,0.0,0.0,0.0,1750714424.9039996,0.0,right_blink
127.29239702224731,107.0,-1303.8731107017957,-871.6042541232891,-452.93928363360465,-166.62376272585243,0.0,0.0,0.0,0.0,0.0,0.0,0.0,0.0,1750714425.00956,0.0,right_blink
127.3928735256195,118.0,-1287.8962580910884,-788.8253085040487,-371.3645858000964,-70.7364677619189,0.0,0.0,0.0,0.0,0.0,0.0,0.0,0.0,1750714425.1153,0.0,right_blink
127.49417233467102,127.0,-1330.1907866899855,-857.3178362925537,-454.9289104100317,-127.7250632867217,0.0,0.0,0.0,0.0,0.0,0.0,0.0,0.0,1750714425.2055535,0.0,right_blink
127.59461832046509,136.0,-1390.8183048716746,-700.7805837471969,-481.94594768993556,54.33326655626297,0.0,0.0,0.0,0.0,0.0,0.0,0.0,0.0,1750714425.2954345,0.0,right_blink
127.69497108459473,147.0,-1593.58820066927,-856.3791214036755,-334.83698293287307,255.13597497716546,0.0,0.0,0.0,0.0,0.0,0.0,0.0,0.0,1750714425.4145584,0.0,right_blink
127.79556965827942,157.0,-1318.7915716250427,-869.1658393521793,-408.87578235566616,-117.45155810844153,0.0,0.0,0.0,0.0,0.0,0.0,0.0,0.0,1750714425.5053518,0.0,right_blink
127.89617371559143,167.0,-1266.5040303445421,-874.6485326872207,-408.2773983627558,-174.89268152788281,0.0,0.0,0.0,0.0,0.0,0.0,0.0,0.0,1750714425.6090257,0.0,right_blink
127.99720335006714,178.0,-1214.8709715562873,-813.8265397078358,-360.67595172673464,-124.79298172146082,0.0,0.0,0.0,0.0,0.0,0.0,0.0,0.0,1750714425.7153628,0.0,right_blink
128.09868907928467,187.0,-1225.0434994357638,-849.5051852851175,-480.50234630703926,-163.82631755899638,0.0,0.0,0.0,0.0,0.0,0.0,0.0,0.0,1750714425.8052063,0.0,right_blink
128.1993043422699,197.0,-1273.1460926658474,-856.1285481066443,-495.80227702576667,-158.94948801677674,0.0,0.0,0.0,0.0,0.0,0.0,0.0,0.0,1750714425.9091501,0.0,right_blink
128.30023097991943,107.0,-1267.0089168385603,-822.5087174549699,-450.426070863381,-122.9660405931063,0.0,0.0,0.0,0.0,0.0,0.0,0.0,0.0,1750714426.0139685,0.0,right_blink
128.4009108543396,116.0,-1241.925407835748,-803.7755585769191,-443.66807164344937,-73.92847237410024,0.0,0.0,0.0,0.0,0.0,0.0,0.0,0.0,1750714426.1039288,0.0,right_blink
128.50146865844727,127.0,-1328.930440404918,-852.1175054041669,-326.91213492676616,-139.7918504937552,0.0,0.0,0.0,0.0,0.0,0.0,0.0,0.0,1750714426.2104058,0.0,right_blink
128.60197401046753,137.0,-1560.5125254611485,-782.129017633386,-310.12372402567416,164.31063460325822,0.0,0.0,0.0,0.0,0.0,0.0,0.0,0.0,1750714426.3138535,0.0,right_blink
128.70289397239685,148.0,-1577.8058228562586,-865.382930546999,-369.11316602677107,245.3991454425268,0.0,0.0,0.0,0.0,0.0,0.0,0.0,0.0,1750714426.4203453,0.0,right_blink
128.80385661125183,158.0,-1406.552063985262,-872.0549120679498,-408.4606534605846,12.474436302203685,0.0,0.0,0.0,0.0,0.0,0.0,0.0,0.0,1750714426.52433,0.0,right_blink
128.904789686203,167.0,-1352.3983126268722,-842.2067705215886,-349.6469867574051,-122.16944190254435,0.0,0.0,0.0,0.0,0.0,0.0,0.0,0.0,1750714426.613879,0.0,right_blink
129.00506258010864,178.0,-1346.6687858947553,-846.2570821736008,-391.75826025847346,-135.31145034683868,0.0,0.0,0.0,0.0,0.0,0.0,0.0,0.0,1750714426.7201288,0.0,right_blink
129.10582613945007,188.0,-1287.2118563991971,-852.3605989012867,-425.95964535325766,-155.6153672062792,0.0,0.0,0.0,0.0,0.0,0.0,0.0,0.0,1750714426.8237412,0.0,right_blink
129.20632576942444,198.0,-1286.1422450118698,-847.4351506596431,-450.94217705726624,-131.68000748986378,0.0,0.0,0.0,0.0,0.0,0.0,0.0,0.0,1750714426.9299617,0.0,right_blink
129.30754280090332,107.0,-1241.4691400411539,-802.8929421873763,-392.5249397493899,-89.32377054169774,0.0,0.0,0.0,0.0,0.0,0.0,0.0,0.0,1750714427.0188975,0.0,right_blink
129.4084632396698,118.0,-1298.39415726671,-843.612972904928,-442.7592759542167,-119.14947268832475,0.0,0.0,0.0,0.0,0.0,0.0,0.0,0.0,1750714427.1252513,0.0,right_blink
129.50942254066467,127.0,-1293.076019529719,-779.5447467640042,-408.1839008638635,-34.003170397132635,0.0,0.0,0.0,0.0,0.0,0.0,0.0,0.0,1750714427.215184,0.0,right_blink
129.60999369621277,137.0,-1453.7383817262016,-760.2506028926,-266.864301238209,75.16076940950006,0.0,0.0,0.0,0.0,0.0,0.0,0.0,0.0,1750714427.319956,0.0,right_blink
129.71048402786255,148.0,-1580.1357805286534,-842.3601064197719,-417.22323905676603,291.8730122419074,0.0,0.0,0.0,0.0,0.0,0.0,0.0,0.0,1750714427.426807,0.0,right_blink
129.8115210533142,157.0,-1349.155819365289,-847.6670244568959,-302.97303531039506,-24.290650212205946,0.0,0.0,0.0,0.0,0.0,0.0,0.0,0.0,1750714427.5151727,0.0,right_blink
129.91184401512146,168.0,-1297.0477932826616,-873.6256700493395,-374.98106905724853,-182.29020364023745,0.0,0.0,0.0,0.0,0.0,0.0,0.0,0.0,1750714427.634704,0.0,right_blink
130.01284885406494,178.0,-1294.0783127178438,-851.2872476140037,-403.8269174154848,-188.3825006680563,0.0,0.0,0.0,0.0,0.0,0.0,0.0,0.0,1750714427.7254188,0.0,right_blink
130.11324644088745,188.0,-1252.902014205698,-849.6042926339433,-440.23484348412603,-152.19522869680077,0.0,0.0,0.0,0.0,0.0,0.0,0.0,0.0,1750714427.8294988,0.0,right_blink
130.21403288841248,197.0,-1205.23698927043,-812.0893561784178,-402.86950302682817,-92.3792688054964,0.0,0.0,0.0,0.0,0.0,0.0,0.0,0.0,1750714427.91912,0.0,right_blink
130.31467747688293,109.0,-1288.141221538186,-847.8783288043924,-469.2882562899031,-127.16407829336822,0.0,0.0,0.0,0.0,0.0,0.0,0.0,0.0,1750714428.0404282,0.0,right_blink
130.41565227508545,118.0,-1249.7212292933837,-790.0295562897809,-416.20037641888484,-64.50205453578383,0.0,0.0,0.0,0.0,0.0,0.0,0.0,0.0,1750714428.1304908,0.0,right_blink
130.5165503025055,128.0,-1317.7126104878262,-768.1848006485961,-370.4240009612404,-7.550858010537922,0.0,0.0,0.0,0.0,0.0,0.0,0.0,0.0,1750714428.233958,0.0,right_blink
130.6176290512085,137.0,-1419.9352959766984,-799.169871781487,-427.20316208852455,2.172881874255836,0.0,0.0,0.0,0.0,0.0,0.0,0.0,0.0,1750714428.323866,0.0,right_blink
130.71814632415771,149.0,-1592.3783430336043,-845.1893407362513,-411.5890797735192,223.2570677548647,0.0,0.0,0.0,0.0,0.0,0.0,0.0,0.0,1750714428.4438972,0.0,right_blink
130.8191249370575,158.0,-1378.7851767642424,-844.542338043917,-305.4133200314827,7.292804913595319,0.0,0.0,0.0,0.0,0.0,0.0,0.0,0.0,1750714428.5340488,0.0,right_blink
130.91994190216064,169.0,-1396.7703556511551,-875.3478939789347,-379.1716269575991,-87.97740655764937,0.0,0.0,0.0,0.0,0.0,0.0,0.0,0.0,1750714428.6404965,0.0,right_blink
131.0213942527771,176.0,-1305.5018371324986,-848.46175319748,-346.7392145418562,-164.69397434871644,0.0,0.0,0.0,0.0,0.0,0.0,0.0,0.0,1750714428.714093,0.0,right_blink
131.1235752105713,190.0,-1265.7953193029389,-836.1687020431273,-382.4141202191822,-126.539515000768,0.0,0.0,0.0,0.0,0.0,0.0,0.0,0.0,1750714428.8502784,0.0,right_blink
131.22532963752747,199.0,-1330.630224934779,-876.5072629651986,-438.46400085510686,-160.61748339701444,0.0,0.0,0.0,0.0,0.0,0.0,0.0,0.0,1750714428.9407854,0.0,right_blink
131.32626223564148,109.0,-1249.7212292933837,-779.0697794696316,-423.18089968618006,-89.77442848635837,0.0,0.0,0.0,0.0,0.0,0.0,0.0,0.0,1750714429.0455363,0.0,right_blink
131.42661547660828,118.0,-1298.3474085172638,-821.7420379640535,-461.97862182650715,-73.9060329743661,0.0,0.0,0.0,0.0,0.0,0.0,0.0,0.0,1750714429.135259,0.0,right_blink
131.52701210975647,128.0,-1297.8574816230685,-818.6379210008308,-452.27358144149184,-60.341415835078806,0.0,0.0,0.0,0.0,0.0,0.0,0.0,0.0,1750714429.2392445,0.0,right_blink
131.62803864479065,137.0,-1373.7811906235293,-768.5232615945861,-502.08156905137,-27.5499730235897,0.0,0.0,0.0,0.0,0.0,0.0,0.0,0.0,1750714429.3291137,0.0,right_blink
131.72966361045837,149.0,-1435.7662924891338,-743.6903258888051,-406.4448473844677,103.00993442954496,0.0,0.0,0.0,0.0,0.0,0.0,0.0,0.0,1750714429.4497209,0.0,right_blink
131.8307831287384,158.0,-1405.1140724522993,-792.114550515078,-452.6513113370165,61.77379751810804,0.0,0.0,0.0,0.0,0.0,0.0,0.0,0.0,1750714429.5390673,0.0,right_blink
131.9313485622406,169.0,-1341.4796747062355,-813.8433692576364,-334.500391936861,-52.47266632830724,0.0,0.0,0.0,0.0,0.0,0.0,0.0,0.0,1750714429.6454132,0.0,right_blink
132.03209733963013,179.0,-1284.124568985775,-826.1214608121663,-337.36889520287514,-119.71980743156746,0.0,0.0,0.0,0.0,0.0,0.0,0.0,0.0,1750714429.7489386,0.0,right_blink
132.13319325447083,190.0,-1312.8993592448533,-885.8177439048886,-412.496005512774,-161.9844168308191,0.0,0.0,0.0,0.0,0.0,0.0,0.0,0.0,1750714429.8551927,0.0,right_blink
132.23356175422668,197.0,-1295.8790745465085,-843.3137809084728,-411.31793702673167,-149.5679489779286,0.0,0.0,0.0,0.0,0.0,0.0,0.0,0.0,1750714429.9296467,0.0,right_blink
132.33417510986328,109.0,-1245.410994594451,-814.7933038463816,-404.44026100821793,-80.03946890169755,0.0,0.0,0.0,0.0,0.0,0.0,0.0,0.0,1750714430.050495,0.0,right_blink
132.43492341041565,118.0,-1305.7804596791975,-850.7000833209604,-454.068733420223,-118.24628684902564,0.0,0.0,0.0,0.0,0.0,0.0,0.0,0.0,1750714430.1407108,0.0,right_blink
132.53582096099854,128.0,-1331.776504271198,-847.3005142612383,-466.06259257812053,-104.93224300676957,0.0,0.0,0.0,0.0,0.0,0.0,0.0,0.0,1750714430.2441585,0.0,right_blink
132.6365032196045,139.0,-1323.5786435683258,-748.4586983323097,-464.79102659318596,58.59862245572731,0.0,0.0,0.0,0.0,0.0,0.0,0.0,0.0,1750714430.3503804,0.0,right_blink
132.7370319366455,149.0,-1463.9782278048806,-792.4361819112673,-363.97454348765314,131.87074238760397,0.0,0.0,0.0,0.0,0.0,0.0,0.0,0.0,1750714430.4541807,0.0,right_blink
132.8380823135376,158.0,-1480.5385048086755,-815.0064781438559,-412.7241394100711,25.728641745168716,0.0,0.0,0.0,0.0,0.0,0.0,0.0,0.0,1750714430.5436907,0.0,right_blink
132.93844199180603,169.0,-1389.4345418880694,-808.3980749221519,-359.6886181384325,5.940831079613417,0.0,0.0,0.0,0.0,0.0,0.0,0.0,0.0,1750714430.6504743,0.0,right_blink
133.03950023651123,179.0,-1323.649701667484,-817.9759587086737,-371.7684949953109,-70.28954971721396,0.0,0.0,0.0,0.0,0.0,0.0,0.0,0.0,1750714430.7554505,0.0,right_blink
133.1400122642517,190.0,-1283.427077644039,-842.9210914131254,-359.71105753816664,-130.5655173030682,0.0,0.0,0.0,0.0,0.0,0.0,0.0,0.0,1750714430.8605864,0.0,right_blink
133.24066019058228,199.0,-1265.3297017584555,-829.876320367679,-400.84247725084424,-118.13408985035494,0.0,0.0,0.0,0.0,0.0,0.0,0.0,0.0,1750714430.9506078,0.0,right_blink
133.34124112129211,109.0,-1297.657396975439,-880.0227689235471,-443.75408934243023,-149.16964963264763,0.0,0.0,0.0,0.0,0.0,0.0,0.0,0.0,1750714431.055518,0.0,right_blink
133.4419345855713,119.0,-1295.0731261060573,-864.1805527112447,-435.74696353729814,-136.0613002879545,0.0,0.0,0.0,0.0,0.0,0.0,0.0,0.0,1750714431.158806,0.0,right_blink
133.54272055625916,130.0,-1276.553141525481,-816.6352045745589,-397.4391682911664,-52.160384682007134,0.0,0.0,0.0,0.0,0.0,0.0,0.0,0.0,1750714431.2652292,0.0,right_blink
133.64319944381714,139.0,-1441.4490704718046,-811.5339810349979,-428.7870097197592,58.536914106458426,0.0,0.0,0.0,0.0,0.0,0.0,0.0,0.0,1750714431.3553576,0.0,right_blink
133.74353790283203,149.0,-1510.7157575511374,-871.207824727986,-406.17557458765805,130.12607905827463,0.0,0.0,0.0,0.0,0.0,0.0,0.0,0.0,1750714431.4593587,0.0,right_blink
133.84450793266296,158.0,-1387.6618293090723,-844.3478632462211,-330.2256862875074,53.375852167606354,0.0,0.0,0.0,0.0,0.0,0.0,0.0,0.0,1750714431.5490158,0.0,right_blink
133.94523644447327,170.0,-1365.596419570502,-778.0992754311301,-374.82025335915387,-18.08615618571639,0.0,0.0,0.0,0.0,0.0,0.0,0.0,0.0,1750714431.6694715,0.0,right_blink
134.0457112789154,179.0,-1408.4257538630627,-792.3894331618212,-470.7898261221126,-62.81535965576768,0.0,0.0,0.0,0.0,0.0,0.0,0.0,0.0,1750714431.7590842,0.0,right_blink
134.14682722091675,190.0,-1215.802206645254,-818.3181595546193,-373.01014178059995,-132.41489783115685,0.0,0.0,0.0,0.0,0.0,0.0,0.0,0.0,1750714431.8655312,0.0,right_blink
134.24767184257507,199.0,-1279.4478240911849,-895.0908258450218,-438.6902648024261,-176.80751030519605,0.0,0.0,0.0,0.0,0.0,0.0,0.0,0.0,1750714431.9556844,0.0,right_blink
134.34843850135803,110.0,-1281.4916794169694,-867.5857316209003,-461.56723283138126,-148.3319120425731,0.0,0.0,0.0,0.0,0.0,0.0,0.0,0.0,1750714432.074326,0.0,right_blink
134.44974160194397,119.0,-1276.756966073066,-820.324615880847,-417.163400657475,-113.52092325501144,0.0,0.0,0.0,0.0,0.0,0.0,0.0,0.0,1750714432.1641707,0.0,right_blink
134.55069637298584,130.0,-1357.9202749114484,-877.189794707112,-388.0744588021189,-110.26347039360553,0.0,0.0,0.0,0.0,0.0,0.0,0.0,0.0,1750714432.2705448,0.0,right_blink
134.6520345211029,139.0,-1434.0571582093835,-773.4599295360968,-382.2177754715085,130.08120025880635,0.0,0.0,0.0,0.0,0.0,0.0,0.0,0.0,1750714432.360592,0.0,right_blink
134.75286626815796,149.0,-1445.0936029786244,-847.7418224560097,-356.3264480782673,97.65626764297485,0.0,0.0,0.0,0.0,0.0,0.0,0.0,0.0,1750714432.4640408,0.0,right_blink
134.85368418693542,160.0,-1404.272594962269,-879.2018608832732,-382.60298516694456,-65.8484185198322,0.0,0.0,0.0,0.0,0.0,0.0,0.0,0.0,1750714432.5704217,0.0,right_blink
134.954665184021,170.0,-1338.1362041458488,-859.1372976209968,-372.4042779877782,-162.27051917742938,0.0,0.0,0.0,0.0,0.0,0.0,0.0,0.0,1750714432.6739855,0.0,right_blink
135.05549478530884,179.0,-1254.1455309409648,-790.4577748347074,-386.80663271714,-157.4086492350325,0.0,0.0,0.0,0.0,0.0,0.0,0.0,0.0,1750714432.76434,0.0,right_blink
135.15597295761108,190.0,-1262.900636737235,-855.3375592660159,-463.50450100842863,-166.88181582279503,0.0,0.0,0.0,0.0,0.0,0.0,0.0,0.0,1750714432.8703792,0.0,right_blink
135.25684762001038,0.0,-1252.3989976616576,-834.9719340573065,-438.3125349069014,-146.71253536175936,0.0,0.0,0.0,0.0,0.0,0.0,0.0,0.0,1750714432.975688,0.0,right_blink
135.35753726959229,109.0,-1250.3383127860725,-793.3019687510096,-426.5318500464782,-79.5177528578788,0.0,0.0,0.0,0.0,0.0,0.0,0.0,0.0,1750714433.065647,0.0,right_blink
135.45824074745178,119.0,-1285.1306020738557,-796.9334116079845,-400.65922215301543,-59.88327809050679,0.0,0.0,0.0,0.0,0.0,0.0,0.0,0.0,1750714433.16899,0.0,right_blink
135.55921697616577,129.0,-1331.9317101193592,-736.840699119959,-495.1664940332994,53.39081176742911,0.0,0.0,0.0,0.0,0.0,0.0,0.0,0.0,1750714433.2746713,0.0,right_blink
135.660240650177,140.0,-1515.3064847467467,-808.3251468730159,-338.77883748617023,110.57388208992779,0.0,0.0,0.0,0.0,0.0,0.0,0.0,0.0,1750714433.3793085,0.0,right_blink
135.76073479652405,149.0,-1432.011432933621,-805.9054316016845,-324.40266205649823,61.012727877125144,0.0,0.0,0.0,0.0,0.0,0.0,0.0,0.0,1750714433.4692152,0.0,right_blink
135.8615746498108,160.0,-1423.5181201342493,-830.0464858156629,-359.1687720445916,-64.79750663228333,0.0,0.0,0.0,0.0,0.0,0.0,0.0,0.0,1750714433.5753405,0.0,right_blink
135.96214604377747,170.0,-1339.2282549329102,-820.7603142256849,-361.5323888165876,-134.22500940971076,0.0,0.0,0.0,0.0,0.0,0.0,0.0,0.0,1750714433.6789837,0.0,right_blink
136.06349921226501,181.0,-1313.4379048384726,-840.8360971878283,-398.43772157933563,-138.56329335831106,0.0,0.0,0.0,0.0,0.0,0.0,0.0,0.0,1750714433.7858024,0.0,right_blink
136.16463255882263,190.0,-1271.3341111373156,-826.0597524628974,-421.32964920811355,-164.99316634517163,0.0,0.0,0.0,0.0,0.0,0.0,0.0,0.0,1750714433.8755164,0.0,right_blink
136.26634550094604,0.0,-1201.3643228663132,-796.5556817124598,-395.0381525196135,-104.72093865927309,0.0,0.0,0.0,0.0,0.0,0.0,0.0,0.0,1750714433.9806204,0.0,right_blink
136.36721658706665,110.0,-1230.7748961178586,-807.1134192873724,-421.0080178119242,-76.10696409828961,0.0,0.0,0.0,0.0,0.0,0.0,0.0,0.0,1750714434.086804,0.0,right_blink
136.46822428703308,119.0,-1301.3505481816828,-857.0897023952566,-489.9343739952892,-110.4953441908583,0.0,0.0,0.0,0.0,0.0,0.0,0.0,0.0,1750714434.1738183,0.0,right_blink
136.56894493103027,130.0,-1304.555642443709,-782.7404912761413,-365.4742433698848,-51.03467479534447,0.0,0.0,0.0,0.0,0.0,0.0,0.0,0.0,1750714434.2805262,0.0,right_blink
136.6698305606842,140.0,-1423.233887737617,-751.7180211436935,-362.9124119002372,174.91138102766126,0.0,0.0,0.0,0.0,0.0,0.0,0.0,0.0,1750714434.3840656,0.0,right_blink
136.7706859111786,151.0,-1472.1293397583067,-850.1634076773189,-374.82025335915387,51.16557129379362,0.0,0.0,0.0,0.0,0.0,0.0,0.0,0.0,1750714434.4909766,0.0,right_blink
136.87139678001404,160.0,-1375.123814707622,-777.1343812425621,-348.02013027668,54.25098875723779,0.0,0.0,0.0,0.0,0.0,0.0,0.0,0.0,1750714434.5807528,0.0,right_blink
136.97219920158386,170.0,-1332.8891245080158,-780.4105336037464,-382.1167981727049,-7.9472874058410525,0.0,0.0,0.0,0.0,0.0,0.0,0.0,0.0,1750714434.6839383,0.0,right_blink
137.07270884513855,180.0,-1247.4548499202356,-823.4829613934271,-356.5321425758302,-107.7539975233376,0.0,0.0,0.0,0.0,0.0,0.0,0.0,0.0,1750714434.7897377,0.0,right_blink
137.17403650283813,191.0,-1291.6417678967118,-853.7013530354016,-430.1707727033645,-152.96938798762858,0.0,0.0,0.0,0.0,0.0,0.0,0.0,0.0,1750714434.8945427,0.0,right_blink
137.27492690086365,0.0,-1266.6068775933236,-857.7666242872365,-446.1607149639167,-123.66727183479816,0.0,0.0,0.0,0.0,0.0,0.0,0.0,0.0,1750714434.9858065,0.0,right_blink
137.37570667266846,110.0,-1284.9922257754952,-842.4891329682432,-455.3795683546923,-102.29000368807465,0.0,0.0,0.0,0.0,0.0,0.0,0.0,0.0,1750714435.0890632,0.0,right_blink
137.47631812095642,118.0,-1273.5182127114385,-799.6448390758596,-423.6652167304419,-67.31071940250695,0.0,0.0,0.0,0.0,0.0,0.0,0.0,0.0,1750714435.1654887,0.0,right_blink
137.57697081565857,130.0,-1336.8122795615345,-830.2596601131372,-451.9276406955905,-77.92081557679921,0.0,0.0,0.0,0.0,0.0,0.0,0.0,0.0,1750714435.285495,0.0,right_blink
137.6776087284088,140.0,-1462.8469080682844,-825.7605604664423,-294.40305456193164,79.4055558592081,0.0,0.0,0.0,0.0,0.0,0.0,0.0,0.0,1750714435.38924,0.0,right_blink
137.7794201374054,151.0,-1450.3780816160142,-807.6070860815234,-312.89311994286254,106.89382053352892,0.0,0.0,0.0,0.0,0.0,0.0,0.0,0.0,1750714435.4957502,0.0,right_blink
137.8799331188202,160.0,-1453.4597591795027,-830.4279556111433,-397.47843724070117,35.27847628202289,0.0,0.0,0.0,0.0,0.0,0.0,0.0,0.0,1750714435.585576,0.0,right_blink
137.98096203804016,170.0,-1380.4456923445687,-856.2332653054036,-389.4675715356134,-36.49394376762211,0.0,0.0,0.0,0.0,0.0,0.0,0.0,0.0,1750714435.6888013,0.0,right_blink
138.08184623718262,181.0,-1258.7044689869508,-828.7823996306397,-343.2536277831532,-117.07008831296116,0.0,0.0,0.0,0.0,0.0,0.0,0.0,0.0,1750714435.7955348,0.0,right_blink
138.18276238441467,191.0,-1237.9143651332706,-802.9920495362021,-372.40614793775603,-131.2891879444942,0.0,0.0,0.0,0.0,0.0,0.0,0.0,0.0,1750714435.8995657,0.0,right_blink
138.28368401527405,101.0,-1255.2936802273616,-841.6139963786118,-438.0002532606013,-133.28442457085475,0.0,0.0,0.0,0.0,0.0,0.0,0.0,0.0,1750714436.0044067,0.0,right_blink
138.3842363357544,110.0,-1295.9950114451349,-845.7652853294276,-451.8902416960336,-142.18538646539673,0.0,0.0,0.0,0.0,0.0,0.0,0.0,0.0,1750714436.094152,0.0,right_blink
138.48527455329895,121.0,-1295.6771199489012,-823.9766281875782,-445.457613772247,-91.03477477142587,0.0,0.0,0.0,0.0,0.0,0.0,0.0,0.0,1750714436.2005754,0.0,right_blink
138.58621430397034,130.0,-1323.3149806214496,-837.1148967319168,-459.2728042085655,-108.44400906516239,0.0,0.0,0.0,0.0,0.0,0.0,0.0,0.0,1750714436.2920666,0.0,right_blink
138.68704533576965,142.0,-1473.475703742355,-805.9353508013301,-319.5389221641235,118.08547115093097,0.0,0.0,0.0,0.0,0.0,0.0,0.0,0.0,1750714436.4103425,0.0,right_blink
138.78744268417358,151.0,-1466.7999823214486,-869.4425919489004,-317.5044165882282,173.00590200023726,0.0,0.0,0.0,0.0,0.0,0.0,0.0,0.0,1750714436.5006995,0.0,right_blink
138.88902354240417,161.0,-1460.513210495934,-862.1273476355709,-322.33262743102387,89.00774899544194,0.0,0.0,0.0,0.0,0.0,0.0,0.0,0.0,1750714436.6044524,0.0,right_blink
138.98940253257751,170.0,-1402.873872378841,-867.2659701746888,-387.18997246259823,-40.15717577422038,0.0,0.0,0.0,0.0,0.0,0.0,0.0,0.0,1750714436.6939588,0.0,right_blink
139.09013652801514,182.0,-1283.017558598891,-822.2525343080051,-346.41758314566687,-143.42703325068578,0.0,0.0,0.0,0.0,0.0,0.0,0.0,0.0,1750714436.814022,0.0,right_blink
139.19085597991943,191.0,-1288.6685474319384,-823.4829613934271,-418.5228542913683,-129.54452461516485,0.0,0.0,0.0,0.0,0.0,0.0,0.0,0.0,1750714436.9046981,0.0,right_blink
139.2920696735382,101.0,-1294.7664543096907,-847.6614146069624,-453.3955514281988,-171.33229677006602,0.0,0.0,0.0,0.0,0.0,0.0,0.0,0.0,1750714437.009586,0.0,right_blink
139.39265894889832,110.0,-1256.181906466838,-775.4439464625902,-423.4688719827682,-85.06402449216694,0.0,0.0,0.0,0.0,0.0,0.0,0.0,0.0,1750714437.09909,0.0,right_blink
139.49372577667236,121.0,-1320.3361503067426,-837.1186366318725,-476.7100877519697,-147.23612135555595,0.0,0.0,0.0,0.0,0.0,0.0,0.0,0.0,1750714437.205258,0.0,right_blink
139.59420371055603,131.0,-1364.79982087994,-826.1794292614795,-401.9719270374626,-122.70237764623016,0.0,0.0,0.0,0.0,0.0,0.0,0.0,0.0,1750714437.309268,0.0,right_blink
139.69500088691711,142.0,-1443.6406518458389,-789.2142580994405,-335.66724072303623,75.91996910050511,0.0,0.0,0.0,0.0,0.0,0.0,0.0,0.0,1750714437.4154685,0.0,right_blink
139.79605650901794,151.0,-1466.192248578649,-814.7465550969355,-424.5721424696967,7.670534809119999,0.0,0.0,0.0,0.0,0.0,0.0,0.0,0.0,1750714437.50531,0.0,right_blink
139.89675092697144,161.0,-1404.7157731070183,-825.9438155642711,-473.8640238856897,-17.73086568992585,0.0,0.0,0.0,0.0,0.0,0.0,0.0,0.0,1750714437.6091309,0.0,right_blink
139.99736189842224,171.0,-1395.1266696206294,-836.8605835349299,-405.05734450090677,-82.82756431866437,0.0,0.0,0.0,0.0,0.0,0.0,0.0,0.0,1750714437.7146187,0.0,right_blink
140.0980908870697,182.0,-1297.71723537473,-838.2181672188453,-354.37422030139714,-113.89117335062474,0.0,0.0,0.0,0.0,0.0,0.0,0.0,0.0,1750714437.8195033,0.0,right_blink
140.19881129264832,191.0,-1316.7682857490145,-866.5292098834179,-402.8620232269168,-169.7054402893409,0.0,0.0,0.0,0.0,0.0,0.0,0.0,0.0,1750714437.9091778,0.0,right_blink
140.2994499206543,101.0,-1249.9437533407472,-826.0036539635621,-362.9703803495504,-113.06839536037296,0.0,0.0,0.0,0.0,0.0,0.0,0.0,0.0,1750714438.0141263,0.0,right_blink
140.40016150474548,112.0,-1320.3623296064325,-859.5281171663664,-457.8329427256249,-132.6916504278779,0.0,0.0,0.0,0.0,0.0,0.0,0.0,0.0,1750714438.1202505,0.0,right_blink
140.50135207176208,121.0,-1278.348293504212,-798.0778209944256,-383.58470890531316,-80.44898794684559,0.0,0.0,0.0,0.0,0.0,0.0,0.0,0.0,1750714438.2104714,0.0,right_blink
140.6022560596466,131.0,-1275.8238610341214,-788.9150661029853,-399.9579909113236,-81.49242003448308,0.0,0.0,0.0,0.0,0.0,0.0,0.0,0.0,1750714438.3140864,0.0,right_blink
140.70254802703857,140.0,-1400.2914714594372,-781.4315262916498,-447.0171520537697,49.19090411718935,0.0,0.0,0.0,0.0,0.0,0.0,0.0,0.0,1750714438.4041088,0.0,right_blink
140.80307960510254,152.0,-1470.4781739278696,-855.2309721172787,-384.17561309831217,5.033905340358615,0.0,0.0,0.0,0.0,0.0,0.0,0.0,0.0,1750714438.523851,0.0,right_blink
140.90343952178955,161.0,-1376.5730259404518,-798.8033615858294,-376.3554822909646,50.7280029989779,0.0,0.0,0.0,0.0,0.0,0.0,0.0,0.0,1750714438.6139116,0.0,right_blink
141.00406694412231,172.0,-1404.405361410696,-874.0090097947977,-408.6270790086128,-89.61922263819724,0.0,0.0,0.0,0.0,0.0,0.0,0.0,0.0,1750714438.720272,0.0,right_blink
141.10449719429016,181.0,-1318.0361118339933,-814.9971283939667,-326.79058817820624,-51.56948048900813,0.0,0.0,0.0,0.0,0.0,0.0,0.0,0.0,1750714438.8104808,0.0,right_blink
141.20521807670593,191.0,-1285.3419064213522,-821.4409760176204,-322.6093800277449,-115.86210062727332,0.0,0.0,0.0,0.0,0.0,0.0,0.0,0.0,1750714438.9138732,0.0,right_blink
141.30577182769775,101.0,-1288.756435080897,-836.6717185871676,-359.95976088522,-127.8746592849493,0.0,0.0,0.0,0.0,0.0,0.0,0.0,0.0,1750714439.0191534,0.0,right_blink
141.4062852859497,112.0,-1320.0593977100216,-836.9746504835784,-382.7993299146183,-132.23538263328373,0.0,0.0,0.0,0.0,0.0,0.0,0.0,0.0,1750714439.1253555,0.0,right_blink
141.50701022148132,121.0,-1288.7265158812515,-817.7814839109778,-407.78934141853824,-94.27165818307549,0.0,0.0,0.0,0.0,0.0,0.0,0.0,0.0,1750714439.2154267,0.0,right_blink
141.60779547691345,131.0,-1355.8165811863728,-749.4722112203017,-471.7565902606584,1.61189688090235,0.0,0.0,0.0,0.0,0.0,0.0,0.0,0.0,1750714439.3190053,0.0,right_blink
141.70875430107117,142.0,-1390.1451228796504,-725.3087176065892,-486.38707888731733,25.831488993950188,0.0,0.0,0.0,0.0,0.0,0.0,0.0,0.0,1750714439.425377,0.0,right_blink
141.80938601493835,152.0,-1395.0855307211168,-770.0940195759758,-391.7937893080525,17.573789891786873,0.0,0.0,0.0,0.0,0.0,0.0,0.0,0.0,1750714439.5296593,0.0,right_blink
141.90986680984497,160.0,-1411.787923923228,-859.6234846152365,-349.5104804090224,-42.54510189592838,0.0,0.0,0.0,0.0,0.0,0.0,0.0,0.0,1750714439.6052203,0.0,right_blink
142.01049208641052,172.0,-1333.6015754495747,-834.7045312104747,-293.92060746764764,-47.14143894147128,0.0,0.0,0.0,0.0,0.0,0.0,0.0,0.0,1750714439.7252176,0.0,right_blink
142.11142683029175,181.0,-1295.8585050967522,-866.2842464363202,-290.1844474119134,-109.42947270348668,0.0,0.0,0.0,0.0,0.0,0.0,0.0,0.0,1750714439.8151667,0.0,right_blink
142.21226572990417,193.0,-1318.1931876321323,-874.295112141408,-385.37238108413294,-148.20475544407964,0.0,0.0,0.0,0.0,0.0,0.0,0.0,0.0,1750714439.9355423,0.0,right_blink
142.31264758110046,101.0,-1313.1218832922168,-877.1168666579761,-413.34309285273775,-149.8634010744281,0.0,0.0,0.0,0.0,0.0,0.0,0.0,0.0,1750714440.024188,0.0,right_blink
142.41337275505066,110.0,-1259.499197727535,-796.3873862144537,-379.88968774909154,-111.89219682430848,0.0,0.0,0.0,0.0,0.0,0.0,0.0,0.0,1750714440.1138146,0.0,right_blink
142.51431035995483,122.0,-1272.9254385684617,-794.4239387377165,-370.1173291648738,-53.30666401842609,0.0,0.0,0.0,0.0,0.0,0.0,0.0,0.0,1750714440.233846,0.0,right_blink
142.61495566368103,131.0,-1429.5262694130652,-795.9647775194608,-499.4019307331182,11.333766815718263,0.0,0.0,0.0,0.0,0.0,0.0,0.0,0.0,1750714440.323988,0.0,right_blink
142.71560263633728,142.0,-1433.5653613652103,-750.0537656634115,-308.91760628996417,100.11525186384097,0.0,0.0,0.0,0.0,0.0,0.0,0.0,0.0,1750714440.4303963,0.0,right_blink
142.8159942626953,151.0,-1435.281975444872,-818.6248313509859,-436.0816845833324,-32.73347436217591,0.0,0.0,0.0,0.0,0.0,0.0,0.0,0.0,1750714440.5217202,0.0,right_blink
142.91673731803894,161.0,-1366.4678162601776,-852.3101102518849,-427.1470635891892,-116.35015757149085,0.0,0.0,0.0,0.0,0.0,0.0,0.0,0.0,1750714440.6241596,0.0,right_blink
143.01713395118713,171.0,-1332.3337493645959,-870.6543195345439,-406.2784218364395,-160.11072695301846,0.0,0.0,0.0,0.0,0.0,0.0,0.0,0.0,1750714440.729655,0.0,right_blink
143.1179187297821,182.0,-1265.9954039505683,-815.6067320867442,-367.43582089664415,-116.65682936785743,0.0,0.0,0.0,0.0,0.0,0.0,0.0,0.0,1750714440.834242,0.0,right_blink
143.21862649917603,191.0,-1310.3319179252721,-870.1606527403928,-433.16830251784995,-159.53104245988652,0.0,0.0,0.0,0.0,0.0,0.0,0.0,0.0,1750714440.9239724,0.0,right_blink
143.3196632862091,101.0,-1280.3659695303068,-839.0091560594738,-402.22811018442735,-118.36222374765202,0.0,0.0,0.0,0.0,0.0,0.0,0.0,0.0,1750714441.0291584,0.0,right_blink
143.42035508155823,112.0,-1310.5955808721483,-868.602984408848,-457.7506649265997,-129.301431118045,0.0,0.0,0.0,0.0,0.0,0.0,0.0,0.0,1750714441.135351,0.0,right_blink
143.52103519439697,122.0,-1297.610648225993,-856.4034307533875,-455.88071494875476,-111.83235842501745,0.0,0.0,0.0,0.0,0.0,0.0,0.0,0.0,1750714441.238804,0.0,right_blink
143.6215422153473,133.0,-1271.6968814330176,-798.5322188390419,-397.7963287369348,-60.57702953228727,0.0,0.0,0.0,0.0,0.0,0.0,0.0,0.0,1750714441.3455515,0.0,right_blink
143.7222363948822,142.0,-1404.7139031570405,-815.5861626369879,-433.17578231776133,-65.57353587308899,0.0,0.0,0.0,0.0,0.0,0.0,0.0,0.0,1750714441.4352272,0.0,right_blink
143.82272052764893,151.0,-1422.5382663458586,-793.0495255040005,-295.9738125433214,-23.11445167614147,0.0,0.0,0.0,0.0,0.0,0.0,0.0,0.0,1750714441.525663,0.0,right_blink
143.92338466644287,163.0,-1464.9674313431606,-772.6932500451803,-271.0062404391356,58.804316953290254,0.0,0.0,0.0,0.0,0.0,0.0,0.0,0.0,1750714441.6455379,0.0,right_blink
144.02386617660522,172.0,-1369.2409520773217,-864.2273014606908,-382.8217693143524,-100.74355505639687,0.0,0.0,0.0,0.0,0.0,0.0,0.0,0.0,1750714441.735504,0.0,right_blink
144.12454986572266,182.0,-1333.442629701458,-878.263145994395,-403.85122676519677,-149.5716888778843,0.0,0.0,0.0,0.0,0.0,0.0,0.0,0.0,1750714441.8389478,0.0,right_blink
144.22515177726746,191.0,-1284.199366984889,-817.3551353160292,-365.32277742167935,-126.66480164928362,0.0,0.0,0.0,0.0,0.0,0.0,0.0,0.0,1750714441.929036,0.0,right_blink
144.32558465003967,101.0,-1280.289301581215,-814.8699717954732,-382.6833930159919,-79.6299498565495,0.0,0.0,0.0,0.0,0.0,0.0,0.0,0.0,1750714442.0342128,0.0,right_blink
144.426372051239,112.0,-1306.9136493657716,-820.1619302327745,-406.9516038284637,-117.61611370649189,0.0,0.0,0.0,0.0,0.0,0.0,0.0,0.0,1750714442.1407623,0.0,right_blink
144.52724146842957,122.0,-1333.380921352189,-813.3740118131973,-411.7985141710378,-105.54371664952487,0.0,0.0,0.0,0.0,0.0,0.0,0.0,0.0,1750714442.2442045,0.0,right_blink
144.62826919555664,131.0,-1313.05830499297,-787.1872323234566,-432.12487043021247,-46.513135748915374,0.0,0.0,0.0,0.0,0.0,0.0,0.0,0.0,1750714442.3341072,0.0,right_blink
144.72889256477356,142.0,-1399.7304864660837,-782.4001603801735,-414.1060324436985,8.283878401853144,0.0,0.0,0.0,0.0,0.0,0.0,0.0,0.0,1750714442.4403217,0.0,right_blink
144.82978200912476,152.0,-1426.7250843462534,-782.8676478746347,-379.6091952524148,7.9884263053536415,0.0,0.0,0.0,0.0,0.0,0.0,0.0,0.0,1750714442.5443003,0.0,right_blink
144.93058466911316,163.0,-1411.533610726241,-836.6436693374999,-377.36151537904516,-26.12694109044969,0.0,0.0,0.0,0.0,0.0,0.0,0.0,0.0,1750714442.6506789,0.0,right_blink
145.03153371810913,172.0,-1352.0953807304613,-831.6509028966539,-369.84805636806414,-109.2761368053034,0.0,0.0,0.0,0.0,0.0,0.0,0.0,0.0,1750714442.7421818,0.0,right_blink
145.13206434249878,182.0,-1314.109216880519,-824.2571206842549,-355.87579013360664,-135.92292398959398,0.0,0.0,0.0,0.0,0.0,0.0,0.0,0.0,1750714442.8440256,0.0,right_blink
145.23267674446106,193.0,-1310.1785820270889,-841.8009913763963,-410.1305187908001,-130.92267774883658,0.0,0.0,0.0,0.0,0.0,0.0,0.0,0.0,1750714442.9505684,0.0,right_blink
145.33325171470642,103.0,-1316.7177970996127,-853.4376900885254,-420.4171136189252,-136.35488243447617,0.0,0.0,0.0,0.0,0.0,0.0,0.0,0.0,1750714443.055622,0.0,right_blink
145.43445658683777,112.0,-1262.7846998386085,-802.9378209868446,-386.75801401771605,-83.59985365951434,0.0,0.0,0.0,0.0,0.0,0.0,0.0,0.0,1750714443.1455724,0.0,right_blink
145.53493523597717,122.0,-1273.043245417066,-798.5621380386874,-411.40395472571254,-80.39849929744378,0.0,0.0,0.0,0.0,0.0,0.0,0.0,0.0,1750714443.2490623,0.0,right_blink
145.63564157485962,133.0,-1391.3288012156263,-778.9014839716256,-500.96333896461874,13.300954192411155,0.0,0.0,0.0,0.0,0.0,0.0,0.0,0.0,1750714443.3552525,0.0,right_blink
145.73623704910278,142.0,-1430.227500654757,-737.0258241677657,-388.2577138999477,127.92514793435112,0.0,0.0,0.0,0.0,0.0,0.0,0.0,0.0,1750714443.4454288,0.0,right_blink
145.83719110488892,152.0,-1411.5130412764847,-772.4912954475731,-296.6189452856779,17.624278541188687,0.0,0.0,0.0,0.0,0.0,0.0,0.0,0.0,1750714443.5491157,0.0,right_blink
145.93809485435486,161.0,-1422.437289047055,-846.1074861753732,-403.83813711535186,-60.92858012812212,0.0,0.0,0.0,0.0,0.0,0.0,0.0,0.0,1750714443.6395094,0.0,right_blink
146.0388901233673,172.0,-1299.8134492998943,-810.784131093882,-350.2117116507143,-72.71300488850102,0.0,0.0,0.0,0.0,0.0,0.0,0.0,0.0,1750714443.7458909,0.0,right_blink
146.13979959487915,182.0,-1274.067978004925,-804.7105335658416,-371.44686359912157,-86.44591752579436,0.0,0.0,0.0,0.0,0.0,0.0,0.0,0.0,1750714443.8521268,0.0,right_blink
146.24071145057678,193.0,-1305.3447613343596,-841.9561972245574,-427.6500801332295,-136.5605769320391,0.0,0.0,0.0,0.0,0.0,0.0,0.0,0.0,1750714443.9555051,0.0,right_blink
146.34143996238708,101.0,-1279.855473186355,-817.6898563620634,-425.80069960514084,-122.74351654574275,0.0,0.0,0.0,0.0,0.0,0.0,0.0,0.0,1750714444.0441794,0.0,right_blink
146.44212436676025,113.0,-1234.9953732178546,-791.7087713698857,-397.4597377409227,-88.2616389542818,0.0,0.0,0.0,0.0,0.0,0.0,0.0,0.0,1750714444.164569,0.0,right_blink
146.54270887374878,122.0,-1305.1259771869518,-828.7562203309499,-478.6978445784189,-78.32098487205803,0.0,0.0,0.0,0.0,0.0,0.0,0.0,0.0,1750714444.254424,0.0,right_blink
146.6433219909668,133.0,-1423.0450227898546,-745.7454009144567,-364.1073099360801,39.11561363656074,0.0,0.0,0.0,0.0,0.0,0.0,0.0,0.0,1750714444.362069,0.0,right_blink
146.74399495124817,142.0,-1470.848424023483,-771.75640510628,-483.4624771219678,43.12104648910463,0.0,0.0,0.0,0.0,0.0,0.0,0.0,0.0,1750714444.4510908,0.0,right_blink
146.84466457366943,152.0,-1411.2643379294313,-835.8545504468493,-392.84844109555706,-42.12249320093542,0.0,0.0,0.0,0.0,0.0,0.0,0.0,0.0,1750714444.554463,0.0,right_blink
146.94558477401733,163.0,-1252.008178116288,-792.4904104606248,-367.31614409806207,-99.21580592449754,0.0,0.0,0.0,0.0,0.0,0.0,0.0,0.0,1750714444.660576,0.0,right_blink
147.04658365249634,173.0,-1238.2977048787288,-807.0199217884801,-364.13722913572565,-114.32500174548477,0.0,0.0,0.0,0.0,0.0,0.0,0.0,0.0,1750714444.76409,0.0,right_blink
147.14770555496216,182.0,-1294.4934416129254,-856.6670937002636,-460.32371609611437,-115.37591363303363,0.0,0.0,0.0,0.0,0.0,0.0,0.0,0.0,1750714444.8543644,0.0,right_blink
147.248450756073,193.0,-1232.758913044352,-799.3194677797146,-395.9787373584695,-92.83179670013487,0.0,0.0,0.0,0.0,0.0,0.0,0.0,0.0,1750714444.960298,0.0,right_blink
147.348858833313,101.0,-1226.935888813343,-807.1358586871065,-414.42392393993214,-88.0989533062093,0.0,0.0,0.0,0.0,0.0,0.0,0.0,0.0,1750714445.0489476,0.0,right_blink
147.44998979568481,113.0,-1240.829617148731,-843.6036231550388,-458.7828773143701,-109.82777204876766,0.0,0.0,0.0,0.0,0.0,0.0,0.0,0.0,1750714445.169191,0.0,right_blink
147.55043506622314,122.0,-1313.3986358889379,-808.7178363683634,-500.6996760177426,-39.801885278429836,0.0,0.0,0.0,0.0,0.0,0.0,0.0,0.0,1750714445.2590604,0.0,right_blink
147.65110659599304,133.0,-1470.979320521932,-816.9979748702608,-357.16979551827535,131.65008829021826,0.0,0.0,0.0,0.0,0.0,0.0,0.0,0.0,1750714445.3657472,0.0,right_blink
147.7518572807312,142.0,-1457.7475544787012,-829.3172053243034,-353.0110267675482,14.142431682441384,0.0,0.0,0.0,0.0,0.0,0.0,0.0,0.0,1750714445.4554617,0.0,right_blink
147.85244798660278,152.0,-1403.1599747254513,-842.406855169218,-374.85204250877723,-39.74952667905018,0.0,0.0,0.0,0.0,0.0,0.0,0.0,0.0,1750714445.559013,0.0,right_blink
147.9532766342163,163.0,-1319.7003673142754,-844.3291637464426,-378.0833160704933,-119.09898403892294,0.0,0.0,0.0,0.0,0.0,0.0,0.0,0.0,1750714445.6658266,0.0,right_blink
148.05393314361572,173.0,-1307.7588667557575,-824.3356585833244,-409.6518115964718,-119.36451693577692,0.0,0.0,0.0,0.0,0.0,0.0,0.0,0.0,1750714445.7693472,0.0,right_blink
148.1546914577484,182.0,-1292.544953736011,-826.0709721627645,-439.20450104633346,-151.20976505847648,0.0,0.0,0.0,0.0,0.0,0.0,0.0,0.0,1750714445.8597012,0.0,right_blink
148.2554590702057,193.0,-1256.0996286678128,-828.4271091348492,-448.1615614402108,-128.44125412823632,0.0,0.0,0.0,0.0,0.0,0.0,0.0,0.0,1750714445.9657297,0.0,right_blink
148.35622119903564,0.0,-1250.934826829005,-813.3272630637512,-427.0591759402305,-162.88947262009606,0.0,0.0,0.0,0.0,0.0,0.0,0.0,0.0,1750714446.0407162,0.0,right_blink
148.45731043815613,113.0,-1211.400344397407,-751.566555195488,-374.0610536681488,-600.9215150303207,0.0,0.0,0.0,0.0,0.0,0.0,0.0,0.0,1750714446.1745863,0.0,right_blink
148.55828213691711,122.0,-1220.3237456916831,-676.1439927890897,-301.00958783365786,-434.98963379627094,0.0,0.0,0.0,0.0,0.0,0.0,0.0,0.0,1750714446.264393,0.0,right_blink
148.65911436080933,133.0,-1566.3991279914044,-847.6745042568073,-371.97418949287385,286.35852975724265,0.0,0.0,0.0,0.0,0.0,0.0,0.0,0.0,1750714446.3705096,0.0,right_blink
148.76024055480957,143.0,-1432.6677853758447,-789.436782146804,-310.90162321645766,-265.39265060564503,0.0,0.0,0.0,0.0,0.0,0.0,0.0,0.0,1750714446.4739957,0.0,right_blink
148.8611307144165,152.0,-1303.457981806714,-742.9049468981102,-284.7335432264954,-307.7881565033458,0.0,0.0,0.0,0.0,0.0,0.0,0.0,0.0,1750714446.5642452,0.0,right_blink
148.9622883796692,164.0,-1249.4052077471279,-786.0222534872591,-355.26057659089565,-324.1053400100209,0.0,0.0,0.0,0.0,0.0,0.0,0.0,0.0,1750714446.6847703,0.0,right_blink
149.0634343624115,173.0,-1273.6771584595554,-821.7756970636547,-417.0923425583169,-319.81941466080025,0.0,0.0,0.0,0.0,0.0,0.0,0.0,0.0,1750714446.7741585,0.0,right_blink
149.16432929039001,184.0,-1230.0624451762997,-794.0480787921697,-391.0065403673798,-227.1297341589816,0.0,0.0,0.0,0.0,0.0,0.0,0.0,0.0,1750714446.8805,0.0,right_blink
149.26504683494568,193.0,-1283.8347267392091,-838.8408605614677,-433.0205764696002,-250.26475528487936,0.0,0.0,0.0,0.0,0.0,0.0,0.0,0.0,1750714446.9709392,0.0,right_blink
149.3657512664795,104.0,-1295.594842149876,-851.4723726618104,-446.3308804119006,-211.93265068903565,0.0,0.0,0.0,0.0,0.0,0.0,0.0,0.0,1750714447.0901797,0.0,right_blink
149.46660447120667,113.0,-1275.9154885830358,-781.4689252912067,-378.0290875211358,-157.4834472341463,0.0,0.0,0.0,0.0,0.0,0.0,0.0,0.0,1750714447.1820452,0.0,right_blink
149.56794619560242,124.0,-1381.949132126756,-816.7848005727865,-397.3456707922742,-74.92141581233591,0.0,0.0,0.0,0.0,0.0,0.0,0.0,0.0,1750714447.2857008,0.0,right_blink
149.66938638687134,133.0,-1441.5219985209405,-767.6873939544894,-365.2947281720117,116.55398211907595,0.0,0.0,0.0,0.0,0.0,0.0,0.0,0.0,1750714447.3753648,0.0,right_blink
149.770578622818,145.0,-1398.3485934324563,-809.5406143586151,-320.94699449744076,40.420838721096516,0.0,0.0,0.0,0.0,0.0,0.0,0.0,0.0,1750714447.4953132,0.0,right_blink
149.87153482437134,154.0,-1354.199074455537,-862.8192291273735,-397.98145378474146,-157.65174273215234,0.0,0.0,0.0,0.0,0.0,0.0,0.0,0.0,1750714447.5859668,0.0,right_blink
149.97257328033447,164.0,-1341.0308867115527,-871.8099486208521,-403.1948743229732,-190.15521324705333,0.0,0.0,0.0,0.0,0.0,0.0,0.0,0.0,1750714447.6892805,0.0,right_blink
150.07403683662415,173.0,-1237.8320873342454,-806.1672245985828,-369.78634801879525,-166.231073230505,0.0,0.0,0.0,0.0,0.0,0.0,0.0,0.0,1750714447.7794333,0.0,right_blink
150.17478942871094,184.0,-1316.9721102965996,-854.4979517259635,-452.04170764423907,-167.55499781481922,0.0,0.0,0.0,0.0,0.0,0.0,0.0,0.0,1750714447.8855217,0.0,right_blink
150.27532482147217,194.0,-1320.4202980557457,-853.1515877419151,-455.20192310679704,-165.42325484007597,0.0,0.0,0.0,0.0,0.0,0.0,0.0,0.0,1750714447.9899716,0.0,right_blink
150.37611985206604,104.0,-1278.494149602484,-800.1964743193239,-398.1609689826146,-142.58181586069986,0.0,0.0,0.0,0.0,0.0,0.0,0.0,0.0,1750714448.094732,0.0,right_blink
150.4770724773407,113.0,-1349.8140417574905,-766.4700565189123,-408.4868327602744,-6.6626317710615695,0.0,0.0,0.0,0.0,0.0,0.0,0.0,0.0,1750714448.1848192,0.0,right_blink
150.5777943134308,124.0,-1506.9384585958906,-798.0946505442262,-226.85859141219407,56.55663707992062,0.0,0.0,0.0,0.0,0.0,0.0,0.0,0.0,1750714448.290879,0.0,right_blink
150.6788306236267,134.0,-1438.41601160774,-800.5368052152917,-340.21495906915516,16.034821060020477,0.0,0.0,0.0,0.0,0.0,0.0,0.0,0.0,1750714448.394352,0.0,right_blink
150.78088903427124,145.0,-1345.7450306056999,-860.6033384036273,-374.2181294662878,-173.0956595991738,0.0,0.0,0.0,0.0,0.0,0.0,0.0,0.0,1750714448.500358,0.0,right_blink
150.88186693191528,154.0,-1269.050902214367,-822.3927805563435,-364.89829877670854,-179.9209770183079,0.0,0.0,0.0,0.0,0.0,0.0,0.0,0.0,1750714448.59088,0.0,right_blink
150.98320078849792,164.0,-1257.0084243570454,-817.272857517004,-388.9234160920605,-174.72251607989892,0.0,0.0,0.0,0.0,0.0,0.0,0.0,0.0,1750714448.6943252,0.0,right_blink
151.08416056632996,175.0,-1293.1246382291429,-857.3047466427088,-454.71947601251304,-165.57098088832572,0.0,0.0,0.0,0.0,0.0,0.0,0.0,0.0,1750714448.800996,0.0,right_blink
151.18486642837524,184.0,-1248.4777125581168,-821.2109721703455,-417.44015325419605,-149.6502267769538,0.0,0.0,0.0,0.0,0.0,0.0,0.0,0.0,1750714448.8906147,0.0,right_blink
151.28583812713623,196.0,-1260.6884859134443,-804.1570283723995,-395.7113345116377,-92.17918415786698,0.0,0.0,0.0,0.0,0.0,0.0,0.0,0.0,1750714449.010775,0.0,right_blink
151.38655424118042,104.0,-1285.1829606732354,-795.3981826761737,-411.19265037821606,-73.58066167822108,0.0,0.0,0.0,0.0,0.0,0.0,0.0,0.0,1750714449.0988088,0.0,right_blink
151.4872100353241,113.0,-1470.6632989756763,-811.375035286881,-399.15017252089456,-8.902831844519824,0.0,0.0,0.0,0.0,0.0,0.0,0.0,0.0,1750714449.1891832,0.0,right_blink
151.58837747573853,124.0,-1455.1240146597847,-808.3008375233039,-252.63585185678676,64.18229308957234,0.0,0.0,0.0,0.0,0.0,0.0,0.0,0.0,1750714449.295748,0.0,right_blink
151.68938517570496,134.0,-1385.7526103816926,-791.6395832207054,-342.04564009746537,28.01372061809525,0.0,0.0,0.0,0.0,0.0,0.0,0.0,0.0,1750714449.4008408,0.0,right_blink
151.7910599708557,145.0,-1335.7613676739857,-815.6347813364118,-384.80765619082376,-167.2464560684748,0.0,0.0,0.0,0.0,0.0,0.0,0.0,0.0,1750714449.505512,0.0,right_blink
151.89175510406494,155.0,-1289.7119795195758,-818.1105951070786,-389.568548834417,-197.65558260818943,0.0,0.0,0.0,0.0,0.0,0.0,0.0,0.0,1750714449.609468,0.0,right_blink
151.99290084838867,164.0,-1250.2635147869587,-793.2440003016964,-387.1712729628198,-125.76348575996235,0.0,0.0,0.0,0.0,0.0,0.0,0.0,0.0,1750714449.6991477,0.0,right_blink
152.09384679794312,176.0,-1288.010325039737,-822.9575054496527,-438.1573290587403,-147.054736207705,0.0,0.0,0.0,0.0,0.0,0.0,0.0,0.0,1750714449.819361,0.0,right_blink
152.1948103904724,185.0,-1283.7617986900732,-810.0099718030542,-419.49148837989196,-167.48206976568326,0.0,0.0,0.0,0.0,0.0,0.0,0.0,0.0,1750714449.9095151,0.0,right_blink
152.295551776886,196.0,-1297.5358502268791,-848.2093099504709,-398.8696800242178,-167.54938796488568,0.0,0.0,0.0,0.0,0.0,0.0,0.0,0.0,1750714450.0157244,0.0,right_blink
152.39617156982422,104.0,-1387.4561348115094,-839.3120879558846,-408.0866634650156,-102.38724108692259,0.0,0.0,0.0,0.0,0.0,0.0,0.0,0.0,1750714450.1041644,0.0,right_blink
152.49715089797974,115.0,-1470.1079238322563,-779.3091330667958,-292.5873331334442,136.29317408520728,0.0,0.0,0.0,0.0,0.0,0.0,0.0,0.0,1750714450.2105088,0.0,right_blink
152.59771084785461,125.0,-1381.5919716809876,-797.313011453487,-309.0690722381696,1.1855482859537005,0.0,0.0,0.0,0.0,0.0,0.0,0.0,0.0,1750714450.3143036,0.0,right_blink
152.69879746437073,136.0,-1365.413164472673,-864.1712029613554,-384.3981371456757,-177.51809129677713,0.0,0.0,0.0,0.0,0.0,0.0,0.0,0.0,1750714450.4205549,0.0,right_blink
152.79981470108032,145.0,-1274.7168506472372,-787.6341503681615,-341.89043424930423,-164.70145414862782,0.0,0.0,0.0,0.0,0.0,0.0,0.0,0.0,1750714450.5107822,0.0,right_blink
152.90053415298462,155.0,-1232.0745113524608,-792.862530506216,-356.4573445767164,-171.4931124681607,0.0,0.0,0.0,0.0,0.0,0.0,0.0,0.0,1750714450.614514,0.0,right_blink
153.00099849700928,164.0,-1272.6898248712532,-860.3452853066847,-451.34982615243644,-197.11516706459224,0.0,0.0,0.0,0.0,0.0,0.0,0.0,0.0,1750714450.7040095,0.0,right_blink
153.10216736793518,176.0,-1277.4544574148022,-831.3610606500879,-449.82768687047064,-206.8015079498291,0.0,0.0,0.0,0.0,0.0,0.0,0.0,0.0,1750714450.8244348,0.0,right_blink
153.20276618003845,185.0,-1264.117974172812,-779.499867964536,-414.39961459022015,-112.08106177207083,0.0,0.0,0.0,0.0,0.0,0.0,0.0,0.0,1750714450.9141505,0.0,right_blink
153.3039209842682,196.0,-1548.0549187087454,-772.8952046427876,-356.21799097955227,8.05948440451175,0.0,0.0,0.0,0.0,0.0,0.0,0.0,0.0,1750714451.0203593,0.0,right_blink
153.40809226036072,104.0,-1529.4470464792103,-784.6758895032108,-309.1195608875714,64.22343198908493,0.0,0.0,0.0,0.0,0.0,0.0,0.0,0.0,1750714451.1088235,0.0,right_blink
153.5088415145874,116.0,-1382.1884857239202,-794.9194754818454,-280.7150207241066,-25.09659865265712,0.0,0.0,0.0,0.0,0.0,0.0,0.0,0.0,1750714451.229015,0.0,right_blink
153.6091923713684,125.0,-1279.109363145195,-844.9443772891536,-382.89282741351053,-170.2495957328938,0.0,0.0,0.0,0.0,0.0,0.0,0.0,0.0,1750714451.3189747,0.0,right_blink
153.71009516716003,136.0,-1197.2878319146112,-814.426793650724,-351.87409718101844,-216.29150408739224,0.0,0.0,0.0,0.0,0.0,0.0,0.0,0.0,1750714451.4258947,0.0,right_blink
153.81120419502258,145.0,-1247.8101404160261,-855.8873245595023,-440.46110743144527,-190.882623788435,0.0,0.0,0.0,0.0,0.0,0.0,0.0,0.0,1750714451.5155325,0.0,right_blink
153.9122142791748,155.0,-1248.9134109029546,-855.4310567649081,-449.5004456243478,-175.07406667573377,0.0,0.0,0.0,0.0,0.0,0.0,0.0,0.0,1750714451.6189773,0.0,right_blink
154.01297760009766,166.0,-1226.7507637655362,-785.8614377891645,-406.0689874389209,-132.99645227426663,0.0,0.0,0.0,0.0,0.0,0.0,0.0,0.0,1750714451.7258584,0.0,right_blink
154.11397552490234,175.0,-1279.2589591434225,-833.0066166305915,-462.5302570699714,-145.43161962693557,0.0,0.0,0.0,0.0,0.0,0.0,0.0,0.0,1750714451.8154252,0.0,right_blink
154.2147045135498,185.0,-1307.693418506533,-822.8714877506718,-498.2537814467214,-103.66441692179069,0.0,0.0,0.0,0.0,0.0,0.0,0.0,0.0,1750714451.919211,0.0,right_blink
154.3158233165741,197.0,-1471.6730719637126,-839.0091560594738,-312.6762057454325,95.507695118431,0.0,0.0,0.0,0.0,0.0,0.0,0.0,0.0,1750714452.0389943,0.0,right_blink
154.41642308235168,106.0,-1430.4911636016332,-854.9168205210008,-328.0004458138719,5.82863408094272,0.0,0.0,0.0,0.0,0.0,0.0,0.0,0.0,1750714452.1307132,0.0,right_blink
154.51755166053772,116.0,-1292.6721103345044,-837.788078723941,-395.79735221061856,-159.23185046343133,0.0,0.0,0.0,0.0,0.0,0.0,0.0,0.0,1750714452.2347546,0.0,right_blink
154.61813378334045,125.0,-1307.1530029629357,-837.4664473277517,-422.5413767937571,-198.98698699241504,0.0,0.0,0.0,0.0,0.0,0.0,0.0,0.0,1750714452.3242211,0.0,right_blink
154.71908116340637,136.0,-1274.4999364498071,-811.388124936726,-418.91741373669356,-135.16933414852247,0.0,0.0,0.0,0.0,0.0,0.0,0.0,0.0,1750714452.4306965,0.0,right_blink
154.81962537765503,146.0,-1281.4224912677892,-830.1138040148653,-432.6204071743414,-138.4903653091751,0.0,0.0,0.0,0.0,0.0,0.0,0.0,0.0,1750714452.534515,0.0,right_blink
154.92081761360168,157.0,-1280.689470876474,-795.9909568191506,-396.1975215058774,-150.00177737278864,0.0,0.0,0.0,0.0,0.0,0.0,0.0,0.0,1750714452.6408596,0.0,right_blink
155.02138781547546,166.0,-1293.6706636226736,-812.3006605259143,-411.47875272482634,-112.13903022138402,0.0,0.0,0.0,0.0,0.0,0.0,0.0,0.0,1750714452.7304423,0.0,right_blink
155.12229418754578,176.0,-1308.4208290479146,-795.9124189200811,-437.33642101846635,-73.86489407485351,0.0,0.0,0.0,0.0,0.0,0.0,0.0,0.0,1750714452.8340547,0.0,right_blink
155.223247051239,185.0,-1461.0947649390437,-818.0526266577654,-292.6209922330454,63.48667169781402,0.0,0.0,0.0,0.0,0.0,0.0,0.0,0.0,1750714452.924014,0.0,right_blink
155.3241090774536,197.0,-1428.1312867295928,-819.552326539997,-324.4924196554348,81.78600218100473,0.0,0.0,0.0,0.0,0.0,0.0,0.0,0.0,1750714453.044968,0.0,right_blink
155.42524194717407,106.0,-1430.4350651022978,-863.5634692185558,-411.1907804282382,-34.796029187738895,0.0,0.0,0.0,0.0,0.0,0.0,0.0,0.0,1750714453.1356664,0.0,right_blink
155.52568221092224,116.0,-1362.0547343124636,-853.7836308344267,-393.24300054088235,-188.55827596597373,0.0,0.0,0.0,0.0,0.0,0.0,0.0,0.0,1750714453.239193,0.0,right_blink
155.62667083740234,126.0,-1322.6324488795362,-852.8897947450168,-403.72594011668116,-221.78728707227856,0.0,0.0,0.0,0.0,0.0,0.0,0.0,0.0,1750714453.3448489,0.0,right_blink
155.72733449935913,136.0,-1246.2749114842154,-849.1087558898143,-480.98479340132326,-243.75545941200107,0.0,0.0,0.0,0.0,0.0,0.0,0.0,0.0,1750714453.4355483,0.0,right_blink
155.82810878753662,146.0,-1278.9541572970338,-834.2688328656368,-494.14550134539604,-195.15545948781073,0.0,0.0,0.0,0.0,0.0,0.0,0.0,0.0,1750714453.539072,0.0,right_blink
155.9286072254181,157.0,-1247.1089091743343,-795.1382596292533,-429.3554745130241,-125.29038841556758,0.0,0.0,0.0,0.0,0.0,0.0,0.0,0.0,1750714453.6457448,0.0,right_blink
156.02931380271912,166.0,-1307.8187051550485,-834.8859163583256,-497.6086487043649,-170.7862713765353,0.0,0.0,0.0,0.0,0.0,0.0,0.0,0.0,1750714453.735432,0.0,right_blink
156.1305913925171,176.0,-1444.6616445337422,-784.6964589529671,-431.63681348599494,-4.667395144701004,0.0,0.0,0.0,0.0,0.0,0.0,0.0,0.0,1750714453.84179,0.0,right_blink
156.2315318584442,187.0,-1442.9786895536818,-783.3987136683427,-334.934220331721,61.68964976910502,0.0,0.0,0.0,0.0,0.0,0.0,0.0,0.0,1750714453.9456384,0.0,right_blink
156.33207273483276,196.0,-1457.5306402812712,-831.9313953933306,-361.322954419069,-14.967079622671008,0.0,0.0,0.0,0.0,0.0,0.0,0.0,0.0,1750714454.035529,0.0,right_blink
156.43294644355774,107.0,-1397.9970428366214,-862.2133653345518,-397.3456707922742,-121.06617141561583,0.0,0.0,0.0,0.0,0.0,0.0,0.0,0.0,1750714454.1545682,0.0,right_blink
156.5334255695343,116.0,-1305.9842842267826,-802.3375670439564,-352.3097955258563,-134.7916042529978,0.0,0.0,0.0,0.0,0.0,0.0,0.0,0.0,1750714454.2442589,0.0,right_blink
156.63414812088013,127.0,-1317.2152037937194,-838.3490637172945,-424.29912977293134,-208.80048447614536,0.0,0.0,0.0,0.0,0.0,0.0,0.0,0.0,1750714454.350754,0.0,right_blink
156.735098361969,136.0,-1235.1206598663703,-819.9225766356103,-413.25894510373473,-169.12762574618682,0.0,0.0,0.0,0.0,0.0,0.0,0.0,0.0,1750714454.4404483,0.0,right_blink
156.83607172966003,146.0,-1255.0169276306406,-798.9080787845887,-410.9439470311627,-150.11023447150365,0.0,0.0,0.0,0.0,0.0,0.0,0.0,0.0,1750714454.5440204,0.0,right_blink
156.93647527694702,157.0,-1311.6315331598744,-847.6015762076713,-463.3736045099795,-171.11351262265816,0.0,0.0,0.0,0.0,0.0,0.0,0.0,0.0,1750714454.6508052,0.0,right_blink
157.03732776641846,167.0,-1314.1484858300537,-836.7109875367023,-526.4245778629556,-120.12745652673766,0.0,0.0,0.0,0.0,0.0,0.0,0.0,0.0,1750714454.754897,0.0,right_blink
157.1383125782013,176.0,-1368.0329643916339,-755.2110877023079,-371.3346666004509,25.287333550397307,0.0,0.0,0.0,0.0,0.0,0.0,0.0,0.0,1750714454.8443444,0.0,right_blink
157.2389316558838,187.0,-1494.7819137899205,-816.874558171723,-421.47550530638546,51.907941434998065,0.0,0.0,0.0,0.0,0.0,0.0,0.0,0.0,1750714454.9520648,0.0,right_blink
157.3398838043213,197.0,-1420.0998515747488,-865.8597677913494,-386.4102033218369,-65.10978827858344,0.0,0.0,0.0,0.0,0.0,0.0,0.0,0.0,1750714455.0542288,0.0,right_blink
157.4406931400299,107.0,-1308.862137242686,-838.571587764658,-369.41609792318195,-198.41478229919448,0.0,0.0,0.0,0.0,0.0,0.0,0.0,0.0,1750714455.1594312,0.0,right_blink
157.5416738986969,116.0,-1273.5425220611505,-787.761306966655,-376.8771983347833,-145.31568272830918,0.0,0.0,0.0,0.0,0.0,0.0,0.0,0.0,1750714455.2492363,0.0,right_blink
157.64221954345703,127.0,-1276.7775355228223,-822.471318455413,-390.28473967593163,-189.218368308153,0.0,0.0,0.0,0.0,0.0,0.0,0.0,0.0,1750714455.3553884,0.0,right_blink
157.74290418624878,137.0,-1234.5428453232162,-830.7140579577535,-409.3021309506148,-187.09036523336545,0.0,0.0,0.0,0.0,0.0,0.0,0.0,0.0,1750714455.459205,0.0,right_blink
157.84379601478577,148.0,-1215.5553732481785,-864.9416223522276,-466.7469942700118,-174.41958418348804,0.0,0.0,0.0,0.0,0.0,0.0,0.0,0.0,1750714455.5655851,0.0,right_blink
157.944997549057,157.0,-1232.6579357455485,-839.2260702569038,-424.91995316557586,-160.69789124606177,0.0,0.0,0.0,0.0,0.0,0.0,0.0,0.0,1750714455.6554704,0.0,right_blink
158.0453987121582,167.0,-1319.2029606201686,-748.4886175319552,-480.5285256067291,-49.72383986087516,0.0,0.0,0.0,0.0,0.0,0.0,0.0,0.0,1750714455.7592437,0.0,right_blink
158.14733982086182,176.0,-1464.1166041032411,-743.0844620959833,-322.644909077324,61.82241621753201,0.0,0.0,0.0,0.0,0.0,0.0,0.0,0.0,1750714455.849167,0.0,right_blink
158.24788165092468,188.0,-1463.2900862130336,-819.408340391703,-386.35036492254585,18.30868023307994,0.0,0.0,0.0,0.0,0.0,0.0,0.0,0.0,1750714455.9690769,0.0,right_blink
158.34815764427185,197.0,-1335.2172122304328,-825.8147890157998,-343.6033084290102,-93.77238153899089,0.0,0.0,0.0,0.0,0.0,0.0,0.0,0.0,1750714456.0621579,0.0,right_blink
158.44878029823303,107.0,-1238.0209522820078,-815.4720956883393,-344.9758517127484,-143.98427834408358,0.0,0.0,0.0,0.0,0.0,0.0,0.0,0.0,1750714456.1639595,0.0,right_blink
158.5494990348816,116.0,-1293.5958656235598,-863.58590861829,-420.8397223139182,-217.76502466993406,0.0,0.0,0.0,0.0,0.0,0.0,0.0,0.0,1750714456.2539651,0.0,right_blink
158.64997839927673,127.0,-1242.710786826443,-788.4550584084354,-384.0652860496193,-158.77932256879285,0.0,0.0,0.0,0.0,0.0,0.0,0.0,0.0,1750714456.3605044,0.0,right_blink
158.75064063072205,137.0,-1248.6871469556354,-786.7384443287738,-397.39054959174246,-115.57599828066304,0.0,0.0,0.0,0.0,0.0,0.0,0.0,0.0,1750714456.4643896,0.0,right_blink
158.85141801834106,146.0,-1288.0047151898034,-860.5079709547572,-458.5229542674497,-169.66243143985048,0.0,0.0,0.0,0.0,0.0,0.0,0.0,0.0,1750714456.5540493,0.0,right_blink
158.95217871665955,157.0,-1236.8915024953894,-787.9576517143287,-388.65040339529514,-142.66783355968073,0.0,0.0,0.0,0.0,0.0,0.0,0.0,0.0,1750714456.6605995,0.0,right_blink
159.05275964736938,167.0,-1378.2298016208224,-795.5571284242906,-271.2736432859674,67.02835695585236,0.0,0.0,0.0,0.0,0.0,0.0,0.0,0.0,1750714456.7641556,0.0,right_blink
159.15335130691528,178.0,-1579.7991895326413,-847.1079094135202,-394.5669251251966,314.8341280198656,0.0,0.0,0.0,0.0,0.0,0.0,0.0,0.0,1750714456.870657,0.0,right_blink
159.25423169136047,188.0,-1430.7903555980884,-878.7138039390557,-384.7010690420866,28.185756016056985,0.0,0.0,0.0,0.0,0.0,0.0,0.0,0.0,1750714456.9740324,0.0,right_blink
159.35497951507568,197.0,-1253.7397517957725,-798.9342580842786,-340.192519669421,-174.2138896859251,0.0,0.0,0.0,0.0,0.0,0.0,0.0,0.0,1750714457.0640004,0.0,right_blink
159.45556688308716,105.0,-1241.5682473899797,-790.0089868400246,-372.5594838359393,-214.78058450529352,0.0,0.0,0.0,0.0,0.0,0.0,0.0,0.0,1750714457.1545188,0.0,right_blink
159.55603289604187,118.0,-1249.077966501005,-770.008001876995,-373.8908882201649,-217.1180219775997,0.0,0.0,0.0,0.0,0.0,0.0,0.0,0.0,1750714457.2757366,0.0,right_blink
159.65684366226196,127.0,-1291.5894092973322,-821.3456085687503,-443.87563609099016,-220.00522474339232,0.0,0.0,0.0,0.0,0.0,0.0,0.0,0.0,1750714457.3653603,0.0,right_blink
159.75748801231384,137.0,-1295.9351730458438,-839.7758355503902,-442.8957823025994,-188.1786761204712,0.0,0.0,0.0,0.0,0.0,0.0,0.0,0.0,1750714457.4693484,0.0,right_blink
159.8586540222168,146.0,-1272.2167275268584,-818.5967821013182,-416.1442779195495,-188.3282721186988,0.0,0.0,0.0,0.0,0.0,0.0,0.0,0.0,1750714457.5590177,0.0,right_blink
159.95899438858032,158.0,-1307.5139033086598,-742.1681866068393,-374.9679794074036,-86.0981068299152,0.0,0.0,0.0,0.0,0.0,0.0,0.0,0.0,1750714457.6795144,0.0,right_blink
160.05961966514587,167.0,-1532.5436836425215,-730.739052342251,-415.49727522721514,83.61855315929279,0.0,0.0,0.0,0.0,0.0,0.0,0.0,0.0,1750714457.7693436,0.0,right_blink
160.1603307723999,178.0,-1528.9496397851035,-899.4870782429352,-331.5402611219324,507.89524353249,0.0,0.0,0.0,0.0,0.0,0.0,0.0,0.0,1750714457.875648,0.0,right_blink
160.26085019111633,188.0,-1429.5131797632203,-849.5182749349624,-387.6911190566607,304.7850168389268,0.0,0.0,0.0,0.0,0.0,0.0,0.0,0.0,1750714457.9789755,0.0,right_blink
160.36149430274963,197.0,-1371.7392052477226,-842.0646543232724,-412.08648646762595,-95.94526341324672,0.0,0.0,0.0,0.0,0.0,0.0,0.0,0.0,1750714458.0692506,0.0,right_blink
160.46241903305054,107.0,-1302.6165043166839,-804.85077981418,-387.4517654594965,-243.94058445980772,0.0,0.0,0.0,0.0,0.0,0.0,0.0,0.0,1750714458.1743,0.0,right_blink
160.56281733512878,115.0,-1307.089424663689,-829.1451699263416,-426.64217709517106,-255.3248399249278,0.0,0.0,0.0,0.0,0.0,0.0,0.0,0.0,1750714458.2507205,0.0,right_blink
160.66351890563965,124.0,-1232.010933053214,-786.88056052709,-386.0567827760242,-237.171365540009,0.0,0.0,0.0,0.0,0.0,0.0,0.0,0.0,1750714458.3403847,0.0,right_blink
160.7639651298523,137.0,-1281.4524104674347,-828.1166974385269,-431.8593375333585,-234.77034976845607,0.0,0.0,0.0,0.0,0.0,0.0,0.0,0.0,1750714458.473987,0.0,right_blink
160.86504554748535,148.0,-1277.7611292111687,-814.4660626002587,-442.080484112259,-150.88439376233146,0.0,0.0,0.0,0.0,0.0,0.0,0.0,0.0,1750714458.580614,0.0,right_blink
160.96580910682678,158.0,-1332.0046381684951,-754.7660396075808,-509.1181908180006,-40.93133506504819,0.0,0.0,0.0,0.0,0.0,0.0,0.0,0.0,1750714458.683852,0.0,right_blink
161.06634140014648,167.0,-1456.2141954968683,-779.9916648087092,-457.1522809336893,46.324270801153034,0.0,0.0,0.0,0.0,0.0,0.0,0.0,0.0,1750714458.7742856,0.0,right_blink
161.1670150756836,178.0,-1417.3491551573388,-805.4042850076221,-367.7499724929221,-16.898737949784845,0.0,0.0,0.0,0.0,0.0,0.0,0.0,0.0,1750714458.8806224,0.0,right_blink
161.26783847808838,188.0,-1399.9623602633364,-815.1168051925488,-317.1042472929694,-46.47012689942494,0.0,0.0,0.0,0.0,0.0,0.0,0.0,0.0,1750714458.9846773,0.0,right_blink
161.36836552619934,199.0,-1342.1584665481932,-798.2573361922987,-348.78867971757427,-126.72837994853035,0.0,0.0,0.0,0.0,0.0,0.0,0.0,0.0,1750714459.0906112,0.0,right_blink
161.46927762031555,107.0,-1293.7099325722083,-773.2448852886446,-347.45727533334866,-130.0587608590722,0.0,0.0,0.0,0.0,0.0,0.0,0.0,0.0,1750714459.1795793,0.0,right_blink
161.57018494606018,118.0,-1329.9944419423118,-846.4496870213188,-435.6254167887382,-208.3573063313961,0.0,0.0,0.0,0.0,0.0,0.0,0.0,0.0,1750714459.2854989,0.0,right_blink
161.67092514038086,125.0,-1283.533664792776,-805.8044543028809,-397.0259093460627,-162.0423852801323,0.0,0.0,0.0,0.0,0.0,0.0,0.0,0.0,1750714459.3590727,0.0,right_blink
161.77141761779785,137.0,-1242.1703712828457,-779.1875863182358,-397.1381063447334,-135.48535569477826,0.0,0.0,0.0,0.0,0.0,0.0,0.0,0.0,1750714459.4793828,0.0,right_blink
161.87228202819824,148.0,-1312.914318844676,-855.1225150185637,-470.3092489778064,-180.06122326664627,0.0,0.0,0.0,0.0,0.0,0.0,0.0,0.0,1750714459.5856712,0.0,right_blink
161.97306990623474,157.0,-1392.8920793971047,-732.5136348712258,-301.3368290797807,14.166741032153368,0.0,0.0,0.0,0.0,0.0,0.0,0.0,0.0,1750714459.6755424,0.0,right_blink
162.0737771987915,168.0,-1513.9825601624325,-811.5339810349979,-374.7959440094419,46.434597849845886,0.0,0.0,0.0,0.0,0.0,0.0,0.0,0.0,1750714459.794954,0.0,right_blink
162.17473816871643,178.0,-1443.616342496127,-861.1287943474017,-373.36356232641265,-70.02588677033782,0.0,0.0,0.0,0.0,0.0,0.0,0.0,0.0,1750714459.8859143,0.0,right_blink
162.27509951591492,188.0,-1408.1471313163638,-855.590002513025,-396.5060632522218,-85.80826458334923,0.0,0.0,0.0,0.0,0.0,0.0,0.0,0.0,1750714459.989041,0.0,right_blink
162.37575769424438,197.0,-1278.78399184905,-786.3532346333377,-315.7653631088324,-121.44577126111835,0.0,0.0,0.0,0.0,0.0,0.0,0.0,0.0,1750714460.0792327,0.0,right_blink
162.47680258750916,109.0,-1317.1310560447164,-865.2595138484612,-407.06567077711225,-203.71609048638493,0.0,0.0,0.0,0.0,0.0,0.0,0.0,0.0,1750714460.2006712,0.0,right_blink
162.57774567604065,118.0,-1227.983060800936,-815.5712030371651,-378.6237316140905,-186.0525429956615,0.0,0.0,0.0,0.0,0.0,0.0,0.0,0.0,1750714460.290833,0.0,right_blink
162.67830610275269,128.0,-1179.427939676214,-803.9027151754126,-424.8713344661519,-172.8581759519875,0.0,0.0,0.0,0.0,0.0,0.0,0.0,0.0,1750714460.39404,0.0,right_blink
162.77905440330505,136.0,-1270.3187282993458,-827.8081556921825,-455.86762529890984,-195.47709088400006,0.0,0.0,0.0,0.0,0.0,0.0,0.0,0.0,1750714460.470692,0.0,right_blink
162.88002490997314,149.0,-1382.661583068315,-793.7713261954486,-518.0883408617228,-129.1724045695737,0.0,0.0,0.0,0.0,0.0,0.0,0.0,0.0,1750714460.604939,0.0,right_blink
162.9810037612915,158.0,-1578.5089240479283,-670.2461705589667,-304.8878640877083,93.72937268950045,0.0,0.0,0.0,0.0,0.0,0.0,0.0,0.0,1750714460.6943197,0.0,right_blink
163.08157324790955,169.0,-1477.3820292460732,-839.7047774512321,-354.69959159754217,-50.39141200296581,0.0,0.0,0.0,0.0,0.0,0.0,0.0,0.0,1750714460.8005884,0.0,right_blink
163.18238830566406,178.0,-1361.3104942212813,-796.987640157342,-339.5642164768651,-19.31284337118268,0.0,0.0,0.0,0.0,0.0,0.0,0.0,0.0,1750714460.890498,0.0,right_blink
163.28283953666687,185.0,-1251.6902866200544,-822.3441618569195,-345.5779756056145,-117.59367430675775,0.0,0.0,0.0,0.0,0.0,0.0,0.0,0.0,1750714460.964244,0.0,right_blink
163.38386034965515,199.0,-1273.9052923568524,-870.689848584123,-422.88170768972486,-241.87428973428905,0.0,0.0,0.0,0.0,0.0,0.0,0.0,0.0,1750714461.10048,0.0,right_blink
163.4846670627594,109.0,-1247.1388283739798,-826.5515493070707,-392.379083651118,-224.05927629536018,0.0,0.0,0.0,0.0,0.0,0.0,0.0,0.0,1750714461.2062428,0.0,right_blink
163.58565711975098,118.0,-1236.2669392027892,-806.1952738482505,-398.6060170773417,-149.66518637677655,0.0,0.0,0.0,0.0,0.0,0.0,0.0,0.0,1750714461.2957995,0.0,right_blink
163.68640565872192,128.0,-1223.2894863565452,-803.5773438792676,-404.2009074110538,-138.79703710554168,0.0,0.0,0.0,0.0,0.0,0.0,0.0,0.0,1750714461.3993535,0.0,right_blink
163.78694415092468,137.0,-1383.458181758877,-796.6809683609754,-1491.6572273769416,27.445255824830383,0.0,0.0,0.0,0.0,0.0,0.0,0.0,0.0,1750714461.4893568,0.0,right_blink
163.88771319389343,147.0,-1401.6340955435298,-845.4604834830388,-1429.698304811027,-17.029634448233992,0.0,0.0,0.0,0.0,0.0,0.0,0.0,0.0,1750714461.595284,0.0,right_blink
163.9883749485016,158.0,-1373.1734568807296,-824.5469629308209,-1310.2571199261583,-5.342447086703032,0.0,0.0,0.0,0.0,0.0,0.0,0.0,0.0,1750714461.699334,0.0,right_blink
164.08916187286377,169.0,-1354.174765105825,-823.1893792469054,-1319.4348344174214,-121.47756041074172,0.0,0.0,0.0,0.0,0.0,0.0,0.0,0.0,1750714461.8058076,0.0,right_blink
164.18983006477356,178.0,-1303.2635070090182,-795.5776978740469,-1373.1622371808626,-126.44414755189791,0.0,0.0,0.0,0.0,0.0,0.0,0.0,0.0,1750714461.8958862,0.0,right_blink
164.29025602340698,188.0,-1270.8011753936298,-807.721153030172,-1339.5031375796534,-172.1793841100298,0.0,0.0,0.0,0.0,0.0,0.0,0.0,0.0,1750714461.9992175,0.0,right_blink
164.39103245735168,199.0,-1267.121113837231,-810.3316031992435,-1388.5257461988367,-199.8546437821351,0.0,0.0,0.0,0.0,0.0,0.0,0.0,0.0,1750714462.1056352,0.0,right_blink
164.49183654785156,109.0,-1190.54666224448,-780.0197140583768,-418.96229253616184,-146.2600074671209,0.0,0.0,0.0,0.0,0.0,0.0,0.0,0.0,1750714462.2106712,0.0,right_blink
164.59257316589355,118.0,-1290.989155354444,-839.3569667553529,-480.13209621142596,-172.0092186620459,0.0,0.0,0.0,0.0,0.0,0.0,0.0,0.0,1750714462.3006203,0.0,right_blink
164.69308471679688,128.0,-1354.8442071978934,-822.3030229574069,-484.9752666540444,-107.95595212094486,0.0,0.0,0.0,0.0,0.0,0.0,0.0,0.0,1750714462.403914,0.0,right_blink
164.79350757598877,139.0,-1441.1872774749063,-780.9397294474766,-292.00764864031225,91.95292021054775,0.0,0.0,0.0,0.0,0.0,0.0,0.0,0.0,1750714462.5111375,0.0,right_blink
164.89419960975647,148.0,-1449.8937645717524,-873.0422456562519,-420.33109591994435,10.213666778989136,0.0,0.0,0.0,0.0,0.0,0.0,0.0,0.0,1750714462.6010203,0.0,right_blink
164.99505639076233,158.0,-1420.5243302197196,-849.9147043302655,-395.7001148117706,-27.170373178087175,0.0,0.0,0.0,0.0,0.0,0.0,0.0,0.0,1750714462.7044408,0.0,right_blink
165.0956597328186,167.0,-1334.7759040356614,-807.5752969319001,-307.5880718557164,-108.70393211208284,0.0,0.0,0.0,0.0,0.0,0.0,0.0,0.0,1750714462.7939696,0.0,right_blink
165.197083234787,179.0,-1282.424784455914,-786.4972207816318,-342.33174244407564,-112.21195827051997,0.0,0.0,0.0,0.0,0.0,0.0,0.0,0.0,1750714462.9144268,0.0,right_blink
165.29800271987915,188.0,-1325.4785127458163,-850.2849544258788,-406.3476099856198,-211.45768339466304,0.0,0.0,0.0,0.0,0.0,0.0,0.0,0.0,1750714463.0045433,0.0,right_blink
165.39925026893616,199.0,-1244.0047922111116,-787.0806451747194,-395.0456323195249,-142.38173121307045,0.0,0.0,0.0,0.0,0.0,0.0,0.0,0.0,1750714463.1106513,0.0,right_blink
165.49981427192688,107.0,-1261.535573253408,-802.3600064436905,-417.34104590537027,-147.33896860433742,0.0,0.0,0.0,0.0,0.0,0.0,0.0,0.0,1750714463.1995833,0.0,right_blink
165.6003932952881,119.0,-1258.6259310878813,-842.4891329682432,-471.34146136557683,-169.6886107395403,0.0,0.0,0.0,0.0,0.0,0.0,0.0,0.0,1750714463.319722,0.0,right_blink
165.70097374916077,128.0,-1326.5499940831214,-746.4335425063036,-463.78312355512753,-62.63023460796103,0.0,0.0,0.0,0.0,0.0,0.0,0.0,0.0,1750714463.4094143,0.0,right_blink
165.8015491962433,139.0,-1439.3902555461973,-837.8591368230991,-350.83814489329234,-26.278407038655132,0.0,0.0,0.0,0.0,0.0,0.0,0.0,0.0,1750714463.5156674,0.0,right_blink
165.90256071090698,148.0,-1401.5312482947484,-802.8050545384176,-355.9730275324546,-53.71431311359629,0.0,0.0,0.0,0.0,0.0,0.0,0.0,0.0,1750714463.6056604,0.0,right_blink
166.00374174118042,160.0,-1351.5961040863767,-772.5417840969749,-306.9391992134042,-44.51789912255481,0.0,0.0,0.0,0.0,0.0,0.0,0.0,0.0,1750714463.7257507,0.0,right_blink
166.1041762828827,167.0,-1349.5615985104814,-798.4555508899502,-341.93344309879467,-91.94357046065852,0.0,0.0,0.0,0.0,0.0,0.0,0.0,0.0,1750714463.799278,0.0,right_blink
166.20516395568848,179.0,-1355.9306481350213,-865.6316338940524,-411.74615557165816,-183.477621876169,0.0,0.0,0.0,0.0,0.0,0.0,0.0,0.0,1750714463.9193394,0.0,right_blink
166.30565786361694,188.0,-1266.2478471975774,-810.2811145498417,-394.3631005776115,-176.19229676248506,0.0,0.0,0.0,0.0,0.0,0.0,0.0,0.0,1750714464.0094748,0.0,right_blink
166.40635657310486,200.0,-1238.344453628175,-800.1123265703209,-380.9405996366404,-145.72707172343507,0.0,0.0,0.0,0.0,0.0,0.0,0.0,0.0,1750714464.129856,0.0,right_blink
166.5070128440857,109.0,-1277.0860772691667,-845.193080636207,-442.5909804562107,-181.40945720067248,0.0,0.0,0.0,0.0,0.0,0.0,0.0,0.0,1750714464.2215123,0.0,right_blink
166.60797333717346,119.0,-1303.4486320568249,-828.1952353375964,-468.45612854976207,-154.1979451230727,0.0,0.0,0.0,0.0,0.0,0.0,0.0,0.0,1750714464.3249857,0.0,right_blink
166.70852899551392,128.0,-1304.2227913476527,-751.4973670463078,-442.9574906518683,-31.390850278083235,0.0,0.0,0.0,0.0,0.0,0.0,0.0,0.0,1750714464.4141667,0.0,right_blink
166.80940079689026,139.0,-1488.5961192632094,-798.4518109899946,-389.1852090889588,1.452951132785529,0.0,0.0,0.0,0.0,0.0,0.0,0.0,0.0,1750714464.5208013,0.0,right_blink
166.91020917892456,149.0,-1450.3706018161029,-816.9904950703494,-384.9142433395609,-7.171258165035397,0.0,0.0,0.0,0.0,0.0,0.0,0.0,0.0,1750714464.6241283,0.0,right_blink
167.01078343391418,160.0,-1393.5615214891732,-848.3196369991638,-341.95775244850665,-59.82156974123791,0.0,0.0,0.0,0.0,0.0,0.0,0.0,0.0,1750714464.7308059,0.0,right_blink
167.11126565933228,169.0,-1384.2229912998155,-811.1076324400492,-406.50468578375876,-104.3637782135047,0.0,0.0,0.0,0.0,0.0,0.0,0.0,0.0,1750714464.820779,0.0,right_blink
167.21169066429138,179.0,-1296.0735493442044,-832.9449082813226,-407.8959285672754,-197.3376911119558,0.0,0.0,0.0,0.0,0.0,0.0,0.0,0.0,1750714464.9242296,0.0,right_blink
167.31285071372986,188.0,-1216.4922181870788,-798.3059548917226,-392.7119347471744,-167.39979196665809,0.0,0.0,0.0,0.0,0.0,0.0,0.0,0.0,1750714465.0144813,0.0,right_blink
167.41388702392578,0.0,-1286.162814461626,-839.9759201980196,-462.4012305215001,-209.46431671828032,0.0,0.0,0.0,0.0,0.0,0.0,0.0,0.0,1750714465.1359284,0.0,right_blink
167.51465797424316,108.0,-1276.5213523758575,-846.3449698225595,-461.63829093053937,-164.89966884627938,0.0,0.0,0.0,0.0,0.0,0.0,0.0,0.0,1750714465.2254634,0.0,right_blink
167.6151397228241,119.0,-1266.419882595539,-777.8823612337001,-416.7520116623491,-125.38014601450413,0.0,0.0,0.0,0.0,0.0,0.0,0.0,0.0,1750714465.329082,0.0,right_blink
167.71577334403992,128.0,-1389.4962502373382,-799.7196370749734,-468.9722347436473,-82.48723342269659,0.0,0.0,0.0,0.0,0.0,0.0,0.0,0.0,1750714465.419352,0.0,right_blink
167.81669902801514,139.0,-1390.2180509287864,-780.07768250769,-381.3949974812567,31.175806030631065,0.0,0.0,0.0,0.0,0.0,0.0,0.0,0.0,1750714465.5258343,0.0,right_blink
167.91824316978455,151.0,-1368.1489012902603,-804.5291484179907,-364.5504880808294,22.046710238792002,0.0,0.0,0.0,0.0,0.0,0.0,0.0,0.0,1750714465.6454992,0.0,right_blink
168.01941394805908,160.0,-1405.9106711428612,-849.1872937888838,-410.7120732339099,-98.56132343225181,0.0,0.0,0.0,0.0,0.0,0.0,0.0,0.0,1750714465.7355833,0.0,right_blink
168.12078881263733,170.0,-1351.1547958916053,-870.1681325403042,-399.0473252721131,-146.5517196636647,0.0,0.0,0.0,0.0,0.0,0.0,0.0,0.0,1750714465.839297,0.0,right_blink
168.22224044799805,179.0,-1244.1038995599374,-818.153603956569,-332.7837778571993,-155.80049225408584,0.0,0.0,0.0,0.0,0.0,0.0,0.0,0.0,1750714465.9290464,0.0,right_blink
168.32307839393616,190.0,-1274.198874503374,-870.4037462375127,-428.8393683191389,-212.9162443773821,0.0,0.0,0.0,0.0,0.0,0.0,0.0,0.0,1750714466.0357518,0.0,right_blink
168.42367434501648,199.0,-1216.7128722844645,-826.198128761258,-375.3924580523744,-147.46051535289735,0.0,0.0,0.0,0.0,0.0,0.0,0.0,0.0,1750714466.126042,0.0,right_blink
168.52459979057312,110.0,-1268.3066621231847,-786.338275033515,-412.86438565840945,-129.92786436062306,0.0,0.0,0.0,0.0,0.0,0.0,0.0,0.0,1750714466.244367,0.0,right_blink
168.62547945976257,119.0,-1479.3604363226332,-751.3702104478143,-365.483593119774,26.62808768451214,0.0,0.0,0.0,0.0,0.0,0.0,0.0,0.0,1750714466.3342216,0.0,right_blink
168.72589564323425,130.0,-1409.6374814487062,-804.1289791227318,-325.5788605925627,9.177714491263032,0.0,0.0,0.0,0.0,0.0,0.0,0.0,0.0,1750714466.4407208,0.0,right_blink
168.8262643814087,139.0,-1360.577473829966,-830.5177132100798,-413.78440104750916,-18.13851478509605,0.0,0.0,0.0,0.0,0.0,0.0,0.0,0.0,1750714466.5304704,0.0,right_blink
168.92670965194702,151.0,-1381.6929489797913,-844.5460779438727,-440.55086503038183,-115.4619313320145,0.0,0.0,0.0,0.0,0.0,0.0,0.0,0.0,1750714466.6509583,0.0,right_blink
169.02763986587524,160.0,-1311.3379510133527,-783.346355068963,-318.66752547444776,-159.28981891274452,0.0,0.0,0.0,0.0,0.0,0.0,0.0,0.0,1750714466.7415934,0.0,right_blink
169.12869334220886,170.0,-1281.2093169703148,-793.9377517434768,-353.7515269587748,-170.50577887985855,0.0,0.0,0.0,0.0,0.0,0.0,0.0,0.0,1750714466.8439069,0.0,right_blink
169.22920989990234,179.0,-1268.5235763206147,-830.0277863158844,-406.7608689307235,-165.7822852358222,0.0,0.0,0.0,0.0,0.0,0.0,0.0,0.0,1750714466.934507,0.0,right_blink
169.33001852035522,191.0,-1236.0350654055364,-876.5072629651986,-472.88604004727677,-222.2211154671386,0.0,0.0,0.0,0.0,0.0,0.0,0.0,0.0,1750714467.054677,0.0,right_blink
169.430908203125,199.0,-1231.0048999651335,-827.8287251419388,-450.47281961282715,-183.0830624308437,0.0,0.0,0.0,0.0,0.0,0.0,0.0,0.0,1750714467.1307585,0.0,right_blink
169.5317187309265,107.0,-1394.4273083289154,-772.3416994493455,-514.2661631070077,-46.430857949890196,0.0,0.0,0.0,0.0,0.0,0.0,0.0,0.0,1750714467.219082,0.0,right_blink
169.63254404067993,119.0,-1457.5231604813598,-805.0658240616322,-339.69137307535857,-5.8940823301672935,0.0,0.0,0.0,0.0,0.0,0.0,0.0,0.0,1750714467.3391051,0.0,right_blink
169.7329545021057,130.0,-1387.5720717101358,-813.8134500579908,-390.79336606990546,18.422747181728482,0.0,0.0,0.0,0.0,0.0,0.0,0.0,0.0,1750714467.4455729,0.0,right_blink
169.83364820480347,140.0,-1347.816935181152,-823.0584827484563,-350.70911834482104,-85.62500948552042,0.0,0.0,0.0,0.0,0.0,0.0,0.0,0.0,1750714467.5493941,0.0,right_blink
169.93446969985962,149.0,-1335.5126643269323,-863.0230536749586,-370.82604020647705,-238.7103343717754,0.0,0.0,0.0,0.0,0.0,0.0,0.0,0.0,1750714467.6394386,0.0,right_blink
170.03572058677673,160.0,-1300.6455770400353,-805.3051776587963,-383.79601325280964,-149.3641244303435,0.0,0.0,0.0,0.0,0.0,0.0,0.0,0.0,1750714467.7457175,0.0,right_blink
170.13636660575867,170.0,-1270.303768699523,-811.8724419809878,-393.4150359388441,-148.04767964594066,0.0,0.0,0.0,0.0,0.0,0.0,0.0,0.0,1750714467.8490624,0.0,right_blink
170.23687744140625,181.0,-1280.2145035821013,-789.0852315509692,-425.050849664025,-166.77335872408003,0.0,0.0,0.0,0.0,0.0,0.0,0.0,0.0,1750714467.955613,0.0,right_blink
170.33805418014526,191.0,-1300.3426451436244,-774.2565282266587,-518.9559976514429,-99.48133882135153,0.0,0.0,0.0,0.0,0.0,0.0,0.0,0.0,1750714468.0593684,0.0,right_blink
170.43903589248657,0.0,-1533.4973581312224,-793.0831846036017,-378.2908805180341,15.140984970610589,0.0,0.0,0.0,0.0,0.0,0.0,0.0,0.0,1750714468.152204,0.0,right_blink
170.53965735435486,110.0,-1459.6492936061695,-856.6652237502858,-386.20076892431825,-29.52090030023828,0.0,0.0,0.0,0.0,0.0,0.0,0.0,0.0,1750714468.254349,0.0,right_blink
170.6404047012329,121.0,-1345.5187666583806,-799.3175978297368,-362.81891440134495,-44.7422931198962,0.0,0.0,0.0,0.0,0.0,0.0,0.0,0.0,1750714468.3604956,0.0,right_blink
170.7415850162506,131.0,-1323.961983313784,-804.8713492639363,-297.5763596743345,-111.53316642856225,0.0,0.0,0.0,0.0,0.0,0.0,0.0,0.0,1750714468.4643912,0.0,right_blink
170.84229969978333,140.0,-1367.236365701072,-873.11330375541,-400.8985757501796,-192.4421620699577,0.0,0.0,0.0,0.0,0.0,0.0,0.0,0.0,1750714468.5542216,0.0,right_blink
170.94354939460754,151.0,-1275.2348267911002,-794.6165435854346,-371.71613639593124,-149.92697937367484,0.0,0.0,0.0,0.0,0.0,0.0,0.0,0.0,1750714468.6607428,0.0,right_blink
171.0442943572998,160.0,-1325.7047766931355,-847.7418224560097,-436.4276253292337,-183.9974679700099,0.0,0.0,0.0,0.0,0.0,0.0,0.0,0.0,1750714468.750723,0.0,right_blink
171.14500856399536,172.0,-1285.5045920694247,-831.5293561480939,-417.9001609487459,-192.1467099734582,0.0,0.0,0.0,0.0,0.0,0.0,0.0,0.0,1750714468.8710763,0.0,right_blink
171.2459375858307,181.0,-1260.8885705610737,-803.3716493817046,-391.0439393669367,-118.7773526427336,0.0,0.0,0.0,0.0,0.0,0.0,0.0,0.0,1750714468.9609256,0.0,right_blink
171.34669613838196,191.0,-1322.9222911261022,-735.1109953904524,-485.24453945085406,10.458630226086825,0.0,0.0,0.0,0.0,0.0,0.0,0.0,0.0,1750714469.0643845,0.0,right_blink
171.44762110710144,0.0,-1431.4354883404449,-816.4145504771732,-325.48162319371477,-23.467872221954167,0.0,0.0,0.0,0.0,0.0,0.0,0.0,0.0,1750714469.1557188,0.0,right_blink
171.54825258255005,110.0,-1404.429670760408,-798.9454777841456,-354.4882872500457,-43.259422787465155,0.0,0.0,0.0,0.0,0.0,0.0,0.0,0.0,1750714469.2590232,0.0,right_blink
171.6490502357483,120.0,-1357.22465351969,-822.5031076050363,-357.9289952092804,-108.6814927123487,0.0,0.0,0.0,0.0,0.0,0.0,0.0,0.0,1750714469.3650236,0.0,right_blink
171.74985909461975,131.0,-1350.8556038951501,-855.2122726175003,-401.19215789670125,-163.6355826612562,0.0,0.0,0.0,0.0,0.0,0.0,0.0,0.0,1750714469.4693384,0.0,right_blink
171.8505344390869,140.0,-1291.5108713982627,-797.2475632042624,-371.9685796429403,-177.85094239283353,0.0,0.0,0.0,0.0,0.0,0.0,0.0,0.0,1750714469.5593596,0.0,right_blink
171.9514935016632,151.0,-1336.0680394703522,-841.8757893755101,-440.150695735123,-166.3806692287326,0.0,0.0,0.0,0.0,0.0,0.0,0.0,0.0,1750714469.6657414,0.0,right_blink
172.05202746391296,161.0,-1322.4585435315967,-840.5930036907084,-449.4929658244364,-157.16555573791265,0.0,0.0,0.0,0.0,0.0,0.0,0.0,0.0,1750714469.769467,0.0,right_blink
172.15301704406738,172.0,-1206.6787207033485,-795.3925728262402,-404.4795299577527,-136.24081548582762,0.0,0.0,0.0,0.0,0.0,0.0,0.0,0.0,1750714469.8757727,0.0,right_blink
172.253901720047,181.0,-1309.4549113856629,-822.9855546993203,-486.0729272910394,-131.82399363815784,0.0,0.0,0.0,0.0,0.0,0.0,0.0,0.0,1750714469.9656668,0.0,right_blink
172.35435676574707,191.0,-1493.3682316066697,-731.2308491864242,-547.9645316577516,12.49874565191567,0.0,0.0,0.0,0.0,0.0,0.0,0.0,0.0,1750714470.0695553,0.0,right_blink
172.45586323738098,101.0,-1474.9043455254287,-793.730187295936,-343.4780217804946,-25.50050784787163,0.0,0.0,0.0,0.0,0.0,0.0,0.0,0.0,1750714470.174323,0.0,right_blink
172.5561683177948,112.0,-1397.33882044442,-850.5018686233088,-357.7008613119833,-45.6323893093504,0.0,0.0,0.0,0.0,0.0,0.0,0.0,0.0,1750714470.2808392,0.0,right_blink
172.657790184021,121.0,-1351.3417908893898,-862.6752429790795,-356.13010333059356,-131.29479779442772,0.0,0.0,0.0,0.0,0.0,0.0,0.0,0.0,1750714470.3707304,0.0,right_blink
172.75851368904114,131.0,-1330.4918486364186,-839.5813607526943,-378.4647858659737,-159.99852995434776,0.0,0.0,0.0,0.0,0.0,0.0,0.0,0.0,1750714470.4743123,0.0,right_blink
172.8593201637268,140.0,-1251.7407752694562,-802.1636616960168,-373.5318578244187,-136.28756423527375,0.0,0.0,0.0,0.0,0.0,0.0,0.0,0.0,1750714470.5643134,0.0,right_blink
172.96027612686157,152.0,-1284.9062080765143,-840.3779594432563,-445.8690027673729,-147.92239299742505,0.0,0.0,0.0,0.0,0.0,0.0,0.0,0.0,1750714470.684465,0.0,right_blink
173.06112718582153,161.0,-1259.9984743716195,-834.0650083180517,-437.2597530693747,-174.66641758056358,0.0,0.0,0.0,0.0,0.0,0.0,0.0,0.0,1750714470.7742329,0.0,right_blink
173.16177701950073,172.0,-1242.7425759760663,-843.6578517043963,-457.1148819341324,-144.33208903996274,0.0,0.0,0.0,0.0,0.0,0.0,0.0,0.0,1750714470.880818,0.0,right_blink
173.26237320899963,181.0,-1234.4699172740802,-835.1121803056449,-439.9375214376487,-176.05018056416884,0.0,0.0,0.0,0.0,0.0,0.0,0.0,0.0,1750714470.9706223,0.0,right_blink
173.3633997440338,191.0,-1283.14845509734,-815.5225843377411,-470.4738045758568,-113.22734110848978,0.0,0.0,0.0,0.0,0.0,0.0,0.0,0.0,1750714471.07411,0.0,right_blink
173.4640908241272,101.0,-1426.6502863471396,-721.8212608979084,-356.7191375736147,81.66445543244481,0.0,0.0,0.0,0.0,0.0,0.0,0.0,0.0,1750714471.1792588,0.0,right_blink
173.56480169296265,110.0,-1448.259428291116,-844.6246158429421,-422.85552839003503,7.169388215057552,0.0,0.0,0.0,0.0,0.0,0.0,0.0,0.0,1750714471.2722228,0.0,right_blink
173.66532969474792,121.0,-1349.9112791563384,-819.2082557440735,-340.6001687645912,-34.422039192169905,0.0,0.0,0.0,0.0,0.0,0.0,0.0,0.0,1750714471.375644,0.0,right_blink
173.76612186431885,131.0,-1292.1560041406192,-813.3665320132859,-323.7369598643854,-100.99973820336163,0.0,0.0,0.0,0.0,0.0,0.0,0.0,0.0,1750714471.4792943,0.0,right_blink
173.86689805984497,140.0,-1334.248578141909,-839.8712029992603,-471.664962711744,-175.61822211928666,0.0,0.0,0.0,0.0,0.0,0.0,0.0,0.0,1750714471.5692906,0.0,right_blink
173.96759009361267,151.0,-1261.5337033034302,-789.7789829927497,-369.42357772309333,-144.57331258710474,0.0,0.0,0.0,0.0,0.0,0.0,0.0,0.0,1750714471.675598,0.0,right_blink
174.0680480003357,161.0,-1216.2771739396267,-802.8349737380631,-392.9251090446487,-150.5496727162972,0.0,0.0,0.0,0.0,0.0,0.0,0.0,0.0,1750714471.77937,0.0,right_blink
174.1691677570343,170.0,-1281.9610368614085,-857.7180055878125,-470.24380072858185,-167.7831317121163,0.0,0.0,0.0,0.0,0.0,0.0,0.0,0.0,1750714471.8697267,0.0,right_blink
174.26976346969604,182.0,-1440.6562116811983,-785.915666338522,-315.2885258644819,-124.75932262185961,0.0,0.0,0.0,0.0,0.0,0.0,0.0,0.0,1750714471.9893808,0.0,right_blink
174.3704755306244,191.0,-1449.5571735757403,-743.172349744942,-303.7471946012229,52.73632927518338,0.0,0.0,0.0,0.0,0.0,0.0,0.0,0.0,1750714472.0791643,0.0,right_blink
174.4710395336151,101.0,-1403.2890012739226,-861.5906719919294,-307.5095339566469,-51.466633240226656,0.0,0.0,0.0,0.0,0.0,0.0,0.0,0.0,1750714472.184342,0.0,right_blink
174.57164430618286,110.0,-1385.3711405862123,-841.1745581338182,-376.37979164067656,-64.87043468141928,0.0,0.0,0.0,0.0,0.0,0.0,0.0,0.0,1750714472.2742054,0.0,right_blink
174.67254185676575,122.0,-1264.1011446230114,-808.0203450266272,-350.9484719419852,-146.88270080974326,0.0,0.0,0.0,0.0,0.0,0.0,0.0,0.0,1750714472.3944683,0.0,right_blink
174.7728235721588,131.0,-1276.0164658818394,-845.049094487913,-426.26631714962423,-194.67862224346027,0.0,0.0,0.0,0.0,0.0,0.0,0.0,0.0,1750714472.4841504,0.0,right_blink
174.87369060516357,142.0,-1233.6433993838727,-786.1718494854867,-416.40794086642563,-140.10226219007745,0.0,0.0,0.0,0.0,0.0,0.0,0.0,0.0,1750714472.5906868,0.0,right_blink
174.97439122200012,151.0,-1297.6405674256384,-832.4344119373709,-448.01383539196104,-142.83612905768678,0.0,0.0,0.0,0.0,0.0,0.0,0.0,0.0,1750714472.6805255,0.0,right_blink
175.07528805732727,163.0,-1299.3983204048127,-858.4229767294601,-469.5593990366906,-188.8144591129385,0.0,0.0,0.0,0.0,0.0,0.0,0.0,0.0,1750714472.8004837,0.0,right_blink
175.17575764656067,172.0,-1241.4710099911317,-775.483215412125,-417.0886026583612,-106.38332418957725,0.0,0.0,0.0,0.0,0.0,0.0,0.0,0.0,1750714472.890596,0.0,right_blink
175.27599215507507,182.0,-1366.7875777063891,-756.7201373344287,-265.2337048575282,-53.45626001665369,0.0,0.0,0.0,0.0,0.0,0.0,0.0,0.0,1750714472.9939728,0.0,right_blink
175.3770513534546,191.0,-1437.778358665295,-821.8729344625026,-385.20221563614905,-22.665663681458682,0.0,0.0,0.0,0.0,0.0,0.0,0.0,0.0,1750714473.0844536,0.0,right_blink
175.47748947143555,101.0,-1415.610101677943,-828.6645927820355,-373.53746767435223,-94.76532497722656,0.0,0.0,0.0,0.0,0.0,0.0,0.0,0.0,1750714473.1894155,0.0,right_blink
175.57875299453735,112.0,-1367.5935261468403,-808.7047467185184,-380.46376239228994,-85.74094638414681,0.0,0.0,0.0,0.0,0.0,0.0,0.0,0.0,1750714473.2958145,0.0,right_blink
175.67939233779907,121.0,-1381.696688879747,-848.6132191456854,-385.27327373530716,-156.86636374145746,0.0,0.0,0.0,0.0,0.0,0.0,0.0,0.0,1750714473.387143,0.0,right_blink
175.7801649570465,131.0,-1325.5869698445313,-842.0534346234053,-426.44209244754165,-180.00138486735523,0.0,0.0,0.0,0.0,0.0,0.0,0.0,0.0,1750714473.4920568,0.0,right_blink
175.88056898117065,142.0,-1288.0271545895375,-836.2416300922632,-424.243031273596,-149.85779122449458,0.0,0.0,0.0,0.0,0.0,0.0,0.0,0.0,1750714473.5957012,0.0,right_blink
175.98148250579834,152.0,-1256.5932954619639,-814.1650006538257,-439.4008457940072,-144.91364348307252,0.0,0.0,0.0,0.0,0.0,0.0,0.0,0.0,1750714473.6990907,0.0,right_blink
176.08228540420532,161.0,-1303.6711561041884,-836.4061856903136,-462.15813702438027,-171.42579426895827,0.0,0.0,0.0,0.0,0.0,0.0,0.0,0.0,1750714473.789426,0.0,right_blink
176.1827437877655,172.0,-1320.934534299653,-771.5114416591823,-445.8708727173507,-17.412974193692207,0.0,0.0,0.0,0.0,0.0,0.0,0.0,0.0,1750714473.8954136,0.0,right_blink
176.2834439277649,181.0,-1454.819212813396,-821.7121187644079,-324.65697525348514,-104.04027686733752,0.0,0.0,0.0,0.0,0.0,0.0,0.0,0.0,1750714473.9858255,0.0,right_blink
176.38417673110962,193.0,-1386.3379047247581,-813.2973438641056,-348.40533997211605,-55.724509339779615,0.0,0.0,0.0,0.0,0.0,0.0,0.0,0.0,1750714474.105554,0.0,right_blink
176.48514127731323,101.0,-1331.6624373225495,-784.7375978524797,-361.65767546510324,-34.66139278933406,0.0,0.0,0.0,0.0,0.0,0.0,0.0,0.0,1750714474.1944797,0.0,right_blink
176.58563351631165,111.0,-1333.0574200060219,-796.600560511928,-322.680438126903,-102.25634458847344,0.0,0.0,0.0,0.0,0.0,0.0,0.0,0.0,1750714474.3002992,0.0,right_blink
176.68655443191528,121.0,-1294.4242534637451,-781.259490893688,-348.08557852590457,-103.58026917278767,0.0,0.0,0.0,0.0,0.0,0.0,0.0,0.0,1750714474.3906748,0.0,right_blink
176.7872929573059,131.0,-1272.3513639252633,-802.2926882444881,-371.2654784512706,-114.23524414654821,0.0,0.0,0.0,0.0,0.0,0.0,0.0,0.0,1750714474.4956002,0.0,right_blink
176.88778233528137,142.0,-1318.2848151810467,-849.703399982769,-458.17327362159267,-169.69796048942953,0.0,0.0,0.0,0.0,0.0,0.0,0.0,0.0,1750714474.6006157,0.0,right_blink
176.9888994693756,152.0,-1307.3456078106537,-858.7988366750069,-465.10330823948607,-180.83912245742977,0.0,0.0,0.0,0.0,0.0,0.0,0.0,0.0,1750714474.704264,0.0,right_blink
177.08949732780457,161.0,-1255.9668622193858,-789.1544197001494,-420.16093047196046,-111.65845307707787,0.0,0.0,0.0,0.0,0.0,0.0,0.0,0.0,1750714474.794371,0.0,right_blink
177.19256901741028,172.0,-1349.531679310836,-811.9865089296363,-514.2680330569856,-120.18916487600654,0.0,0.0,0.0,0.0,0.0,0.0,0.0,0.0,1750714474.901091,0.0,right_blink
177.29367566108704,183.0,-1421.0348265636712,-767.4891792568378,-368.87942227954045,51.2104500932619,0.0,0.0,0.0,0.0,0.0,0.0,0.0,0.0,1750714475.0199168,0.0,right_blink
177.39428687095642,193.0,-1385.2926026871428,-805.9203912015073,-295.70079984655604,-48.74585602246225,0.0,0.0,0.0,0.0,0.0,0.0,0.0,0.0,1750714475.1109784,0.0,right_blink
177.49519157409668,103.0,-1412.4648458152078,-872.3615838643163,-343.48363163042814,-139.02330105286092,0.0,0.0,0.0,0.0,0.0,0.0,0.0,0.0,1750714475.2157195,0.0,right_blink
177.5974702835083,112.0,-1350.3899863506667,-793.5394523981959,-358.9181987475604,-104.61996136046946,0.0,0.0,0.0,0.0,0.0,0.0,0.0,0.0,1750714475.305809,0.0,right_blink
177.6986119747162,122.0,-1322.6062695798464,-805.742745953612,-340.8021233621985,-135.86682549025863,0.0,0.0,0.0,0.0,0.0,0.0,0.0,0.0,1750714475.4090283,0.0,right_blink
177.7994565963745,133.0,-1332.150494266767,-842.6555585162714,-449.5920731732622,-189.26137715764344,0.0,0.0,0.0,0.0,0.0,0.0,0.0,0.0,1750714475.5163217,0.0,right_blink
177.9001383781433,143.0,-1286.2095632110722,-853.310533490032,-449.6481716725975,-204.8418003730476,0.0,0.0,0.0,0.0,0.0,0.0,0.0,0.0,1750714475.6192925,0.0,right_blink
178.00095748901367,152.0,-1216.7895402335562,-810.2194062005728,-398.662115576677,-176.60929560754448,0.0,0.0,0.0,0.0,0.0,0.0,0.0,0.0,1750714475.7091432,0.0,right_blink
178.1016821861267,163.0,-1286.9575432022102,-836.256589692086,-488.7937045088038,-175.3788685221225,0.0,0.0,0.0,0.0,0.0,0.0,0.0,0.0,1750714475.8154256,0.0,right_blink
178.20202088356018,173.0,-1355.0199824958108,-791.0748583273962,-501.81603615451604,-97.54407064430416,0.0,0.0,0.0,0.0,0.0,0.0,0.0,0.0,1750714475.9199705,0.0,right_blink
178.302574634552,182.0,-1441.153618375305,-745.7210915647447,-347.15247348695993,98.72213913034648,0.0,0.0,0.0,0.0,0.0,0.0,0.0,0.0,1750714476.009484,0.0,right_blink
178.40341329574585,193.0,-1448.52496118797,-849.0246081408113,-411.07110362965614,-66.74225460924208,0.0,0.0,0.0,0.0,0.0,0.0,0.0,0.0,1750714476.1162317,0.0,right_blink
178.50428986549377,102.0,-1364.2294861366972,-778.6415609247051,-396.62013020087034,-29.292766402941197,0.0,0.0,0.0,0.0,0.0,0.0,0.0,0.0,1750714476.2196994,0.0,right_blink
178.60474300384521,113.0,-1362.7522256541997,-825.1285173739307,-361.8315808130428,-107.55391287570819,0.0,0.0,0.0,0.0,0.0,0.0,0.0,0.0,1750714476.3242724,0.0,right_blink
178.70567750930786,122.0,-1287.441860246472,-798.530348889064,-366.12124606221914,-152.23075774637982,0.0,0.0,0.0,0.0,0.0,0.0,0.0,0.0,1750714476.4141572,0.0,right_blink
178.8076777458191,134.0,-1272.5794978225604,-854.2062395294197,-443.48107664566487,-202.30801815306768,0.0,0.0,0.0,0.0,0.0,0.0,0.0,0.0,1750714476.5341375,0.0,right_blink
178.90863490104675,142.0,-1229.0956810377538,-815.6852699858136,-417.91512054856867,-159.17575196409598,0.0,0.0,0.0,0.0,0.0,0.0,0.0,0.0,1750714476.6110756,0.0,right_blink
179.0091278553009,154.0,-1254.2614678395912,-835.4543811515905,-471.6013844124973,-179.8087800196372,0.0,0.0,0.0,0.0,0.0,0.0,0.0,0.0,1750714476.7306223,0.0,right_blink
179.1097342967987,163.0,-1274.6962811974809,-806.2569821975194,-451.7686949474737,-164.5051094009541,0.0,0.0,0.0,0.0,0.0,0.0,0.0,0.0,1750714476.820676,0.0,right_blink
179.21441626548767,173.0,-1318.3147343806922,-739.4810684886761,-533.1414381833747,-93.360992543865,0.0,0.0,0.0,0.0,0.0,0.0,0.0,0.0,1750714476.9242513,0.0,right_blink
179.31616735458374,182.0,-1478.8761192783713,-769.8340965290554,-310.632350419648,11.416044614743441,0.0,0.0,0.0,0.0,0.0,0.0,0.0,0.0,1750714477.0142355,0.0,right_blink
179.41709280014038,193.0,-1393.5353421894833,-791.4955970724113,-417.66454725153744,-15.765548263210803,0.0,0.0,0.0,0.0,0.0,0.0,0.0,0.0,1750714477.12052,0.0,right_blink
179.5178725719452,103.0,-1328.0590437152423,-789.5209298958071,-357.32313141645864,-90.98802602197975,0.0,0.0,0.0,0.0,0.0,0.0,0.0,0.0,1750714477.2256095,0.0,right_blink
179.6188931465149,113.0,-1123.2434226418845,-796.974550507497,-405.89695204095915,-190.31976884510368,0.0,0.0,0.0,0.0,0.0,0.0,0.0,0.0,1750714477.3293417,0.0,right_blink
179.71989727020264,121.0,-1166.6225222279318,-802.6853777398355,-386.0156438765116,-201.38613281399012,0.0,0.0,0.0,0.0,0.0,0.0,0.0,0.0,1750714477.4055908,0.0,right_blink
179.82068252563477,134.0,-1166.0951963341795,-857.157020594459,-466.5431697224267,-234.90311621688306,0.0,0.0,0.0,0.0,0.0,0.0,0.0,0.0,1750714477.5393136,0.0,right_blink
179.92100548744202,143.0,-1145.346231380012,-809.2152430624701,-429.9332890561782,-145.11185818072408,0.0,0.0,0.0,0.0,0.0,0.0,0.0,0.0,1750714477.629559,0.0,right_blink
180.02201771736145,155.0,-1200.6855310243554,-842.8556431639008,-468.47669799951836,-161.2644860893488,0.0,0.0,0.0,0.0,0.0,0.0,0.0,0.0,1750714477.7491803,0.0,right_blink
180.12339520454407,163.0,-1173.8480089423247,-790.2389906872995,-445.7119269692339,-106.99479783233255,0.0,0.0,0.0,0.0,0.0,0.0,0.0,0.0,1750714477.8259168,0.0,right_blink
180.2238085269928,175.0,-1263.4634916805662,-797.2737425039522,-516.3212381326593,58.37609840836376,0.0,0.0,0.0,0.0,0.0,0.0,0.0,0.0,1750714477.946248,0.0,right_blink
180.32486033439636,184.0,-1302.5716255172156,-855.1748736179434,-358.7442933996208,-41.03418231382966,0.0,0.0,0.0,0.0,0.0,0.0,0.0,0.0,1750714478.036514,0.0,right_blink
180.42540502548218,193.0,-1286.8303866037168,-805.864292702172,-404.801161353942,-15.453266616910696,0.0,0.0,0.0,0.0,0.0,0.0,0.0,0.0,1750714478.1254735,0.0,right_blink
180.52689743041992,104.0,-1264.5218833680265,-815.3374592899345,-358.2655862052925,-101.53454389702529,0.0,0.0,0.0,0.0,0.0,0.0,0.0,0.0,1750714478.24412,0.0,right_blink
180.62787318229675,115.0,-1346.1078009014018,-835.0841310559772,-432.65593622392043,-152.13913019746542,0.0,0.0,0.0,0.0,0.0,0.0,0.0,0.0,1750714478.3508167,0.0,right_blink
180.72820711135864,124.0,-1383.8620909540914,-797.6215531998314,-287.73481294093654,-61.67469016928226,0.0,0.0,0.0,0.0,0.0,0.0,0.0,0.0,1750714478.4408884,0.0,right_blink
180.828852891922,134.0,-1354.5824142009951,-781.3866474921815,-348.2987528233789,-88.61318955011666,0.0,0.0,0.0,0.0,0.0,0.0,0.0,0.0,1750714478.5447354,0.0,right_blink
180.92982840538025,143.0,-1397.5763040916063,-848.0690637021326,-409.93604399310425,-150.21308172028512,0.0,0.0,0.0,0.0,0.0,0.0,0.0,0.0,1750714478.6340883,0.0,right_blink
181.03146648406982,155.0,-1397.5538646918721,-831.9762741927989,-427.0386064904742,-149.7418543258682,0.0,0.0,0.0,0.0,0.0,0.0,0.0,0.0,1750714478.7544303,0.0,right_blink
181.13327598571777,164.0,-1365.401944772806,-788.1072477125563,-194.57016514474526,-134.61021910514683,0.0,0.0,0.0,0.0,0.0,0.0,0.0,0.0,1750714478.8443856,0.0,right_blink
181.2340052127838,175.0,-1493.4112404561602,-799.001576283481,-460.0058245998807,19.234305472113192,0.0,0.0,0.0,0.0,0.0,0.0,0.0,0.0,1750714478.9506607,0.0,right_blink
181.33547568321228,184.0,-1407.120528778527,-790.6466397824697,-245.77687533805147,-0.602123892866075,0.0,0.0,0.0,0.0,0.0,0.0,0.0,0.0,1750714479.042225,0.0,right_blink
181.43618607521057,196.0,-1354.451517702546,-804.8582596140914,-400.82564770104364,-78.34716417174786,0.0,0.0,0.0,0.0,0.0,0.0,0.0,0.0,1750714479.1604335,0.0,right_blink
181.5379991531372,104.0,-1369.6168120228685,-818.2527113053948,-451.2731582033448,-97.57959969388321,0.0,0.0,0.0,0.0,0.0,0.0,0.0,0.0,1750714479.249258,0.0,right_blink
181.63831067085266,114.0,-1372.2497015916742,-820.6724265767261,-405.3621463472955,-122.16944190254435,0.0,0.0,0.0,0.0,0.0,0.0,0.0,0.0,1750714479.354865,0.0,right_blink
181.7391059398651,124.0,-1315.1489090682007,-838.1190598700196,-434.5632852013223,-152.99743723729625,0.0,0.0,0.0,0.0,0.0,0.0,0.0,0.0,1750714479.4459243,0.0,right_blink
181.8399739265442,134.0,-1315.9081087592058,-831.9557047430426,-431.081438342575,-125.62884936155751,0.0,0.0,0.0,0.0,0.0,0.0,0.0,0.0,1750714479.5491104,0.0,right_blink
181.94037222862244,145.0,-1360.940244125668,-743.7651238879189,-405.9567904402502,-27.830465520266443,0.0,0.0,0.0,0.0,0.0,0.0,0.0,0.0,1750714479.6560812,0.0,right_blink
182.04202914237976,155.0,-1327.1988667254336,-803.2370129832998,-335.60553237376735,-105.44460930069908,0.0,0.0,0.0,0.0,0.0,0.0,0.0,0.0,1750714479.758999,0.0,right_blink
182.142639875412,164.0,-1288.105692488607,-848.594519645907,-442.28617860982195,-117.05325876316056,0.0,0.0,0.0,0.0,0.0,0.0,0.0,0.0,1750714479.8492773,0.0,right_blink
182.24342799186707,176.0,-1299.3141726558097,-856.265054455027,-490.6991835362278,-151.47155805537477,0.0,0.0,0.0,0.0,0.0,0.0,0.0,0.0,1750714479.9693716,0.0,right_blink
182.34410429000854,185.0,-1251.7538649193011,-792.5408991100267,-418.53781389119104,-123.97581358114257,0.0,0.0,0.0,0.0,0.0,0.0,0.0,0.0,1750714480.0593307,0.0,right_blink
182.44555401802063,196.0,-1330.16086749034,-852.0688867047429,-482.8753128289245,-149.55298937810585,0.0,0.0,0.0,0.0,0.0,0.0,0.0,0.0,1750714480.1658053,0.0,right_blink
182.54703950881958,104.0,-1373.2576046297327,-845.5240617822856,-249.3970984951593,-166.60319327609614,0.0,0.0,0.0,0.0,0.0,0.0,0.0,0.0,1750714480.2543182,0.0,right_blink
182.64750981330872,116.0,-1383.8751806039363,-781.5904720397666,-265.3702112059109,-41.813951454591006,0.0,0.0,0.0,0.0,0.0,0.0,0.0,0.0,1750714480.3745456,0.0,right_blink
182.74876141548157,125.0,-1366.993272203952,-801.5615378031507,-416.74640181241557,-39.76822617882863,0.0,0.0,0.0,0.0,0.0,0.0,0.0,0.0,1750714480.4644053,0.0,right_blink
182.84953141212463,134.0,-1371.986038644798,-851.814573507756,-413.4478100514971,-121.86651000613347,0.0,0.0,0.0,0.0,0.0,0.0,0.0,0.0,1750714480.5549426,0.0,right_blink
182.95045828819275,145.0,-1324.9605366019532,-824.195412334986,-398.3199147307314,-123.03709869226441,0.0,0.0,0.0,0.0,0.0,0.0,0.0,0.0,1750714480.6607723,0.0,right_blink
183.05099415779114,155.0,-1313.83059433382,-823.4175131442025,-419.5438469792716,-120.53510562190786,0.0,0.0,0.0,0.0,0.0,0.0,0.0,0.0,1750714480.7650003,0.0,right_blink
183.15232253074646,166.0,-1265.443768707104,-817.6206682128832,-393.9891105820425,-147.00237760832533,0.0,0.0,0.0,0.0,0.0,0.0,0.0,0.0,1750714480.8707676,0.0,right_blink
183.2530562877655,176.0,-1248.0083551136777,-808.637428519316,-420.9276099628769,-143.32231605192646,0.0,0.0,0.0,0.0,0.0,0.0,0.0,0.0,1750714480.974992,0.0,right_blink
183.3539617061615,185.0,-1313.8044150341302,-781.766247337684,-602.8924423069693,-38.72853399114683,0.0,0.0,0.0,0.0,0.0,0.0,0.0,0.0,1750714481.0646324,0.0,right_blink
183.455007314682,196.0,-1392.3647535033524,-769.151564787142,-395.0624618693255,89.79686788609251,0.0,0.0,0.0,0.0,0.0,0.0,0.0,0.0,1750714481.1706376,0.0,right_blink
183.55612325668335,104.0,-1367.9375969427638,-824.1093946360052,-234.867587167304,-11.030834919307381,0.0,0.0,0.0,0.0,0.0,0.0,0.0,0.0,1750714481.2590468,0.0,right_blink
183.65685033798218,116.0,-1347.6822987827472,-807.2424458358437,-344.78698676498607,-58.46398605732247,0.0,0.0,0.0,0.0,0.0,0.0,0.0,0.0,1750714481.3790934,0.0,right_blink
183.75733041763306,125.0,-1365.147631575819,-848.2093099504709,-423.8409920283593,-195.34432443557307,0.0,0.0,0.0,0.0,0.0,0.0,0.0,0.0,1750714481.469215,0.0,right_blink
183.8577320575714,134.0,-1285.7869545160793,-778.0226074820384,-381.9802918243222,-148.16922639450058,0.0,0.0,0.0,0.0,0.0,0.0,0.0,0.0,1750714481.559156,0.0,right_blink
183.9579622745514,145.0,-1308.7611599438824,-854.503561575897,-458.6145818163641,-208.35169648146257,0.0,0.0,0.0,0.0,0.0,0.0,0.0,0.0,1750714481.6655161,0.0,right_blink
