1.7325663566589355,102.0,-13.729172737337649,5.2919584373012185,-22.16638703737408,-16.204986508004367,0.0,0.0,0.0,0.0,0.0,0.0,0.0,0.0,1750362089.0324068,0.0,nothing
1.8339123725891116,111.0,9.476906487718225,36.022716373205185,3.904455553740263,15.150334720499814,0.0,0.0,0.0,0.0,0.0,0.0,0.0,0.0,1750362089.1213503,0.0,nothing
1.934620141983032,120.0,-35.831981475465,-7.322724113240838,-55.82174673862755,-45.697837558574975,0.0,0.0,0.0,0.0,0.0,0.0,0.0,0.0,1750362089.2113569,0.0,nothing
2.035551786422729,132.0,-5.475213535130024,10.191227379254997,-28.475598262622952,-10.393181976862252,0.0,0.0,0.0,0.0,0.0,0.0,0.0,0.0,1750362089.3311365,0.0,nothing
2.136258840560913,141.0,16.369542106054723,34.48561749141663,-0.3403308959677815,11.795644460245969,0.0,0.0,0.0,0.0,0.0,0.0,0.0,0.0,1750362089.4213345,0.0,nothing
2.237027406692505,152.0,-9.843416683375835,14.798784124664962,-34.018129996955395,-16.242385507561266,0.0,0.0,0.0,0.0,0.0,0.0,0.0,0.0,1750362089.5278287,0.0,nothing
2.338141679763794,162.0,11.189780667424202,32.27907651755959,-84.09539040364325,3.986733352765441,0.0,0.0,0.0,0.0,0.0,0.0,0.0,0.0,1750362089.6312785,0.0,nothing
2.4395790100097656,171.0,22.016791039146483,35.77962287608534,-41.47175060864538,24.61602150835097,0.0,0.0,0.0,0.0,0.0,0.0,0.0,0.0,1750362089.721481,0.0,nothing
2.5417516231536865,183.0,-24.13731431402266,9.095436692237854,-68.00634079426527,-12.345409753732383,0.0,0.0,0.0,0.0,0.0,0.0,0.0,0.0,1750362089.8414965,0.0,nothing
2.642228603363037,192.0,-2.4084955714643,4.398122347891331,-45.68661785870791,-10.83823007158935,0.0,0.0,0.0,0.0,0.0,0.0,0.0,0.0,1750362089.931396,0.0,nothing
2.743585586547852,102.0,-1458.8788742152974,-673.5073633203283,-272.10764097608626,903.4382825461216,0.0,0.0,0.0,0.0,0.0,0.0,0.0,0.0,1750362090.0368557,0.0,nothing
2.8450729846954346,111.0,-1514.7529795533046,-712.2714263610542,-342.4514192426577,848.0354046025313,0.0,0.0,0.0,0.0,0.0,0.0,0.0,0.0,1750362090.1262212,0.0,nothing
2.945392608642578,123.0,-1507.8154651354998,-714.8070785310119,-339.3435623794794,858.3575284802355,0.0,0.0,0.0,0.0,0.0,0.0,0.0,0.0,1750362090.2464063,0.0,nothing
3.046821117401123,132.0,-1469.2757960921151,-685.0299950838089,-271.55039588268846,908.3637307877652,0.0,0.0,0.0,0.0,0.0,0.0,0.0,0.0,1750362090.3363357,0.0,nothing
3.1473231315612797,143.0,-1518.077750613913,-723.4948661280796,-330.06113068945706,854.5054315258749,0.0,0.0,0.0,0.0,0.0,0.0,0.0,0.0,1750362090.4427087,0.0,nothing
3.247962713241577,152.0,-1467.4395052138716,-671.0801682490855,-269.37377410847694,906.9051698050462,0.0,0.0,0.0,0.0,0.0,0.0,0.0,0.0,1750362090.5331242,0.0,nothing
3.3488168716430664,162.0,-1468.78586919792,-674.6517727067694,-271.6102342819795,910.9779208567924,0.0,0.0,0.0,0.0,0.0,0.0,0.0,0.0,1750362090.6364522,0.0,nothing
3.449678421020508,171.0,-1513.025145773776,-703.4639619654045,-324.9075485505164,856.7418916993774,0.0,0.0,0.0,0.0,0.0,0.0,0.0,0.0,1750362090.725933,0.0,nothing
3.550495386123657,183.0,-1524.5851765368134,-729.8227768531069,-331.51595177222043,858.1630536825396,0.0,0.0,0.0,0.0,0.0,0.0,0.0,0.0,1750362090.846481,0.0,nothing
3.651454210281372,192.0,-1473.5280623417348,-674.1281867129728,-281.97349705919623,896.7476015253924,0.0,0.0,0.0,0.0,0.0,0.0,0.0,0.0,1750362090.9363203,0.0,nothing
3.751992464065552,103.0,-1482.836673331447,-692.8987445905805,-271.8589376290329,904.9454622282648,0.0,0.0,0.0,0.0,0.0,0.0,0.0,0.0,1750362091.0454483,0.0,nothing
3.85321855545044,113.0,-1485.364845701493,-680.3812994388863,-260.27272756630555,915.2862856057473,0.0,0.0,0.0,0.0,0.0,0.0,0.0,0.0,1750362091.1474988,0.0,nothing
3.953895568847656,123.0,-1483.435057324357,-679.8838927447796,-262.329672541935,903.2550274482928,0.0,0.0,0.0,0.0,0.0,0.0,0.0,0.0,1750362091.2512112,0.0,nothing
4.054396867752075,132.0,-1510.3772966051474,-705.9135964363813,-308.2294646981172,876.1183133698069,0.0,0.0,0.0,0.0,0.0,0.0,0.0,0.0,1750362091.3413997,0.0,nothing
4.155026435852051,143.0,-1483.2892012260854,-686.4773363666609,-274.0692185028456,898.9167434996925,0.0,0.0,0.0,0.0,0.0,0.0,0.0,0.0,1750362091.4474812,0.0,nothing
4.2554192543029785,152.0,-1497.9982277518138,-708.6848623035476,-309.160699787084,876.5970205641352,0.0,0.0,0.0,0.0,0.0,0.0,0.0,0.0,1750362091.5374968,0.0,nothing
4.355724573135376,162.0,-1500.3992435233667,-702.5364667763934,-306.33707532053813,871.4471783251502,0.0,0.0,0.0,0.0,0.0,0.0,0.0,0.0,1750362091.6413915,0.0,nothing
4.456301689147949,173.0,-1471.8937260610985,-673.5335426200181,-272.6630161195062,917.0028996854088,0.0,0.0,0.0,0.0,0.0,0.0,0.0,0.0,1750362091.7476404,0.0,nothing
4.557011604309082,183.0,-1482.343006537296,-683.268502204679,-278.99092684453353,899.4029304939322,0.0,0.0,0.0,0.0,0.0,0.0,0.0,0.0,1750362091.8513677,0.0,nothing
4.65835165977478,192.0,-1481.991455941461,-687.3674325561151,-309.29907608544454,864.393727008719,0.0,0.0,0.0,0.0,0.0,0.0,0.0,0.0,1750362091.941358,0.0,nothing
4.759573698043823,104.0,-1470.988670271821,-697.5137811359018,-306.15943007264286,868.7619301569648,0.0,0.0,0.0,0.0,0.0,0.0,0.0,0.0,1750362092.0610747,0.0,nothing
4.86084771156311,113.0,-1457.5773890307173,-684.8953586854041,-288.368725983426,876.29782856768,0.0,0.0,0.0,0.0,0.0,0.0,0.0,0.0,1750362092.152491,0.0,nothing
4.961339712142944,122.0,-1498.8808441413566,-725.0357049098238,-335.25959162786603,842.3619763697498,0.0,0.0,0.0,0.0,0.0,0.0,0.0,0.0,1750362092.242416,0.0,nothing
5.06162166595459,132.0,-1510.358597105369,-707.1664629215375,-338.5320040890947,840.4247081927024,0.0,0.0,0.0,0.0,0.0,0.0,0.0,0.0,1750362092.3461306,0.0,nothing
5.161953926086426,141.0,-1455.0753959603608,-666.3379751052707,-270.2451707981527,900.117251385469,0.0,0.0,0.0,0.0,0.0,0.0,0.0,0.0,1750362092.4362447,0.0,nothing
5.262716054916382,153.0,-1471.4000592669472,-689.8432463267818,-287.41879139468074,885.6961971563287,0.0,0.0,0.0,0.0,0.0,0.0,0.0,0.0,1750362092.556303,0.0,nothing
5.3635430335998535,162.0,-1517.1801746245474,-712.4359819591045,-339.3099032798782,852.0894561544992,0.0,0.0,0.0,0.0,0.0,0.0,0.0,0.0,1750362092.6460917,0.0,nothing
5.463917970657349,173.0,-1481.3556729489935,-682.7336965110153,-291.42422424722463,872.2101179161109,0.0,0.0,0.0,0.0,0.0,0.0,0.0,0.0,1750362092.7527337,0.0,nothing
5.56436824798584,183.0,-1480.3571196608243,-679.1994910528883,-281.9173985598609,896.0033614342101,0.0,0.0,0.0,0.0,0.0,0.0,0.0,0.0,1750362092.8562405,0.0,nothing
5.665232419967651,192.0,-1523.6651611477137,-714.6911416323856,-337.5671099005267,850.9712260677479,0.0,0.0,0.0,0.0,0.0,0.0,0.0,0.0,1750362092.9462163,0.0,nothing
5.76606559753418,102.0,-1476.445184307173,-688.4800527929328,-281.13762941909954,900.4594522314146,0.0,0.0,0.0,0.0,0.0,0.0,0.0,0.0,1750362093.051051,0.0,nothing
5.867167949676514,113.0,-1527.8201899984851,-714.203084688168,-338.0327274450101,839.3420071555302,0.0,0.0,0.0,0.0,0.0,0.0,0.0,0.0,1750362093.1576438,0.0,nothing
5.968177080154419,123.0,-1516.5593512319028,-728.3997449199669,-338.53761393902823,848.2467089500278,0.0,0.0,0.0,0.0,0.0,0.0,0.0,0.0,1750362093.2614896,0.0,nothing
6.068841934204102,134.0,-1438.5412982562557,-669.4851009179838,-271.4512885338627,896.4876784784719,0.0,0.0,0.0,0.0,0.0,0.0,0.0,0.0,1750362093.3675685,0.0,nothing
6.169317007064819,142.0,-1426.1809289027003,-694.1160820261575,-290.47615960845724,873.9996600449085,0.0,0.0,0.0,0.0,0.0,0.0,0.0,0.0,1750362093.456676,0.0,nothing
6.269634246826172,152.0,-1435.654095490463,-684.2651855428703,-293.7036932702176,880.9970128620043,0.0,0.0,0.0,0.0,0.0,0.0,0.0,0.0,1750362093.5462067,0.0,nothing
6.37007474899292,162.0,-1454.3311558691785,-674.6910416563042,-286.1191761600785,885.1670013125986,0.0,0.0,0.0,0.0,0.0,0.0,0.0,0.0,1750362093.6513028,0.0,nothing
6.470682859420776,173.0,-1505.571525162086,-711.8020689166151,-336.94815645786,848.8226535432041,0.0,0.0,0.0,0.0,0.0,0.0,0.0,0.0,1750362093.757553,0.0,nothing
6.571159362792969,183.0,-1512.456680980511,-727.0272016362287,-326.6559517798014,835.086001005955,0.0,0.0,0.0,0.0,0.0,0.0,0.0,0.0,1750362093.86131,0.0,nothing
6.671681642532349,192.0,-1470.8876929730177,-693.7907107300125,-276.6647090720944,877.8554968992248,0.0,0.0,0.0,0.0,0.0,0.0,0.0,0.0,1750362093.9513104,0.0,nothing
6.772297620773315,102.0,-1469.230917292647,-687.3823921559379,-269.8637010026723,889.9540732558817,0.0,0.0,0.0,0.0,0.0,0.0,0.0,0.0,1750362094.0559852,0.0,nothing
6.873085260391235,113.0,-1497.8822908531874,-705.326432143338,-285.0888337222859,870.9815607806668,0.0,0.0,0.0,0.0,0.0,0.0,0.0,0.0,1750362094.1628647,0.0,nothing
6.973981857299805,123.0,-1496.7603208664805,-692.0348277008161,-294.3974447119981,873.0310259563848,0.0,0.0,0.0,0.0,0.0,0.0,0.0,0.0,1750362094.2664845,0.0,nothing
7.074430704116821,132.0,-1476.045015011914,-683.231103205122,-259.44433972612023,900.0592829361558,0.0,0.0,0.0,0.0,0.0,0.0,0.0,0.0,1750362094.35663,0.0,nothing
7.174941778182983,143.0,-1505.8557575587183,-695.8383059557527,-292.86034583020955,872.256866665557,0.0,0.0,0.0,0.0,0.0,0.0,0.0,0.0,1750362094.4628158,0.0,nothing
7.275445222854614,153.0,-1503.6716559845954,-696.6386445462704,-300.12697144411504,870.1849620901048,0.0,0.0,0.0,0.0,0.0,0.0,0.0,0.0,1750362094.5663447,0.0,nothing
7.376174688339233,164.0,-1524.2298860410228,-697.2781674386933,-314.86965706944466,859.0438001221046,0.0,0.0,0.0,0.0,0.0,0.0,0.0,0.0,1750362094.672708,0.0,nothing
7.477536678314209,173.0,-1509.7340338127688,-709.4478018945083,-306.79521306511015,865.1510567497462,0.0,0.0,0.0,0.0,0.0,0.0,0.0,0.0,1750362094.7626784,0.0,nothing
7.578122615814209,183.0,-1514.206954159774,-704.14462375734,-305.6657632784918,867.4660548223183,0.0,0.0,0.0,0.0,0.0,0.0,0.0,0.0,1750362094.8662202,0.0,nothing
7.678565263748169,192.0,-1481.1013597520068,-679.1022536540404,-272.37317387294024,897.8826611619443,0.0,0.0,0.0,0.0,0.0,0.0,0.0,0.0,1750362094.9562664,0.0,nothing
7.779345273971558,104.0,-1523.311740601901,-715.4896102729253,-326.77375862840563,855.2721110167913,0.0,0.0,0.0,0.0,0.0,0.0,0.0,0.0,1750362095.0776837,0.0,nothing
7.880200386047363,113.0,-1479.18092112476,-675.9401682415046,-269.059622512199,910.162622666452,0.0,0.0,0.0,0.0,0.0,0.0,0.0,0.0,1750362095.1676476,0.0,nothing
7.9810309410095215,123.0,-1471.027939221356,-677.1182367275469,-262.48113849014044,908.8461778820492,0.0,0.0,0.0,0.0,0.0,0.0,0.0,0.0,1750362095.271268,0.0,nothing
8.081598043441772,131.0,-1487.902367821429,-683.352649953682,-282.0333354584873,892.4354968764819,0.0,0.0,0.0,0.0,0.0,0.0,0.0,0.0,1750362095.3478596,0.0,nothing
8.182234764099121,143.0,-1467.385276664514,-663.7555741858669,-262.84016888588667,909.8896099696868,0.0,0.0,0.0,0.0,0.0,0.0,0.0,0.0,1750362095.4676747,0.0,nothing
8.282810926437378,153.0,-1469.5282393391244,-675.8279712428339,-260.0576833188534,917.4591674800032,0.0,0.0,0.0,0.0,0.0,0.0,0.0,0.0,1750362095.5714476,0.0,nothing
8.383680582046509,164.0,-1515.749662891496,-721.0134425074793,-320.31121150497347,851.150741265621,0.0,0.0,0.0,0.0,0.0,0.0,0.0,0.0,1750362095.6776583,0.0,nothing
8.48447036743164,173.0,-1464.0754652037283,-671.2839927966706,-258.2438318403438,903.0306334509514,0.0,0.0,0.0,0.0,0.0,0.0,0.0,0.0,1750362095.7675245,0.0,nothing
8.585204124450684,183.0,-1463.0956114153378,-677.4473479236476,-260.1137818181887,907.6120108966716,0.0,0.0,0.0,0.0,0.0,0.0,0.0,0.0,1750362095.87116,0.0,nothing
8.685735940933228,193.0,-1468.159435955342,-672.570518381428,-256.5384374605492,897.5703795156442,0.0,0.0,0.0,0.0,0.0,0.0,0.0,0.0,1750362095.9770913,0.0,nothing
8.786583423614502,104.0,-1476.7051073540931,-680.8282174835913,-266.8773908880539,891.2368589406833,0.0,0.0,0.0,0.0,0.0,0.0,0.0,0.0,1750362096.0827365,0.0,nothing
8.88700532913208,113.0,-1505.233064216096,-701.9960512327962,-307.11123461136594,851.4555431120098,0.0,0.0,0.0,0.0,0.0,0.0,0.0,0.0,1750362096.1727252,0.0,nothing
8.987855434417725,123.0,-1508.2212442806922,-714.4648776850663,-307.81059590308,862.9594753757119,0.0,0.0,0.0,0.0,0.0,0.0,0.0,0.0,1750362096.2762103,0.0,nothing
9.08871293067932,132.0,-1497.1661000116728,-708.6942120534368,-299.7137124990113,868.5468859095126,0.0,0.0,0.0,0.0,0.0,0.0,0.0,0.0,1750362096.366258,0.0,nothing
9.18940496444702,143.0,-1497.3343955096789,-699.3407222642563,-301.8604150735773,856.7849005488679,0.0,0.0,0.0,0.0,0.0,0.0,0.0,0.0,1750362096.4890296,0.0,nothing
9.289984703063965,153.0,-1506.8524408969097,-716.8135348572396,-300.1138817942701,857.8881710357964,0.0,0.0,0.0,0.0,0.0,0.0,0.0,0.0,1750362096.5764043,0.0,nothing
9.390761137008669,164.0,-1468.1930950549431,-676.6170901334845,-266.1855093962513,894.3447158038616,0.0,0.0,0.0,0.0,0.0,0.0,0.0,0.0,1750362096.6827846,0.0,nothing
9.49146556854248,173.0,-1498.9874312900938,-699.935366357211,-304.0519964476116,848.4561433475465,0.0,0.0,0.0,0.0,0.0,0.0,0.0,0.0,1750362096.7729611,0.0,nothing
9.592475175857544,184.0,-1476.020705662202,-674.0253394641913,-263.4441627287306,882.7323264414445,0.0,0.0,0.0,0.0,0.0,0.0,0.0,0.0,1750362096.8918307,0.0,nothing
9.69350528717041,194.0,-1462.0110404281877,-679.6239696978591,-268.1152977733873,892.8861548211426,0.0,0.0,0.0,0.0,0.0,0.0,0.0,0.0,1750362096.9827564,0.0,nothing
9.793920516967772,104.0,-1484.4691396621056,-694.7051162691787,-283.1534354952164,872.1203603171743,0.0,0.0,0.0,0.0,0.0,0.0,0.0,0.0,1750362097.087901,0.0,nothing
9.895012855529783,113.0,-1522.3206671136431,-717.6419226974249,-316.59562089899555,839.4897332037799,0.0,0.0,0.0,0.0,0.0,0.0,0.0,0.0,1750362097.1775827,0.0,nothing
9.995619058609009,123.0,-1525.4883623761125,-717.6830615969375,-325.7583757904358,845.084623537492,0.0,0.0,0.0,0.0,0.0,0.0,0.0,0.0,1750362097.2814727,0.0,nothing
10.09647250175476,134.0,-1476.4507941571064,-683.5564745012671,-283.06367789627984,874.1286865933798,0.0,0.0,0.0,0.0,0.0,0.0,0.0,0.0,1750362097.3878846,0.0,nothing
10.19675087928772,144.0,-1468.350170853082,-699.3725114138797,-285.8274639635347,875.0374822826125,0.0,0.0,0.0,0.0,0.0,0.0,0.0,0.0,1750362097.4912236,0.0,nothing
10.297539949417114,153.0,-1514.8894859016873,-709.0999911986291,-330.82968013035133,840.8660163874738,0.0,0.0,0.0,0.0,0.0,0.0,0.0,0.0,1750362097.5811472,0.0,nothing
10.39828372001648,164.0,-1474.2330334833823,-692.5958126941696,-289.1597148240544,882.3078477964737,0.0,0.0,0.0,0.0,0.0,0.0,0.0,0.0,1750362097.6877227,0.0,nothing
10.498968601226808,174.0,-1481.5482777967118,-687.2253163577989,-294.7172061582096,877.3001217558049,0.0,0.0,0.0,0.0,0.0,0.0,0.0,0.0,1750362097.791311,0.0,nothing
10.59970474243164,185.0,-1486.7055998356082,-683.2722421046346,-300.46917229006067,866.1888789874502,0.0,0.0,0.0,0.0,0.0,0.0,0.0,0.0,1750362097.897762,0.0,nothing
10.700961112976074,194.0,-1472.1835683076642,-694.1329115759581,-283.8901957864873,880.0152891236357,0.0,0.0,0.0,0.0,0.0,0.0,0.0,0.0,1750362097.9876473,0.0,nothing
10.801262855529783,104.0,-1521.937327368185,-716.4488946115598,-334.10770244151354,839.9441310483962,0.0,0.0,0.0,0.0,0.0,0.0,0.0,0.0,1750362098.093953,0.0,nothing
10.90211033821106,113.0,-1473.2887087445706,-684.3194140922278,-272.0104035772383,883.3269705343992,0.0,0.0,0.0,0.0,0.0,0.0,0.0,0.0,1750362098.1828449,0.0,nothing
11.002911567687988,123.0,-1475.9440377131104,-693.8561589792371,-276.4010461252183,897.5273706661537,0.0,0.0,0.0,0.0,0.0,0.0,0.0,0.0,1750362098.2863665,0.0,nothing
11.103806018829346,134.0,-1518.8818291043865,-711.5421458696947,-331.7478255694732,836.6006604880095,0.0,0.0,0.0,0.0,0.0,0.0,0.0,0.0,1750362098.3925524,0.0,nothing
11.2045419216156,144.0,-1511.3795897932723,-720.6862012613565,-332.088156465441,836.099513893947,0.0,0.0,0.0,0.0,0.0,0.0,0.0,0.0,1750362098.4962916,0.0,nothing
11.30499267578125,153.0,-1471.2654228685424,-687.9396372493356,-271.3933200845495,888.031764678657,0.0,0.0,0.0,0.0,0.0,0.0,0.0,0.0,1750362098.5865188,0.0,nothing
11.40582275390625,162.0,-1496.1768964733928,-703.5238003646955,-300.5607998389751,852.2895408021286,0.0,0.0,0.0,0.0,0.0,0.0,0.0,0.0,1750362098.6777723,0.0,nothing
11.507320880889893,174.0,-1530.6363346651196,-719.4445544760674,-325.7789452401921,838.7959817619994,0.0,0.0,0.0,0.0,0.0,0.0,0.0,0.0,1750362098.79633,0.0,nothing
11.60838508605957,185.0,-1470.775495974347,-690.4790293192491,-261.47136550210416,884.3591829221696,0.0,0.0,0.0,0.0,0.0,0.0,0.0,0.0,1750362098.902501,0.0,nothing
11.70929193496704,194.0,-1521.0696705784649,-717.7092408966273,-328.7820849046111,835.9012991962954,0.0,0.0,0.0,0.0,0.0,0.0,0.0,0.0,1750362098.992834,0.0,nothing
11.809836149215698,104.0,-1485.6528179980814,-682.4943429138511,-284.96167712379247,877.7432999005541,0.0,0.0,0.0,0.0,0.0,0.0,0.0,0.0,1750362099.097648,0.0,nothing
11.910605430603027,114.0,-1491.000874934718,-707.7611070144922,-287.93489758856595,869.2462472012267,0.0,0.0,0.0,0.0,0.0,0.0,0.0,0.0,1750362099.2014608,0.0,nothing
12.011468887329102,125.0,-1511.3982892930508,-718.5768976863474,-318.5272792261094,839.6038001524284,0.0,0.0,0.0,0.0,0.0,0.0,0.0,0.0,1750362099.3074355,0.0,nothing
12.112468481063845,134.0,-1483.5285548232496,-704.1969823567197,-289.97688296437263,856.3435923540965,0.0,0.0,0.0,0.0,0.0,0.0,0.0,0.0,1750362099.3975804,0.0,nothing
12.213143110275269,144.0,-1492.7287087142467,-696.5451470473781,-273.5736817587167,865.9887943398207,0.0,0.0,0.0,0.0,0.0,0.0,0.0,0.0,1750362099.5012455,0.0,nothing
12.313977241516112,153.0,-1481.5763270463794,-680.5720343366265,-268.5696956180036,871.1573360785842,0.0,0.0,0.0,0.0,0.0,0.0,0.0,0.0,1750362099.591251,0.0,nothing
12.414642095565796,165.0,-1512.1238298844546,-707.4319958183914,-308.0443396503106,839.0091560594738,0.0,0.0,0.0,0.0,0.0,0.0,0.0,0.0,1750362099.7111137,0.0,nothing
12.515495538711548,174.0,-1498.6190511444584,-697.5250008357689,-275.1406998401508,857.5441002398729,0.0,0.0,0.0,0.0,0.0,0.0,0.0,0.0,1750362099.8011353,0.0,nothing
12.616357326507568,185.0,-1512.83067097608,-711.3364513721317,-302.4083104170859,844.9219378894195,0.0,0.0,0.0,0.0,0.0,0.0,0.0,0.0,1750362099.907534,0.0,nothing
12.717173099517822,194.0,-1487.021621381864,-686.3688792679459,-272.2048783749342,859.7955200131983,0.0,0.0,0.0,0.0,0.0,0.0,0.0,0.0,1750362099.997569,0.0,nothing
12.817667007446287,104.0,-1470.6352497260086,-666.7961128498428,-251.9757595146075,877.3880094047636,0.0,0.0,0.0,0.0,0.0,0.0,0.0,0.0,1750362100.1024504,0.0,nothing
12.91820740699768,114.0,-1466.3680238765664,-670.4013764071278,-241.76209273561835,875.9182287221774,0.0,0.0,0.0,0.0,0.0,0.0,0.0,0.0,1750362100.2063804,0.0,nothing
13.018953323364258,125.0,-1514.145245810505,-718.3207145393826,-294.94347010552883,840.2508028447628,0.0,0.0,0.0,0.0,0.0,0.0,0.0,0.0,1750362100.3128028,0.0,nothing
13.11945867538452,134.0,-1465.481667587068,-667.8208454377018,-244.53709850274024,879.818944375962,0.0,0.0,0.0,0.0,0.0,0.0,0.0,0.0,1750362100.402737,0.0,nothing
13.220394372940063,144.0,-1469.1168503439983,-675.1697488506325,-239.7051477599889,887.5231382846832,0.0,0.0,0.0,0.0,0.0,0.0,0.0,0.0,1750362100.50631,0.0,nothing
13.320942401885986,153.0,-1519.366146148648,-720.5870939125307,-307.6553900549188,828.8291483800858,0.0,0.0,0.0,0.0,0.0,0.0,0.0,0.0,1750362100.596348,0.0,nothing
13.421470403671265,165.0,-1520.9443839299493,-717.4268784499727,-291.26714844908565,837.861006773077,0.0,0.0,0.0,0.0,0.0,0.0,0.0,0.0,1750362100.7162576,0.0,nothing
13.52223515510559,174.0,-1466.5026602749713,-680.8207376836799,-235.4117426108569,887.9270474798977,0.0,0.0,0.0,0.0,0.0,0.0,0.0,0.0,1750362100.806481,0.0,nothing
13.622806549072266,183.0,-1522.406684812624,-723.2012839815579,-309.65249663125724,826.499190707691,0.0,0.0,0.0,0.0,0.0,0.0,0.0,0.0,1750362100.896505,0.0,nothing
13.723933935165403,195.0,-1514.736150003504,-702.9198065218516,-292.6957902321592,838.4780902657658,0.0,0.0,0.0,0.0,0.0,0.0,0.0,0.0,1750362101.0163205,0.0,nothing
13.82618498802185,104.0,-1521.3595128250308,-711.416859221179,-281.0946205696091,832.0061933924444,0.0,0.0,0.0,0.0,0.0,0.0,0.0,0.0,1750362101.107448,0.0,nothing
13.927003145217896,114.0,-1525.42104417691,-719.6521189236082,-281.6443858630955,829.960468116682,0.0,0.0,0.0,0.0,0.0,0.0,0.0,0.0,1750362101.2111912,0.0,nothing
14.02770185470581,125.0,-1482.1803208892234,-694.4788523218594,-224.8427853360772,878.6053468403406,0.0,0.0,0.0,0.0,0.0,0.0,0.0,0.0,1750362101.3176663,0.0,nothing
14.128190517425535,135.0,-1481.7689318940977,-683.2067938554101,-230.38905697036532,876.574581164401,0.0,0.0,0.0,0.0,0.0,0.0,0.0,0.0,1750362101.4211571,0.0,nothing
14.228824377059937,144.0,-1529.123545133043,-703.3274556170218,-280.4625774770975,822.7200218024664,0.0,0.0,0.0,0.0,0.0,0.0,0.0,0.0,1750362101.5115068,0.0,nothing
14.329710960388184,155.0,-1480.0934567139484,-676.5048931348138,-219.0235010050237,883.8636461780407,0.0,0.0,0.0,0.0,0.0,0.0,0.0,0.0,1750362101.6177075,0.0,nothing
14.430323362350464,165.0,-1482.449593686033,-684.2876249426045,-221.05800658091903,886.5339347464032,0.0,0.0,0.0,0.0,0.0,0.0,0.0,0.0,1750362101.7215743,0.0,nothing
14.531161069869995,176.0,-1530.982275411021,-718.8330808333121,-282.85611344873905,831.4900871985592,0.0,0.0,0.0,0.0,0.0,0.0,0.0,0.0,1750362101.8276217,0.0,nothing
14.631589651107788,185.0,-1487.8687087218275,-671.3101720963605,-219.6368445977569,883.1904641860165,0.0,0.0,0.0,0.0,0.0,0.0,0.0,0.0,1750362101.9178667,0.0,nothing
14.732678174972534,195.0,-1481.2603055001236,-699.2509646653198,-223.27202735468745,888.0186750288121,0.0,0.0,0.0,0.0,0.0,0.0,0.0,0.0,1750362102.0216167,0.0,nothing
14.833707094192505,104.0,-1525.735195773188,-727.8985983259045,-269.89923005225137,840.6247928403318,0.0,0.0,0.0,0.0,0.0,0.0,0.0,0.0,1750362102.1128075,0.0,nothing
14.934476137161257,115.0,-1501.7624370572155,-698.4730654745363,-252.3964982596226,857.9218301353976,0.0,0.0,0.0,0.0,0.0,0.0,0.0,0.0,1750362102.231674,0.0,nothing
15.035329103469849,125.0,-1502.5926948473789,-701.3527884404175,-242.9495109715499,859.0662395218387,0.0,0.0,0.0,0.0,0.0,0.0,0.0,0.0,1750362102.322796,0.0,nothing
15.135941982269289,135.0,-1500.8873004675845,-713.2194909998216,-255.515574822668,861.8449851889163,0.0,0.0,0.0,0.0,0.0,0.0,0.0,0.0,1750362102.4266572,0.0,nothing
15.23716688156128,144.0,-1526.303660566453,-716.0094563667662,-281.6350361132063,840.3069013440982,0.0,0.0,0.0,0.0,0.0,0.0,0.0,0.0,1750362102.5160372,0.0,nothing
15.33777141571045,155.0,-1503.4079930377193,-706.0201835851185,-257.2508884021081,853.901437683031,0.0,0.0,0.0,0.0,0.0,0.0,0.0,0.0,1750362102.622524,0.0,nothing
15.438297033309937,165.0,-1505.629493611399,-703.0544429202564,-249.9244243889116,862.3461317829788,0.0,0.0,0.0,0.0,0.0,0.0,0.0,0.0,1750362102.726144,0.0,nothing
15.53875994682312,176.0,-1482.9170811804945,-697.040683791507,-236.7150977454148,868.4758278103545,0.0,0.0,0.0,0.0,0.0,0.0,0.0,0.0,1750362102.8328235,0.0,nothing
15.6396164894104,185.0,-1497.996357801836,-707.3515879693441,-251.68591726804152,850.9880556175485,0.0,0.0,0.0,0.0,0.0,0.0,0.0,0.0,1750362102.9229252,0.0,nothing
15.740971088409424,195.0,-1494.8548418390565,-716.2637695637532,-248.92213120078668,858.8044465249404,0.0,0.0,0.0,0.0,0.0,0.0,0.0,0.0,1750362103.0266132,0.0,nothing
15.841917037963867,104.0,-1475.9664771128446,-687.5076788044535,-223.72455524932596,877.5693945526145,0.0,0.0,0.0,0.0,0.0,0.0,0.0,0.0,1750362103.1177988,0.0,nothing
15.94234585762024,116.0,-1487.672363974154,-699.7895102589391,-218.3577988129109,871.8735269200988,0.0,0.0,0.0,0.0,0.0,0.0,0.0,0.0,1750362103.2378595,0.0,nothing
16.04316806793213,125.0,-1538.793056468479,-727.8537195264362,-283.1366059454158,819.8926574359648,0.0,0.0,0.0,0.0,0.0,0.0,0.0,0.0,1750362103.327718,0.0,nothing
16.14363694190979,135.0,-1530.920567061752,-730.6324651935138,-288.26774868462235,825.775520066265,0.0,0.0,0.0,0.0,0.0,0.0,0.0,0.0,1750362103.4314055,0.0,nothing
16.244500398635864,144.0,-1485.5593204991892,-682.2381597668864,-218.4363367119804,870.5907412352972,0.0,0.0,0.0,0.0,0.0,0.0,0.0,0.0,1750362103.5212283,0.0,nothing
16.345248460769653,156.0,-1489.3328795544803,-678.9246084061451,-220.35116548929363,878.7811221382581,0.0,0.0,0.0,0.0,0.0,0.0,0.0,0.0,1750362103.6411474,0.0,nothing
16.44618248939514,165.0,-1534.9185201143846,-719.6820381232537,-280.5747744757682,821.2315416201018,0.0,0.0,0.0,0.0,0.0,0.0,0.0,0.0,1750362103.7317114,0.0,nothing
16.547024726867676,174.0,-1492.0779661219567,-691.9618996516801,-209.70367031544447,871.364900526125,0.0,0.0,0.0,0.0,0.0,0.0,0.0,0.0,1750362103.821396,0.0,nothing
16.64775013923645,186.0,-1483.7604286205024,-699.4005606635474,-210.96027670055628,867.4043464730494,0.0,0.0,0.0,0.0,0.0,0.0,0.0,0.0,1750362103.9412403,0.0,nothing
16.74828338623047,195.0,-1525.6547879241407,-732.3004605737515,-272.5115501713008,829.1002911268733,0.0,0.0,0.0,0.0,0.0,0.0,0.0,0.0,1750362104.0314536,0.0,nothing
16.84911870956421,105.0,-1492.5174043667505,-717.2080943025649,-223.55438980134204,859.9021071619354,0.0,0.0,0.0,0.0,0.0,0.0,0.0,0.0,1750362104.136757,0.0,nothing
16.949963092803955,114.0,-1505.6220138114877,-692.3265398973599,-234.7965290681459,849.5874630841427,0.0,0.0,0.0,0.0,0.0,0.0,0.0,0.0,1750362104.2265625,0.0,nothing
17.050699949264526,126.0,-1531.247808307875,-724.8374902121723,-266.3650245941244,826.6057778564282,0.0,0.0,0.0,0.0,0.0,0.0,0.0,0.0,1750362104.3463829,0.0,nothing
17.15144419670105,135.0,-1509.2908556680195,-698.8339658202603,-232.48527089552957,851.2965973638929,0.0,0.0,0.0,0.0,0.0,0.0,0.0,0.0,1750362104.4366686,0.0,nothing
17.252259016036987,146.0,-1526.4756959644146,-709.451541794464,-264.56987261539325,828.5879248329438,0.0,0.0,0.0,0.0,0.0,0.0,0.0,0.0,1750362104.5428324,0.0,nothing
17.35272192955017,155.0,-1495.6364809297957,-699.574466011487,-227.98991114879027,868.904046355281,0.0,0.0,0.0,0.0,0.0,0.0,0.0,0.0,1750362104.632868,0.0,nothing
17.453356742858887,166.0,-1527.9866155465131,-731.7338657304645,-260.4298033644445,837.1672553312965,0.0,0.0,0.0,0.0,0.0,0.0,0.0,0.0,1750362104.7521117,0.0,nothing
17.55443501472473,176.0,-1526.0680468692444,-719.5230923751369,-262.7074024374597,829.1115108267404,0.0,0.0,0.0,0.0,0.0,0.0,0.0,0.0,1750362104.842796,0.0,nothing
17.65565776824951,186.0,-1519.5942800459452,-728.8915417641401,-257.82309309532866,825.9251160644926,0.0,0.0,0.0,0.0,0.0,0.0,0.0,0.0,1750362104.9464302,0.0,nothing
17.757148504257202,195.0,-1486.7392589352094,-714.7958588311449,-222.20802581729367,860.9904180490412,0.0,0.0,0.0,0.0,0.0,0.0,0.0,0.0,1750362105.0365164,0.0,nothing
17.858388423919678,105.0,-1492.7343185641805,-705.2759434939362,-219.1020389040932,861.5065242429264,0.0,0.0,0.0,0.0,0.0,0.0,0.0,0.0,1750362105.141244,0.0,nothing
17.958984851837158,114.0,-1521.961636717897,-722.5692408890463,-265.11028815899044,834.4558278634213,0.0,0.0,0.0,0.0,0.0,0.0,0.0,0.0,1750362105.2315235,0.0,nothing
18.05959844589233,126.0,-1510.338027655613,-710.6464398303069,-241.95656753331423,842.4218147690408,0.0,0.0,0.0,0.0,0.0,0.0,0.0,0.0,1750362105.351791,0.0,nothing
18.160438060760494,135.0,-1495.9805517257191,-714.2891023871489,-223.90781034715476,860.3022764571942,0.0,0.0,0.0,0.0,0.0,0.0,0.0,0.0,1750362105.4412625,0.0,nothing
18.26153016090393,146.0,-1508.041729082819,-710.4744044323452,-246.9081950746477,847.2575054117478,0.0,0.0,0.0,0.0,0.0,0.0,0.0,0.0,1750362105.5477731,0.0,nothing
18.362072229385376,155.0,-1494.0806825482289,-707.7068784651347,-225.76280072517693,859.5505565661006,0.0,0.0,0.0,0.0,0.0,0.0,0.0,0.0,1750362105.637715,0.0,nothing
18.46351408958435,167.0,-1515.3008748968132,-716.6302797594108,-259.4219003263861,827.1518032499589,0.0,0.0,0.0,0.0,0.0,0.0,0.0,0.0,1750362105.757799,0.0,nothing
18.564069747924805,176.0,-1510.1024139584042,-720.9386445083655,-256.10834896564484,838.2368667186238,0.0,0.0,0.0,0.0,0.0,0.0,0.0,0.0,1750362105.8478055,0.0,nothing
18.66513395309448,186.0,-1503.7445840337314,-707.6919188653119,-252.21511311177164,849.3630690868013,0.0,0.0,0.0,0.0,0.0,0.0,0.0,0.0,1750362105.9515083,0.0,nothing
18.766311407089237,197.0,-1507.4844839894213,-715.8972593680955,-255.97371256724,846.6927805184387,0.0,0.0,0.0,0.0,0.0,0.0,0.0,0.0,1750362106.057709,0.0,nothing
18.867170810699463,105.0,-1519.6653381451033,-738.963092344813,-270.56867214431986,837.6029536761343,0.0,0.0,0.0,0.0,0.0,0.0,0.0,0.0,1750362106.1465364,0.0,nothing
18.96817088127136,117.0,-1530.0360807222314,-724.09325012099,-272.7415540185757,827.4079863969237,0.0,0.0,0.0,0.0,0.0,0.0,0.0,0.0,1750362106.2666829,0.0,nothing
19.06922912597656,126.0,-1481.9521869919265,-699.2191755156964,-210.18050755979493,879.1457623839378,0.0,0.0,0.0,0.0,0.0,0.0,0.0,0.0,1750362106.3564615,0.0,nothing
19.170141458511356,137.0,-1539.206315413583,-734.2882174002007,-273.02578641520813,819.3896408919245,0.0,0.0,0.0,0.0,0.0,0.0,0.0,0.0,1750362106.4628444,0.0,nothing
19.2711660861969,146.0,-1454.8005133136176,-693.2951739858836,-193.6015310562216,887.212726588361,0.0,0.0,0.0,0.0,0.0,0.0,0.0,0.0,1750362106.5534608,0.0,nothing
19.371899127960205,156.0,-1483.4668464739807,-704.8888638485223,-222.55957641312853,861.848725088872,0.0,0.0,0.0,0.0,0.0,0.0,0.0,0.0,1750362106.6565454,0.0,nothing
19.47281551361084,167.0,-1532.2987201954238,-718.4048622883856,-277.4164289631881,819.0119109963998,0.0,0.0,0.0,0.0,0.0,0.0,0.0,0.0,1750362106.762677,0.0,nothing
19.573522090911865,177.0,-1533.8358190772124,-729.8788753524423,-283.2207536944188,820.324615880847,0.0,0.0,0.0,0.0,0.0,0.0,0.0,0.0,1750362106.8667378,0.0,nothing
19.67510151863098,186.0,-1478.4067618339325,-693.8150200797245,-218.2661712639965,873.8799832463264,0.0,0.0,0.0,0.0,0.0,0.0,0.0,0.0,1750362106.956767,0.0,nothing
19.77579689025879,197.0,-1530.4325101175343,-742.665593300946,-281.5714578139596,826.4094331087545,0.0,0.0,0.0,0.0,0.0,0.0,0.0,0.0,1750362107.0628617,0.0,nothing
19.876909971237183,105.0,-1519.0576044023037,-717.3502105008811,-263.6031084768474,831.117967152968,0.0,0.0,0.0,0.0,0.0,0.0,0.0,0.0,1750362107.1512685,0.0,nothing
19.978071689605716,117.0,-1481.06396075245,-696.0664398530498,-218.320399813354,866.7143349312246,0.0,0.0,0.0,0.0,0.0,0.0,0.0,0.0,1750362107.2716968,0.0,nothing
20.07853841781616,126.0,-1495.3989972826091,-695.4156972607598,-247.33080376964065,841.6869244277477,0.0,0.0,0.0,0.0,0.0,0.0,0.0,0.0,1750362107.3614943,0.0,nothing
20.179299354553223,137.0,-1480.3571196608243,-707.6339504159987,-231.346471359022,869.9867473924533,0.0,0.0,0.0,0.0,0.0,0.0,0.0,0.0,1750362107.4676929,0.0,nothing
20.27989506721497,146.0,-1513.253279671073,-708.1238773101941,-251.7850246168673,840.864146437496,0.0,0.0,0.0,0.0,0.0,0.0,0.0,0.0,1750362107.558053,0.0,nothing
20.380746603012085,158.0,-1537.9740183781832,-734.2732578003779,-277.104147316888,822.2918032575399,0.0,0.0,0.0,0.0,0.0,0.0,0.0,0.0,1750362107.6776636,0.0,nothing
20.481565952301025,167.0,-1490.3426525425166,-698.1308646285906,-212.0224082879722,863.236227972433,0.0,0.0,0.0,0.0,0.0,0.0,0.0,0.0,1750362107.767877,0.0,nothing
20.58233904838562,177.0,-1496.7042223671451,-699.1630770163611,-212.6170523809269,860.3191060069948,0.0,0.0,0.0,0.0,0.0,0.0,0.0,0.0,1750362107.8713443,0.0,nothing
20.68374538421631,188.0,-1533.0410903366285,-738.5404836498201,-266.8680411381647,818.0283173080534,0.0,0.0,0.0,0.0,0.0,0.0,0.0,0.0,1750362107.9774663,0.0,nothing
20.784292459487915,198.0,-1533.2654843339697,-740.2383982297033,-261.89023429714143,829.4499717727304,0.0,0.0,0.0,0.0,0.0,0.0,0.0,0.0,1750362108.0813808,0.0,nothing
20.88668179512024,107.0,-1485.3517560516484,-704.4737349534407,-213.27153487317264,867.1201140764169,0.0,0.0,0.0,0.0,0.0,0.0,0.0,0.0,1750362108.17255,0.0,nothing
20.98762035369873,117.0,-1494.1293012476526,-703.7444544620812,-209.782208214514,861.8917339383624,0.0,0.0,0.0,0.0,0.0,0.0,0.0,0.0,1750362108.2761805,0.0,nothing
21.088300228118896,128.0,-1516.8903323779814,-727.8780288761482,-231.1856556609273,850.9113876684569,0.0,0.0,0.0,0.0,0.0,0.0,0.0,0.0,1750362108.3826823,0.0,nothing
21.19049334526062,138.0,-1524.6655843858607,-715.7906722193584,-232.6442166436464,845.6418686308898,0.0,0.0,0.0,0.0,0.0,0.0,0.0,0.0,1750362108.4864888,0.0,nothing
21.291544914245605,147.0,-1503.942798731383,-693.6205452820286,-194.97220438998195,859.3074630689807,0.0,0.0,0.0,0.0,0.0,0.0,0.0,0.0,1750362108.5764005,0.0,nothing
21.3921811580658,156.0,-1546.4131026281975,-736.1581673780456,-250.24792573507875,818.5462934519164,0.0,0.0,0.0,0.0,0.0,0.0,0.0,0.0,1750362108.6666276,0.0,nothing
21.49318027496338,167.0,-1503.0414828420617,-702.8169592730701,-191.8456480270252,857.8676015860401,0.0,0.0,0.0,0.0,0.0,0.0,0.0,0.0,1750362108.7729263,0.0,nothing
21.593992471694943,179.0,-1523.7119098971598,-732.4220073223114,-234.45058832224456,828.8235385301523,0.0,0.0,0.0,0.0,0.0,0.0,0.0,0.0,1750362108.8924572,0.0,nothing
21.69495391845703,188.0,-1506.1942185047085,-710.3341581840068,-222.90551715902984,840.5556046911515,0.0,0.0,0.0,0.0,0.0,0.0,0.0,0.0,1750362108.9828544,0.0,nothing
21.795418977737427,198.0,-1508.0230295830406,-722.6907876376063,-226.5519196158275,834.351110664662,0.0,0.0,0.0,0.0,0.0,0.0,0.0,0.0,1750362109.086696,0.0,nothing
21.896211862564087,107.0,-1532.6166116916577,-732.7342889686115,-248.34244670765477,809.0058086649515,0.0,0.0,0.0,0.0,0.0,0.0,0.0,0.0,1750362109.1775775,0.0,nothing
21.997287034988403,118.0,-1478.5264386325143,-701.3153894408606,-179.4759289235808,863.5709490184672,0.0,0.0,0.0,0.0,0.0,0.0,0.0,0.0,1750362109.297187,0.0,nothing
22.098002672195435,128.0,-1487.5059384261258,-701.6183213372715,-176.79816055530682,869.9362587430514,0.0,0.0,0.0,0.0,0.0,0.0,0.0,0.0,1750362109.3881896,0.0,nothing
22.198686361312863,138.0,-1484.3719022632577,-710.7773363287561,-176.181077062618,870.8749736319296,0.0,0.0,0.0,0.0,0.0,0.0,0.0,0.0,1750362109.4913757,0.0,nothing
22.299654006958008,147.0,-1532.6203515916131,-738.819106196519,-238.1661789282225,820.8014531251974,0.0,0.0,0.0,0.0,0.0,0.0,0.0,0.0,1750362109.581376,0.0,nothing
22.400436639785767,158.0,-1482.4533335859887,-705.0029307971708,-177.2095495504327,866.2973360861652,0.0,0.0,0.0,0.0,0.0,0.0,0.0,0.0,1750362109.687926,0.0,nothing
22.50159883499145,167.0,-1528.2297090436332,-742.039160058368,-242.63161947531623,818.9950814465992,0.0,0.0,0.0,0.0,0.0,0.0,0.0,0.0,1750362109.7760656,0.0,nothing
22.602684259414676,179.0,-1527.3134335544892,-736.623784922529,-235.6492262580432,819.2456547436304,0.0,0.0,0.0,0.0,0.0,0.0,0.0,0.0,1750362109.897886,0.0,nothing
22.703293561935425,188.0,-1486.249332041014,-696.9771054922603,-174.68511708034202,867.8419147678651,0.0,0.0,0.0,0.0,0.0,0.0,0.0,0.0,1750362109.9877746,0.0,nothing
22.80424809455872,198.0,-1479.2332797241395,-685.3796757296659,-182.2097957911901,859.8647081623785,0.0,0.0,0.0,0.0,0.0,0.0,0.0,0.0,1750362110.0913265,0.0,nothing
22.904788970947266,107.0,-1503.1611596406435,-728.3586060204543,-212.50672533223403,827.4210760467686,0.0,0.0,0.0,0.0,0.0,0.0,0.0,0.0,1750362110.1826663,0.0,nothing
23.005560398101807,119.0,-1483.9305940684862,-692.8258165414445,-183.09615208068865,861.5140040428378,0.0,0.0,0.0,0.0,0.0,0.0,0.0,0.0,1750362110.3031952,0.0,nothing
23.10681939125061,128.0,-1520.3385201371275,-723.6388522763737,-225.50661757821217,823.0678324983455,0.0,0.0,0.0,0.0,0.0,0.0,0.0,0.0,1750362110.3928027,0.0,nothing
23.207961320877075,138.0,-1523.2930411021223,-724.5326883657835,-220.85044213337824,832.2492868895642,0.0,0.0,0.0,0.0,0.0,0.0,0.0,0.0,1750362110.4964683,0.0,nothing
23.308644771575928,147.0,-1511.8339876378886,-718.9864167314954,-215.6445013950579,832.7840925832279,0.0,0.0,0.0,0.0,0.0,0.0,0.0,0.0,1750362110.5865805,0.0,nothing
23.409781217575077,159.0,-1492.6483008651994,-705.5751354903914,-162.69873772235587,867.0303564774804,0.0,0.0,0.0,0.0,0.0,0.0,0.0,0.0,1750362110.7065375,0.0,nothing
23.510583639144897,168.0,-1531.1767502087168,-720.7965283100493,-203.62072303751484,824.6610298794694,0.0,0.0,0.0,0.0,0.0,0.0,0.0,0.0,1750362110.7967153,0.0,nothing
23.611475944519043,177.0,-1534.673556667287,-726.1894640461542,-198.44470149884,831.3778901998885,0.0,0.0,0.0,0.0,0.0,0.0,0.0,0.0,1750362110.8864012,0.0,nothing
23.71201801300049,188.0,-1534.613718267996,-730.3594524967484,-183.6010385747068,825.1285173739307,0.0,0.0,0.0,0.0,0.0,0.0,0.0,0.0,1750362110.9927163,0.0,nothing
23.81274962425232,198.0,-1532.8971041883342,-733.9310569544323,-195.5574987330474,829.7472938192077,0.0,0.0,0.0,0.0,0.0,0.0,0.0,0.0,1750362111.0964277,0.0,nothing
23.91358423233032,108.0,-1539.699982207734,-743.884800686501,-214.6627776566893,807.6594446809031,0.0,0.0,0.0,0.0,0.0,0.0,0.0,0.0,1750362111.202721,0.0,nothing
24.01451539993286,119.0,-1517.53359517036,-708.1388369100168,-184.5341436136514,840.0058393976651,0.0,0.0,0.0,0.0,0.0,0.0,0.0,0.0,1750362111.3076968,0.0,nothing
24.11528515815735,128.0,-1546.6786355250515,-745.0628691725433,-225.94979572296145,813.3702719132416,0.0,0.0,0.0,0.0,0.0,0.0,0.0,0.0,1750362111.3978832,0.0,nothing
24.21645832061768,138.0,-1547.5238529150374,-729.7031000545248,-230.37783727049828,810.640144945588,0.0,0.0,0.0,0.0,0.0,0.0,0.0,0.0,1750362111.5016026,0.0,nothing
24.317360639572144,148.0,-1547.7519868123345,-740.9527191212401,-227.05306620988995,812.4315570243634,0.0,0.0,0.0,0.0,0.0,0.0,0.0,0.0,1750362111.6068983,0.0,nothing
24.418522357940677,159.0,-1513.3561269198544,-712.3275248603895,-182.4921582378447,849.4042079863138,0.0,0.0,0.0,0.0,0.0,0.0,0.0,0.0,1750362111.7115357,0.0,nothing
24.519556045532227,168.0,-1548.7019214010795,-742.3851008042693,-218.01746791694316,810.2698948499747,0.0,0.0,0.0,0.0,0.0,0.0,0.0,0.0,1750362111.8018537,0.0,nothing
24.6206328868866,179.0,-1516.6023600813933,-715.4204221237451,-180.50253146141768,851.4087943625636,0.0,0.0,0.0,0.0,0.0,0.0,0.0,0.0,1750362111.9076064,0.0,nothing
24.72105646133423,189.0,-1508.0492088827305,-706.8373517254367,-175.80147721711546,849.3967281864025,0.0,0.0,0.0,0.0,0.0,0.0,0.0,0.0,1750362112.0112383,0.0,nothing
24.82472586631775,200.0,-1513.2925486206077,-717.1519958032295,-187.3465483803302,844.9948659385554,0.0,0.0,0.0,0.0,0.0,0.0,0.0,0.0,1750362112.1176777,0.0,nothing
24.925144910812374,110.0,-1495.0156575371511,-714.7678095814772,-160.1873949021101,868.0644388152286,0.0,0.0,0.0,0.0,0.0,0.0,0.0,0.0,1750362112.222705,0.0,nothing
25.0257260799408,119.0,-1550.822444675956,-741.1528037688695,-233.8821235289797,814.4978517498821,0.0,0.0,0.0,0.0,0.0,0.0,0.0,0.0,1750362112.3128805,0.0,nothing
25.126133680343628,129.0,-1562.8163038338537,-748.4568283823319,-220.83361258357763,799.8187444237992,0.0,0.0,0.0,0.0,0.0,0.0,0.0,0.0,1750362112.4165854,0.0,nothing
25.2276554107666,138.0,-1510.3754266551696,-702.5308569264598,-163.39248916413635,858.7221687259153,0.0,0.0,0.0,0.0,0.0,0.0,0.0,0.0,1750362112.5060885,0.0,nothing
25.32837581634521,150.0,-1499.1594666880555,-705.7621304881759,-161.69083468429744,861.837505389005,0.0,0.0,0.0,0.0,0.0,0.0,0.0,0.0,1750362112.626814,0.0,nothing
25.42899489402771,159.0,-1552.942967950832,-728.3548661204986,-226.09191192127764,806.9208144396544,0.0,0.0,0.0,0.0,0.0,0.0,0.0,0.0,1750362112.7164052,0.0,nothing
25.52981209754944,168.0,-1509.0253227711655,-709.5319496435113,-158.01825292780995,854.9299101708457,0.0,0.0,0.0,0.0,0.0,0.0,0.0,0.0,1750362112.816459,0.0,nothing
25.63029646873474,179.0,-1557.311171099078,-741.2163820681162,-227.68136940244585,796.40795566421,0.0,0.0,0.0,0.0,0.0,0.0,0.0,0.0,1750362112.9124298,0.0,nothing
25.73074960708618,189.0,-1557.3523099985905,-733.1494178636931,-220.16791039146483,802.2384596951306,0.0,0.0,0.0,0.0,0.0,0.0,0.0,0.0,1750362113.016615,0.0,nothing
25.831770420074463,200.0,-1497.0277237133123,-710.6838388298638,-150.50479391682893,867.0172668276355,0.0,0.0,0.0,0.0,0.0,0.0,0.0,0.0,1750362113.122785,0.0,nothing
25.9322292804718,110.0,-1540.9603284928016,-733.1456779637374,-214.74879535567013,824.3693176829256,0.0,0.0,0.0,0.0,0.0,0.0,0.0,0.0,1750362113.2276645,0.0,nothing
26.033345460891724,119.0,-1514.5977737051437,-724.936597560998,-181.94987274426967,842.5863703670911,0.0,0.0,0.0,0.0,0.0,0.0,0.0,0.0,1750362113.3175988,0.0,nothing
26.134477376937863,129.0,-1513.9806902124546,-717.2922420515679,-183.94697932060808,851.9024611567147,0.0,0.0,0.0,0.0,0.0,0.0,0.0,0.0,1750362113.4213786,0.0,nothing
26.23491883277893,140.0,-1535.7768271542154,-740.917190071661,-210.915397901088,820.4461626294069,0.0,0.0,0.0,0.0,0.0,0.0,0.0,0.0,1750362113.527675,0.0,nothing
26.33570694923401,150.0,-1540.3843838996254,-735.501814935822,-219.49846829939636,820.5209606285207,0.0,0.0,0.0,0.0,0.0,0.0,0.0,0.0,1750362113.6312492,0.0,nothing
26.436124086380005,159.0,-1510.1360730580054,-718.6685252352618,-191.52401663083583,842.1936808717437,0.0,0.0,0.0,0.0,0.0,0.0,0.0,0.0,1750362113.7213557,0.0,nothing
26.536691427230835,168.0,-1502.181305852253,-693.820629929658,-194.21300469897687,844.0972899491899,0.0,0.0,0.0,0.0,0.0,0.0,0.0,0.0,1750362113.8111424,0.0,nothing
26.63738775253296,179.0,-1518.4049918600358,-735.5616533351131,-194.2092647990212,837.836697423365,0.0,0.0,0.0,0.0,0.0,0.0,0.0,0.0,1750362113.917612,0.0,nothing
26.73832654953003,191.0,-1498.0898553007282,-697.2164590894245,-168.2618389064446,862.9837847254239,0.0,0.0,0.0,0.0,0.0,0.0,0.0,0.0,1750362114.0377364,0.0,nothing
26.839427947998047,200.0,-1529.0487471339293,-738.8041465966962,-221.1402843799442,822.024400410708,0.0,0.0,0.0,0.0,0.0,0.0,0.0,0.0,1750362114.1277237,0.0,nothing
26.93992829322815,108.0,-1544.6291703493334,-742.1812762566842,-237.2368137892336,813.5535270110704,0.0,0.0,0.0,0.0,0.0,0.0,0.0,0.0,1750362114.2163837,0.0,nothing
27.040327548980716,120.0,-1535.6571503556331,-729.4394371076487,-225.04847983364016,824.8779440768994,0.0,0.0,0.0,0.0,0.0,0.0,0.0,0.0,1750362114.3364556,0.0,nothing
27.14098143577576,129.0,-1488.130501718726,-700.1261012549512,-166.68734102509916,874.6522725871764,0.0,0.0,0.0,0.0,0.0,0.0,0.0,0.0,1750362114.4263818,0.0,nothing
27.241577625274655,140.0,-1533.648824079428,-732.607132370118,-222.34827206563205,824.593711680267,0.0,0.0,0.0,0.0,0.0,0.0,0.0,0.0,1750362114.5325694,0.0,nothing
27.3422532081604,149.0,-1493.6244147536345,-708.0434694611467,-172.84695625212044,864.2067320109345,0.0,0.0,0.0,0.0,0.0,0.0,0.0,0.0,1750362114.6239135,0.0,nothing
27.44288802146912,161.0,-1507.8883931846358,-728.4034848199226,-205.3953055664897,846.4683865210973,0.0,0.0,0.0,0.0,0.0,0.0,0.0,0.0,1750362114.7425983,0.0,nothing
27.544046878814697,170.0,-1529.7817675252445,-739.1033385931514,-223.892850747332,825.3828305709176,0.0,0.0,0.0,0.0,0.0,0.0,0.0,0.0,1750362114.8327389,0.0,nothing
27.644497632980347,179.0,-1488.418474015314,-679.1116034039296,-178.95047297980636,869.6969051458873,0.0,0.0,0.0,0.0,0.0,0.0,0.0,0.0,1750362114.922804,0.0,nothing
27.74551558494568,189.0,-1484.525238161441,-693.181107037235,-173.4490801449865,868.735750857275,0.0,0.0,0.0,0.0,0.0,0.0,0.0,0.0,1750362115.0262098,0.0,nothing
27.84591007232666,200.0,-1530.9635759112423,-732.7081096689217,-223.83675224799663,834.1005373676307,0.0,0.0,0.0,0.0,0.0,0.0,0.0,0.0,1750362115.1333842,0.0,nothing
27.946894884109497,110.0,-1491.0326640843414,-706.4334425302222,-180.3379758633673,869.0068936040625,0.0,0.0,0.0,0.0,0.0,0.0,0.0,0.0,1750362115.2378683,0.0,nothing
28.047884941101078,119.0,-1521.1126794279553,-725.1965206079185,-230.24694077204916,831.5368359480053,0.0,0.0,0.0,0.0,0.0,0.0,0.0,0.0,1750362115.3278828,0.0,nothing
28.148595571517944,129.0,-1444.687823833432,-738.0580365555361,-254.2309191878885,805.4547736570239,0.0,0.0,0.0,0.0,0.0,0.0,0.0,0.0,1750362115.431368,0.0,nothing
28.249547958374023,138.0,-1469.8872697348706,-734.886601393111,-218.83276610728356,830.3138886624947,0.0,0.0,0.0,0.0,0.0,0.0,0.0,0.0,1750362115.5210958,0.0,nothing
28.350189924240112,150.0,-1475.358743370045,-702.4654086772352,-183.5655095251277,881.471980156377,0.0,0.0,0.0,0.0,0.0,0.0,0.0,0.0,1750362115.641522,0.0,nothing
28.45108008384705,159.0,-1525.5594204752706,-737.8037233585492,-235.2920658122748,838.343453867361,0.0,0.0,0.0,0.0,0.0,0.0,0.0,0.0,1750362115.732581,0.0,nothing
28.55175876617432,170.0,-1447.159897704143,-688.0967130474746,-220.5531200869009,870.689848584123,0.0,0.0,0.0,0.0,0.0,0.0,0.0,0.0,1750362115.8366687,0.0,nothing
28.65252161026001,180.0,-1448.1285317926668,-566.4415073888376,-281.07218116987497,871.6921417722479,0.0,0.0,0.0,0.0,0.0,0.0,0.0,0.0,1750362115.941347,0.0,nothing
28.75306725502014,191.0,-1354.3468005037869,-807.2611453356221,-324.260545858182,823.3988136444241,0.0,0.0,0.0,0.0,0.0,0.0,0.0,0.0,1750362116.0478735,0.0,left_blink
28.853634119033813,200.0,-1260.1536802197809,-983.552549446933,-165.6326892375946,879.3402371816337,0.0,0.0,0.0,0.0,0.0,0.0,0.0,0.0,1750362116.1377978,0.0,left_blink
28.95538306236267,110.0,-1247.1874470734035,-958.7027841913514,-210.70596350356936,834.5175362126902,0.0,0.0,0.0,0.0,0.0,0.0,0.0,0.0,1750362116.242864,0.0,left_blink
29.056379318237305,119.0,-1250.658074232284,-844.5647774436511,-267.58984182961285,774.4248237246647,0.0,0.0,0.0,0.0,0.0,0.0,0.0,0.0,1750362116.3328657,0.0,left_blink
29.15787625312805,129.0,-1250.6356348325498,-825.3678709710948,-284.7709422260523,748.5334963314235,0.0,0.0,0.0,0.0,0.0,0.0,0.0,0.0,1750362116.4365692,0.0,left_blink
29.258925199508667,141.0,-1196.23878997704,-773.3009837879799,-260.966479008086,772.2818610500544,0.0,0.0,0.0,0.0,0.0,0.0,0.0,0.0,1750362116.5564585,0.0,left_blink
29.3600652217865,150.0,-1213.4685090729035,-759.9719803459011,-268.70807191636413,759.7905951980501,0.0,0.0,0.0,0.0,0.0,0.0,0.0,0.0,1750362116.646371,0.0,left_blink
29.460447311401367,161.0,-1210.3718719095923,-708.5259165554307,-273.0201765652746,763.3547198558226,0.0,0.0,0.0,0.0,0.0,0.0,0.0,0.0,1750362116.753003,0.0,left_blink
29.561214208602905,170.0,-1190.4793440452777,-735.8122266321443,-278.59262749925256,762.7301565632224,0.0,0.0,0.0,0.0,0.0,0.0,0.0,0.0,1750362116.842886,0.0,left_blink
29.66175746917725,180.0,-1241.0614909459837,-742.0428999583237,-268.18448592256755,779.5260472642258,0.0,0.0,0.0,0.0,0.0,0.0,0.0,0.0,1750362116.9464,0.0,left_blink
29.76270890235901,191.0,-1241.4728799411096,-760.4357279404067,-269.4261327078566,776.2050161035731,0.0,0.0,0.0,0.0,0.0,0.0,0.0,0.0,1750362117.0529451,0.0,left_blink
29.86376667022705,101.0,-1227.1322335610166,-718.6647853353061,-263.8892108234577,775.2064628154039,0.0,0.0,0.0,0.0,0.0,0.0,0.0,0.0,1750362117.1579204,0.0,left_blink
29.96509599685669,110.0,-1334.7366350861266,-698.3384290761314,-332.2171830139123,754.3677402622998,0.0,0.0,0.0,0.0,0.0,0.0,0.0,0.0,1750362117.2479956,0.0,left_blink
30.065916776657104,120.0,-1391.6392129119486,-688.6857472904958,-329.0981064508669,759.5736810006201,0.0,0.0,0.0,0.0,0.0,0.0,0.0,0.0,1750362117.3516014,0.0,left_blink
30.16689896583557,131.0,-1344.3631375720724,-633.8027154407464,-269.3307652589865,806.6852007424459,0.0,0.0,0.0,0.0,0.0,0.0,0.0,0.0,1750362117.457599,0.0,left_blink
30.26773452758789,140.0,-1409.4560963008553,-691.7075864546932,-323.11800642171875,768.8411530908197,0.0,0.0,0.0,0.0,0.0,0.0,0.0,0.0,1750362117.5482776,0.0,left_blink
30.369027614593502,150.0,-1476.3142878087235,-691.9918188513257,-302.03619037149474,786.5682788807899,0.0,0.0,0.0,0.0,0.0,0.0,0.0,0.0,1750362117.6516757,0.0,left_blink
30.470091342926025,161.0,-1390.2816292280331,-663.3591447905637,-242.5792608759366,830.4971437603235,0.0,0.0,0.0,0.0,0.0,0.0,0.0,0.0,1750362117.757907,0.0,left_blink
30.5719051361084,171.0,-1388.9128258442506,-684.4409608407877,-236.25882995082063,832.2474169395864,0.0,0.0,0.0,0.0,0.0,0.0,0.0,0.0,1750362117.8618183,0.0,left_blink
30.673203945159912,182.0,-1444.641075083986,-681.5986368744634,-282.91408189805225,815.9975516321138,0.0,0.0,0.0,0.0,0.0,0.0,0.0,0.0,1750362117.9680111,0.0,left_blink
30.77434182167053,191.0,-1389.9151190323755,-725.9351508491673,-225.2523043812253,848.0821533519775,0.0,0.0,0.0,0.0,0.0,0.0,0.0,0.0,1750362118.0576508,0.0,left_blink
30.87521243095398,101.0,-1426.2987357513048,-723.3003913303837,-279.08255439344794,805.9297409513965,0.0,0.0,0.0,0.0,0.0,0.0,0.0,0.0,1750362118.162999,0.0,left_blink
30.976133346557617,110.0,-1421.3732875096612,-675.9607376912609,-250.3077641343698,822.157166859135,0.0,0.0,0.0,0.0,0.0,0.0,0.0,0.0,1750362118.252826,0.0,left_blink
31.077056407928467,122.0,-1439.9194513899274,-656.4197604227811,-229.95148867554963,839.959090648219,0.0,0.0,0.0,0.0,0.0,0.0,0.0,0.0,1750362118.3727164,0.0,left_blink
31.178215503692627,131.0,-1475.8748495639302,-669.8123421641067,-288.9820695761591,799.953380822204,0.0,0.0,0.0,0.0,0.0,0.0,0.0,0.0,1750362118.4629118,0.0,left_blink
31.278807401657104,141.0,-1511.250563244801,-630.9323422247544,-304.90656358748674,811.146901389584,0.0,0.0,0.0,0.0,0.0,0.0,0.0,0.0,1750362118.566546,0.0,left_blink
31.379456758499146,150.0,-1475.6392358667215,-621.7770671332255,-281.22925696801394,833.3170283269137,0.0,0.0,0.0,0.0,0.0,0.0,0.0,0.0,1750362118.6564703,0.0,left_blink
31.48071885108948,162.0,-1494.2040992467664,-618.8113264683634,-244.6418157014996,867.63809022028,0.0,0.0,0.0,0.0,0.0,0.0,0.0,0.0,1750362118.776654,0.0,left_blink
31.58129572868347,171.0,-1516.0413750880398,-670.2985291583464,-293.5821465216577,819.4120802916586,0.0,0.0,0.0,0.0,0.0,0.0,0.0,0.0,1750362118.866442,0.0,left_blink
31.68206119537353,182.0,-1487.9435067209415,-657.1490409141406,-238.2578064771369,863.3110259715468,0.0,0.0,0.0,0.0,0.0,0.0,0.0,0.0,1750362118.9727628,0.0,left_blink
31.783833265304565,191.0,-1563.975672820117,-675.1342198010534,-286.1808845093474,818.0844158073887,0.0,0.0,0.0,0.0,0.0,0.0,0.0,0.0,1750362119.0630512,0.0,left_blink
31.885651111602783,102.0,-1518.1768579627387,-688.5342813422903,-274.0467791031115,853.0001217937097,0.0,0.0,0.0,0.0,0.0,0.0,0.0,0.0,1750362119.181156,0.0,left_blink
31.98650622367859,111.0,-1539.9842146043666,-667.6768592894077,-282.181061506737,859.7730806134641,0.0,0.0,0.0,0.0,0.0,0.0,0.0,0.0,1750362119.272227,0.0,left_blink
32.08856749534607,122.0,-1533.9891549753956,-685.9911493724212,-275.5950976847671,869.253727001138,0.0,0.0,0.0,0.0,0.0,0.0,0.0,0.0,1750362119.3778472,0.0,left_blink
32.18989419937134,131.0,-1505.9511250075884,-714.5228461343795,-291.190480499994,843.4371976070106,0.0,0.0,0.0,0.0,0.0,0.0,0.0,0.0,1750362119.468012,0.0,left_blink
32.29089832305908,141.0,-1515.9628371889703,-718.6591754853725,-291.4148744973354,861.3513183947653,0.0,0.0,0.0,0.0,0.0,0.0,0.0,0.0,1750362119.5712495,0.0,left_blink
32.391878843307495,153.0,-1475.4335413691588,-697.0799527410418,-253.1781373503618,888.1851005768403,0.0,0.0,0.0,0.0,0.0,0.0,0.0,0.0,1750362119.691713,0.0,left_blink
32.493552923202515,162.0,-1498.3516482976263,-699.9447161071002,-274.90321619296446,856.2949736546725,0.0,0.0,0.0,0.0,0.0,0.0,0.0,0.0,1750362119.7814348,0.0,left_blink
32.59428858757019,173.0,-1472.62113660248,-715.8654702184722,-243.30854136729613,872.739313759841,0.0,0.0,0.0,0.0,0.0,0.0,0.0,0.0,1750362119.8878891,0.0,left_blink
32.69539952278137,182.0,-1509.4367117662914,-707.20760182105,-263.15993033209816,852.7233691969886,0.0,0.0,0.0,0.0,0.0,0.0,0.0,0.0,1750362119.9777594,0.0,left_blink
32.79674172401428,192.0,-1512.4136721310206,-713.5616918457672,-267.2962596830912,857.6188982389867,0.0,0.0,0.0,0.0,0.0,0.0,0.0,0.0,1750362120.0813663,0.0,left_blink
32.89696550369263,102.0,-1506.764553247951,-748.4325190326199,-292.21895298780873,832.9673476810567,0.0,0.0,0.0,0.0,0.0,0.0,0.0,0.0,1750362120.1862388,0.0,left_blink
32.99770402908325,113.0,-1475.3082547206432,-702.1475171810016,-242.26136937970296,874.7607296858914,0.0,0.0,0.0,0.0,0.0,0.0,0.0,0.0,1750362120.2928822,0.0,left_blink
33.098559856414795,122.0,-1546.1120406817645,-713.7711262432858,-307.10749471141025,837.4103488284163,0.0,0.0,0.0,0.0,0.0,0.0,0.0,0.0,1750362120.3828628,0.0,left_blink
33.19905376434326,132.0,-1542.764830221422,-724.6991139138117,-297.50717152515426,831.3554508001544,0.0,0.0,0.0,0.0,0.0,0.0,0.0,0.0,1750362120.4864068,0.0,left_blink
33.299744606018066,141.0,-1474.152625634335,-708.8868169011548,-240.11840670509264,874.0277092945762,0.0,0.0,0.0,0.0,0.0,0.0,0.0,0.0,1750362120.5764792,0.0,left_blink
33.40044379234314,153.0,-1498.8696244414896,-682.0567746190354,-258.61221198597923,869.1284403526224,0.0,0.0,0.0,0.0,0.0,0.0,0.0,0.0,1750362120.6967323,0.0,left_blink
33.501410722732544,162.0,-1517.6588818188757,-717.3651701007038,-314.85656741959974,822.8022996014915,0.0,0.0,0.0,0.0,0.0,0.0,0.0,0.0,1750362120.7865076,0.0,left_blink
33.60217213630676,172.0,-1546.0035835830497,-728.8429230647162,-302.129687870387,831.8042387948371,0.0,0.0,0.0,0.0,0.0,0.0,0.0,0.0,1750362120.8918917,0.0,left_blink
33.70264935493469,182.0,-1543.9690780071542,-714.7921189311892,-304.8635547379963,827.8960433411412,0.0,0.0,0.0,0.0,0.0,0.0,0.0,0.0,1750362120.9828727,0.0,left_blink
33.80347919464111,192.0,-1525.0414443314075,-712.937128553167,-304.7476178393699,828.7898794305511,0.0,0.0,0.0,0.0,0.0,0.0,0.0,0.0,1750362121.0864286,0.0,left_blink
33.90468239784241,102.0,-1503.8044224330224,-689.1719342847355,-253.46797959692776,868.2233845633455,0.0,0.0,0.0,0.0,0.0,0.0,0.0,0.0,1750362121.1913836,0.0,left_blink
34.00532960891724,113.0,-1540.4180429992266,-705.0216302969493,-290.1451784623787,831.9313953933306,0.0,0.0,0.0,0.0,0.0,0.0,0.0,0.0,1750362121.2964668,0.0,left_blink
34.10627484321594,122.0,-1486.5896629369818,-709.3150354460813,-248.77066525258124,862.1722264350392,0.0,0.0,0.0,0.0,0.0,0.0,0.0,0.0,1750362121.3888896,0.0,left_blink
34.20695877075195,132.0,-1515.1288394988514,-714.311541786883,-259.3433624273166,866.7723033805378,0.0,0.0,0.0,0.0,0.0,0.0,0.0,0.0,1750362121.4915752,0.0,left_blink
34.30786776542664,142.0,-1498.591001894791,-689.8226768770255,-271.11656748782843,861.1699332469143,0.0,0.0,0.0,0.0,0.0,0.0,0.0,0.0,1750362121.597356,0.0,left_blink
34.408935546875,153.0,-1565.0752034070902,-702.7627307237126,-312.53221959713846,839.018505809363,0.0,0.0,0.0,0.0,0.0,0.0,0.0,0.0,1750362121.701656,0.0,left_blink
34.5096709728241,162.0,-1477.385769146029,-700.8815610460006,-260.2783374162391,871.6229536230676,0.0,0.0,0.0,0.0,0.0,0.0,0.0,0.0,1750362121.7914393,0.0,left_blink
34.610576152801514,173.0,-1540.9752880926244,-715.0258626784198,-317.0387990437448,839.3513569054194,0.0,0.0,0.0,0.0,0.0,0.0,0.0,0.0,1750362121.8979604,0.0,left_blink
34.711121559143066,182.0,-1496.7397514167242,-704.060476008337,-276.26640972681344,874.0725880940445,0.0,0.0,0.0,0.0,0.0,0.0,0.0,0.0,1750362121.9879315,0.0,left_blink
34.81191277503967,194.0,-1478.2197668361478,-706.3455548812635,-252.83593650441617,899.320652694907,0.0,0.0,0.0,0.0,0.0,0.0,0.0,0.0,1750362122.107907,0.0,left_blink
34.91249990463257,102.0,-1484.4691396621056,-687.9059781497344,-272.3301650234498,889.1013760659844,0.0,0.0,0.0,0.0,0.0,0.0,0.0,0.0,1750362122.1965632,0.0,left_blink
35.01274538040161,113.0,-1529.1385047328658,-706.2352278325707,-305.8022696268745,865.4839078458026,0.0,0.0,0.0,0.0,0.0,0.0,0.0,0.0,1750362122.3028493,0.0,left_blink
35.113794803619385,123.0,-1509.5189895653166,-716.4937734110281,-307.4216463076882,862.9968743752688,0.0,0.0,0.0,0.0,0.0,0.0,0.0,0.0,1750362122.406624,0.0,left_blink
35.21467423439026,132.0,-1481.4772196975537,-692.6369515936822,-277.3378910641186,899.453419143334,0.0,0.0,0.0,0.0,0.0,0.0,0.0,0.0,1750362122.4964838,0.0,left_blink
35.31591844558716,143.0,-1567.9661460728385,-666.0911417081952,-316.55822189943865,877.9228150984272,0.0,0.0,0.0,0.0,0.0,0.0,0.0,0.0,1750362122.6031654,0.0,left_blink
35.41662883758545,152.0,-1480.7105402066372,-707.7648469144478,-279.16296224249527,894.1240617064759,0.0,0.0,0.0,0.0,0.0,0.0,0.0,0.0,1750362122.6929317,0.0,left_blink
35.51800084114075,164.0,-1515.7870618910529,-732.0367976268753,-315.6905651097186,868.2364742131904,0.0,0.0,0.0,0.0,0.0,0.0,0.0,0.0,1750362122.811787,0.0,left_blink
35.61891317367554,173.0,-1565.486592402216,-688.754935439676,-312.29473594995216,874.4708874393255,0.0,0.0,0.0,0.0,0.0,0.0,0.0,0.0,1750362122.9029696,0.0,left_blink
35.71980404853821,183.0,-1532.8372657890432,-696.4553894484416,-313.177352339495,874.2577131418511,0.0,0.0,0.0,0.0,0.0,0.0,0.0,0.0,1750362123.006315,0.0,left_blink
35.82124662399292,192.0,-1505.1545263170265,-684.0987599948421,-290.7529122051783,901.9591521136464,0.0,0.0,0.0,0.0,0.0,0.0,0.0,0.0,1750362123.0961232,0.0,left_blink
35.921648263931274,104.0,-1542.7910095211118,-737.3773747636005,-335.5400841245428,861.523353792727,0.0,0.0,0.0,0.0,0.0,0.0,0.0,0.0,1750362123.2178788,0.0,left_blink
36.0223183631897,113.0,-1494.8417521892115,-695.6363513581455,-274.8302881438285,913.3658469785004,0.0,0.0,0.0,0.0,0.0,0.0,0.0,0.0,1750362123.307943,0.0,left_blink
36.12332057952881,124.0,-1537.9067001789808,-728.4726729691029,-336.8565289089456,860.5846389038488,0.0,0.0,0.0,0.0,0.0,0.0,0.0,0.0,1750362123.414126,0.0,left_blink
36.2238233089447,134.0,-1522.902221556753,-736.5770361730829,-342.6421541403979,847.1060394635424,0.0,0.0,0.0,0.0,0.0,0.0,0.0,0.0,1750362123.516409,0.0,left_blink
36.32468581199646,144.0,-1536.7548109926283,-725.5892101032659,-339.24632498063147,858.942822823301,0.0,0.0,0.0,0.0,0.0,0.0,0.0,0.0,1750362123.6217732,0.0,left_blink
36.42552256584168,153.0,-1516.8884624280035,-681.7688023224473,-275.765263132751,918.5680478168651,0.0,0.0,0.0,0.0,0.0,0.0,0.0,0.0,1750362123.7120943,0.0,left_blink
36.52616333961487,162.0,-1530.7073927642778,-727.0664705857635,-345.10300831124187,858.3743580300361,0.0,0.0,0.0,0.0,0.0,0.0,0.0,0.0,1750362123.801466,0.0,left_blink
36.627150535583496,173.0,-1483.6482316218317,-679.9886099435389,-291.323246948421,896.0127111840993,0.0,0.0,0.0,0.0,0.0,0.0,0.0,0.0,1750362123.9078872,0.0,left_blink
36.72826266288757,185.0,-1532.4988048430532,-669.5393294673413,-300.8562519354746,899.3412221446633,0.0,0.0,0.0,0.0,0.0,0.0,0.0,0.0,1750362124.0279343,0.0,left_blink
36.82936334609985,194.0,-1546.6543261753395,-730.110749149695,-337.4698725016788,858.2659009313211,0.0,0.0,0.0,0.0,0.0,0.0,0.0,0.0,1750362124.117942,0.0,left_blink
36.9299590587616,102.0,-1523.8521561454982,-722.4626537403092,-322.54019187856466,867.553942471277,0.0,0.0,0.0,0.0,0.0,0.0,0.0,0.0,1750362124.2063816,0.0,left_blink
37.03079009056091,113.0,-1521.0098321791738,-723.6893409257755,-303.7658941010013,890.1990367029794,0.0,0.0,0.0,0.0,0.0,0.0,0.0,0.0,1750362124.3128345,0.0,left_blink
37.13130974769592,124.0,-1547.0208363709971,-669.4084329688922,-286.2145436089486,909.9980670684016,0.0,0.0,0.0,0.0,0.0,0.0,0.0,0.0,1750362124.431975,0.0,left_blink
37.23208022117615,134.0,-1512.7446532770991,-685.5161820780486,-292.662131132558,899.0775591977872,0.0,0.0,0.0,0.0,0.0,0.0,0.0,0.0,1750362124.522738,0.0,left_blink
37.33312439918518,144.0,-1530.957966061309,-687.8910185499117,-299.0386605570093,909.9120493694209,0.0,0.0,0.0,0.0,0.0,0.0,0.0,0.0,1750362124.6265512,0.0,left_blink
37.43428063392639,153.0,-1525.6248687244952,-712.0096333641559,-334.5564904361963,876.0659547704272,0.0,0.0,0.0,0.0,0.0,0.0,0.0,0.0,1750362124.7165265,0.0,left_blink
37.535151720047,165.0,-1557.8441068427635,-727.8032308770344,-367.979976340197,861.7832768396474,0.0,0.0,0.0,0.0,0.0,0.0,0.0,0.0,1750362124.8365753,0.0,left_blink
37.63700079917908,174.0,-1473.0381354475394,-696.462869248353,-317.16221574228257,914.1119570196606,0.0,0.0,0.0,0.0,0.0,0.0,0.0,0.0,1750362124.9263315,0.0,left_blink
37.737741231918335,183.0,-1498.60035164468,-704.3839773545042,-347.3469482846558,894.8290328481235,0.0,0.0,0.0,0.0,0.0,0.0,0.0,0.0,1750362125.016498,0.0,left_blink
37.838423013687134,194.0,-1483.0498476289213,-690.0751201240346,-323.1946743708104,919.4562740563416,0.0,0.0,0.0,0.0,0.0,0.0,0.0,0.0,1750362125.1227949,0.0,left_blink
37.93876791000366,102.0,-1478.2739953855053,-707.9593217121437,-311.5804150584154,907.3371282499284,0.0,0.0,0.0,0.0,0.0,0.0,0.0,0.0,1750362125.2115464,0.0,left_blink
38.04016184806824,113.0,-1535.0419368129224,-745.6724728653207,-366.02213871339336,867.4436154225841,0.0,0.0,0.0,0.0,0.0,0.0,0.0,0.0,1750362125.317934,0.0,left_blink
38.1408429145813,123.0,-1524.9292473327368,-744.2737502818927,-372.1967135402374,856.7998601486906,0.0,0.0,0.0,0.0,0.0,0.0,0.0,0.0,1750362125.4218378,0.0,left_blink
38.24159264564514,134.0,-1474.5602747295052,-723.1171362325549,-325.56016109278426,893.0768897188827,0.0,0.0,0.0,0.0,0.0,0.0,0.0,0.0,1750362125.5277145,0.0,left_blink
38.34211444854736,143.0,-1514.3079314585775,-734.7931038942188,-383.5547897056677,862.2862933836877,0.0,0.0,0.0,0.0,0.0,0.0,0.0,0.0,1750362125.617934,0.0,left_blink
38.44339990615845,155.0,-1514.2480930592865,-692.868825390935,-354.1890952535905,894.8009835984558,0.0,0.0,0.0,0.0,0.0,0.0,0.0,0.0,1750362125.73777,0.0,left_blink
38.544089794158936,164.0,-1498.2712404485792,-697.9625691305846,-329.2851014486514,903.1596599994228,0.0,0.0,0.0,0.0,0.0,0.0,0.0,0.0,1750362125.8277764,0.0,left_blink
38.64506101608277,174.0,-1492.8521254127843,-705.4872478414327,-320.51503605255857,909.8279016204178,0.0,0.0,0.0,0.0,0.0,0.0,0.0,0.0,1750362125.9316075,0.0,left_blink
38.745582818984985,183.0,-1504.7524870717898,-742.28038360551,-368.0267250896432,864.0590059626848,0.0,0.0,0.0,0.0,0.0,0.0,0.0,0.0,1750362126.0215468,0.0,left_blink
38.84612488746643,195.0,-1495.657050379552,-708.9503952004015,-343.3097262824885,887.429640785791,0.0,0.0,0.0,0.0,0.0,0.0,0.0,0.0,1750362126.1413913,0.0,left_blink
38.94705772399902,104.0,-1538.0188971776515,-708.0752586107701,-377.3372060293332,862.5088174310513,0.0,0.0,0.0,0.0,0.0,0.0,0.0,0.0,1750362126.2330313,0.0,left_blink
39.04800820350647,115.0,-1471.2654228685424,-699.8325191084296,-299.97737544588745,902.925916252192,0.0,0.0,0.0,0.0,0.0,0.0,0.0,0.0,1750362126.3389416,0.0,left_blink
39.1484637260437,123.0,-1496.5209672693163,-712.9184290533885,-322.83938387501985,898.6138116032816,0.0,0.0,0.0,0.0,0.0,0.0,0.0,0.0,1750362126.4261737,0.0,left_blink
39.249587059021,134.0,-1552.2791357086971,-736.0497102793306,-374.999768557027,858.9259932735004,0.0,0.0,0.0,0.0,0.0,0.0,0.0,0.0,1750362126.532719,0.0,left_blink
39.35003638267517,144.0,-1554.3734796838835,-730.5071785449982,-371.67125759646297,877.2365434565581,0.0,0.0,0.0,0.0,0.0,0.0,0.0,0.0,1750362126.6367476,0.0,left_blink
39.45071721076965,155.0,-1496.9510557642209,-686.5857934653759,-332.8174369568005,915.2114876066336,0.0,0.0,0.0,0.0,0.0,0.0,0.0,0.0,1750362126.7432685,0.0,left_blink
39.55170822143555,164.0,-1516.0582046378404,-741.158413618803,-392.4576215501874,868.1224072645418,0.0,0.0,0.0,0.0,0.0,0.0,0.0,0.0,1750362126.8328426,0.0,left_blink
39.65277552604675,174.0,-1526.0399976195768,-724.4298411170021,-405.73800629284233,864.7228382048197,0.0,0.0,0.0,0.0,0.0,0.0,0.0,0.0,1750362126.936632,0.0,left_blink
39.75336742401123,183.0,-1463.5687087597323,-706.7849931260571,-348.67087286897004,893.7332421611063,0.0,0.0,0.0,0.0,0.0,0.0,0.0,0.0,1750362127.0262573,0.0,left_blink
39.85421323776245,195.0,-1475.0240223240107,-685.6844775760546,-350.11447425186634,923.1325957127848,0.0,0.0,0.0,0.0,0.0,0.0,0.0,0.0,1750362127.1466413,0.0,left_blink
39.95485043525696,104.0,-1473.017565997783,-727.831280126702,-383.8932506516576,876.7765357620083,0.0,0.0,0.0,0.0,0.0,0.0,0.0,0.0,1750362127.2382383,0.0,left_blink
40.05549192428589,114.0,-1507.1965116928332,-693.9814456277527,-381.4510959805921,884.678944368381,0.0,0.0,0.0,0.0,0.0,0.0,0.0,0.0,1750362127.341218,0.0,left_blink
40.15616488456726,123.0,-1471.7721793125384,-693.4541197340004,-343.36395483184606,905.8766973172314,0.0,0.0,0.0,0.0,0.0,0.0,0.0,0.0,1750362127.4312944,0.0,left_blink
40.25650763511658,135.0,-1514.3845994076692,-703.4620920154266,-390.09026487823576,872.004423418548,0.0,0.0,0.0,0.0,0.0,0.0,0.0,0.0,1750362127.551492,0.0,left_blink
40.35743570327759,144.0,-1502.6824524463154,-687.0401913099922,-377.6812768252567,887.1622379389592,0.0,0.0,0.0,0.0,0.0,0.0,0.0,0.0,1750362127.6415083,0.0,left_blink
40.45776057243347,155.0,-1503.785722933244,-701.6370208370499,-390.9093029685319,875.2282171803527,0.0,0.0,0.0,0.0,0.0,0.0,0.0,0.0,1750362127.747756,0.0,left_blink
40.55852198600769,164.0,-1512.8624601257034,-704.0941351079382,-374.6407381612808,890.191556903068,0.0,0.0,0.0,0.0,0.0,0.0,0.0,0.0,1750362127.8382478,0.0,left_blink
40.659010887146,174.0,-1516.2695089853369,-679.6277095978148,-370.2463557133451,894.5709797511809,0.0,0.0,0.0,0.0,0.0,0.0,0.0,0.0,1750362127.9415278,0.0,left_blink
40.75974845886231,185.0,-1483.6837606714107,-727.8724190262146,-374.1470713671297,876.0509951706044,0.0,0.0,0.0,0.0,0.0,0.0,0.0,0.0,1750362128.0478148,0.0,left_blink
40.86034679412842,195.0,-1501.54178295983,-729.1028461116366,-366.1100263623521,871.5107566243969,0.0,0.0,0.0,0.0,0.0,0.0,0.0,0.0,1750362128.1511705,0.0,left_blink
40.9611599445343,104.0,-1424.8027757690288,-707.9032232128084,-310.40234657237306,913.1451928811148,0.0,0.0,0.0,0.0,0.0,0.0,0.0,0.0,1750362128.24283,0.0,left_blink
41.0615713596344,114.0,-1471.4804671159943,-679.6707184473053,-319.4267251654528,918.3249543197452,0.0,0.0,0.0,0.0,0.0,0.0,0.0,0.0,1750362128.3463583,0.0,left_blink
41.16208100318909,125.0,-1546.8918098225258,-722.212080443278,-371.4524734490551,871.5799447735772,0.0,0.0,0.0,0.0,0.0,0.0,0.0,0.0,1750362128.4533553,0.0,left_blink
41.26316261291504,135.0,-1555.5908171194606,-743.7165051884949,-373.1915269284509,866.5834384327754,0.0,0.0,0.0,0.0,0.0,0.0,0.0,0.0,1750362128.556139,0.0,left_blink
41.36367297172546,144.0,-1494.2788972458802,-690.8455395149067,-305.5479564298876,917.6368127278984,0.0,0.0,0.0,0.0,0.0,0.0,0.0,0.0,1750362128.646834,0.0,left_blink
41.46420693397522,153.0,-1547.6958883129992,-722.1821612436324,-372.8250167327933,869.1826689019799,0.0,0.0,0.0,0.0,0.0,0.0,0.0,0.0,1750362128.7366476,0.0,left_blink
41.564817667007446,165.0,-1531.692856402602,-730.2416456481442,-385.4209997835569,868.1654161140323,0.0,0.0,0.0,0.0,0.0,0.0,0.0,0.0,1750362128.8565776,0.0,left_blink
41.66554284095764,174.0,-1466.5250996747054,-696.5638465471566,-317.85222728410736,916.6195599399508,0.0,0.0,0.0,0.0,0.0,0.0,0.0,0.0,1750362128.9464564,0.0,left_blink
41.76934599876404,185.0,-1538.0095474277623,-704.7916264496744,-378.61812176415697,874.1081171436235,0.0,0.0,0.0,0.0,0.0,0.0,0.0,0.0,1750362129.0528903,0.0,left_blink
41.8712797164917,196.0,-1477.0790973496623,-710.3603374836966,-341.2527813068591,896.2745041809976,0.0,0.0,0.0,0.0,0.0,0.0,0.0,0.0,1750362129.1722116,0.0,left_blink
41.97222089767456,105.0,-1493.7684009019283,-671.7570901410654,-328.277198410593,912.9413683335296,0.0,0.0,0.0,0.0,0.0,0.0,0.0,0.0,1750362129.2616236,0.0,left_blink
42.07252025604248,116.0,-1490.8774582361802,-752.206078087911,-396.9193221973255,850.7131729708053,0.0,0.0,0.0,0.0,0.0,0.0,0.0,0.0,1750362129.3678148,0.0,left_blink
42.17285251617432,125.0,-1400.5177354067564,-719.7811454720795,-333.99924534279853,890.8609989951365,0.0,0.0,0.0,0.0,0.0,0.0,0.0,0.0,1750362129.4579585,0.0,left_blink
42.27343797683716,135.0,-1421.0348265636712,-691.6084791058674,-338.6180217880756,914.7851390116848,0.0,0.0,0.0,0.0,0.0,0.0,0.0,0.0,1750362129.5615263,0.0,left_blink
42.37596607208252,144.0,-1462.308362474665,-706.665316327475,-382.78998016472906,883.1007065870799,0.0,0.0,0.0,0.0,0.0,0.0,0.0,0.0,1750362129.651696,0.0,left_blink
42.47664523124695,156.0,-1467.2263309163973,-730.9709261395037,-399.615790065378,856.6483942004852,0.0,0.0,0.0,0.0,0.0,0.0,0.0,0.0,1750362129.7717168,0.0,left_blink
42.5774827003479,165.0,-1426.0051536047831,-715.674735320732,-323.84541696310043,898.4342964054085,0.0,0.0,0.0,0.0,0.0,0.0,0.0,0.0,1750362129.8616576,0.0,left_blink
42.67782616615296,176.0,-1470.7081777751446,-754.509856460616,-387.3750975104049,838.9063088106923,0.0,0.0,0.0,0.0,0.0,0.0,0.0,0.0,1750362129.9680276,0.0,left_blink
42.778751850128174,186.0,-1426.573618398048,-788.7748198546469,-386.0249936264008,825.8316185656004,0.0,0.0,0.0,0.0,0.0,0.0,0.0,0.0,1750362130.0713427,0.0,left_blink
42.87937331199646,197.0,-1432.759412924759,-697.8241928322241,-324.36526305694133,904.0890251384116,0.0,0.0,0.0,0.0,0.0,0.0,0.0,0.0,1750362130.1777215,0.0,left_blink
42.98023867607117,105.0,-1419.082598786801,-711.7328807674348,-340.8937509111129,889.611872409936,0.0,0.0,0.0,0.0,0.0,0.0,0.0,0.0,1750362130.2664597,0.0,left_blink
43.08135771751404,116.0,-1482.436504036188,-693.9384367782623,-352.79785247007385,888.8638924187981,0.0,0.0,0.0,0.0,0.0,0.0,0.0,0.0,1750362130.372589,0.0,left_blink
43.18197846412659,125.0,-1465.72289113421,-693.9758357778192,-332.37799871200696,903.4607219458558,0.0,0.0,0.0,0.0,0.0,0.0,0.0,0.0,1750362130.4628935,0.0,left_blink
43.28317475318909,137.0,-1500.8143724184483,-695.9018842549995,-377.7878639739938,853.3872014391236,0.0,0.0,0.0,0.0,0.0,0.0,0.0,0.0,1750362130.5829303,0.0,left_blink
43.38432240486145,146.0,-1490.2715944433585,-694.5779596706852,-348.72884131828323,873.1600525048561,0.0,0.0,0.0,0.0,0.0,0.0,0.0,0.0,1750362130.6726189,0.0,left_blink
43.48529767990112,155.0,-1473.8197745382786,-701.575312487781,-319.3257478666492,888.5011221230961,0.0,0.0,0.0,0.0,0.0,0.0,0.0,0.0,1750362130.7626257,0.0,left_blink
43.58610224723816,165.0,-1496.363891471177,-681.3574133273214,-322.1680718329735,895.7939270366915,0.0,0.0,0.0,0.0,0.0,0.0,0.0,0.0,1750362130.8664248,0.0,left_blink
43.68688535690308,176.0,-1496.573325868696,-701.0629461938515,-338.41419724049047,881.8179209022783,0.0,0.0,0.0,0.0,0.0,0.0,0.0,0.0,1750362130.9729705,0.0,left_blink
43.78792071342468,186.0,-1558.5472080344334,-659.3855010876432,-336.5479871626012,896.7663010251708,0.0,0.0,0.0,0.0,0.0,0.0,0.0,0.0,1750362131.0762427,0.0,left_blink
43.888569593429565,195.0,-1482.8703324310482,-702.8281789729372,-315.8401611079462,881.7655623028986,0.0,0.0,0.0,0.0,0.0,0.0,0.0,0.0,1750362131.1662784,0.0,left_blink
43.98897385597229,107.0,-1490.34826239245,-737.648517510388,-366.3232006598264,853.2637847405858,0.0,0.0,0.0,0.0,0.0,0.0,0.0,0.0,1750362131.2866807,0.0,left_blink
44.08948254585266,116.0,-1466.943968469743,-726.9561435370706,-296.7049629846588,908.6816222839988,0.0,0.0,0.0,0.0,0.0,0.0,0.0,0.0,1750362131.3777828,0.0,left_blink
44.189878702163696,126.0,-1467.4675544635393,-694.5499104210176,-302.3783912174404,917.6461624777876,0.0,0.0,0.0,0.0,0.0,0.0,0.0,0.0,1750362131.4813168,0.0,left_blink
44.2903733253479,135.0,-1513.266369320918,-732.4238772722892,-368.52226183377206,840.6752814897336,0.0,0.0,0.0,0.0,0.0,0.0,0.0,0.0,1750362131.5713525,0.0,left_blink
44.39099049568176,146.0,-1462.0596591276117,-707.8938734629191,-298.2869406659156,908.2664933889172,0.0,0.0,0.0,0.0,0.0,0.0,0.0,0.0,1750362131.6776304,0.0,left_blink
44.49170708656311,156.0,-1444.8860385310836,-703.8473017108627,-307.25522075966,903.4308027462102,0.0,0.0,0.0,0.0,0.0,0.0,0.0,0.0,1750362131.7822268,0.0,left_blink
44.59275341033936,165.0,-1501.302429362666,-742.5777056519873,-369.4534969227389,855.010318019893,0.0,0.0,0.0,0.0,0.0,0.0,0.0,0.0,1750362131.8715172,0.0,left_blink
44.69341540336609,176.0,-1476.4470542571507,-692.4331270460971,-308.6202842434868,908.8274783822708,0.0,0.0,0.0,0.0,0.0,0.0,0.0,0.0,1750362131.9794369,0.0,left_blink
44.79434967041016,186.0,-1448.6221985868178,-693.8617688291706,-310.69218881893903,895.2292021433823,0.0,0.0,0.0,0.0,0.0,0.0,0.0,0.0,1750362132.0814168,0.0,left_blink
44.89511322975159,197.0,-1524.938597082626,-723.4817764782347,-371.5852398974821,864.8051160038449,0.0,0.0,0.0,0.0,0.0,0.0,0.0,0.0,1750362132.1876037,0.0,left_blink
44.99609637260437,105.0,-1487.2647148789838,-710.2331808852032,-343.352735131979,876.5315723149106,0.0,0.0,0.0,0.0,0.0,0.0,0.0,0.0,1750362132.2764297,0.0,left_blink
45.09678649902344,116.0,-1450.9502863092348,-749.6816456178203,-373.9525965694338,873.11330375541,0.0,0.0,0.0,0.0,0.0,0.0,0.0,0.0,1750362132.3826632,0.0,left_blink
45.19747996330261,126.0,-1498.914503240958,-702.4616687772796,-366.8879255531356,855.5993522629142,0.0,0.0,0.0,0.0,0.0,0.0,0.0,0.0,1750362132.486272,0.0,left_blink
45.29815316200256,135.0,-1487.2235759794712,-699.0471401177347,-356.29278897866607,870.9142425814644,0.0,0.0,0.0,0.0,0.0,0.0,0.0,0.0,1750362132.5760922,0.0,left_blink
45.398754596710205,146.0,-1513.410355469212,-684.3867322914302,-361.6146666156128,858.0714261336252,0.0,0.0,0.0,0.0,0.0,0.0,0.0,0.0,1750362132.683212,0.0,left_blink
45.49939918518066,156.0,-1508.1483162315562,-698.7068092217669,-362.1195531096309,866.998567327857,0.0,0.0,0.0,0.0,0.0,0.0,0.0,0.0,1750362132.7867908,0.0,left_blink
45.60010123252869,165.0,-1506.6822754489258,-724.3662628177553,-347.70223878044635,871.4041694756597,0.0,0.0,0.0,0.0,0.0,0.0,0.0,0.0,1750362132.8765843,0.0,left_blink
45.701075077056885,177.0,-1473.187731445767,-689.8432463267818,-303.35450510587543,899.2402448458597,0.0,0.0,0.0,0.0,0.0,0.0,0.0,0.0,1750362132.9969246,0.0,left_blink
45.80205297470093,186.0,-1536.1003285003826,-701.8932039840147,-353.73469740897417,875.0842310320586,0.0,0.0,0.0,0.0,0.0,0.0,0.0,0.0,1750362133.0866897,0.0,left_blink
45.90295314788818,197.0,-1494.9502092879266,-657.1602606140077,-296.1439779913053,917.0459085348994,0.0,0.0,0.0,0.0,0.0,0.0,0.0,0.0,1750362133.1925244,0.0,left_blink
46.00344586372376,105.0,-1434.921075099148,-700.3561051022261,-306.3314654706046,908.4347888869232,0.0,0.0,0.0,0.0,0.0,0.0,0.0,0.0,1750362133.2816412,0.0,left_blink
46.10415196418762,116.0,-1520.2094935886562,-745.2723035700619,-371.9031313937157,835.1851083547808,0.0,0.0,0.0,0.0,0.0,0.0,0.0,0.0,1750362133.3874607,0.0,left_blink
46.20452618598938,126.0,-1493.2747341077777,-739.7260319357738,-371.67125759646297,837.7731191241182,0.0,0.0,0.0,0.0,0.0,0.0,0.0,0.0,1750362133.491974,0.0,left_blink
46.305662870407104,137.0,-1429.5131797632205,-752.9802373787388,-322.1213230835274,883.3998985835351,0.0,0.0,0.0,0.0,0.0,0.0,0.0,0.0,1750362133.5977373,0.0,left_blink
46.4063241481781,146.0,-1536.444399296306,-736.225485577248,-377.15769083146006,844.4750198447146,0.0,0.0,0.0,0.0,0.0,0.0,0.0,0.0,1750362133.686761,0.0,left_blink
46.50708055496216,156.0,-1513.7394666653126,-735.3503489876166,-379.8691182993352,851.7790444581769,0.0,0.0,0.0,0.0,0.0,0.0,0.0,0.0,1750362133.79153,0.0,left_blink
46.60820746421814,167.0,-1511.203814495355,-700.442122801207,-320.73008030001074,886.391818548087,0.0,0.0,0.0,0.0,0.0,0.0,0.0,0.0,1750362133.8979928,0.0,left_blink
46.70940613746643,177.0,-1486.658851086162,-705.4124498423189,-325.22544004675,891.4519031881355,0.0,0.0,0.0,0.0,0.0,0.0,0.0,0.0,1750362134.0022376,0.0,left_blink
46.81080317497253,188.0,-1481.4529103478417,-703.1722497688606,-325.3750360449776,888.5759201222099,0.0,0.0,0.0,0.0,0.0,0.0,0.0,0.0,1750362134.1080391,0.0,left_blink
46.91166710853577,197.0,-1512.8456305759028,-669.5580289671198,-330.06861048936844,892.8132267720066,0.0,0.0,0.0,0.0,0.0,0.0,0.0,0.0,1750362134.1976075,0.0,left_blink
47.01244139671326,105.0,-1489.9424832472578,-717.6269630976021,-347.47410488314927,853.5536269871518,0.0,0.0,0.0,0.0,0.0,0.0,0.0,0.0,1750362134.2867768,0.0,left_blink
47.11355972290039,117.0,-1518.7097937064243,-733.6225152080879,-375.4298570519313,841.8365204259753,0.0,0.0,0.0,0.0,0.0,0.0,0.0,0.0,1750362134.4066622,0.0,left_blink
47.21451425552368,125.0,-1505.8071388592944,-704.6906491508707,-350.5483026467264,870.1737423902377,0.0,0.0,0.0,0.0,0.0,0.0,0.0,0.0,1750362134.4831374,0.0,left_blink
47.31537914276123,137.0,-1536.2087855990976,-733.4841389097273,-377.1502110315487,840.8304873378947,0.0,0.0,0.0,0.0,0.0,0.0,0.0,0.0,1750362134.6028996,0.0,left_blink
47.41620564460754,146.0,-1459.1294475123286,-677.7371901702136,-308.4819079451263,893.8360894098878,0.0,0.0,0.0,0.0,0.0,0.0,0.0,0.0,1750362134.69315,0.0,left_blink
47.51746845245361,157.0,-1552.4997898060828,-734.7856240943074,-381.57077277917415,843.347440008074,0.0,0.0,0.0,0.0,0.0,0.0,0.0,0.0,1750362134.8120704,0.0,left_blink
47.61826419830322,167.0,-1498.9556421404704,-752.0677017895505,-372.7259093839675,840.4377978425473,0.0,0.0,0.0,0.0,0.0,0.0,0.0,0.0,1750362134.9035048,0.0,left_blink
47.718812465667725,177.0,-1510.1865617074072,-743.7950430875644,-377.7448551245034,844.1515184985474,0.0,0.0,0.0,0.0,0.0,0.0,0.0,0.0,1750362135.006425,0.0,left_blink
47.8199577331543,186.0,-1465.3526410385966,-709.451541794464,-302.35221191775054,891.5809297366068,0.0,0.0,0.0,0.0,0.0,0.0,0.0,0.0,1750362135.0964775,0.0,left_blink
47.92031002044678,197.0,-1520.179574389011,-730.7577518420294,-376.38353154063225,840.8716262374073,0.0,0.0,0.0,0.0,0.0,0.0,0.0,0.0,1750362135.202563,0.0,left_blink
48.02088356018066,107.0,-1468.338951153215,-691.7206761045381,-340.674966763705,875.4937500772066,0.0,0.0,0.0,0.0,0.0,0.0,0.0,0.0,1750362135.3078156,0.0,left_blink
48.12185335159302,117.0,-1460.5412597456016,-711.6543428683653,-340.723585463129,871.4883172246628,0.0,0.0,0.0,0.0,0.0,0.0,0.0,0.0,1750362135.411598,0.0,left_blink
48.222885608673096,126.0,-1457.4820215818472,-695.8196064559743,-328.3519964097068,879.8395138257183,0.0,0.0,0.0,0.0,0.0,0.0,0.0,0.0,1750362135.5021307,0.0,left_blink
48.32334804534912,138.0,-1477.9804132389836,-750.9494717027992,-363.3425003951416,837.197174530942,0.0,0.0,0.0,0.0,0.0,0.0,0.0,0.0,1750362135.6234455,0.0,left_blink
48.42420959472656,147.0,-1444.8262001317926,-694.3722651731223,-340.2747974684462,877.2066242569126,0.0,0.0,0.0,0.0,0.0,0.0,0.0,0.0,1750362135.711644,0.0,left_blink
48.52509832382202,158.0,-1506.0708018061705,-719.1491023795679,-369.3113807244226,844.710633541923,0.0,0.0,0.0,0.0,0.0,0.0,0.0,0.0,1750362135.8179543,0.0,left_blink
48.62558364868164,167.0,-1512.1107402346097,-676.9218919798732,-335.28203102760017,885.8757123542018,0.0,0.0,0.0,0.0,0.0,0.0,0.0,0.0,1750362135.906534,0.0,left_blink
48.72666049003601,177.0,-1472.3107249061577,-698.3664783257991,-339.50811797752976,867.5502025713213,0.0,0.0,0.0,0.0,0.0,0.0,0.0,0.0,1750362136.011665,0.0,left_blink
48.82742094993591,186.0,-1444.9234375306405,-695.726108957082,-321.95676748547703,874.5138962888159,0.0,0.0,0.0,0.0,0.0,0.0,0.0,0.0,1750362136.1014276,0.0,left_blink
48.928619384765625,198.0,-1530.5147879165595,-686.0509877717122,-370.5866866093129,867.2510105748661,0.0,0.0,0.0,0.0,0.0,0.0,0.0,0.0,1750362136.2214344,0.0,left_blink
49.02938175201416,107.0,-1435.7251535896212,-690.8960281643085,-306.15943007264286,905.9290559166112,0.0,0.0,0.0,0.0,0.0,0.0,0.0,0.0,1750362136.3130732,0.0,left_blink
49.130194664001465,117.0,-1466.4596514254808,-664.2642005798407,-300.5607998389751,904.9978208276444,0.0,0.0,0.0,0.0,0.0,0.0,0.0,0.0,1750362136.416812,0.0,left_blink
49.23063898086548,128.0,-1511.7984585883096,-716.1179134654813,-349.28795636165887,844.8976285397075,0.0,0.0,0.0,0.0,0.0,0.0,0.0,0.0,1750362136.522591,0.0,left_blink
49.33181285858154,138.0,-1515.1568887485191,-727.3750123321079,-361.7119040144608,858.002237984445,0.0,0.0,0.0,0.0,0.0,0.0,0.0,0.0,1750362136.6265087,0.0,left_blink
49.43265080451965,147.0,-1488.6896167621017,-668.5501259290613,-316.94904144480824,903.9805680396968,0.0,0.0,0.0,0.0,0.0,0.0,0.0,0.0,1750362136.7172313,0.0,left_blink
49.53397822380066,158.0,-1514.1022369610146,-725.4340042551048,-369.0907266270369,862.8641079268418,0.0,0.0,0.0,0.0,0.0,0.0,0.0,0.0,1750362136.8229568,0.0,left_blink
49.63466954231262,167.0,-1467.9369119079784,-669.9974672119133,-319.57819111365825,902.7127419547178,0.0,0.0,0.0,0.0,0.0,0.0,0.0,0.0,1750362136.912959,0.0,left_blink
49.73596739768982,178.0,-1552.353933707811,-714.9248853796162,-367.3703726474196,867.6698793699034,0.0,0.0,0.0,0.0,0.0,0.0,0.0,0.0,1750362137.0324442,0.0,left_blink
49.83692216873169,188.0,-1498.5928718447683,-748.3259318838827,-376.0394607447088,857.3552352921106,0.0,0.0,0.0,0.0,0.0,0.0,0.0,0.0,1750362137.1229477,0.0,left_blink
49.93833827972412,198.0,-1500.6423370204866,-717.520375948865,-377.2811075299978,855.9116339092143,0.0,0.0,0.0,0.0,0.0,0.0,0.0,0.0,1750362137.2265804,0.0,left_blink
50.0388650894165,107.0,-1514.7174505037256,-716.531172410585,-375.14001480536535,860.5453699543141,0.0,0.0,0.0,0.0,0.0,0.0,0.0,0.0,1750362137.3178475,0.0,left_blink
50.139657735824585,117.0,-1514.0405286117457,-733.7721112063155,-368.0903033888899,856.8653083979152,0.0,0.0,0.0,0.0,0.0,0.0,0.0,0.0,1750362137.4213915,0.0,left_blink
50.24060106277466,128.0,-1462.9048765175976,-678.6721651591361,-322.34384713089094,905.5027073216625,0.0,0.0,0.0,0.0,0.0,0.0,0.0,0.0,1750362137.5277998,0.0,left_blink
50.34116125106812,138.0,-1522.3805055129342,-644.8634695596993,-313.29328923812136,905.727101319004,0.0,0.0,0.0,0.0,0.0,0.0,0.0,0.0,1750362137.6316297,0.0,left_blink
50.44152212142944,147.0,-1505.5397360124623,-715.3344044247642,-362.1438624593429,860.7884634514339,0.0,0.0,0.0,0.0,0.0,0.0,0.0,0.0,1750362137.7214537,0.0,left_blink
50.54204297065735,158.0,-1460.223368249368,-663.6863860366866,-304.2090722457506,921.8460701280272,0.0,0.0,0.0,0.0,0.0,0.0,0.0,0.0,1750362137.8280272,0.0,left_blink
50.64275598526001,168.0,-1454.7631143140609,-681.4658704260364,-313.9926505298354,902.6080247559584,0.0,0.0,0.0,0.0,0.0,0.0,0.0,0.0,1750362137.931795,0.0,left_blink
50.743513345718384,179.0,-1514.6052535050549,-734.404154298827,-386.0979216755368,838.2443465185352,0.0,0.0,0.0,0.0,0.0,0.0,0.0,0.0,1750362138.0378065,0.0,left_blink
50.84435844421387,188.0,-1415.1687934831716,-707.5180135173723,-318.89191947178915,892.4691559760831,0.0,0.0,0.0,0.0,0.0,0.0,0.0,0.0,1750362138.1265936,0.0,left_blink
50.94476914405823,198.0,-1470.3846764289774,-709.8704105895013,-312.3882334488444,896.7700409251265,0.0,0.0,0.0,0.0,0.0,0.0,0.0,0.0,1750362138.2311723,0.0,left_blink
51.04535436630249,108.0,-1464.441975399386,-707.7424075147137,-348.8429082669318,872.89638955798,0.0,0.0,0.0,0.0,0.0,0.0,0.0,0.0,1750362138.3362117,0.0,left_blink
51.14623951911926,119.0,-1507.4470849898644,-674.042169013992,-329.99381249025464,902.4789982074872,0.0,0.0,0.0,0.0,0.0,0.0,0.0,0.0,1750362138.442927,0.0,left_blink
51.24692893028259,128.0,-1497.5400900072418,-691.8253933032975,-343.7828236268833,885.2567589115351,0.0,0.0,0.0,0.0,0.0,0.0,0.0,0.0,1750362138.53272,0.0,left_blink
51.34732818603516,138.0,-1497.8729411032982,-716.5236926106736,-352.7623234204948,886.2366126999259,0.0,0.0,0.0,0.0,0.0,0.0,0.0,0.0,1750362138.6362453,0.0,left_blink
51.44811320304871,147.0,-1508.7149110748433,-727.4255009815097,-381.2790605826304,853.5424072872847,0.0,0.0,0.0,0.0,0.0,0.0,0.0,0.0,1750362138.7265253,0.0,left_blink
51.5488121509552,159.0,-1475.8112712646837,-699.9484560070559,-326.28383173421025,892.9684326201677,0.0,0.0,0.0,0.0,0.0,0.0,0.0,0.0,1750362138.846574,0.0,left_blink
51.64918661117554,168.0,-1461.5173736340366,-700.127971204929,-349.1981987627223,874.3325111409649,0.0,0.0,0.0,0.0,0.0,0.0,0.0,0.0,1750362138.9366765,0.0,left_blink
51.7504312992096,179.0,-1474.1844147839583,-684.4839696902782,-331.448633573018,892.1680940296501,0.0,0.0,0.0,0.0,0.0,0.0,0.0,0.0,1750362139.0427363,0.0,left_blink
51.85135746002197,188.0,-1492.375288168434,-694.3498257733881,-347.4666250832379,886.4497869974002,0.0,0.0,0.0,0.0,0.0,0.0,0.0,0.0,1750362139.1346176,0.0,left_blink
51.9519739151001,198.0,-1483.4369272743352,-687.6853240523487,-346.8607612904161,884.3030844228342,0.0,0.0,0.0,0.0,0.0,0.0,0.0,0.0,1750362139.2364557,0.0,left_blink
52.05306577682495,108.0,-1512.638066128362,-727.3413532325067,-388.03144995262846,843.5587443555705,0.0,0.0,0.0,0.0,0.0,0.0,0.0,0.0,1750362139.341266,0.0,left_blink
52.15393948554993,117.0,-1482.5393512849696,-671.1904952977784,-317.6203534868546,904.156343337614,0.0,0.0,0.0,0.0,0.0,0.0,0.0,0.0,1750362139.4313512,0.0,left_blink
52.25459957122803,128.0,-1518.6742646568457,-733.8786983550526,-385.5257169823162,847.2724650115706,0.0,0.0,0.0,0.0,0.0,0.0,0.0,0.0,1750362139.5377169,0.0,left_blink
52.355432987213135,138.0,-1487.2329257293604,-733.8188599557616,-378.3862479669042,841.7748120767064,0.0,0.0,0.0,0.0,0.0,0.0,0.0,0.0,1750362139.641332,0.0,left_blink
52.45637917518616,149.0,-1456.4797283937223,-692.687440243084,-319.45290446514264,891.6725572855212,0.0,0.0,0.0,0.0,0.0,0.0,0.0,0.0,1750362139.747976,0.0,left_blink
52.55707907676697,159.0,-1453.476588729303,-705.4292793921195,-309.4935508831404,897.3235461185686,0.0,0.0,0.0,0.0,0.0,0.0,0.0,0.0,1750362139.8520975,0.0,left_blink
52.65772843360901,168.0,-1530.6456844150089,-729.8358665029518,-378.8387758615427,844.8153507406823,0.0,0.0,0.0,0.0,0.0,0.0,0.0,0.0,1750362139.9412124,0.0,left_blink
52.758435010910034,179.0,-1458.3085394720547,-687.6086561032571,-308.73435119213536,900.39400398219,0.0,0.0,0.0,0.0,0.0,0.0,0.0,0.0,1750362140.0476818,0.0,left_blink
52.85910701751709,189.0,-1469.96580763394,-696.2852240004577,-312.5079102474265,891.6650774856098,0.0,0.0,0.0,0.0,0.0,0.0,0.0,0.0,1750362140.151563,0.0,left_blink
52.95945072174072,0.0,-1475.9814367126671,-693.904777678661,-308.27995334751904,900.2070089844055,0.0,0.0,0.0,0.0,0.0,0.0,0.0,0.0,1750362140.2592926,0.0,left_blink
53.06013131141663,108.0,-1474.2685625329614,-705.9809146355838,-329.0064789019525,878.1715184454806,0.0,0.0,0.0,0.0,0.0,0.0,0.0,0.0,1750362140.3463829,0.0,left_blink
53.160738706588745,118.0,-1518.051571314223,-722.9151816349477,-375.4709959514439,847.2687251116149,0.0,0.0,0.0,0.0,0.0,0.0,0.0,0.0,1750362140.4524968,0.0,left_blink
53.26174807548523,129.0,-1517.5878237197176,-717.9523343937472,-367.7967212423682,853.0132114435546,0.0,0.0,0.0,0.0,0.0,0.0,0.0,0.0,1750362140.556178,0.0,left_blink
53.3624062538147,140.0,-1479.036934976466,-693.6729038814083,-298.86662515904754,908.8760970816948,0.0,0.0,0.0,0.0,0.0,0.0,0.0,0.0,1750362140.6629748,0.0,left_blink
53.46334266662598,149.0,-1524.0690703429282,-716.2095410143957,-360.73205022607,853.0917493426241,0.0,0.0,0.0,0.0,0.0,0.0,0.0,0.0,1750362140.752807,0.0,left_blink
53.56386923789978,159.0,-1520.6433219835162,-716.1197834154591,-373.5374676743522,859.2102256701328,0.0,0.0,0.0,0.0,0.0,0.0,0.0,0.0,1750362140.8563375,0.0,left_blink
53.664607763290405,168.0,-1490.8849380360916,-700.9170900955796,-324.13338925968856,881.7580825029872,0.0,0.0,0.0,0.0,0.0,0.0,0.0,0.0,1750362140.9462073,0.0,left_blink
53.76518869400024,177.0,-1481.3855921486393,-694.809833467938,-322.54767167847604,889.6193522098474,0.0,0.0,0.0,0.0,0.0,0.0,0.0,0.0,1750362141.0361216,0.0,left_blink
53.8657066822052,189.0,-1508.3166117295625,-712.9558280529454,-365.0441548749805,854.733565423172,0.0,0.0,0.0,0.0,0.0,0.0,0.0,0.0,1750362141.1572523,0.0,left_blink
53.96624779701233,198.0,-1477.253002697602,-704.0922651579604,-350.55204254668206,865.7251313929446,0.0,0.0,0.0,0.0,0.0,0.0,0.0,0.0,1750362141.2463408,0.0,left_blink
54.06708335876465,108.0,-1475.7963116648607,-709.210318247322,-306.1369906729087,903.2251082486472,0.0,0.0,0.0,0.0,0.0,0.0,0.0,0.0,1750362141.3510644,0.0,left_blink
54.1676037311554,119.0,-1496.9005671148188,-731.7581750801764,-357.680291862227,862.0226304368116,0.0,0.0,0.0,0.0,0.0,0.0,0.0,0.0,1750362141.4562032,0.0,left_blink
54.26814341545105,129.0,-1498.3890472971834,-729.4768361072056,-363.5594145925716,850.9188674683683,0.0,0.0,0.0,0.0,0.0,0.0,0.0,0.0,1750362141.5612755,0.0,left_blink
54.36868381500244,138.0,-1466.0688318801112,-689.7179596782662,-308.68760244268924,901.5571128684096,0.0,0.0,0.0,0.0,0.0,0.0,0.0,0.0,1750362141.6511548,0.0,left_blink
54.47070503234863,150.0,-1479.2519792239182,-713.5149430963211,-350.62310064584017,857.8975207856856,0.0,0.0,0.0,0.0,0.0,0.0,0.0,0.0,1750362141.7713745,0.0,left_blink
54.57122850418091,159.0,-1523.6109325983562,-705.7808299879543,-364.4607304818928,851.4125342625193,0.0,0.0,0.0,0.0,0.0,0.0,0.0,0.0,1750362141.861298,0.0,left_blink
54.671748876571655,168.0,-1492.278050769586,-667.2449008445255,-304.09126539714634,914.384969716426,0.0,0.0,0.0,0.0,0.0,0.0,0.0,0.0,1750362141.9513822,0.0,left_blink
54.77261924743652,179.0,-1491.616088477429,-719.3678865269758,-364.1054399861023,858.7913568750955,0.0,0.0,0.0,0.0,0.0,0.0,0.0,0.0,1750362142.0580769,0.0,left_blink
54.8731381893158,189.0,-1513.000836424064,-711.562715319451,-369.4198378231376,856.3753815037198,0.0,0.0,0.0,0.0,0.0,0.0,0.0,0.0,1750362142.1611505,0.0,left_blink
54.97351002693176,0.0,-1509.30768521782,-752.303315486759,-379.6391144520603,847.1939271125011,0.0,0.0,0.0,0.0,0.0,0.0,0.0,0.0,1750362142.2691371,0.0,left_blink
55.07390785217285,107.0,-1510.3772966051474,-695.497975059785,-343.1414307844825,892.831926271785,0.0,0.0,0.0,0.0,0.0,0.0,0.0,0.0,1750362142.3427172,0.0,left_blink
55.174428939819336,118.0,-1515.942267739214,-703.2470477679744,-370.091149865184,863.9898178135045,0.0,0.0,0.0,0.0,0.0,0.0,0.0,0.0,1750362142.44759,0.0,left_blink
55.27544951438904,130.0,-1536.612694794312,-727.1150892851874,-374.5603303122334,854.8682018215768,0.0,0.0,0.0,0.0,0.0,0.0,0.0,0.0,1750362142.5675583,0.0,left_blink
55.37596702575684,139.0,-1455.64012085367,-694.6564975697547,-311.730011056643,909.463261374738,0.0,0.0,0.0,0.0,0.0,0.0,0.0,0.0,1750362142.657618,0.0,left_blink
55.47698640823364,149.0,-1479.7400361681357,-651.7523652780801,-320.18218495650217,899.1149581973441,0.0,0.0,0.0,0.0,0.0,0.0,0.0,0.0,1750362142.7611992,0.0,left_blink
55.57751512527466,159.0,-1466.5082701249048,-688.2201297460124,-308.44263899559155,903.7823533420452,0.0,0.0,0.0,0.0,0.0,0.0,0.0,0.0,1750362142.8669455,0.0,left_blink
55.6780698299408,170.0,-1491.629178127274,-739.4305798392743,-377.5746896765195,840.3985288930126,0.0,0.0,0.0,0.0,0.0,0.0,0.0,0.0,1750362142.971192,0.0,left_blink
55.77870321273804,179.0,-1390.745376822539,-748.3539811335504,-315.0173831176944,880.5650544171222,0.0,0.0,0.0,0.0,0.0,0.0,0.0,0.0,1750362143.061577,0.0,left_blink
55.879154920578,190.0,-1489.157104256563,-749.1094409245998,-385.4284795834683,843.9589136508293,0.0,0.0,0.0,0.0,0.0,0.0,0.0,0.0,1750362143.167879,0.0,left_blink
55.97969388961792,199.0,-1458.0560962250456,-681.832380621694,-326.33432038361207,901.5795522681436,0.0,0.0,0.0,0.0,0.0,0.0,0.0,0.0,1750362143.2581484,0.0,left_blink
56.08038759231568,110.0,-1462.5832451214085,-689.3121805330738,-333.3597224503756,887.5923264338635,0.0,0.0,0.0,0.0,0.0,0.0,0.0,0.0,1750362143.3767457,0.0,left_blink
56.181602239608765,118.0,-1515.1849379981868,-728.0538041740656,-357.14922606851906,859.3486019684933,0.0,0.0,0.0,0.0,0.0,0.0,0.0,0.0,1750362143.452694,0.0,left_blink
56.28218626976013,130.0,-1470.7773659243248,-716.5012532109395,-329.1298956004903,880.4565973184071,0.0,0.0,0.0,0.0,0.0,0.0,0.0,0.0,1750362143.5729368,0.0,left_blink
56.3829071521759,139.0,-1451.0980123574843,-734.7519649947062,-345.9781449008733,854.7634846228175,0.0,0.0,0.0,0.0,0.0,0.0,0.0,0.0,1750362143.6640232,0.0,left_blink
56.483505964279175,151.0,-1497.356834909413,-728.5736502679065,-370.2164365136996,833.3936962760054,0.0,0.0,0.0,0.0,0.0,0.0,0.0,0.0,1750362143.782699,0.0,left_blink
56.58468317985535,160.0,-1429.7170043108054,-704.8065860494971,-322.704747476615,857.5497100898065,0.0,0.0,0.0,0.0,0.0,0.0,0.0,0.0,1750362143.872912,0.0,left_blink
56.68643283843994,170.0,-1444.796280932147,-702.4093101778999,-337.4474331019446,863.3390752212144,0.0,0.0,0.0,0.0,0.0,0.0,0.0,0.0,1750362143.9763849,0.0,left_blink
56.78666996955872,179.0,-1483.0517175788991,-686.1070862710476,-345.84724840242416,872.6327266111039,0.0,0.0,0.0,0.0,0.0,0.0,0.0,0.0,1750362144.0667117,0.0,left_blink
56.88743209838867,190.0,-1494.847362039145,-663.9294795338064,-337.6344280997291,887.9625765294768,0.0,0.0,0.0,0.0,0.0,0.0,0.0,0.0,1750362144.1726518,0.0,left_blink
56.98805022239685,199.0,-1491.4926717788912,-702.0876787817106,-336.6433546114713,883.5420147818513,0.0,0.0,0.0,0.0,0.0,0.0,0.0,0.0,1750362144.2628033,0.0,left_blink
57.08901810646057,110.0,-1466.4802208752371,-673.6962282680906,-318.76102297334,907.0603756532072,0.0,0.0,0.0,0.0,0.0,0.0,0.0,0.0,1750362144.3817427,0.0,left_blink
57.18975234031677,119.0,-1500.251517475117,-724.2933347686194,-396.9511113469489,840.6173130404204,0.0,0.0,0.0,0.0,0.0,0.0,0.0,0.0,1750362144.4717548,0.0,left_blink
57.2908034324646,130.0,-1454.0562732224353,-686.3894487177022,-308.992404289078,909.753103621304,0.0,0.0,0.0,0.0,0.0,0.0,0.0,0.0,1750362144.57812,0.0,left_blink
57.391562938690186,140.0,-1464.154003102798,-686.3146507185884,-326.8092876779847,895.6723802881315,0.0,0.0,0.0,0.0,0.0,0.0,0.0,0.0,1750362144.6820216,0.0,left_blink
57.49268913269043,151.0,-1497.3792743091471,-709.8909800392576,-366.3587297094055,871.0600986797363,0.0,0.0,0.0,0.0,0.0,0.0,0.0,0.0,1750362144.7880647,0.0,left_blink
57.59391927719116,160.0,-1473.9039222872816,-639.8052548696287,-301.55374327721074,912.1279400931672,0.0,0.0,0.0,0.0,0.0,0.0,0.0,0.0,1750362144.878296,0.0,left_blink
57.69510674476624,170.0,-1459.920436352957,-673.80094546685,-307.1261942111887,897.620868165046,0.0,0.0,0.0,0.0,0.0,0.0,0.0,0.0,1750362144.9812088,0.0,left_blink
57.79597520828247,179.0,-1518.8949187542312,-715.0258626784198,-384.81139609077945,832.8233615327626,0.0,0.0,0.0,0.0,0.0,0.0,0.0,0.0,1750362145.0716653,0.0,left_blink
57.89673900604248,191.0,-1489.48060560273,-713.6159203951247,-357.94021490914747,858.8418455244973,0.0,0.0,0.0,0.0,0.0,0.0,0.0,0.0,1750362145.1914334,0.0,left_blink
57.99759554862976,0.0,-1512.7652227268554,-695.2137426631525,-373.9769059191458,853.4975284878165,0.0,0.0,0.0,0.0,0.0,0.0,0.0,0.0,1750362145.2829506,0.0,left_blink
58.098169803619385,110.0,-1512.6567656281404,-704.4961743531749,-379.2726042564027,849.4846158353612,0.0,0.0,0.0,0.0,0.0,0.0,0.0,0.0,1750362145.3864765,0.0,left_blink
58.198774576187134,119.0,-1475.4933797684498,-692.0572671005502,-343.24240808328614,873.8313645469025,0.0,0.0,0.0,0.0,0.0,0.0,0.0,0.0,1750362145.4768488,0.0,left_blink
58.299917221069336,130.0,-1470.122883432079,-726.2287329956889,-382.47769851842895,839.753396150656,0.0,0.0,0.0,0.0,0.0,0.0,0.0,0.0,1750362145.583126,0.0,left_blink
58.40086007118225,140.0,-1509.5302092651837,-712.1592293623835,-374.51545151276514,849.1816839389503,0.0,0.0,0.0,0.0,0.0,0.0,0.0,0.0,1750362145.6866765,0.0,left_blink
58.501789569854736,151.0,-1474.9323947750963,-688.7212763400748,-323.9931430113502,899.5843156417832,0.0,0.0,0.0,0.0,0.0,0.0,0.0,0.0,1750362145.7928903,0.0,left_blink
58.60200309753418,160.0,-1520.802267731633,-710.4725344823673,-381.8306958260946,851.0478940168396,0.0,0.0,0.0,0.0,0.0,0.0,0.0,0.0,1750362145.8843927,0.0,left_blink
58.70283579826355,172.0,-1503.3331950386057,-712.6790754562244,-367.46574009628966,859.5486866161227,0.0,0.0,0.0,0.0,0.0,0.0,0.0,0.0,1750362146.002895,0.0,left_blink
58.80366206169128,181.0,-1475.3849226697348,-685.5797603772953,-325.44422419415787,892.097035930492,0.0,0.0,0.0,0.0,0.0,0.0,0.0,0.0,1750362146.092872,0.0,left_blink
58.90410161018372,190.0,-1529.2282623318024,-686.7241697637364,-372.7502187336795,853.3329728897661,0.0,0.0,0.0,0.0,0.0,0.0,0.0,0.0,1750362146.18282,0.0,left_blink
59.00444030761719,0.0,-1509.7845224621706,-682.0642544189468,-359.3146281428635,874.1361663932912,0.0,0.0,0.0,0.0,0.0,0.0,0.0,0.0,1750362146.2876709,0.0,left_blink
59.10503959655762,110.0,-1505.1096475175582,-704.3989369543269,-360.2832622313872,861.7496177400462,0.0,0.0,0.0,0.0,0.0,0.0,0.0,0.0,1750362146.3916533,0.0,left_blink
59.20591425895691,121.0,-1508.0753881824205,-707.7573671145365,-371.0205150041729,858.5071244784631,0.0,0.0,0.0,0.0,0.0,0.0,0.0,0.0,1750362146.498505,0.0,left_blink
59.30671954154968,130.0,-1493.7291319523938,-723.0086791338399,-365.616359568201,856.7269320995547,0.0,0.0,0.0,0.0,0.0,0.0,0.0,0.0,1750362146.5881984,0.0,left_blink
59.40771484375,140.0,-1480.0934567139484,-718.5544582866132,-368.0996531387791,850.44016027404,0.0,0.0,0.0,0.0,0.0,0.0,0.0,0.0,1750362146.691963,0.0,left_blink
59.50901079177856,149.0,-1461.6183509328405,-696.3693717494607,-319.4809537148103,880.4752968181856,0.0,0.0,0.0,0.0,0.0,0.0,0.0,0.0,1750362146.7817607,0.0,left_blink
59.610246419906616,161.0,-1478.167408236768,-708.8344583017752,-351.131727039814,841.6887943777256,0.0,0.0,0.0,0.0,0.0,0.0,0.0,0.0,1750362146.9022477,0.0,left_blink
59.711252212524414,172.0,-1454.0375737226568,-707.196382121183,-313.8224850818515,879.57772082882,0.0,0.0,0.0,0.0,0.0,0.0,0.0,0.0,1750362147.0079367,0.0,left_blink
59.81241250038147,181.0,-1474.913695275318,-701.2275017919019,-359.11641344521195,859.8572283624671,0.0,0.0,0.0,0.0,0.0,0.0,0.0,0.0,1750362147.0979948,0.0,left_blink
59.913201332092285,190.0,-1479.2818984235637,-710.958721476607,-372.6735507845879,839.8525034994818,0.0,0.0,0.0,0.0,0.0,0.0,0.0,0.0,1750362147.1877153,0.0,left_blink
60.01400423049927,101.0,-1512.505299679935,-726.4867860926315,-394.8492875718512,831.1086174030788,0.0,0.0,0.0,0.0,0.0,0.0,0.0,0.0,1750362147.3068013,0.0,left_blink
60.11463379859924,110.0,-1471.355180467479,-670.7173979533836,-305.2338048336096,913.5322725265288,0.0,0.0,0.0,0.0,0.0,0.0,0.0,0.0,1750362147.396533,0.0,left_blink
60.21532487869263,121.0,-1524.4468002384529,-730.8138503413647,-395.7356438613497,840.2377131949179,0.0,0.0,0.0,0.0,0.0,0.0,0.0,0.0,1750362147.5031695,0.0,left_blink
60.31650900840759,130.0,-1440.587023532018,-677.4192986739799,-314.2731430265121,910.6151505610906,0.0,0.0,0.0,0.0,0.0,0.0,0.0,0.0,1750362147.5931213,0.0,left_blink
60.41760420799256,142.0,-1456.5863155424595,-686.2529423693195,-329.7488490431569,900.7642540778032,0.0,0.0,0.0,0.0,0.0,0.0,0.0,0.0,1750362147.7127168,0.0,left_blink
60.518983364105225,151.0,-1554.078027587384,-716.6171901095659,-409.2404226013459,836.5688713383861,0.0,0.0,0.0,0.0,0.0,0.0,0.0,0.0,1750362147.8032134,0.0,left_blink
60.6200692653656,161.0,-1546.0671618822962,-729.5161050567403,-397.5681948396377,842.721006765496,0.0,0.0,0.0,0.0,0.0,0.0,0.0,0.0,1750362147.90666,0.0,left_blink
60.72130846977234,170.0,-1453.5382970785722,-679.5435618488118,-306.07528232363984,918.569917766843,0.0,0.0,0.0,0.0,0.0,0.0,0.0,0.0,1750362147.9965944,0.0,left_blink
60.82179307937622,182.0,-1475.5924871172756,-678.2121574645862,-323.0581680224277,906.9350890046916,0.0,0.0,0.0,0.0,0.0,0.0,0.0,0.0,1750362148.1172068,0.0,left_blink
60.9225754737854,191.0,-1544.331848302856,-731.2140196366236,-411.5853398735635,829.5976978209801,0.0,0.0,0.0,0.0,0.0,0.0,0.0,0.0,1750362148.2062893,0.0,left_blink
61.023277044296265,101.0,-1476.4956729565747,-670.5247931056656,-338.70964933699,895.9659624346532,0.0,0.0,0.0,0.0,0.0,0.0,0.0,0.0,1750362148.3118415,0.0,left_blink
61.12426280975342,110.0,-1497.753264304716,-691.999298651237,-355.97676743241027,885.9804295529611,0.0,0.0,0.0,0.0,0.0,0.0,0.0,0.0,1750362148.4031603,0.0,left_blink
61.22522282600403,122.0,-1530.0248610223643,-722.1541119939648,-406.15126523794606,827.9895408400334,0.0,0.0,0.0,0.0,0.0,0.0,0.0,0.0,1750362148.5215917,0.0,left_blink
61.32577013969421,131.0,-1471.9666541102342,-675.7082944442518,-341.49213490402326,891.2836076901294,0.0,0.0,0.0,0.0,0.0,0.0,0.0,0.0,1750362148.6122477,0.0,left_blink
61.426761865615845,142.0,-1539.3746109115891,-729.7199296043254,-402.6469789794646,830.3868167116307,0.0,0.0,0.0,0.0,0.0,0.0,0.0,0.0,1750362148.718272,0.0,left_blink
61.52785396575928,151.0,-1470.5305325272493,-680.7010608850978,-333.0212615043856,888.9349505179562,0.0,0.0,0.0,0.0,0.0,0.0,0.0,0.0,1750362148.808231,0.0,left_blink
61.62879657745361,161.0,-1462.5234067221172,-681.5649777748622,-334.476082587149,884.7986211669631,0.0,0.0,0.0,0.0,0.0,0.0,0.0,0.0,1750362148.9116733,0.0,left_blink
61.72935247421265,170.0,-1490.1163885951971,-705.410579892341,-336.6040856619365,877.8573668492027,0.0,0.0,0.0,0.0,0.0,0.0,0.0,0.0,1750362149.0017707,0.0,left_blink
61.830082178115845,182.0,-1509.7957421620376,-718.3955125384964,-415.6431313254871,823.097751697991,0.0,0.0,0.0,0.0,0.0,0.0,0.0,0.0,1750362149.123178,0.0,left_blink
61.93129372596741,193.0,-1414.7611443880014,-666.7063552509062,-313.9814308299683,901.830125565175,0.0,0.0,0.0,0.0,0.0,0.0,0.0,0.0,1750362149.2280169,0.0,left_blink
62.03182744979858,0.0,-1527.2105863057077,-732.5304644210264,-412.4380370634608,815.9564127326012,0.0,0.0,0.0,0.0,0.0,0.0,0.0,0.0,1750362149.302924,0.0,left_blink
62.13335967063904,112.0,-1469.5301092891025,-734.9987983917817,-371.22059965180233,859.3803911181167,0.0,0.0,0.0,0.0,0.0,0.0,0.0,0.0,1750362149.422901,0.0,left_blink
62.234068155288696,121.0,-1453.2091858824715,-687.7750816512853,-315.8326813080348,910.7853160090744,0.0,0.0,0.0,0.0,0.0,0.0,0.0,0.0,1750362149.5129898,0.0,left_blink
62.33606195449829,133.0,-1495.679489779286,-739.9429461332038,-374.9118809080682,862.6415838794783,0.0,0.0,0.0,0.0,0.0,0.0,0.0,0.0,1750362149.63373,0.0,left_blink
62.43779373168945,142.0,-1521.645615171641,-710.5922112809494,-360.3412306807004,872.6645157607272,0.0,0.0,0.0,0.0,0.0,0.0,0.0,0.0,1750362149.7229886,0.0,left_blink
62.53833532333374,152.0,-1510.1080238083375,-720.4692870639265,-371.5197916482575,868.3112722123042,0.0,0.0,0.0,0.0,0.0,0.0,0.0,0.0,1750362149.8264706,0.0,left_blink
62.63924503326416,161.0,-1456.4068003445864,-685.6695179762319,-304.4970445423387,911.2528035035356,0.0,0.0,0.0,0.0,0.0,0.0,0.0,0.0,1750362149.9173288,0.0,left_blink
62.74020862579346,172.0,-1502.5721253976226,-701.683769586496,-362.3495569569059,861.5196138927713,0.0,0.0,0.0,0.0,0.0,0.0,0.0,0.0,1750362150.022636,0.0,left_blink
62.840681076049805,182.0,-1485.585499798879,-721.3593832533807,-371.66190784657374,855.57691286318,0.0,0.0,0.0,0.0,0.0,0.0,0.0,0.0,1750362150.1266775,0.0,left_blink
62.94189524650574,193.0,-1323.9096247144043,-739.4081404395401,-379.0257708593272,759.4166052024812,0.0,0.0,0.0,0.0,0.0,0.0,0.0,0.0,1750362150.2332492,0.0,left_blink
63.04252004623413,101.0,-1383.1384203126654,-726.8963051377796,-425.90915670385584,756.5555817363784,0.0,0.0,0.0,0.0,0.0,0.0,0.0,0.0,1750362150.3215773,0.0,left_blink
63.14298868179321,113.0,-1381.7509174291044,-785.4070399445482,-395.1148204687052,731.9545198278502,0.0,0.0,0.0,0.0,0.0,0.0,0.0,0.0,1750362150.4415555,0.0,right_blink
63.243478298187256,122.0,-1336.516827465035,-681.422861576546,-302.5223773657344,840.9950429359451,0.0,0.0,0.0,0.0,0.0,0.0,0.0,0.0,1750362150.5319736,0.0,right_blink
63.34413838386536,133.0,-1449.6749804243443,-745.4985675173812,-398.3498339303769,775.2737810146064,0.0,0.0,0.0,0.0,0.0,0.0,0.0,0.0,1750362150.6379204,0.0,right_blink
63.44486570358277,142.0,-1376.08870889619,-664.3576980787329,-304.40354704344645,870.0353660918772,0.0,0.0,0.0,0.0,0.0,0.0,0.0,0.0,1750362150.728011,0.0,right_blink
63.54545068740845,152.0,-1403.457296771929,-652.719129416626,-308.3790606963448,886.2553121997043,0.0,0.0,0.0,0.0,0.0,0.0,0.0,0.0,1750362150.8317392,0.0,right_blink
63.64598488807678,162.0,-1410.1741570923475,-628.477097903844,-363.83803713927045,996.9301715884358,0.0,0.0,0.0,0.0,0.0,0.0,0.0,0.0,1750362150.9373732,0.0,right_blink
63.74680161476135,173.0,-1608.145761246793,-740.8797910721041,-241.1057402933948,884.4938193205744,0.0,0.0,0.0,0.0,0.0,0.0,0.0,0.0,1750362151.0415845,0.0,right_blink
63.84746646881104,182.0,-1550.4989433297887,-664.851364872884,-138.84565580496565,967.740252434276,0.0,0.0,0.0,0.0,0.0,0.0,0.0,0.0,1750362151.1317804,0.0,right_blink
63.94819688796997,192.0,-1550.4914635298774,-638.2793756877072,-111.65284322714432,952.4590212153272,0.0,0.0,0.0,0.0,0.0,0.0,0.0,0.0,1750362151.2369106,0.0,right_blink
64.04886078834534,101.0,-1614.4250532723963,-739.9335963833146,-73.71155817667022,812.6709106215276,0.0,0.0,0.0,0.0,0.0,0.0,0.0,0.0,1750362151.3263724,0.0,right_blink
64.15075278282166,113.0,-1577.9423292046413,-739.3875709897839,-21.11734509980306,978.969302051235,0.0,0.0,0.0,0.0,0.0,0.0,0.0,0.0,1750362151.447153,0.0,right_blink
64.2513918876648,122.0,-1625.798089037649,-764.0746505972929,-28.469988412689418,872.6439463109709,0.0,0.0,0.0,0.0,0.0,0.0,0.0,0.0,1750362151.536454,0.0,right_blink
64.35235357284546,133.0,-1577.8189125061035,-740.4796217768453,44.37578292423859,835.4394215517677,0.0,0.0,0.0,0.0,0.0,0.0,0.0,0.0,1750362151.6429403,0.0,right_blink
64.45323252677917,142.0,-1607.349162556231,-729.3608992085792,-71.88648699829355,848.2261395002715,0.0,0.0,0.0,0.0,0.0,0.0,0.0,0.0,1750362151.732983,0.0,right_blink
64.55461740493774,154.0,-1640.8848454589024,-827.7202680432238,-134.14460156066343,785.4257394443266,0.0,0.0,0.0,0.0,0.0,0.0,0.0,0.0,1750362151.8530767,0.0,right_blink
64.6554753780365,163.0,-1553.3936258954927,-697.2501181890257,-87.90821840846911,897.5554199158214,0.0,0.0,0.0,0.0,0.0,0.0,0.0,0.0,1750362151.9432745,0.0,right_blink
64.75632524490356,173.0,-1532.143514347263,-679.0068862051703,-160.71659074584022,944.487424459774,0.0,0.0,0.0,0.0,0.0,0.0,0.0,0.0,1750362152.0468533,0.0,right_blink
64.85683584213257,182.0,-1554.1079467870295,-725.9688099487685,-230.0505960243754,846.1542349248193,0.0,0.0,0.0,0.0,0.0,0.0,0.0,0.0,1750362152.136367,0.0,right_blink
64.95797204971313,194.0,-1574.9466693401337,-739.6418841867708,-318.2748359791003,822.772380401846,0.0,0.0,0.0,0.0,0.0,0.0,0.0,0.0,1750362152.2566853,0.0,right_blink
65.0586450099945,103.0,-1500.1094012768008,-686.0285483719781,-205.1914810189046,853.2544349906966,0.0,0.0,0.0,0.0,0.0,0.0,0.0,0.0,1750362152.3482,0.0,right_blink
65.15938210487366,113.0,-1489.1290550068952,-701.9418226834387,-246.5846937284805,878.2220070948824,0.0,0.0,0.0,0.0,0.0,0.0,0.0,0.0,1750362152.451646,0.0,right_blink
65.25994563102722,122.0,-1575.8760344791226,-730.2603451479226,-344.5887720673345,812.0669167786837,0.0,0.0,0.0,0.0,0.0,0.0,0.0,0.0,1750362152.5425408,0.0,right_blink
65.36060929298401,134.0,-1519.4297244478948,-698.3664783257991,-310.41356627224013,895.0702563952655,0.0,0.0,0.0,0.0,0.0,0.0,0.0,0.0,1750362152.6613562,0.0,right_blink
65.46130037307739,143.0,-1486.6644609360956,-650.7912109894678,-303.7902034507133,892.313950127922,0.0,0.0,0.0,0.0,0.0,0.0,0.0,0.0,1750362152.752128,0.0,right_blink
65.56187391281128,154.0,-1515.9403977892362,-669.6066476665437,-371.2991375508718,907.486724248156,0.0,0.0,0.0,0.0,0.0,0.0,0.0,0.0,1750362152.857962,0.0,right_blink
65.66286063194275,163.0,-1491.9152804738842,-651.3035772833973,-338.2608613423072,923.5234152581544,0.0,0.0,0.0,0.0,0.0,0.0,0.0,0.0,1750362152.9479816,0.0,right_blink
65.76325702667236,173.0,-1475.4335413691588,-672.5574287315831,-306.62130771717057,922.2555891731754,0.0,0.0,0.0,0.0,0.0,0.0,0.0,0.0,1750362153.051604,0.0,right_blink
65.86441421508789,184.0,-1509.6798052634113,-682.9917496079579,-378.91731376061216,945.1101178023964,0.0,0.0,0.0,0.0,0.0,0.0,0.0,0.0,1750362153.1578903,0.0,right_blink
65.96549034118652,194.0,-1510.10615385836,-695.1613840637729,-350.4043164984323,898.7764972513542,0.0,0.0,0.0,0.0,0.0,0.0,0.0,0.0,1750362153.2616456,0.0,right_blink
66.06668663024902,103.0,-1556.3743261601776,-697.1435310402885,-440.2292336341925,860.7847235514782,0.0,0.0,0.0,0.0,0.0,0.0,0.0,0.0,1750362153.353758,0.0,right_blink
66.16704177856445,113.0,-1549.7434835387394,-751.0504490016028,-360.6666019768454,820.4349429295398,0.0,0.0,0.0,0.0,0.0,0.0,0.0,0.0,1750362153.4565153,0.0,right_blink
66.26819372177124,123.0,-1545.322921791114,-747.1235540481284,-385.6379139809869,793.7844158452936,0.0,0.0,0.0,0.0,0.0,0.0,0.0,0.0,1750362153.5622368,0.0,right_blink
66.36898875236511,134.0,-1500.758273919113,-712.8062320547178,-331.34952622419223,875.8340809731744,0.0,0.0,0.0,0.0,0.0,0.0,0.0,0.0,1750362153.6668465,0.0,right_blink
66.470205783844,143.0,-1540.5882084472105,-717.9037156943232,-408.48496281029657,831.7070013959892,0.0,0.0,0.0,0.0,0.0,0.0,0.0,0.0,1750362153.7563071,0.0,right_blink
66.57111620903015,152.0,-1474.923045025207,-659.6697334842756,-279.49581333855167,857.4038539915346,0.0,0.0,0.0,0.0,0.0,0.0,0.0,0.0,1750362153.8461554,0.0,right_blink
66.67194700241089,161.0,-1487.743422073312,-687.0607607597485,-335.08568627992645,863.2829767218791,0.0,0.0,0.0,0.0,0.0,0.0,0.0,0.0,1750362153.936945,0.0,right_blink
66.77256083488464,173.0,-1528.0932026952505,-728.4651931691915,-413.94521674560383,816.3397524780594,0.0,0.0,0.0,0.0,0.0,0.0,0.0,0.0,1750362154.0564854,0.0,right_blink
66.8735363483429,184.0,-1420.615957768634,-676.5067630847916,-329.3636393477209,925.7131266822108,0.0,0.0,0.0,0.0,0.0,0.0,0.0,0.0,1750362154.1628735,0.0,right_blink
66.97395586967468,193.0,-1509.973387409933,-708.4567284062505,-450.13248871685937,845.5932499314658,0.0,0.0,0.0,0.0,0.0,0.0,0.0,0.0,1750362154.252856,0.0,right_blink
67.07437515258789,103.0,-1476.0674544116482,-689.2355125839822,-338.8723349850625,864.333888609428,0.0,0.0,0.0,0.0,0.0,0.0,0.0,0.0,1750362154.358076,0.0,right_blink
67.17548179626465,113.0,-1477.215603698045,-705.2722035939805,-373.7431621719152,868.1785057638772,0.0,0.0,0.0,0.0,0.0,0.0,0.0,0.0,1750362154.4615688,0.0,right_blink
67.2759382724762,123.0,-1465.6780123347417,-699.3407222642563,-373.96755616925657,860.3621148564853,0.0,0.0,0.0,0.0,0.0,0.0,0.0,0.0,1750362154.567054,0.0,right_blink
67.37656664848328,133.0,-1473.3635067436844,-699.4678788627498,-378.1450244197622,861.1287943474017,0.0,0.0,0.0,0.0,0.0,0.0,0.0,0.0,1750362154.6579373,0.0,right_blink
67.4769082069397,143.0,-1479.4408441716805,-706.4390523801558,-409.4143279492855,859.292503469158,0.0,0.0,0.0,0.0,0.0,0.0,0.0,0.0,1750362154.7644567,0.0,right_blink
67.57767486572266,154.0,-1498.5479930453002,-709.7002451415174,-412.7428389098495,857.8040232867934,0.0,0.0,0.0,0.0,0.0,0.0,0.0,0.0,1750362154.867756,0.0,right_blink
67.67851829528809,164.0,-1495.679489779286,-730.6436848933809,-374.2742279656232,800.5798140647821,0.0,0.0,0.0,0.0,0.0,0.0,0.0,0.0,1750362154.9715135,0.0,right_blink
67.77953767776489,172.0,-1428.6417830735445,-734.5032616476528,-327.06921072490513,897.2113491198979,0.0,0.0,0.0,0.0,0.0,0.0,0.0,0.0,1750362155.0632946,0.0,right_blink
67.88021922111511,184.0,-1484.7963809082285,-689.4112878818996,-398.7069943761453,857.4075938914903,0.0,0.0,0.0,0.0,0.0,0.0,0.0,0.0,1750362155.167807,0.0,right_blink
67.98085761070251,193.0,-1502.3290319005027,-698.1364744785242,-339.8297493737191,846.363669322338,0.0,0.0,0.0,0.0,0.0,0.0,0.0,0.0,1750362155.2579985,0.0,right_blink
68.081702709198,104.0,-1520.127215789631,-712.9389985031448,-414.99799858313054,870.3569974880666,0.0,0.0,0.0,0.0,0.0,0.0,0.0,0.0,1750362155.3767493,0.0,right_blink
68.18239498138428,113.0,-1421.521013557911,-707.4039465687238,-282.6915578506887,890.8142502456903,0.0,0.0,0.0,0.0,0.0,0.0,0.0,0.0,1750362155.466828,0.0,right_blink
68.2834005355835,124.0,-1517.7299399180338,-730.8493793909438,-392.9550282442942,845.2585288854316,0.0,0.0,0.0,0.0,0.0,0.0,0.0,0.0,1750362155.572688,0.0,right_blink
68.38435077667236,133.0,-1447.606815748848,-672.5630385815166,-299.4313500523567,933.8567588357256,0.0,0.0,0.0,0.0,0.0,0.0,0.0,0.0,1750362155.6629713,0.0,right_blink
68.48636603355408,145.0,-1479.362306272611,-747.2899795961566,-322.3681564806029,874.934635033831,0.0,0.0,0.0,0.0,0.0,0.0,0.0,0.0,1750362155.7829475,0.0,right_blink
68.58743667602539,154.0,-1514.0573581615463,-721.5819073007442,-398.662115576677,838.680044863373,0.0,0.0,0.0,0.0,0.0,0.0,0.0,0.0,1750362155.8730729,0.0,right_blink
68.68795371055603,164.0,-1521.6493550715968,-768.4503335454501,-396.58273120131344,829.9473784668371,0.0,0.0,0.0,0.0,0.0,0.0,0.0,0.0,1750362155.9764452,0.0,right_blink
68.78883290290833,173.0,-1435.945807687007,-711.140106624458,-281.2554362677038,909.3379747262225,0.0,0.0,0.0,0.0,0.0,0.0,0.0,0.0,1750362156.0666358,0.0,right_blink
68.88932394981384,185.0,-1485.5406209994107,-692.6163821439259,-332.0170983662829,865.9813145399094,0.0,0.0,0.0,0.0,0.0,0.0,0.0,0.0,1750362156.1863258,0.0,right_blink
68.99006032943726,194.0,-1517.2250534240156,-740.4796217768453,-399.3764364682138,836.3014684915543,0.0,0.0,0.0,0.0,0.0,0.0,0.0,0.0,1750362156.276758,0.0,right_blink
69.09042024612427,104.0,-1443.0067388033494,-700.0494333058596,-302.9281565109268,908.438528786879,0.0,0.0,0.0,0.0,0.0,0.0,0.0,0.0,1750362156.3814733,0.0,right_blink
69.19123148918152,113.0,-1502.9236759934574,-715.5774979218841,-384.04658654984087,834.3997293640859,0.0,0.0,0.0,0.0,0.0,0.0,0.0,0.0,1750362156.471705,0.0,right_blink
69.29183149337769,124.0,-1435.5119792921469,-660.2755972770974,-315.0716116670519,896.0557200335898,0.0,0.0,0.0,0.0,0.0,0.0,0.0,0.0,1750362156.5777647,0.0,right_blink
69.39219617843628,134.0,-1431.5252459393814,-672.8566207280383,-311.2868329118937,881.3354738079943,0.0,0.0,0.0,0.0,0.0,0.0,0.0,0.0,1750362156.6817756,0.0,right_blink
69.4929792881012,145.0,-1517.053018026054,-748.0061704376712,-443.7054706430063,829.8370514181443,0.0,0.0,0.0,0.0,0.0,0.0,0.0,0.0,1750362156.787724,0.0,right_blink
69.59364557266235,154.0,-1428.9559346698225,-666.7493641003966,-312.188148801215,915.035712308716,0.0,0.0,0.0,0.0,0.0,0.0,0.0,0.0,1750362156.87789,0.0,right_blink
69.69405746459961,164.0,-1431.4504479402676,-672.4901105323806,-355.0548820933327,930.2346657286398,0.0,0.0,0.0,0.0,0.0,0.0,0.0,0.0,1750362156.981629,0.0,right_blink
69.79470181465149,175.0,-1495.391517482698,-769.7462088800967,-399.5896107656881,773.1626074896194,0.0,0.0,0.0,0.0,0.0,0.0,0.0,0.0,1750362157.0878348,0.0,right_blink
69.89558792114258,185.0,-1494.9950880873948,-731.9021612284705,-486.7105802334845,832.2904257890768,0.0,0.0,0.0,0.0,0.0,0.0,0.0,0.0,1750362157.1916096,0.0,right_blink
69.99647164344788,194.0,-1404.3735722610727,-660.8777211699635,-364.976836675778,925.2531189876609,0.0,0.0,0.0,0.0,0.0,0.0,0.0,0.0,1750362157.2815948,0.0,right_blink
70.09686279296875,104.0,-1416.0420601228252,-696.3375825998373,-383.9474792010151,890.5861163483933,0.0,0.0,0.0,0.0,0.0,0.0,0.0,0.0,1750362157.3866374,0.0,right_blink
70.19807481765747,113.0,-1485.6902169976383,-740.8236925727688,-485.30250790016726,858.4341964293271,0.0,0.0,0.0,0.0,0.0,0.0,0.0,0.0,1750362157.4765549,0.0,right_blink
70.29886984825134,125.0,-1446.847616057843,-688.4089946937747,-373.6216154233553,887.6203756835312,0.0,0.0,0.0,0.0,0.0,0.0,0.0,0.0,1750362157.5973125,0.0,right_blink
70.39983749389648,134.0,-1456.4441993441433,-691.0905029620044,-354.1404765541665,886.2702717995271,0.0,0.0,0.0,0.0,0.0,0.0,0.0,0.0,1750362157.6863036,0.0,right_blink
70.50021719932556,145.0,-1453.6991127766669,-682.7093871613033,-397.4746973407455,877.3244311055169,0.0,0.0,0.0,0.0,0.0,0.0,0.0,0.0,1750362157.7928083,0.0,right_blink
70.60251903533936,154.0,-1465.1768657406792,-688.4015148938634,-327.5011691697873,869.5379593977705,0.0,0.0,0.0,0.0,0.0,0.0,0.0,0.0,1750362157.8831444,0.0,right_blink
70.70364379882812,166.0,-1511.974233886227,-733.6505644577555,-352.9549282682128,809.4078479101881,0.0,0.0,0.0,0.0,0.0,0.0,0.0,0.0,1750362158.0031333,0.0,right_blink
70.80444264411926,175.0,-1476.6695783045143,-704.5504029025324,-355.61773703666404,860.352765106596,0.0,0.0,0.0,0.0,0.0,0.0,0.0,0.0,1750362158.0928586,0.0,right_blink
70.9051411151886,185.0,-1448.5417907377705,-697.5941889849491,-364.6383757297881,897.9686788609251,0.0,0.0,0.0,0.0,0.0,0.0,0.0,0.0,1750362158.1965408,0.0,right_blink
71.00603199005127,194.0,-1464.7953959451988,-703.5555895143189,-332.0301880161278,868.3636308116838,0.0,0.0,0.0,0.0,0.0,0.0,0.0,0.0,1750362158.286905,0.0,right_blink
71.10676288604736,105.0,-1409.7534183473326,-676.1626922888681,-349.2842164617032,900.8745811264962,0.0,0.0,0.0,0.0,0.0,0.0,0.0,0.0,1750362158.407081,0.0,right_blink
71.20769906044006,115.0,-1410.291963940952,-673.9898104146123,-346.69620569236577,909.5661086235197,0.0,0.0,0.0,0.0,0.0,0.0,0.0,0.0,1750362158.4979277,0.0,right_blink
71.30850410461426,125.0,-1404.3305634115825,-696.956536042504,-314.443308474496,903.3877938967198,0.0,0.0,0.0,0.0,0.0,0.0,0.0,0.0,1750362158.6017518,0.0,right_blink
71.40951919555664,134.0,-1490.4754189909436,-761.4436309784651,-450.0633005676791,806.0007990505546,0.0,0.0,0.0,0.0,0.0,0.0,0.0,0.0,1750362158.6917715,0.0,right_blink
71.51085758209229,145.0,-1395.096750420984,-669.060622273013,-340.7460248628631,893.3947812151164,0.0,0.0,0.0,0.0,0.0,0.0,0.0,0.0,1750362158.7984543,0.0,right_blink
71.61202001571655,155.0,-1398.7955114771612,-680.108286742121,-339.1266481820494,889.8194368574768,0.0,0.0,0.0,0.0,0.0,0.0,0.0,0.0,1750362158.9018052,0.0,right_blink
71.71269607543945,165.0,-1403.429247522261,-708.8793371012434,-285.0888337222859,852.6597908977419,0.0,0.0,0.0,0.0,0.0,0.0,0.0,0.0,1750362159.0073133,0.0,right_blink
71.813551902771,175.0,-1391.0277392691933,-672.0413225376979,-344.2353515215218,919.78725520242,0.0,0.0,0.0,0.0,0.0,0.0,0.0,0.0,1750362159.0981543,0.0,right_blink
71.9149808883667,186.0,-1455.6494706035592,-720.5291254632175,-446.6525118080899,880.9633537624031,0.0,0.0,0.0,0.0,0.0,0.0,0.0,0.0,1750362159.216976,0.0,right_blink
72.01635360717773,196.0,-1486.8738953336142,-710.5959511809051,-408.9543202547357,873.427455351688,0.0,0.0,0.0,0.0,0.0,0.0,0.0,0.0,1750362159.30807,0.0,right_blink
72.11703109741211,106.0,-1420.5766888190992,-680.4523575380445,-317.2332738414407,921.9563971767202,0.0,0.0,0.0,0.0,0.0,0.0,0.0,0.0,1750362159.4126892,0.0,right_blink
72.21863412857056,115.0,-1476.865923052188,-745.7996294638142,-419.8449089257047,843.1941041098908,0.0,0.0,0.0,0.0,0.0,0.0,0.0,0.0,1750362159.5027444,0.0,right_blink
72.319664478302,125.0,-1486.971132732462,-731.6254086317495,-499.127048086375,879.2018608832732,0.0,0.0,0.0,0.0,0.0,0.0,0.0,0.0,1750362159.6066267,0.0,right_blink
72.42042469978333,134.0,-1455.6494706035592,-709.2495871968567,-387.8762441044673,897.9350197613239,0.0,0.0,0.0,0.0,0.0,0.0,0.0,0.0,1750362159.6963084,0.0,right_blink
72.52107906341553,146.0,-1423.542429483961,-670.9380520507693,-341.21725225728005,899.3113029450178,0.0,0.0,0.0,0.0,0.0,0.0,0.0,0.0,1750362159.8167071,0.0,right_blink
72.62172508239746,155.0,-1508.0230295830406,-761.7278633750975,-418.719199039042,826.6787059055641,0.0,0.0,0.0,0.0,0.0,0.0,0.0,0.0,1750362159.9066322,0.0,right_blink
72.72258877754211,166.0,-1412.4648458152078,-633.4567746948451,-383.0742125613615,941.1794829489664,0.0,0.0,0.0,0.0,0.0,0.0,0.0,0.0,1750362160.0129068,0.0,right_blink
72.82356214523315,175.0,-1522.7021369091235,-708.7783598024398,-366.1549051618204,818.8136962987483,0.0,0.0,0.0,0.0,0.0,0.0,0.0,0.0,1750362160.102684,0.0,right_blink
72.92422246932983,185.0,-1507.8061153856106,-770.6176055697724,-387.8388451049104,818.5406836019829,0.0,0.0,0.0,0.0,0.0,0.0,0.0,0.0,1750362160.2064335,0.0,right_blink
73.02457976341248,196.0,-1437.2529027215205,-713.4719342468306,-268.0909884236753,917.5881940284744,0.0,0.0,0.0,0.0,0.0,0.0,0.0,0.0,1750362160.3131115,0.0,right_blink
73.12580823898315,106.0,-1496.1488472237252,-675.7213840940967,-393.0821848427877,880.5239155176096,0.0,0.0,0.0,0.0,0.0,0.0,0.0,0.0,1750362160.4180417,0.0,right_blink
73.22685146331787,115.0,-1511.5347956414334,-731.5169515330344,-392.9550282442942,851.6705873594619,0.0,0.0,0.0,0.0,0.0,0.0,0.0,0.0,1750362160.5081594,0.0,right_blink
73.32739496231079,125.0,-1532.164083797019,-707.4357357183471,-298.9264635583386,856.2519648051821,0.0,0.0,0.0,0.0,0.0,0.0,0.0,0.0,1750362160.6116073,0.0,right_blink
73.42828869819641,136.0,-1489.626461701002,-769.3909183843061,-313.3325581876561,916.9206218863836,0.0,0.0,0.0,0.0,0.0,0.0,0.0,0.0,1750362160.7192872,0.0,right_blink
73.52888083457947,146.0,-1553.2608594470655,-562.7577059324831,-279.3892261898145,805.7221765038557,0.0,0.0,0.0,0.0,0.0,0.0,0.0,0.0,1750362160.8213503,0.0,right_blink
73.62954020500183,155.0,-1367.380351849366,-1453.9721254734322,-167.39044221676886,985.5290865735152,0.0,0.0,0.0,0.0,0.0,0.0,0.0,0.0,1750362160.911373,0.0,right_blink
73.7303318977356,166.0,-1410.980105532799,-1090.5697866789997,-196.14279307611287,921.415981633123,0.0,0.0,0.0,0.0,0.0,0.0,0.0,0.0,1750362161.0180411,0.0,right_blink
73.8307933807373,175.0,-1451.3785048541613,-977.3630150202662,-348.0238701766357,920.12571614841,0.0,0.0,0.0,0.0,0.0,0.0,0.0,0.0,1750362161.1080308,0.0,right_blink
73.93144345283508,187.0,-1476.5779507556,-503.1698799384758,-392.222007852979,885.7597754555754,0.0,0.0,0.0,0.0,0.0,0.0,0.0,0.0,1750362161.2279923,0.0,right_blink
74.03222632408142,196.0,-1523.0424678050913,-499.127048086375,-400.9621540494263,817.9703488587402,0.0,0.0,0.0,0.0,0.0,0.0,0.0,0.0,1750362161.317943,0.0,right_blink
74.1332700252533,106.0,-1546.0484623825178,-509.56510886270553,-466.2121885763481,808.9179210159928,0.0,0.0,0.0,0.0,0.0,0.0,0.0,0.0,1750362161.4231808,0.0,right_blink
74.23436713218689,115.0,-1473.973110436462,-583.9068401819095,-370.33611331228167,880.2265934711322,0.0,0.0,0.0,0.0,0.0,0.0,0.0,0.0,1750362161.5135944,0.0,right_blink
74.33568263053894,125.0,-1455.6326410537586,-509.6847856612876,-431.4647780880332,918.4072321187704,0.0,0.0,0.0,0.0,0.0,0.0,0.0,0.0,1750362161.6167488,0.0,right_blink
74.43670463562012,136.0,-1541.4895243365318,-486.7741585327312,-501.2774905608967,821.6934192646295,0.0,0.0,0.0,0.0,0.0,0.0,0.0,0.0,1750362161.7229323,0.0,right_blink
74.53722167015076,146.0,-1532.8166963392869,-648.8053241129965,-464.52923359628767,796.4453546637669,0.0,0.0,0.0,0.0,0.0,0.0,0.0,0.0,1750362161.8263023,0.0,right_blink
74.63774299621582,155.0,-1445.194580277428,-515.9603377869353,-399.0809843717143,914.7271705623716,0.0,0.0,0.0,0.0,0.0,0.0,0.0,0.0,1750362161.916489,0.0,right_blink
74.73822784423828,167.0,-1468.7709095980972,-633.6923883920535,-398.8042317749933,878.2930651940405,0.0,0.0,0.0,0.0,0.0,0.0,0.0,0.0,1750362162.0364408,0.0,right_blink
74.83874344825745,176.0,-1524.9255074327812,-693.7626614803448,-444.12433943804353,784.9713415997103,0.0,0.0,0.0,0.0,0.0,0.0,0.0,0.0,1750362162.1266656,0.0,right_blink
74.93982172012329,187.0,-1463.5163501603529,-501.973111952655,-412.5259247124195,901.6599601171912,0.0,0.0,0.0,0.0,0.0,0.0,0.0,0.0,1750362162.2330625,0.0,right_blink
75.04044651985168,196.0,-1497.598058456555,-720.2598526664078,-433.97051105834544,816.6669937241822,0.0,0.0,0.0,0.0,0.0,0.0,0.0,0.0,1750362162.3231156,0.0,right_blink
75.14111709594727,106.0,-1351.210894390941,-1064.2091018413194,-257.08259290410206,966.3041308512912,0.0,0.0,0.0,0.0,0.0,0.0,0.0,0.0,1750362162.4280171,0.0,right_blink
75.24168419837952,116.0,-1376.1635068953035,-969.0997060681692,-263.560099627357,921.1971974857152,0.0,0.0,0.0,0.0,0.0,0.0,0.0,0.0,1750362162.5328896,0.0,right_blink
75.34263515472412,127.0,-1429.4533413639292,-939.6180747174658,-398.1254399330355,881.2438462590799,0.0,0.0,0.0,0.0,0.0,0.0,0.0,0.0,1750362162.63795,0.0,right_blink
75.44354009628296,136.0,-1398.9768966250122,-827.6080710445531,-331.1812307261862,901.0316569246352,0.0,0.0,0.0,0.0,0.0,0.0,0.0,0.0,1750362162.72799,0.0,right_blink
75.54399490356445,146.0,-1385.0195899903774,-967.8019607835448,-358.8116115988232,896.7008527759463,0.0,0.0,0.0,0.0,0.0,0.0,0.0,0.0,1750362162.8318367,0.0,right_blink
75.64477038383484,157.0,-1561.3035143017769,-426.3542047985829,-495.30300038168207,733.7347122067586,0.0,0.0,0.0,0.0,0.0,0.0,0.0,0.0,1750362162.9377775,0.0,right_blink
75.74604940414429,167.0,-1615.980851653963,-175.79586736718193,-502.3751511978917,696.4292101487517,0.0,0.0,0.0,0.0,0.0,0.0,0.0,0.0,1750362163.0416827,0.0,right_blink
75.84680676460266,176.0,-1460.5767887951806,-576.9038775148802,-392.9868173939176,882.7435461413115,0.0,0.0,0.0,0.0,0.0,0.0,0.0,0.0,1750362163.1314924,0.0,right_blink
75.94798183441162,187.0,-1571.9360498758033,-384.02975700004026,-492.1016460196115,773.8413993315771,0.0,0.0,0.0,0.0,0.0,0.0,0.0,0.0,1750362163.2380314,0.0,right_blink
76.04873657226562,196.0,-1547.3761268667877,-339.0238009332679,-420.2432082709856,807.9006682280451,0.0,0.0,0.0,0.0,0.0,0.0,0.0,0.0,1750362163.327956,0.0,right_blink
76.14935421943665,107.0,-1524.289724440314,-388.9028466423042,-467.1228542155586,821.1623534709215,0.0,0.0,0.0,0.0,0.0,0.0,0.0,0.0,1750362163.446865,0.0,right_blink
76.25045871734619,116.0,-1502.7292011957616,-449.2049935278483,-398.3535738303326,829.8052622685209,0.0,0.0,0.0,0.0,0.0,0.0,0.0,0.0,1750362163.536466,0.0,right_blink
76.35154128074646,127.0,-1535.576742506586,-531.5912496517412,-409.2105034017004,807.4930191328749,0.0,0.0,0.0,0.0,0.0,0.0,0.0,0.0,1750362163.6432211,0.0,right_blink
76.4536235332489,136.0,-1470.6333797760308,-625.6983522367664,-358.65453580068424,867.8849236173555,0.0,0.0,0.0,0.0,0.0,0.0,0.0,0.0,1750362163.7330928,0.0,right_blink
76.55418109893799,147.0,-1494.3967040944844,-614.6806069673039,-369.3057708744891,850.1727574272081,0.0,0.0,0.0,0.0,0.0,0.0,0.0,0.0,1750362163.8527174,0.0,right_blink
76.65503287315369,157.0,-1497.5419599572197,-613.4277404821478,-384.6094414931722,866.2580671366304,0.0,0.0,0.0,0.0,0.0,0.0,0.0,0.0,1750362163.9428148,0.0,right_blink
76.75543451309204,166.0,-1457.8391820276156,-738.9387829951011,-311.0643088645302,844.312334196642,0.0,0.0,0.0,0.0,0.0,0.0,0.0,0.0,1750362164.0330167,0.0,right_blink
76.85670399665833,177.0,-1472.922198548913,-675.0388523521833,-400.5451552043669,852.4466166002676,0.0,0.0,0.0,0.0,0.0,0.0,0.0,0.0,1750362164.152051,0.0,right_blink
76.95724678039551,187.0,-1462.6636529704556,-646.1256857947446,-378.3151898677461,855.35999866575,0.0,0.0,0.0,0.0,0.0,0.0,0.0,0.0,1750362164.2432334,0.0,right_blink
77.05792927742004,197.0,-1447.666654148139,-687.1710878084414,-441.54941831855103,909.524969724007,0.0,0.0,0.0,0.0,0.0,0.0,0.0,0.0,1750362164.3466513,0.0,right_blink
77.15863466262817,106.0,-1485.1928103035316,-782.0373900844716,-393.69178853556514,799.2484096805565,0.0,0.0,0.0,0.0,0.0,0.0,0.0,0.0,1750362164.4379954,0.0,right_blink
77.25940346717834,117.0,-1397.6567119406536,-718.9714571316727,-308.1004381496459,911.5202063503676,0.0,0.0,0.0,0.0,0.0,0.0,0.0,0.0,1750362164.55698,0.0,right_blink
77.35974621772766,127.0,-1417.7287550028414,-715.3923728740774,-258.54302383679897,887.139798539225,0.0,0.0,0.0,0.0,0.0,0.0,0.0,0.0,1750362164.6482596,0.0,right_blink
77.46065616607666,137.0,-1444.977666079998,-677.4473479236476,-378.8705650111661,867.1388135761954,0.0,0.0,0.0,0.0,0.0,0.0,0.0,0.0,1750362164.751734,0.0,right_blink
77.56172299385071,146.0,-1521.8251303695142,-774.5014916737564,-387.2516808118671,797.4233385021798,0.0,0.0,0.0,0.0,0.0,0.0,0.0,0.0,1750362164.8415866,0.0,right_blink
77.66249990463257,158.0,-1490.9185971356928,-779.6064551132731,-320.7861787993461,799.3306874795817,0.0,0.0,0.0,0.0,0.0,0.0,0.0,0.0,1750362164.961788,0.0,right_blink
77.7635087966919,167.0,-1414.826592637226,-713.6047006952576,-306.7391145657748,906.6957354075276,0.0,0.0,0.0,0.0,0.0,0.0,0.0,0.0,1750362165.0520415,0.0,right_blink
77.86448001861572,178.0,-1476.9425910012797,-724.6561050643213,-421.14265421032906,869.9998370422982,0.0,0.0,0.0,0.0,0.0,0.0,0.0,0.0,1750362165.158146,0.0,right_blink
77.96556544303894,187.0,-1412.4667157651857,-736.5938657228835,-301.7687875246629,921.1429689363576,0.0,0.0,0.0,0.0,0.0,0.0,0.0,0.0,1750362165.2480695,0.0,right_blink
78.06633973121643,196.0,-1506.0838914560154,-781.9027536860667,-420.8546819137409,852.2390521527268,0.0,0.0,0.0,0.0,0.0,0.0,0.0,0.0,1750362165.3379097,0.0,right_blink
78.16821956634521,107.0,-1484.2914944142103,-786.1363204359077,-381.71662887744606,888.5366511726752,0.0,0.0,0.0,0.0,0.0,0.0,0.0,0.0,1750362165.4566193,0.0,right_blink
78.26925826072693,118.0,-1414.4974814411253,-764.6131961909123,-324.1633084593341,929.8662855830044,0.0,0.0,0.0,0.0,0.0,0.0,0.0,0.0,1750362165.5629096,0.0,right_blink
78.36993551254272,127.0,-1484.886138507165,-775.3841080632992,-388.7775599937886,857.2449082434177,0.0,0.0,0.0,0.0,0.0,0.0,0.0,0.0,1750362165.6533732,0.0,right_blink
78.47066688537598,137.0,-1491.6815367266536,-813.2954739141278,-373.1971367783845,812.3698486750945,0.0,0.0,0.0,0.0,0.0,0.0,0.0,0.0,1750362165.7567437,0.0,right_blink
78.57150340080261,145.0,-1429.1728488672525,-755.2896256013773,-305.7069021780044,891.5136115374044,0.0,0.0,0.0,0.0,0.0,0.0,0.0,0.0,1750362165.832668,0.0,right_blink
78.67203378677368,158.0,-1432.3330643298104,-670.8651240016334,-307.7339279539883,899.1691867467016,0.0,0.0,0.0,0.0,0.0,0.0,0.0,0.0,1750362165.967029,0.0,right_blink
78.77322673797607,167.0,-1517.8047379171476,-636.375766610261,-389.20764848869294,834.2557432157919,0.0,0.0,0.0,0.0,0.0,0.0,0.0,0.0,1750362166.0565104,0.0,right_blink
78.8738009929657,178.0,-1459.1892859116197,-623.121561167296,-331.17936077620834,885.7803449053317,0.0,0.0,0.0,0.0,0.0,0.0,0.0,0.0,1750362166.163067,0.0,right_blink
78.97491312026978,187.0,-1521.4137413743883,-655.239821986761,-377.6700571253896,838.6501256637275,0.0,0.0,0.0,0.0,0.0,0.0,0.0,0.0,1750362166.2529469,0.0,right_blink
79.07614541053772,197.0,-1477.578373993747,-779.0342504200526,-365.3433468714357,835.1981980046257,0.0,0.0,0.0,0.0,0.0,0.0,0.0,0.0,1750362166.356619,0.0,right_blink
79.1768639087677,109.0,-1465.397519838065,-686.2379827694967,-263.87425122363493,813.94434655644,0.0,0.0,0.0,0.0,0.0,0.0,0.0,0.0,1750362166.4783578,0.0,right_blink
79.27795815467834,118.0,-1446.5746033610776,-678.1485791653395,-342.28125379467383,846.5600140700117,0.0,0.0,0.0,0.0,0.0,0.0,0.0,0.0,1750362166.568094,0.0,right_blink
79.37864780426025,127.0,-1480.0766271641478,-754.5509953601286,-394.37806017743424,837.4757970776409,0.0,0.0,0.0,0.0,0.0,0.0,0.0,0.0,1750362166.6577675,0.0,right_blink
79.47996544837952,137.0,-1480.495495959185,-800.3722496172413,-406.8094876301475,857.8769513359293,0.0,0.0,0.0,0.0,0.0,0.0,0.0,0.0,1750362166.761924,0.0,right_blink
79.58071398735046,146.0,-1399.3060078211129,-751.555335495621,-289.0362981255166,918.24267652072,0.0,0.0,0.0,0.0,0.0,0.0,0.0,0.0,1750362166.8526611,0.0,right_blink
79.68195819854736,158.0,-1425.705961608328,-826.4730114080012,-407.9950359161012,921.608586480841,0.0,0.0,0.0,0.0,0.0,0.0,0.0,0.0,1750362166.972984,0.0,right_blink
79.78275084495544,167.0,-1482.3280469374731,-803.8540964759886,-422.2328350474127,857.2037693439052,0.0,0.0,0.0,0.0,0.0,0.0,0.0,0.0,1750362167.0615947,0.0,right_blink
79.88406014442444,179.0,-1428.406169376336,-762.6553585641086,-324.393312306609,885.294157911092,0.0,0.0,0.0,0.0,0.0,0.0,0.0,0.0,1750362167.1813383,0.0,right_blink
79.98467421531677,188.0,-1442.8833221048117,-753.1447929767892,-388.03518985258415,916.3689866429196,0.0,0.0,0.0,0.0,0.0,0.0,0.0,0.0,1750362167.271691,0.0,right_blink
80.08545780181885,199.0,-1427.115903891623,-802.8555431878194,-347.0384065383114,913.6538192750886,0.0,0.0,0.0,0.0,0.0,0.0,0.0,0.0,1750362167.3780184,0.0,right_blink
80.18612933158875,107.0,-1419.8043994782493,-728.1323420731351,-340.41504371678457,928.47317284951,0.0,0.0,0.0,0.0,0.0,0.0,0.0,0.0,1750362167.4665225,0.0,right_blink
80.28666353225708,118.0,-1482.4290242362767,-801.7485328009352,-412.2921809651889,852.478405749891,0.0,0.0,0.0,0.0,0.0,0.0,0.0,0.0,1750362167.572742,0.0,right_blink
80.3871738910675,127.0,-1386.4669312732294,-766.1708645224571,-375.9814922953956,966.3359200009144,0.0,0.0,0.0,0.0,0.0,0.0,0.0,0.0,1750362167.662988,0.0,right_blink
80.4877917766571,139.0,-1397.724030139856,-796.2770591657609,-379.7176523511298,945.788909644354,0.0,0.0,0.0,0.0,0.0,0.0,0.0,0.0,1750362167.783184,0.0,right_blink
80.58879065513611,148.0,-1486.0866463929417,-797.2456932542846,-433.4076561150141,840.6977208894677,0.0,0.0,0.0,0.0,0.0,0.0,0.0,0.0,1750362167.87289,0.0,right_blink
80.68987369537354,158.0,-1474.537835329771,-762.6366590643302,-416.0470405207016,814.0322342053987,0.0,0.0,0.0,0.0,0.0,0.0,0.0,0.0,1750362167.9766376,0.0,right_blink
80.7905044555664,166.0,-1431.0689781447873,-792.1332500148565,-454.6989065627568,923.9291944033466,0.0,0.0,0.0,0.0,0.0,0.0,0.0,0.0,1750362168.0531046,0.0,right_blink
80.89085245132446,179.0,-1418.4991743937137,-720.5179057633504,-368.58023028308526,925.2306795879268,0.0,0.0,0.0,0.0,0.0,0.0,0.0,0.0,1750362168.1864758,0.0,right_blink
80.99129986763,188.0,-1496.4499091701582,-769.9780826773494,-404.23269656067714,897.9780286108144,0.0,0.0,0.0,0.0,0.0,0.0,0.0,0.0,1750362168.2764895,0.0,right_blink
81.09186959266663,197.0,-1427.392656488344,-757.3222612272948,-296.231865640264,911.3967896518296,0.0,0.0,0.0,0.0,0.0,0.0,0.0,0.0,1750362168.3663113,0.0,right_blink
81.19246768951416,107.0,-1473.198951145634,-772.1584443515167,-341.8474253998138,889.3313799132593,0.0,0.0,0.0,0.0,0.0,0.0,0.0,0.0,1750362168.4715936,0.0,right_blink
81.2930748462677,119.0,-1510.223960706964,-771.8779518548399,-456.3108034436591,878.8895792369731,0.0,0.0,0.0,0.0,0.0,0.0,0.0,0.0,1750362168.591663,0.0,right_blink
81.39395952224731,128.0,-1466.1417599292472,-753.3542273743078,-314.11606722837314,898.3856777059846,0.0,0.0,0.0,0.0,0.0,0.0,0.0,0.0,1750362168.6816444,0.0,right_blink
81.49458646774292,139.0,-1489.35905885417,-809.6696409070864,-352.1845088773407,873.0852545057423,0.0,0.0,0.0,0.0,0.0,0.0,0.0,0.0,1750362168.787896,0.0,right_blink
81.59528589248657,148.0,-1456.8368888394907,-800.4320880165324,-333.15589790279046,963.893765329849,0.0,0.0,0.0,0.0,0.0,0.0,0.0,0.0,1750362168.8778708,0.0,right_blink
81.69610929489136,158.0,-1442.9319408042356,-765.3069476326928,-317.48571708844975,911.2060547540896,0.0,0.0,0.0,0.0,0.0,0.0,0.0,0.0,1750362168.9815648,0.0,right_blink
81.79686832427979,169.0,-1526.3915482154116,-721.3032847540453,-368.2997377864085,807.756682079751,0.0,0.0,0.0,0.0,0.0,0.0,0.0,0.0,1750362169.0876696,0.0,right_blink
81.89779424667358,179.0,-1431.1587357437238,-1113.7983053037897,-325.4367443942465,918.461460668128,0.0,0.0,0.0,0.0,0.0,0.0,0.0,0.0,1750362169.192855,0.0,right_blink
81.99838495254517,188.0,-1395.8952190615237,-941.5048542451112,-283.8565366868861,953.9007526482455,0.0,0.0,0.0,0.0,0.0,0.0,0.0,0.0,1750362169.2815533,0.0,right_blink
82.09909915924072,199.0,-1467.6713790111244,-900.6501871291548,-338.08134614443406,861.5813222420402,0.0,0.0,0.0,0.0,0.0,0.0,0.0,0.0,1750362169.3879516,0.0,right_blink
82.19959592819214,109.0,-1432.978197072167,-966.48738594912,-355.051142193377,903.432672696188,0.0,0.0,0.0,0.0,0.0,0.0,0.0,0.0,1750362169.4927351,0.0,right_blink
82.30098104476929,119.0,-1445.7200362212025,-777.1699102921411,-418.0572367468849,877.3992291046306,0.0,0.0,0.0,0.0,0.0,0.0,0.0,0.0,1750362169.5964336,0.0,right_blink
82.40145754814148,128.0,-1426.57174844807,-782.7722804257646,-310.16486292518675,910.9984903065488,0.0,0.0,0.0,0.0,0.0,0.0,0.0,0.0,1750362169.686617,0.0,right_blink
82.50201320648193,137.0,-1474.7267002775334,-921.4664702825248,-388.8112190933898,843.1006066109985,0.0,0.0,0.0,0.0,0.0,0.0,0.0,0.0,1750362169.7765718,0.0,right_blink
82.602787733078,148.0,-1425.2553036636673,-762.8273939620703,-289.393458571285,904.4873244836926,0.0,0.0,0.0,0.0,0.0,0.0,0.0,0.0,1750362169.883072,0.0,right_blink
82.70350432395935,158.0,-1405.2206596010365,-806.756258841604,-309.5141203328967,917.3077015317976,0.0,0.0,0.0,0.0,0.0,0.0,0.0,0.0,1750362169.986688,0.0,right_blink
82.80412316322327,169.0,-1475.4223216692917,-759.4053855026141,-337.7840240979567,834.6259933114052,0.0,0.0,0.0,0.0,0.0,0.0,0.0,0.0,1750362170.092933,0.0,right_blink
82.90470266342163,179.0,-1493.8263693512415,-777.5177209880203,-362.55712140444666,785.2219148967415,0.0,0.0,0.0,0.0,0.0,0.0,0.0,0.0,1750362170.1964054,0.0,right_blink
83.00532579421997,188.0,-1414.9032605863176,-801.2099872073159,-289.3186605721712,909.3304949263112,0.0,0.0,0.0,0.0,0.0,0.0,0.0,0.0,1750362170.286639,0.0,right_blink
83.1060585975647,197.0,-1495.2325717345811,-871.0526188798249,-403.0602379245684,832.8271014327183,0.0,0.0,0.0,0.0,0.0,0.0,0.0,0.0,1750362170.3768113,0.0,right_blink
83.20698809623718,109.0,-1456.145007347688,-497.30384685797617,-355.06049194326624,846.7470090677962,0.0,0.0,0.0,0.0,0.0,0.0,0.0,0.0,1750362170.4980502,0.0,right_blink
83.30756711959839,118.0,-1522.853602857329,-642.4269247385673,-471.0048703695648,822.7256316523999,0.0,0.0,0.0,0.0,0.0,0.0,0.0,0.0,1750362170.5879626,0.0,right_blink
83.40834951400757,128.0,-1506.656096149236,-623.2449778658338,-472.4335121526383,845.3221071846783,0.0,0.0,0.0,0.0,0.0,0.0,0.0,0.0,1750362170.6914887,0.0,right_blink
83.50911521911621,137.0,-1458.220651823096,-688.6333886911161,-361.8858093624003,872.088571167551,0.0,0.0,0.0,0.0,0.0,0.0,0.0,0.0,1750362170.7815175,0.0,right_blink
83.6097617149353,149.0,-1453.022190884687,-710.9718111264519,-298.47206571372226,890.5711567485705,0.0,0.0,0.0,0.0,0.0,0.0,0.0,0.0,1750362170.901542,0.0,right_blink
83.7112410068512,160.0,-1492.459435917437,-695.8887946051545,-394.0265095815994,837.8086481736973,0.0,0.0,0.0,0.0,0.0,0.0,0.0,0.0,1750362171.0082333,0.0,right_blink
83.81219387054443,169.0,-1432.6172967264429,-686.0491178217344,-300.9852784839459,908.7545503331348,0.0,0.0,0.0,0.0,0.0,0.0,0.0,0.0,1750362171.0978098,0.0,right_blink
83.91330862045288,179.0,-1446.42500736285,-745.0684790224768,-297.14814112940803,878.1958277951926,0.0,0.0,0.0,0.0,0.0,0.0,0.0,0.0,1750362171.2012925,0.0,right_blink
84.01440691947937,189.0,-1419.336911983788,-738.8452854962088,-341.6978294015862,941.340298647061,0.0,0.0,0.0,0.0,0.0,0.0,0.0,0.0,1750362171.307203,0.0,right_blink
84.1155776977539,200.0,-1470.9774505719545,-834.9158355579711,-380.0243241474964,863.2437077723444,0.0,0.0,0.0,0.0,0.0,0.0,0.0,0.0,1750362171.4148924,0.0,right_blink
84.21839213371277,109.0,-1467.460074663628,-737.8710415577516,-359.3389374925755,872.1521494667977,0.0,0.0,0.0,0.0,0.0,0.0,0.0,0.0,1750362171.5027647,0.0,right_blink
84.32045459747314,119.0,-1432.6341262762437,-792.271626313217,-361.5080794668757,915.7294637504964,0.0,0.0,0.0,0.0,0.0,0.0,0.0,0.0,1750362171.606626,0.0,right_blink
84.4209976196289,130.0,-1439.2313097980805,-754.0648083658889,-378.3338893675245,921.2495560850948,0.0,0.0,0.0,0.0,0.0,0.0,0.0,0.0,1750362171.7134137,0.0,right_blink
84.52159476280212,140.0,-1464.27367990138,-758.1899180170149,-246.6033932282589,892.9123341208324,0.0,0.0,0.0,0.0,0.0,0.0,0.0,0.0,1750362171.8174644,0.0,right_blink
84.62234592437744,149.0,-1486.997312032152,-741.4426460154355,-364.9749667258002,797.9226151462644,0.0,0.0,0.0,0.0,0.0,0.0,0.0,0.0,1750362171.9066384,0.0,right_blink
84.72303318977356,160.0,-1439.0480547002517,-705.2104952447116,-294.1188221652992,841.7991214264184,0.0,0.0,0.0,0.0,0.0,0.0,0.0,0.0,1750362172.0130284,0.0,right_blink
84.8237521648407,170.0,-1383.0318331639282,-719.9045621706173,-463.8990604537539,1000.2586825489998,0.0,0.0,0.0,0.0,0.0,0.0,0.0,0.0,1750362172.1165173,0.0,right_blink
84.92447590827942,181.0,-1463.1255306149833,-791.0224997280166,-397.7327504376881,814.7933038463816,0.0,0.0,0.0,0.0,0.0,0.0,0.0,0.0,1750362172.223065,0.0,right_blink
85.02506160736084,190.0,-1414.8583817868491,-694.7649546684697,-371.441253749188,908.4890174362808,0.0,0.0,0.0,0.0,0.0,0.0,0.0,0.0,1750362172.3132937,0.0,right_blink
85.12627792358398,0.0,-1417.360374857206,-704.2755202557892,-356.41246577724814,899.8741578883491,0.0,0.0,0.0,0.0,0.0,0.0,0.0,0.0,1750362172.4187033,0.0,right_blink
85.22761130332947,107.0,-1466.614857273642,-702.3569515785202,-448.6608380842954,879.7198370271362,0.0,0.0,0.0,0.0,0.0,0.0,0.0,0.0,1750362172.4916968,0.0,right_blink
85.32871055603027,120.0,-1422.1811059000902,-799.0894639324397,-342.2644242448732,892.0652467808686,0.0,0.0,0.0,0.0,0.0,0.0,0.0,0.0,1750362172.6271331,0.0,right_blink
85.42927193641663,130.0,-1450.0508403698914,-690.6473248172551,-405.13214250002056,916.3932959926316,0.0,0.0,0.0,0.0,0.0,0.0,0.0,0.0,1750362172.7183309,0.0,right_blink
85.52991461753845,140.0,-1437.185584522318,-750.2388907112181,-380.848972087726,898.9429227993824,0.0,0.0,0.0,0.0,0.0,0.0,0.0,0.0,1750362172.8219724,0.0,right_blink
85.63088941574097,149.0,-1478.8518099286591,-751.8545274920762,-411.7742048213258,845.8662626282312,0.0,0.0,0.0,0.0,0.0,0.0,0.0,0.0,1750362172.912088,0.0,right_blink
85.73184442520142,160.0,-1440.2036837865598,-704.9150431482121,-391.3319116635248,932.5833229008132,0.0,0.0,0.0,0.0,0.0,0.0,0.0,0.0,1750362173.018572,0.0,right_blink
85.83278059959412,169.0,-1493.6206748536788,-763.2088637575507,-397.1811151942238,835.2636462538503,0.0,0.0,0.0,0.0,0.0,0.0,0.0,0.0,1750362173.1079335,0.0,right_blink
85.9336507320404,181.0,-1444.5232682353817,-740.2196987299249,-333.909487743862,875.3740732786246,0.0,0.0,0.0,0.0,0.0,0.0,0.0,0.0,1750362173.2278094,0.0,right_blink
86.0345447063446,190.0,-1436.041175135877,-722.9638003343716,-396.3807766037062,920.884915839415,0.0,0.0,0.0,0.0,0.0,0.0,0.0,0.0,1750362173.318211,0.0,right_blink
86.13539838790894,0.0,-1501.6577198584564,-743.0545428963378,-438.5518885040656,842.5845004171133,0.0,0.0,0.0,0.0,0.0,0.0,0.0,0.0,1750362173.4231784,0.0,right_blink
86.23623275756836,109.0,-1419.084468736779,-753.170972276479,-382.610464966856,906.6564664579928,0.0,0.0,0.0,0.0,0.0,0.0,0.0,0.0,1750362173.512976,0.0,right_blink
86.33744859695435,121.0,-1427.069155142177,-727.4142812816426,-335.2259325282648,903.3915337966756,0.0,0.0,0.0,0.0,0.0,0.0,0.0,0.0,1750362173.6330707,0.0,right_blink
86.43810486793518,130.0,-1486.032417843584,-757.6326729236171,-426.232658050023,840.609833240509,0.0,0.0,0.0,0.0,0.0,0.0,0.0,0.0,1750362173.722999,0.0,right_blink
86.5395359992981,140.0,-1484.259705264587,-793.1243235031143,-419.35872193146497,828.3616608856246,0.0,0.0,0.0,0.0,0.0,0.0,0.0,0.0,1750362173.82702,0.0,right_blink
86.64064764976501,151.0,-1426.2314175521024,-730.5632770443335,-330.21072668768466,897.6994060641155,0.0,0.0,0.0,0.0,0.0,0.0,0.0,0.0,1750362173.932855,0.0,right_blink
86.7414870262146,160.0,-1475.7514328653924,-813.6339348601177,-393.83016483392566,832.8158817328513,0.0,0.0,0.0,0.0,0.0,0.0,0.0,0.0,1750362174.022818,0.0,right_blink
86.84196901321411,171.0,-1425.8349881567992,-710.7492870790884,-332.9632930550724,910.3028689147905,0.0,0.0,0.0,0.0,0.0,0.0,0.0,0.0,1750362174.1419723,0.0,right_blink
86.94224810600281,181.0,-1416.892887362745,-727.6461550788954,-357.04450886975974,916.361506843008,0.0,0.0,0.0,0.0,0.0,0.0,0.0,0.0,1750362174.2327085,0.0,right_blink
87.04301285743713,191.0,-1419.7090320293792,-794.2762126894668,-307.9882411509752,877.0439386088401,0.0,0.0,0.0,0.0,0.0,0.0,0.0,0.0,1750362174.3366835,0.0,right_blink
87.14370155334473,0.0,-1433.471863866318,-743.9876479352824,-378.7153591630049,900.7904333774932,0.0,0.0,0.0,0.0,0.0,0.0,0.0,0.0,1750362174.4280984,0.0,right_blink
87.24443411827087,110.0,-1440.42059798399,-743.4678018414415,-373.03071123035625,883.2390828854404,0.0,0.0,0.0,0.0,0.0,0.0,0.0,0.0,1750362174.5316262,0.0,right_blink
87.34555578231812,121.0,-1452.130224745255,-801.148278858047,-412.49039566284046,842.6873476658948,0.0,0.0,0.0,0.0,0.0,0.0,0.0,0.0,1750362174.6382508,0.0,right_blink
87.44693279266357,131.0,-1454.0338338227011,-781.2669706935994,-373.66649422282353,833.33759777667,0.0,0.0,0.0,0.0,0.0,0.0,0.0,0.0,1750362174.7415433,0.0,right_blink
87.54808020591736,140.0,-1421.171332912054,-727.1618380346335,-441.5045395190828,921.6852544299328,0.0,0.0,0.0,0.0,0.0,0.0,0.0,0.0,1750362174.8316936,0.0,right_blink
87.64859867095947,151.0,-1455.458735705819,-755.3120650011115,-408.56724060932174,831.2619533012621,0.0,0.0,0.0,0.0,0.0,0.0,0.0,0.0,1750362174.9381108,0.0,right_blink
87.75018215179443,161.0,-1460.077512151096,-800.7817686623894,-404.5917269564234,865.6952121932991,0.0,0.0,0.0,0.0,0.0,0.0,0.0,0.0,1750362175.0418365,0.0,right_blink
87.85112166404724,172.0,-1407.6403748723678,-745.1769361211918,-400.23474350804463,902.084438762162,0.0,0.0,0.0,0.0,0.0,0.0,0.0,0.0,1750362175.148241,0.0,right_blink
87.95221972465515,181.0,-1468.724160848651,-736.8706183196045,-348.86721761664376,850.9637462678365,0.0,0.0,0.0,0.0,0.0,0.0,0.0,0.0,1750362175.2380865,0.0,right_blink
88.0526671409607,190.0,-1469.932148534339,-706.4465321800672,-343.5154207800515,847.9456470035948,0.0,0.0,0.0,0.0,0.0,0.0,0.0,0.0,1750362175.3278596,0.0,right_blink
88.15354895591736,101.0,-1463.262036963366,-770.9354970660061,-373.9320271196775,871.6079940232448,0.0,0.0,0.0,0.0,0.0,0.0,0.0,0.0,1750362175.4466355,0.0,right_blink
88.25420498847961,110.0,-1442.662668007426,-716.2768592135981,-392.1004611044191,950.0935344933532,0.0,0.0,0.0,0.0,0.0,0.0,0.0,0.0,1750362175.536537,0.0,right_blink
88.35503888130188,121.0,-1472.1592589579525,-736.0384905794635,-395.8104418604634,878.8895792369731,0.0,0.0,0.0,0.0,0.0,0.0,0.0,0.0,1750362175.6432292,0.0,right_blink
88.45644807815552,130.0,-1447.3001439524814,-690.5500874184072,-358.9200686975382,911.1013375553302,0.0,0.0,0.0,0.0,0.0,0.0,0.0,0.0,1750362175.7331412,0.0,right_blink
88.55766272544861,139.0,-1493.2747341077777,-808.5813300199807,-418.586432590615,845.2491791355424,0.0,0.0,0.0,0.0,0.0,0.0,0.0,0.0,1750362175.8229225,0.0,right_blink
88.65879845619202,151.0,-1476.6508788047358,-768.7214762922376,-420.37784466939047,884.667724668514,0.0,0.0,0.0,0.0,0.0,0.0,0.0,0.0,1750362175.9429138,0.0,right_blink
88.7595465183258,161.0,-1498.996781039983,-726.879475587979,-385.480838182848,827.3500179476105,0.0,0.0,0.0,0.0,0.0,0.0,0.0,0.0,1750362176.0465286,0.0,right_blink
88.86015200614929,170.0,-1426.7381739960983,-745.8856471627951,-335.26894137775525,870.3139886385761,0.0,0.0,0.0,0.0,0.0,0.0,0.0,0.0,1750362176.1365705,0.0,right_blink
88.96148896217346,181.0,-1465.7004517344758,-744.6739195771515,-408.8439932060428,853.5480171372183,0.0,0.0,0.0,0.0,0.0,0.0,0.0,0.0,1750362176.2434447,0.0,right_blink
89.06264114379883,191.0,-1463.52756986022,-722.2270400431007,-430.1015845541842,870.0297562419437,0.0,0.0,0.0,0.0,0.0,0.0,0.0,0.0,1750362176.3469007,0.0,right_blink
89.16368341445923,101.0,-1414.1291012954898,-671.2185445474461,-352.12467047804967,913.7005680245348,0.0,0.0,0.0,0.0,0.0,0.0,0.0,0.0,1750362176.451605,0.0,right_blink
89.26453924179077,112.0,-1504.82167522097,-743.3387752929702,-411.5404610740952,839.0521649089642,0.0,0.0,0.0,0.0,0.0,0.0,0.0,0.0,1750362176.5583208,0.0,right_blink
89.3655207157135,121.0,-1429.3654537149705,-699.9073171075433,-340.5048013157211,902.6716030552052,0.0,0.0,0.0,0.0,0.0,0.0,0.0,0.0,1750362176.6482055,0.0,right_blink
89.4669873714447,132.0,-1497.476511707995,-730.8026306414977,-431.10013784235343,818.1274246568792,0.0,0.0,0.0,0.0,0.0,0.0,0.0,0.0,1750362176.7679896,0.0,right_blink
89.56814646720886,142.0,-1470.3734567291103,-717.4399680998176,-426.5636391961016,846.4496870213188,0.0,0.0,0.0,0.0,0.0,0.0,0.0,0.0,1750362176.8579671,0.0,right_blink
89.66913795471191,152.0,-1483.515465173405,-767.2890946092084,-450.0315114180557,854.4568128264509,0.0,0.0,0.0,0.0,0.0,0.0,0.0,0.0,1750362176.961839,0.0,right_blink
89.77000284194946,161.0,-1412.3975276160054,-623.4076635139063,-415.9909420213662,932.3177900039592,0.0,0.0,0.0,0.0,0.0,0.0,0.0,0.0,1750362177.0515993,0.0,right_blink
89.87040376663208,172.0,-1493.0073312609456,-775.5131346117705,-462.414320171345,856.674573500175,0.0,0.0,0.0,0.0,0.0,0.0,0.0,0.0,1750362177.158047,0.0,right_blink
89.97144269943237,182.0,-1487.0646302313544,-736.1095486786216,-439.73182694008574,814.0135347056203,0.0,0.0,0.0,0.0,0.0,0.0,0.0,0.0,1750362177.2622845,0.0,right_blink
90.07240962982178,193.0,-1448.6820369861089,-724.3625229177997,-394.8081486723386,901.4523956696504,0.0,0.0,0.0,0.0,0.0,0.0,0.0,0.0,1750362177.3678277,0.0,right_blink
90.1731448173523,101.0,-1464.6644994467497,-719.9307414703071,-384.2971598468721,855.3450390659273,0.0,0.0,0.0,0.0,0.0,0.0,0.0,0.0,1750362177.45703,0.0,right_blink
90.2738037109375,110.0,-1464.8440146446228,-733.5215379092842,-478.68849482852966,910.5085634123534,0.0,0.0,0.0,0.0,0.0,0.0,0.0,0.0,1750362177.5467167,0.0,right_blink
90.37431144714355,122.0,-1446.8625756576655,-697.2145891394466,-356.5807612752542,866.7517339307815,0.0,0.0,0.0,0.0,0.0,0.0,0.0,0.0,1750362177.666926,0.0,right_blink
90.4755265712738,133.0,-1489.979882246815,-771.9789291536435,-378.6873099133372,829.0385827776045,0.0,0.0,0.0,0.0,0.0,0.0,0.0,0.0,1750362177.773098,0.0,right_blink
90.57678699493408,142.0,-1440.8675160286948,-754.666932258755,-350.45106524787843,874.1604757430032,0.0,0.0,0.0,0.0,0.0,0.0,0.0,0.0,1750362177.8631132,0.0,right_blink
90.67747926712036,151.0,-1445.6321485722438,-733.5551970088854,-430.9898107936606,881.0231921616942,0.0,0.0,0.0,0.0,0.0,0.0,0.0,0.0,1750362177.952994,0.0,right_blink
90.7782974243164,163.0,-1493.5402670046317,-742.2504644058645,-455.1308650076389,844.951857089065,0.0,0.0,0.0,0.0,0.0,0.0,0.0,0.0,1750362178.0732377,0.0,right_blink
90.87887573242188,172.0,-1440.4336876338348,-743.6529268892482,-388.78877969365567,904.0460162889212,0.0,0.0,0.0,0.0,0.0,0.0,0.0,0.0,1750362178.1629505,0.0,right_blink
90.97944617271423,182.0,-1431.3158115418628,-718.5881173862144,-433.1626926679164,921.1448388863356,0.0,0.0,0.0,0.0,0.0,0.0,0.0,0.0,1750362178.26688,0.0,right_blink
91.08056616783142,191.0,-1450.8455691104757,-746.8206221517175,-390.3707573749125,856.747501549311,0.0,0.0,0.0,0.0,0.0,0.0,0.0,0.0,1750362178.3566556,0.0,right_blink
91.18137001991272,101.0,-1485.2694782526232,-782.4113800800405,-391.2945126639679,803.5679941293783,0.0,0.0,0.0,0.0,0.0,0.0,0.0,0.0,1750362178.4615903,0.0,right_blink
91.2819504737854,112.0,-1427.891933132429,-727.9172978256829,-344.6168213170022,871.3686404260807,0.0,0.0,0.0,0.0,0.0,0.0,0.0,0.0,1750362178.567865,0.0,right_blink
91.38350033760072,122.0,-1444.182937339414,-686.9691332108341,-389.110411089845,893.5836461628787,0.0,0.0,0.0,0.0,0.0,0.0,0.0,0.0,1750362178.6716464,0.0,right_blink
91.48468708992004,132.0,-1443.7416291446425,-702.3251624288969,-390.7073483709246,886.3992983479984,0.0,0.0,0.0,0.0,0.0,0.0,0.0,0.0,1750362178.7775145,0.0,right_blink
91.58573031425476,142.0,-1438.22527671,-752.3164051366039,-361.48751001711935,892.0989058804698,0.0,0.0,0.0,0.0,0.0,0.0,0.0,0.0,1750362178.8678367,0.0,right_blink
91.68605136871338,153.0,-1460.137350550387,-719.1883713291027,-383.05177316162735,873.5901409997605,0.0,0.0,0.0,0.0,0.0,0.0,0.0,0.0,1750362178.9868944,0.0,right_blink
91.7866005897522,163.0,-1463.2152882139198,-737.0164744178765,-397.09135759528726,870.0596754415892,0.0,0.0,0.0,0.0,0.0,0.0,0.0,0.0,1750362179.0780456,0.0,right_blink
91.88714265823364,173.0,-1455.855165101122,-734.0095948535018,-372.0602071918547,855.541383813601,0.0,0.0,0.0,0.0,0.0,0.0,0.0,0.0,1750362179.184148,0.0,right_blink
91.9880394935608,182.0,-1421.4630451085975,-738.4039773014374,-401.7363133402541,903.9543887400068,0.0,0.0,0.0,0.0,0.0,0.0,0.0,0.0,1750362179.271695,0.0,right_blink
92.08857536315918,193.0,-1436.7816753271036,-751.6282635447569,-387.2255015121773,873.0590752060525,0.0,0.0,0.0,0.0,0.0,0.0,0.0,0.0,1750362179.378023,0.0,right_blink
92.18927311897278,101.0,-1433.8626834116876,-739.1650469424203,-378.9341433104128,900.2144887843169,0.0,0.0,0.0,0.0,0.0,0.0,0.0,0.0,1750362179.4667425,0.0,right_blink
92.29025840759276,113.0,-1410.170417192392,-692.1358049996197,-326.6017232304439,888.4412837238051,0.0,0.0,0.0,0.0,0.0,0.0,0.0,0.0,1750362179.5865958,0.0,right_blink
92.39130020141602,122.0,-1471.7703093625605,-733.4841389097273,-417.6757669514045,825.6034846683033,0.0,0.0,0.0,0.0,0.0,0.0,0.0,0.0,1750362179.6770391,0.0,right_blink
92.49244475364684,133.0,-1430.238720354624,-706.3960435306653,-324.0511114606634,887.8690790305845,0.0,0.0,0.0,0.0,0.0,0.0,0.0,0.0,1750362179.7837343,0.0,right_blink
92.59345960617064,143.0,-1415.4735953295603,-717.4848468992859,-351.0980679402128,923.7234999057836,0.0,0.0,0.0,0.0,0.0,0.0,0.0,0.0,1750362179.8863363,0.0,right_blink
92.69388580322266,152.0,-1473.2326102452353,-752.1387598887086,-426.0793221518397,833.9135423698463,0.0,0.0,0.0,0.0,0.0,0.0,0.0,0.0,1750362179.976468,0.0,right_blink
92.79473543167114,163.0,-1405.6413983460516,-791.572265021503,-356.37880667764693,918.9887865618804,0.0,0.0,0.0,0.0,0.0,0.0,0.0,0.0,1750362180.0832214,0.0,right_blink
92.89565181732178,173.0,-1399.279828521423,-745.5939349662513,-410.457760036923,926.4349273736588,0.0,0.0,0.0,0.0,0.0,0.0,0.0,0.0,1750362180.1865532,0.0,right_blink
92.99610352516174,181.0,-1427.1084240917116,-712.9782674526796,-402.7012075288221,909.7100947718136,0.0,0.0,0.0,0.0,0.0,0.0,0.0,0.0,1750362180.2629445,0.0,right_blink
93.09710335731506,194.0,-1467.6489396113902,-832.8645004322752,-415.4580062776804,887.6409451332875,0.0,0.0,0.0,0.0,0.0,0.0,0.0,0.0,1750362180.396777,0.0,right_blink
93.19765019416808,103.0,-1454.4153036181815,-865.4109797966667,-375.4018078022637,846.5282249203883,0.0,0.0,0.0,0.0,0.0,0.0,0.0,0.0,1750362180.488018,0.0,right_blink
93.2980935573578,113.0,-1395.2313868193887,-1105.0824684570543,-296.10844894172624,936.8281093505212,0.0,0.0,0.0,0.0,0.0,0.0,0.0,0.0,1750362180.591567,0.0,right_blink
93.39893341064452,122.0,-1399.41259496985,-1049.0251080212183,-335.9496031696908,933.9147272850388,0.0,0.0,0.0,0.0,0.0,0.0,0.0,0.0,1750362180.6818807,0.0,right_blink
93.49993896484376,131.0,-1363.2253229985945,-1057.6119183194824,-203.49356643902135,970.8836383470334,0.0,0.0,0.0,0.0,0.0,0.0,0.0,0.0,1750362180.771411,0.0,right_blink
93.60117888450624,143.0,-1409.6487011485733,-1009.0455774948932,-376.8940278845839,941.050456400495,0.0,0.0,0.0,0.0,0.0,0.0,0.0,0.0,1750362180.891679,0.0,right_blink
93.70174908638,152.0,-1420.1428604242392,-959.3049080842176,-328.23044966114685,897.705015914049,0.0,0.0,0.0,0.0,0.0,0.0,0.0,0.0,1750362180.9814556,0.0,right_blink
93.80288004875185,163.0,-1463.9931874047031,-832.5185596863739,-369.7882179687731,857.205639293883,0.0,0.0,0.0,0.0,0.0,0.0,0.0,0.0,1750362181.0879393,0.0,right_blink
93.90347838401794,173.0,-1458.884484065231,-850.4850390735082,-388.8018693435006,878.8147812378593,0.0,0.0,0.0,0.0,0.0,0.0,0.0,0.0,1750362181.1913772,0.0,right_blink
94.00411868095398,183.0,-1446.075326716993,-871.9857239187695,-393.9891105820425,867.5277631715871,0.0,0.0,0.0,0.0,0.0,0.0,0.0,0.0,1750362181.2972603,0.0,right_blink
94.1048755645752,194.0,-1429.1859385170974,-796.8773131086491,-347.1094646374695,913.6295099253766,0.0,0.0,0.0,0.0,0.0,0.0,0.0,0.0,1750362181.4045737,0.0,right_blink
94.2059450149536,103.0,-1471.486076965928,-768.9664397393353,-381.4623156804592,850.7356123705395,0.0,0.0,0.0,0.0,0.0,0.0,0.0,0.0,1750362181.4932368,0.0,right_blink
94.30644536018372,112.0,-1389.608447236009,-711.4243390210904,-430.8289950955659,1009.5093250893988,0.0,0.0,0.0,0.0,0.0,0.0,0.0,0.0,1750362181.583064,0.0,right_blink
94.40734362602234,124.0,-1423.716334831901,-796.2078710165806,-396.4219155032188,923.2934114108792,0.0,0.0,0.0,0.0,0.0,0.0,0.0,0.0,1750362181.703088,0.0,right_blink
94.50831007957458,133.0,-1477.3203208968043,-734.3761050491594,-413.7825310975313,822.2263550083153,0.0,0.0,0.0,0.0,0.0,0.0,0.0,0.0,1750362181.793006,0.0,right_blink
94.6088364124298,143.0,-1472.2751958565786,-837.4851468275301,-315.20998796541244,847.7698717056774,0.0,0.0,0.0,0.0,0.0,0.0,0.0,0.0,1750362181.8964295,0.0,right_blink
94.70963072776794,152.0,-1394.283322180621,-760.6115032383241,-238.5607383735478,857.3327958923765,0.0,0.0,0.0,0.0,0.0,0.0,0.0,0.0,1750362181.9865725,0.0,right_blink
94.8103530406952,164.0,-1356.413095229305,-959.3984055831096,-347.6424003811553,936.8954275497236,0.0,0.0,0.0,0.0,0.0,0.0,0.0,0.0,1750362182.1069293,0.0,right_blink
94.91071581840517,173.0,-1426.5324794985354,-916.7336268885992,-399.17074197065085,885.7747350553982,0.0,0.0,0.0,0.0,0.0,0.0,0.0,0.0,1750362182.1966183,0.0,right_blink
95.01139545440674,184.0,-1432.471440628171,-710.4631847324781,-386.638337219134,904.096504938323,0.0,0.0,0.0,0.0,0.0,0.0,0.0,0.0,1750362182.3028045,0.0,right_blink
95.11203718185423,193.0,-1457.3791743330655,-778.2563512292691,-401.2164672464132,846.8610760164447,0.0,0.0,0.0,0.0,0.0,0.0,0.0,0.0,1750362182.39286,0.0,right_blink
95.21264553070068,101.0,-1467.5853613121435,-798.2012376929633,-346.1950590983033,842.7602757150307,0.0,0.0,0.0,0.0,0.0,0.0,0.0,0.0,1750362182.4815288,0.0,right_blink
95.3133807182312,113.0,-1409.942283295095,-865.8485480914824,-359.63625953905284,915.1983979567884,0.0,0.0,0.0,0.0,0.0,0.0,0.0,0.0,1750362182.6016183,0.0,right_blink
95.4142520427704,124.0,-1484.9609365062788,-809.4732961594127,-434.5838546510786,861.8449851889163,0.0,0.0,0.0,0.0,0.0,0.0,0.0,0.0,1750362182.7077951,0.0,right_blink
95.51467227935792,133.0,-1437.2884317710996,-711.3308415221982,-374.5584603622556,915.1123802578076,0.0,0.0,0.0,0.0,0.0,0.0,0.0,0.0,1750362182.79814,0.0,right_blink
95.61503887176514,143.0,-1497.9159499527889,-470.81039557186887,-394.0695184310898,847.9961356529966,0.0,0.0,0.0,0.0,0.0,0.0,0.0,0.0,1750362182.9015253,0.0,right_blink
95.71563148498537,154.0,-1518.5040992088616,-621.3451086883433,-509.9016998587176,837.7899486739188,0.0,0.0,0.0,0.0,0.0,0.0,0.0,0.0,1750362183.0078945,0.0,right_blink
95.8166229724884,163.0,-1439.6034298436716,-729.8209069031291,-460.23582844715565,937.5592597918584,0.0,0.0,0.0,0.0,0.0,0.0,0.0,0.0,1750362183.0982594,0.0,right_blink
95.91717290878296,173.0,-1441.985746115446,-685.0318650337867,-381.2603610828519,872.4924803627655,0.0,0.0,0.0,0.0,0.0,0.0,0.0,0.0,1750362183.20163,0.0,right_blink
96.0178575515747,182.0,-1491.8012135252357,-717.3857395504601,-384.3532583462074,836.9148120842874,0.0,0.0,0.0,0.0,0.0,0.0,0.0,0.0,1750362183.291639,0.0,right_blink
96.11896228790285,194.0,-1494.5163808930663,-675.4465014473535,-464.7573674935848,913.3808065783232,0.0,0.0,0.0,0.0,0.0,0.0,0.0,0.0,1750362183.411766,0.0,right_blink
96.21975588798524,103.0,-1461.994210878387,-757.3839695765637,-331.8188836686313,851.5434307609685,0.0,0.0,0.0,0.0,0.0,0.0,0.0,0.0,1750362183.5028963,0.0,right_blink
96.32042026519775,113.0,-1437.8568965643644,-709.2065783473663,-464.3646779982373,944.0760354646482,0.0,0.0,0.0,0.0,0.0,0.0,0.0,0.0,1750362183.6066344,0.0,right_blink
96.42108726501463,122.0,-1462.8843070678413,-770.6942735188641,-488.24767911527306,924.1087096012196,0.0,0.0,0.0,0.0,0.0,0.0,0.0,0.0,1750362183.697353,0.0,right_blink
96.5215516090393,134.0,-1446.6755806598812,-724.3382135680877,-429.7930428078398,915.8884094986132,0.0,0.0,0.0,0.0,0.0,0.0,0.0,0.0,1750362183.8168294,0.0,right_blink
96.62257719039916,143.0,-1447.7227526474744,-785.7810299401172,-333.5766366478056,837.3355508293025,0.0,0.0,0.0,0.0,0.0,0.0,0.0,0.0,1750362183.90679,0.0,right_blink
96.7239544391632,153.0,-1466.5568888243288,-659.4285099371336,-310.1424235254526,862.0338501366787,0.0,0.0,0.0,0.0,0.0,0.0,0.0,0.0,1750362184.012334,0.0,right_blink
96.82484078407288,163.0,-1449.113995430991,-747.1104643982835,-355.03618259355426,904.6948889312334,0.0,0.0,0.0,0.0,0.0,0.0,0.0,0.0,1750362184.1028988,0.0,right_blink
96.92532110214232,173.0,-1442.722506406717,-651.7691948278807,-333.99924534279853,906.0973514146172,0.0,0.0,0.0,0.0,0.0,0.0,0.0,0.0,1750362184.2091303,0.0,right_blink
97.0257842540741,185.0,-1485.9071311950684,-676.4375749356113,-449.71174997184426,876.73165696254,0.0,0.0,0.0,0.0,0.0,0.0,0.0,0.0,1750362184.3263729,0.0,right_blink
97.12649536132812,194.0,-1442.1989204129204,-769.5685636322014,-378.4404765162617,893.7669012607075,0.0,0.0,0.0,0.0,0.0,0.0,0.0,0.0,1750362184.4194849,0.0,right_blink
97.2268612384796,104.0,-1405.8676622933708,-733.6561743076891,-414.3005072413944,926.9790828172116,0.0,0.0,0.0,0.0,0.0,0.0,0.0,0.0,1750362184.5222497,0.0,right_blink
97.32853293418884,113.0,-1462.586985021364,-761.1369591820985,-479.2850088714622,874.6466627372429,0.0,0.0,0.0,0.0,0.0,0.0,0.0,0.0,1750362184.611884,0.0,right_blink
97.42923712730408,122.0,-1450.3163732667454,-683.9379442967474,-346.42506294557825,890.1971667530015,0.0,0.0,0.0,0.0,0.0,0.0,0.0,0.0,1750362184.7017136,0.0,right_blink
97.5301387310028,134.0,-1393.4998131399043,-817.6094485130161,-351.5150667852722,920.4641770944,0.0,0.0,0.0,0.0,0.0,0.0,0.0,0.0,1750362184.8219166,0.0,right_blink
97.63141512870789,145.0,-1462.4934875224717,-716.1048238156363,-430.0006072553806,867.1780825257301,0.0,0.0,0.0,0.0,0.0,0.0,0.0,0.0,1750362184.9280655,0.0,right_blink
97.73202848434448,154.0,-1418.0485164490528,-683.6985906995833,-355.8271714341827,916.6980978390202,0.0,0.0,0.0,0.0,0.0,0.0,0.0,0.0,1750362185.0181744,0.0,right_blink
97.83339190483092,164.0,-1439.6202593934722,-714.0852778395638,-372.0882564415224,903.6458469936624,0.0,0.0,0.0,0.0,0.0,0.0,0.0,0.0,1750362185.1217272,0.0,right_blink
97.93437480926514,175.0,-1471.4580277162604,-825.2014454230666,-340.2841472183354,838.7698024623096,0.0,0.0,0.0,0.0,0.0,0.0,0.0,0.0,1750362185.2278748,0.0,right_blink
98.03524446487428,184.0,-1408.145261366386,-800.5629845149815,-360.83489747485146,914.3344810670242,0.0,0.0,0.0,0.0,0.0,0.0,0.0,0.0,1750362185.31803,0.0,right_blink
98.13632702827454,194.0,-1448.667077386286,-757.1539657292888,-354.7874792465009,877.6086635021493,0.0,0.0,0.0,0.0,0.0,0.0,0.0,0.0,1750362185.421801,0.0,right_blink
98.23727011680604,104.0,-1478.3525332845747,-769.6377517813817,-464.1253244010732,862.4583287816495,0.0,0.0,0.0,0.0,0.0,0.0,0.0,0.0,1750362185.5271995,0.0,right_blink
98.33876633644104,113.0,-1434.438628004864,-724.9459473108873,-457.3037468818948,924.8510797424242,0.0,0.0,0.0,0.0,0.0,0.0,0.0,0.0,1750362185.6167402,0.0,right_blink
98.44000434875488,125.0,-1412.956642659381,-796.4191753640771,-334.9790991311893,896.6858931761235,0.0,0.0,0.0,0.0,0.0,0.0,0.0,0.0,1750362185.7369196,0.0,right_blink
98.54111909866332,134.0,-1482.197150439024,-805.6903873542324,-322.4429544797167,816.839029122144,0.0,0.0,0.0,0.0,0.0,0.0,0.0,0.0,1750362185.8264468,0.0,right_blink
98.64132523536682,145.0,-1420.4551420705393,-708.8905568011105,-347.04027648828924,900.7997831273824,0.0,0.0,0.0,0.0,0.0,0.0,0.0,0.0,1750362185.9330173,0.0,right_blink
98.74174165725708,154.0,-1481.400551748462,-752.1238002888858,-413.43472040165216,814.6885866476223,0.0,0.0,0.0,0.0,0.0,0.0,0.0,0.0,1750362186.023104,0.0,right_blink
98.84286069869997,164.0,-1470.9363116724417,-769.3535193847492,-447.4378907987848,865.5624457448721,0.0,0.0,0.0,0.0,0.0,0.0,0.0,0.0,1750362186.1265812,0.0,right_blink
98.9442982673645,175.0,-1404.900898154825,-726.3334501944482,-373.30185397714376,909.48757072445,0.0,0.0,0.0,0.0,0.0,0.0,0.0,0.0,1750362186.2329607,0.0,right_blink
99.0447371006012,185.0,-1408.4201440131292,-732.4332270221785,-349.00372396502644,887.863469180651,0.0,0.0,0.0,0.0,0.0,0.0,0.0,0.0,1750362186.3368351,0.0,right_blink
99.14526772499084,194.0,-1461.9493320789188,-784.758167302236,-424.85263496637344,827.1948120994493,0.0,0.0,0.0,0.0,0.0,0.0,0.0,0.0,1750362186.4265635,0.0,right_blink
99.24595880508424,104.0,-1421.7902863547206,-813.304823664017,-428.89546681847423,888.8414530190639,0.0,0.0,0.0,0.0,0.0,0.0,0.0,0.0,1750362186.532225,0.0,right_blink
99.34711623191832,113.0,-1419.6959423795342,-725.8771823998541,-368.5147820338607,898.6287712031044,0.0,0.0,0.0,0.0,0.0,0.0,0.0,0.0,1750362186.621557,0.0,right_blink
99.44804334640504,125.0,-1441.660374819301,-776.556566699408,-384.4093568455428,856.3604219038971,0.0,0.0,0.0,0.0,0.0,0.0,0.0,0.0,1750362186.741867,0.0,right_blink
99.55006146430968,134.0,-1451.9525794973597,-755.3849930502474,-413.1579678049311,850.4476400739513,0.0,0.0,0.0,0.0,0.0,0.0,0.0,0.0,1750362186.8318558,0.0,right_blink
99.65130472183228,143.0,-1429.5954575622454,-772.1397448517382,-352.69874512124807,892.4354968764819,0.0,0.0,0.0,0.0,0.0,0.0,0.0,0.0,1750362186.921385,0.0,right_blink
99.7523226737976,154.0,-1475.5924871172756,-786.048432786949,-362.4187451060861,839.9011221989058,0.0,0.0,0.0,0.0,0.0,0.0,0.0,0.0,1750362187.028024,0.0,right_blink
99.85378360748292,166.0,-1428.5333259748295,-705.1132578458637,-394.7053014235571,901.1045849737712,0.0,0.0,0.0,0.0,0.0,0.0,0.0,0.0,1750362187.1484096,0.0,right_blink
99.95479893684389,176.0,-1410.9221370834855,-758.1151200179011,-352.70996482111514,904.279760036152,0.0,0.0,0.0,0.0,0.0,0.0,0.0,0.0,1750362187.2516465,0.0,right_blink
100.0556297302246,185.0,-1458.0373967252672,-733.1550277136266,-369.82374701835215,875.6134268757887,0.0,0.0,0.0,0.0,0.0,0.0,0.0,0.0,1750362187.342209,0.0,right_blink
100.1563332080841,196.0,-1433.03616552148,-721.3294640537351,-406.1082563884556,909.0219531799668,0.0,0.0,0.0,0.0,0.0,0.0,0.0,0.0,1750362187.448115,0.0,right_blink
100.2570481300354,104.0,-1422.543876195792,-735.441976536531,-378.569503064733,887.164107888937,0.0,0.0,0.0,0.0,0.0,0.0,0.0,0.0,1750362187.5366964,0.0,right_blink
100.3579454421997,116.0,-1419.854888127651,-675.958867741283,-462.77709046704695,933.561306739226,0.0,0.0,0.0,0.0,0.0,0.0,0.0,0.0,1750362187.6569047,0.0,right_blink
100.4589524269104,125.0,-1469.7301939367317,-744.716928426642,-508.08597843023017,901.974111713469,0.0,0.0,0.0,0.0,0.0,0.0,0.0,0.0,1750362187.7469351,0.0,right_blink
100.55997562408449,136.0,-1436.968670324888,-746.7963128020056,-376.4639393896796,872.24564696569,0.0,0.0,0.0,0.0,0.0,0.0,0.0,0.0,1750362187.853124,0.0,right_blink
100.66094899177553,145.0,-1482.4682931858115,-769.6770207309164,-456.0116114472039,844.3908720957115,0.0,0.0,0.0,0.0,0.0,0.0,0.0,0.0,1750362187.943005,0.0,right_blink
100.7616274356842,156.0,-1427.286069339607,-713.829094692599,-363.57624414237216,873.8313645469025,0.0,0.0,0.0,0.0,0.0,0.0,0.0,0.0,1750362188.0628135,0.0,right_blink
100.86329913139345,166.0,-1426.837281344924,-769.886455128435,-372.88485513208434,879.0522648850456,0.0,0.0,0.0,0.0,0.0,0.0,0.0,0.0,1750362188.1531389,0.0,right_blink
100.9644057750702,176.0,-1413.7102325004523,-723.044208183419,-403.884885864798,915.2021378567442,0.0,0.0,0.0,0.0,0.0,0.0,0.0,0.0,1750362188.2565026,0.0,right_blink
101.06496024131776,185.0,-1470.3248380296864,-785.8707875390537,-412.2697415654548,831.26382325124,0.0,0.0,0.0,0.0,0.0,0.0,0.0,0.0,1750362188.346788,0.0,right_blink
101.16565871238708,196.0,-1408.291117464658,-812.5998525223695,-378.36754846712574,911.9072859957814,0.0,0.0,0.0,0.0,0.0,0.0,0.0,0.0,1750362188.453075,0.0,right_blink
101.26662707328796,105.0,-1423.0412828898989,-750.94012195291,-393.5328427874483,909.5417992738076,0.0,0.0,0.0,0.0,0.0,0.0,0.0,0.0,1750362188.557423,0.0,right_blink
101.36768174171448,116.0,-1480.3365502110682,-760.0953970444389,-466.9395991177298,862.7855700277723,0.0,0.0,0.0,0.0,0.0,0.0,0.0,0.0,1750362188.6621947,0.0,right_blink
101.46850538253784,125.0,-1428.191125128884,-848.7684249938466,-336.38717146450654,877.756389550399,0.0,0.0,0.0,0.0,0.0,0.0,0.0,0.0,1750362188.7516909,0.0,right_blink
101.56937742233276,136.0,-1463.443422111217,-732.655751069542,-468.2672636019997,910.8058854588307,0.0,0.0,0.0,0.0,0.0,0.0,0.0,0.0,1750362188.8581755,0.0,right_blink
101.67004299163818,145.0,-1433.37462646747,-699.5987753611989,-380.9256400368176,908.2664933889172,0.0,0.0,0.0,0.0,0.0,0.0,0.0,0.0,1750362188.9480522,0.0,right_blink
101.77167057991028,157.0,-1421.1189743126745,-719.5324421250261,-326.9775831759908,905.5363664212636,0.0,0.0,0.0,0.0,0.0,0.0,0.0,0.0,1750362189.0682847,0.0,right_blink
101.87273359298706,166.0,-1477.5278853443451,-782.5534962783568,-433.6657092119567,866.4170128847472,0.0,0.0,0.0,0.0,0.0,0.0,0.0,0.0,1750362189.1582367,0.0,right_blink
101.97320938110352,176.0,-1468.9335952461695,-756.8304643831216,-410.60174618521705,874.0090097947977,0.0,0.0,0.0,0.0,0.0,0.0,0.0,0.0,1750362189.2616477,0.0,right_blink
102.0737009048462,185.0,-1417.1210212600415,-742.0017610588111,-437.3308111685328,922.380875821691,0.0,0.0,0.0,0.0,0.0,0.0,0.0,0.0,1750362189.351698,0.0,right_blink
102.17431259155272,196.0,-1474.9997129742987,-800.24322306877,-411.56664037378505,853.1141887423582,0.0,0.0,0.0,0.0,0.0,0.0,0.0,0.0,1750362189.457846,0.0,right_blink
102.27512454986572,106.0,-1443.5508942469023,-743.9408991858363,-432.9943971699104,898.6755199525505,0.0,0.0,0.0,0.0,0.0,0.0,0.0,0.0,1750362189.563232,0.0,right_blink
102.37615084648132,116.0,-1451.6739569506608,-763.0517879594117,-421.0790759110823,890.4140809504315,0.0,0.0,0.0,0.0,0.0,0.0,0.0,0.0,1750362189.6665804,0.0,right_blink
102.47699570655824,125.0,-1421.7996361046098,-711.1793755739927,-392.4351821504533,903.36161459703,0.0,0.0,0.0,0.0,0.0,0.0,0.0,0.0,1750362189.7571287,0.0,right_blink
102.5784056186676,137.0,-1455.4886549054645,-774.0994524285197,-404.8927889028564,874.65788243711,0.0,0.0,0.0,0.0,0.0,0.0,0.0,0.0,1750362189.876655,0.0,right_blink
102.67891025543211,146.0,-1418.3813675451092,-749.3712339214981,-499.2130657853559,925.0605141399428,0.0,0.0,0.0,0.0,0.0,0.0,0.0,0.0,1750362189.9668295,0.0,right_blink
102.7799129486084,157.0,-1437.911125113722,-748.1146275363863,-486.138375540264,894.1614607060328,0.0,0.0,0.0,0.0,0.0,0.0,0.0,0.0,1750362190.07318,0.0,right_blink
102.88104248046876,166.0,-1440.4766964833252,-775.7861473085359,-406.36256958544254,849.2190829385072,0.0,0.0,0.0,0.0,0.0,0.0,0.0,0.0,1750362190.163114,0.0,right_blink
102.98162031173706,176.0,-1454.4527026177384,-759.3268476035446,-375.0708266561851,843.5493946056813,0.0,0.0,0.0,0.0,0.0,0.0,0.0,0.0,1750362190.266812,0.0,right_blink
103.08268547058104,185.0,-1409.760898147244,-744.1989522827789,-390.5128735732287,890.4552198499441,0.0,0.0,0.0,0.0,0.0,0.0,0.0,0.0,1750362190.3568554,0.0,right_blink
103.18387007713318,197.0,-1457.4147033826448,-756.0731346420944,-395.4233622150496,821.9439925616607,0.0,0.0,0.0,0.0,0.0,0.0,0.0,0.0,1750362190.476777,0.0,right_blink
103.28437733650208,106.0,-1399.2742186714895,-787.856674415525,-342.5580063913949,894.7542348490097,0.0,0.0,0.0,0.0,0.0,0.0,0.0,0.0,1750362190.568127,0.0,right_blink
103.3851079940796,116.0,-1410.2470851414837,-747.3610376953147,-363.5799840423279,925.9973590788431,0.0,0.0,0.0,0.0,0.0,0.0,0.0,0.0,1750362190.6717553,0.0,right_blink
103.48599076271056,125.0,-1472.4191820048727,-759.5456317509525,-441.7738123158924,856.2818840048276,0.0,0.0,0.0,0.0,0.0,0.0,0.0,0.0,1750362190.764506,0.0,right_blink
103.58646893501282,137.0,-1468.4212289522402,-747.5181134934537,-447.4098415491171,882.0535345994867,0.0,0.0,0.0,0.0,0.0,0.0,0.0,0.0,1750362190.8817267,0.0,right_blink
103.68708682060242,146.0,-1398.5262386803515,-738.5909722992219,-394.67351227393374,913.7678862237372,0.0,0.0,0.0,0.0,0.0,0.0,0.0,0.0,1750362190.971625,0.0,right_blink
103.78754210472108,157.0,-1460.4851612462662,-777.0483635435812,-497.2514882585965,890.2588751022704,0.0,0.0,0.0,0.0,0.0,0.0,0.0,0.0,1750362191.0781715,0.0,right_blink
103.88842916488647,166.0,-1417.2593975584025,-708.5670554549433,-397.0296492460184,919.6357892542146,0.0,0.0,0.0,0.0,0.0,0.0,0.0,0.0,1750362191.1679044,0.0,right_blink
103.98929023742676,177.0,-1476.0768041615374,-763.0424382095225,-460.9856783882715,875.2057777806185,0.0,0.0,0.0,0.0,0.0,0.0,0.0,0.0,1750362191.2872753,0.0,right_blink
104.08972430229188,186.0,-1422.0763887013309,-640.4709570617415,-365.69676741724834,888.7629151199944,0.0,0.0,0.0,0.0,0.0,0.0,0.0,0.0,1750362191.3771224,0.0,right_blink
104.19024515151978,197.0,-1490.168747194577,-761.8531500236131,-418.5191143914126,837.2009144308977,0.0,0.0,0.0,0.0,0.0,0.0,0.0,0.0,1750362191.481659,0.0,right_blink
104.29087138175964,106.0,-1456.098258598242,-764.9105182373896,-374.0517039182596,852.0053084054962,0.0,0.0,0.0,0.0,0.0,0.0,0.0,0.0,1750362191.5731423,0.0,right_blink
104.3916437625885,116.0,-1451.9806287470274,-763.627732552588,-418.0329273971729,876.4941733153537,0.0,0.0,0.0,0.0,0.0,0.0,0.0,0.0,1750362191.6767411,0.0,right_blink
104.4927396774292,127.0,-1420.6851459178142,-753.2008914761245,-385.5032775825821,914.7309104623272,0.0,0.0,0.0,0.0,0.0,0.0,0.0,0.0,1750362191.7832105,0.0,right_blink
104.59378480911256,137.0,-1429.4140724143945,-709.7993524903432,-374.2686181156896,898.9186134496704,0.0,0.0,0.0,0.0,0.0,0.0,0.0,0.0,1750362191.8866246,0.0,right_blink
104.69474077224731,146.0,-1462.717881519813,-768.7700949916616,-363.38924914458767,829.3115954743698,0.0,0.0,0.0,0.0,0.0,0.0,0.0,0.0,1750362191.976427,0.0,right_blink
104.79532885551453,157.0,-1415.5091243791394,-779.245554767549,-332.1386451148428,872.5074399625883,0.0,0.0,0.0,0.0,0.0,0.0,0.0,0.0,1750362192.0827143,0.0,right_blink
104.8958523273468,167.0,-1428.76706972206,-706.5905183283612,-398.5330890282057,906.1254006642848,0.0,0.0,0.0,0.0,0.0,0.0,0.0,0.0,1750362192.186358,0.0,right_blink
104.99738001823424,178.0,-1485.4602131503634,-754.3752200622112,-485.9495105925016,856.0668397573754,0.0,0.0,0.0,0.0,0.0,0.0,0.0,0.0,1750362192.2928507,0.0,right_blink
105.09841465950012,187.0,-1409.8917946456932,-737.1081019667909,-386.9356592656113,898.7503179516643,0.0,0.0,0.0,0.0,0.0,0.0,0.0,0.0,1750362192.3827257,0.0,both_blink
105.19886302947998,197.0,-1416.1374275716953,-714.0254394402727,-369.1187758767046,905.8561278674752,0.0,0.0,0.0,0.0,0.0,0.0,0.0,0.0,1750362192.4864688,0.0,both_blink
105.3000226020813,107.0,-1418.742267890833,-733.1961666131392,-428.8730274187401,909.3641540259124,0.0,0.0,0.0,0.0,0.0,0.0,0.0,0.0,1750362192.591601,0.0,both_blink
105.40083026885986,118.0,-1427.901282882318,-741.2219919180498,-411.1496415287256,877.0925573082641,0.0,0.0,0.0,0.0,0.0,0.0,0.0,0.0,1750362192.698304,0.0,both_blink
105.50192141532898,127.0,-1479.8372735669836,-400.748979751952,-453.9901955211535,831.226424251683,0.0,0.0,0.0,0.0,0.0,0.0,0.0,0.0,1750362192.7880485,0.0,both_blink
105.60239267349245,137.0,-1522.5581507608294,-431.85746758338064,-442.4638238577172,806.3785289460793,0.0,0.0,0.0,0.0,0.0,0.0,0.0,0.0,1750362192.8916185,0.0,both_blink
105.70333290100098,146.0,-1503.7539337836206,-303.9229698991403,-549.4586216900498,709.2720265965909,0.0,0.0,0.0,0.0,0.0,0.0,0.0,0.0,1750362192.981576,0.0,both_blink
105.8040030002594,157.0,-1630.4355649827048,221.31231977790597,-671.749610341154,715.1623690268025,0.0,0.0,0.0,0.0,0.0,0.0,0.0,0.0,1750362193.0881882,0.0,both_blink
105.90448093414308,167.0,-1540.6929256459698,-2.258899573236704,-650.1367284972221,800.4694870160893,0.0,0.0,0.0,0.0,0.0,0.0,0.0,0.0,1750362193.1916173,0.0,both_blink
106.0052409172058,178.0,-1526.9637529086322,-186.8267022864893,-625.3262321911752,820.9117801738903,0.0,0.0,0.0,0.0,0.0,0.0,0.0,0.0,1750362193.297928,0.0,both_blink
106.1061282157898,187.0,-1384.4025064976886,-385.1012383373454,-514.1838853079826,803.0126189859584,0.0,0.0,0.0,0.0,0.0,0.0,0.0,0.0,1750362193.3879695,0.0,both_blink
106.20709896087646,197.0,-1450.3145033167675,-522.9988295035437,-512.2989757303149,882.8258239403367,0.0,0.0,0.0,0.0,0.0,0.0,0.0,0.0,1750362193.491666,0.0,both_blink
106.30773663520812,106.0,-1377.494911279529,-605.6880175238475,-452.3913882900961,860.7604142017663,0.0,0.0,0.0,0.0,0.0,0.0,0.0,0.0,1750362193.5828085,0.0,both_blink
106.40837240219116,118.0,-1420.2718869727105,-568.1469017686322,-454.9270404600538,874.4634076394141,0.0,0.0,0.0,0.0,0.0,0.0,0.0,0.0,1750362193.7030833,0.0,both_blink
106.50900793075562,127.0,-1441.81745061744,-664.5241236267611,-473.0318961455487,766.2531423214823,0.0,0.0,0.0,0.0,0.0,0.0,0.0,0.0,1750362193.7930243,0.0,both_blink
106.60978436470032,137.0,-1442.602829608135,-694.4208838725463,-438.1498492588289,746.3718341570348,0.0,0.0,0.0,0.0,0.0,0.0,0.0,0.0,1750362193.8993876,0.0,both_blink
106.71037554740906,146.0,-1465.2703632395717,-587.0932349441573,-410.5045087863691,840.7108105393127,0.0,0.0,0.0,0.0,0.0,0.0,0.0,0.0,1750362193.9865634,0.0,both_blink
106.81116318702698,157.0,-1510.9869002979249,-659.3967207875103,-474.29224243061617,826.3570745093748,0.0,0.0,0.0,0.0,0.0,0.0,0.0,0.0,1750362194.0931556,0.0,both_blink
106.9119176864624,167.0,-1531.2197590582073,-651.2437388841063,-471.3339815656655,829.8800602676347,0.0,0.0,0.0,0.0,0.0,0.0,0.0,0.0,1750362194.1966343,0.0,both_blink
107.01246857643127,178.0,-1457.6970658292994,-594.1915650600567,-420.9650089624338,910.3664472140372,0.0,0.0,0.0,0.0,0.0,0.0,0.0,0.0,1750362194.303038,0.0,both_blink
107.11310124397278,188.0,-1454.98937826138,-685.1683713821694,-363.6473022415303,898.2566511575133,0.0,0.0,0.0,0.0,0.0,0.0,0.0,0.0,1750362194.4064608,0.0,both_blink
107.21405935287476,197.0,-1527.8987278975546,-674.4348585093394,-465.3202224369161,840.3256008438766,0.0,0.0,0.0,0.0,0.0,0.0,0.0,0.0,1750362194.4966764,0.0,both_blink
107.31519556045532,107.0,-1464.6682393467054,-678.9919266053475,-410.7793914331123,850.0007220292464,0.0,0.0,0.0,0.0,0.0,0.0,0.0,0.0,1750362194.6014938,0.0,both_blink
107.41626811027528,118.0,-1517.3709095222875,-670.4387754066847,-421.1463941102848,857.1439309446141,0.0,0.0,0.0,0.0,0.0,0.0,0.0,0.0,1750362194.708017,0.0,both_blink
107.51707196235655,127.0,-1438.500159356743,-696.0084714037366,-369.1655246261507,800.1889945194125,0.0,0.0,0.0,0.0,0.0,0.0,0.0,0.0,1750362194.7978866,0.0,both_blink
107.61792325973512,137.0,-1370.1273083668202,-765.7089868779294,-334.7210460342467,700.1952894041315,0.0,0.0,0.0,0.0,0.0,0.0,0.0,0.0,1750362194.9014397,0.0,both_blink
107.71827387809752,146.0,-1335.548193376511,-703.1367207192816,-343.40135383140296,762.0494947712868,0.0,0.0,0.0,0.0,0.0,0.0,0.0,0.0,1750362194.9924848,0.0,both_blink
107.81903076171876,158.0,-1412.6350112631917,-751.314111948479,-398.9987065726891,760.2954816920683,0.0,0.0,0.0,0.0,0.0,0.0,0.0,0.0,1750362195.1116073,0.0,both_blink
107.91975736618042,167.0,-1436.2001208839938,-724.719683363568,-401.1491490472108,793.4721341989934,0.0,0.0,0.0,0.0,0.0,0.0,0.0,0.0,1750362195.201852,0.0,both_blink
108.02027368545532,178.0,-1504.303699077107,-710.4968438320793,-416.9651859598234,856.0406604576856,0.0,0.0,0.0,0.0,0.0,0.0,0.0,0.0,1750362195.3081608,0.0,both_blink
108.12121820449828,187.0,-1572.9383430639282,-623.3646546644159,-527.1688179541379,985.5945348227395,0.0,0.0,0.0,0.0,0.0,0.0,0.0,0.0,1750362195.3978274,0.0,both_blink
108.22221326828004,197.0,-1482.5300015350804,-731.2158895866014,-402.8582833269611,819.9468859853223,0.0,0.0,0.0,0.0,0.0,0.0,0.0,0.0,1750362195.5014825,0.0,both_blink
108.3231644630432,107.0,-1443.2591820503585,-729.869525602553,-326.0519579369575,895.7527881371789,0.0,0.0,0.0,0.0,0.0,0.0,0.0,0.0,1750362195.606896,0.0,both_blink
108.42361998558044,118.0,-1506.512110000942,-780.5676094018854,-410.2707650391385,839.5645312028937,0.0,0.0,0.0,0.0,0.0,0.0,0.0,0.0,1750362195.712776,0.0,both_blink
108.52402234077454,127.0,-1455.5372736048885,-664.2193217803724,-367.280615048483,932.2280324050224,0.0,0.0,0.0,0.0,0.0,0.0,0.0,0.0,1750362195.803101,0.0,both_blink
108.62483859062196,137.0,-1512.335134231951,-645.6656781001948,-440.6350127793849,1032.5845078160055,0.0,0.0,0.0,0.0,0.0,0.0,0.0,0.0,1750362195.9066148,0.0,both_blink
108.72551250457764,148.0,-1622.0563191319816,-694.5012917215936,-501.74123815540224,978.8271858529188,0.0,0.0,0.0,0.0,0.0,0.0,0.0,0.0,1750362196.0138824,0.0,both_blink
108.8259129524231,158.0,-1562.651748235803,-704.6401605014689,-494.3137968434021,950.8751735840924,0.0,0.0,0.0,0.0,0.0,0.0,0.0,0.0,1750362196.1166189,0.0,both_blink
108.92660236358644,167.0,-1403.15249492554,-785.3920803447254,-414.4557130895555,994.8713566628284,0.0,0.0,0.0,0.0,0.0,0.0,0.0,0.0,1750362196.206709,0.0,both_blink
109.02724528312685,178.0,-1492.4575659674592,-813.643284610007,-471.279753016308,935.0142578720116,0.0,0.0,0.0,0.0,0.0,0.0,0.0,0.0,1750362196.312932,0.0,both_blink
109.12761855125429,188.0,-1521.5652073225938,-791.0842080772854,-450.6616845605895,913.5846311259083,0.0,0.0,0.0,0.0,0.0,0.0,0.0,0.0,1750362196.4167087,0.0,both_blink
109.22803568840028,199.0,-1451.7263155500405,-761.7671323246323,-371.48800249863416,921.3449235339648,0.0,0.0,0.0,0.0,0.0,0.0,0.0,0.0,1750362196.5230443,0.0,both_blink
109.3283360004425,107.0,-1442.3073775116354,-779.6251546130516,-414.51929138880223,876.683038263116,0.0,0.0,0.0,0.0,0.0,0.0,0.0,0.0,1750362196.612049,0.0,both_blink
109.4291603565216,118.0,-1340.7653538146988,-745.5397064168938,-375.4784757513553,910.2897792649457,0.0,0.0,0.0,0.0,0.0,0.0,0.0,0.0,1750362196.7180047,0.0,both_blink
109.5295271873474,127.0,-1350.4778739996254,-854.6999063235708,-424.6432005688548,891.3322263895534,0.0,0.0,0.0,0.0,0.0,0.0,0.0,0.0,1750362196.808,0.0,both_blink
109.63009905815125,137.0,-1366.0021987156942,-947.7261778214016,-372.3444395884872,911.755820047576,0.0,0.0,0.0,0.0,0.0,0.0,0.0,0.0,1750362196.911899,0.0,both_blink
109.73086857795715,148.0,-1371.286677353084,-855.2384519171901,-304.517613992095,924.1760278004222,0.0,0.0,0.0,0.0,0.0,0.0,0.0,0.0,1750362197.0181327,0.0,both_blink
109.83186721801758,158.0,-1313.1274931421503,-896.3137731305324,-346.51669049449265,902.9483556519262,0.0,0.0,0.0,0.0,0.0,0.0,0.0,0.0,1750362197.1215265,0.0,both_blink
109.93274331092834,167.0,-1283.79919768963,-1049.3130803178065,-355.1633391920477,899.3655314943753,0.0,0.0,0.0,0.0,0.0,0.0,0.0,0.0,1750362197.211602,0.0,both_blink
110.03357148170473,179.0,-1360.8373968768865,-949.4839308005758,-428.00537062902,873.0179363065399,0.0,0.0,0.0,0.0,0.0,0.0,0.0,0.0,1750362197.33279,0.0,both_blink
110.1349639892578,188.0,-1307.6634993068874,-865.0781287006103,-369.0308882277459,911.7969589470886,0.0,0.0,0.0,0.0,0.0,0.0,0.0,0.0,1750362197.422178,0.0,both_blink
110.23539352416992,199.0,-1407.9189974190667,-721.065801106859,-506.47595149930567,843.263292259071,0.0,0.0,0.0,0.0,0.0,0.0,0.0,0.0,1750362197.5282528,0.0,both_blink
110.33595442771912,107.0,-1420.303676122334,-738.3834078516811,-473.5143432398327,841.5915569788776,0.0,0.0,0.0,0.0,0.0,0.0,0.0,0.0,1750362197.6167307,0.0,both_blink
110.43647933006288,118.0,-1386.4987204228528,-686.0435079718009,-419.7458015768789,865.5680555948056,0.0,0.0,0.0,0.0,0.0,0.0,0.0,0.0,1750362197.7232318,0.0,both_blink
110.53691363334656,128.0,-1372.795726985205,-686.5670939655975,-401.4689104934223,843.9102949514054,0.0,0.0,0.0,0.0,0.0,0.0,0.0,0.0,1750362197.826769,0.0,both_blink
110.63744831085204,139.0,-1410.265784641262,-682.7336965110153,-416.3088335175999,839.3401372055523,0.0,0.0,0.0,0.0,0.0,0.0,0.0,0.0,1750362197.9332442,0.0,both_blink
110.7378191947937,148.0,-1406.2902709883638,-646.1537350444123,-396.214351055678,861.6486404412426,0.0,0.0,0.0,0.0,0.0,0.0,0.0,0.0,1750362198.0230725,0.0,both_blink
110.83845162391664,158.0,-1401.4209212460555,-667.8675941871479,-401.6222463916056,854.3820148273371,0.0,0.0,0.0,0.0,0.0,0.0,0.0,0.0,1750362198.126656,0.0,both_blink
110.9390299320221,167.0,-1443.8463463434018,-737.0669630672783,-459.1643471098505,817.0727728693746,0.0,0.0,0.0,0.0,0.0,0.0,0.0,0.0,1750362198.2193837,0.0,both_blink
111.03936719894408,178.0,-1415.344568781089,-643.3749893773347,-390.7428774205037,878.2949351440184,0.0,0.0,0.0,0.0,0.0,0.0,0.0,0.0,1750362198.323131,0.0,both_blink
111.13990879058838,188.0,-1440.85442637885,-635.9438081653789,-414.61091893771663,871.4022995256819,0.0,0.0,0.0,0.0,0.0,0.0,0.0,0.0,1750362198.4267764,0.0,both_blink
111.24074983596802,197.0,-1499.492317784112,-667.8713340871036,-466.55438942229375,811.3731653369032,0.0,0.0,0.0,0.0,0.0,0.0,0.0,0.0,1750362198.5166566,0.0,both_blink
111.34114050865172,107.0,-1422.074518751353,-661.6874095103703,-413.7563517978415,892.5402140752412,0.0,0.0,0.0,0.0,0.0,0.0,0.0,0.0,1750362198.6214244,0.0,both_blink
111.44247388839722,118.0,-1474.5228757299485,-706.4427922801115,-466.9040700681508,843.2819917588495,0.0,0.0,0.0,0.0,0.0,0.0,0.0,0.0,1750362198.7280788,0.0,both_blink
111.54336023330688,128.0,-1490.3314328426495,-713.5149430963211,-423.3304956844077,818.0862857573666,0.0,0.0,0.0,0.0,0.0,0.0,0.0,0.0,1750362198.8318143,0.0,both_blink
111.64423298835754,137.0,-1465.143206641078,-649.2971209571697,-402.2299801344052,898.4118570056744,0.0,0.0,0.0,0.0,0.0,0.0,0.0,0.0,1750362198.92147,0.0,both_blink
111.74488115310668,149.0,-1433.918781911023,-666.2575672562234,-404.3654630091041,893.7295022611506,0.0,0.0,0.0,0.0,0.0,0.0,0.0,0.0,1750362199.0415356,0.0,both_blink
111.84527111053468,158.0,-1495.885184276849,-729.6862705047242,-483.0716575765982,818.9389829472639,0.0,0.0,0.0,0.0,0.0,0.0,0.0,0.0,1750362199.13156,0.0,both_blink
111.94591999053956,169.0,-1449.6226218249649,-688.5436310921796,-391.2533737644553,885.7373360558413,0.0,0.0,0.0,0.0,0.0,0.0,0.0,0.0,1750362199.237894,0.0,both_blink
112.04646348953248,178.0,-1498.8696244414896,-715.9608376673423,-436.049895433709,829.9193292171694,0.0,0.0,0.0,0.0,0.0,0.0,0.0,0.0,1750362199.328272,0.0,both_blink
112.14723181724548,189.0,-1434.5283856038004,-714.0647083898075,-376.9594761338085,905.3605911233462,0.0,0.0,0.0,0.0,0.0,0.0,0.0,0.0,1750362199.4471328,0.0,both_blink
112.24781346321106,199.0,-1404.7700016563758,-716.9930500551127,-357.47833726461977,915.0469320085832,0.0,0.0,0.0,0.0,0.0,0.0,0.0,0.0,1750362199.5380275,0.0,both_blink
112.3482711315155,107.0,-1418.1289242981002,-663.5423998883925,-365.7379063167609,911.8231382467784,0.0,0.0,0.0,0.0,0.0,0.0,0.0,0.0,1750362199.6266167,0.0,both_blink
112.44890475273132,118.0,-1472.0582816591486,-672.9893871764652,-448.16904124012217,894.3540655537508,0.0,0.0,0.0,0.0,0.0,0.0,0.0,0.0,1750362199.7331984,0.0,both_blink
112.54993414878844,128.0,-1448.7138261357322,-743.112511345651,-416.15923751937225,882.9959893883206,0.0,0.0,0.0,0.0,0.0,0.0,0.0,0.0,1750362199.8365772,0.0,both_blink
112.65201687812804,139.0,-1444.771971582435,-753.6478095208295,-434.8138584983535,829.7248544194736,0.0,0.0,0.0,0.0,0.0,0.0,0.0,0.0,1750362199.9432273,0.0,both_blink
112.75310182571413,149.0,-1468.1762655051425,-712.0825614132918,-437.6000839653425,830.1998217138462,0.0,0.0,0.0,0.0,0.0,0.0,0.0,0.0,1750362200.0473907,0.0,both_blink
112.85411143302916,158.0,-1469.459051189944,-737.9851085064001,-431.4853475377895,863.1259009237401,0.0,0.0,0.0,0.0,0.0,0.0,0.0,0.0,1750362200.1367369,0.0,both_blink
112.95542287826538,170.0,-1426.3529643006625,-728.2950277212076,-375.626201799605,906.8378516058438,0.0,0.0,0.0,0.0,0.0,0.0,0.0,0.0,1750362200.2569096,0.0,both_blink
113.05637717247008,179.0,-1457.5138107314706,-756.9838002813049,-437.35325056826696,866.757343780715,0.0,0.0,0.0,0.0,0.0,0.0,0.0,0.0,1750362200.3468745,0.0,both_blink
113.15722060203552,190.0,-1416.8984972126782,-720.1196064180695,-365.4200148205273,877.5432152529247,0.0,0.0,0.0,0.0,0.0,0.0,0.0,0.0,1750362200.4529788,0.0,both_blink
113.25817346572876,199.0,-1490.6530642388389,-759.5157125513069,-417.5355207030661,877.4534576539882,0.0,0.0,0.0,0.0,0.0,0.0,0.0,0.0,1750362200.5430536,0.0,both_blink
113.35874700546265,109.0,-1493.508477855008,-789.1245005005039,-414.84466268494725,824.0925650862046,0.0,0.0,0.0,0.0,0.0,0.0,0.0,0.0,1750362200.6481433,0.0,both_blink
113.45958042144775,119.0,-1462.8712174179964,-777.1381211425178,-468.2317345524207,848.5776900961064,0.0,0.0,0.0,0.0,0.0,0.0,0.0,0.0,1750362200.751904,0.0,both_blink
113.5611515045166,130.0,-1428.381860026624,-750.3454778599553,-375.1605842551217,895.5770128392614,0.0,0.0,0.0,0.0,0.0,0.0,0.0,0.0,1750362200.8579671,0.0,both_blink
113.66172051429749,139.0,-1499.1332873883655,-760.5778441387229,-437.56081501580775,849.5500640845858,0.0,0.0,0.0,0.0,0.0,0.0,0.0,0.0,1750362200.9480946,0.0,both_blink
113.76273441314696,149.0,-1488.3025371166875,-780.0328037082218,-413.6927734985948,847.014411914628,0.0,0.0,0.0,0.0,0.0,0.0,0.0,0.0,1750362201.0523295,0.0,both_blink
113.86493062973022,159.0,-1491.171040382702,-789.8575208918191,-411.8602225203067,849.2770513878204,0.0,0.0,0.0,0.0,0.0,0.0,0.0,0.0,1750362201.1574347,0.0,both_blink
113.96553349494934,170.0,-1377.7436146265827,-719.2519496283494,-335.0090183308348,945.0633690529504,0.0,0.0,0.0,0.0,0.0,0.0,0.0,0.0,1750362201.261649,0.0,both_blink
114.06631088256836,179.0,-1450.0358807700686,-759.6653085495345,-425.62679425720125,869.4276323490776,0.0,0.0,0.0,0.0,0.0,0.0,0.0,0.0,1750362201.3514216,0.0,both_blink
114.16671800613403,190.0,-1414.0356037965976,-762.8666629116051,-375.56449345033616,872.4345119134523,0.0,0.0,0.0,0.0,0.0,0.0,0.0,0.0,1750362201.4578767,0.0,both_blink
114.26762771606444,199.0,-1507.1217136937194,-787.6098410184495,-438.7351436018944,840.0544580970891,0.0,0.0,0.0,0.0,0.0,0.0,0.0,0.0,1750362201.54791,0.0,both_blink
114.36815118789671,110.0,-1530.3016136190854,-800.7219302630983,-440.9173752260394,813.2412453647703,0.0,0.0,0.0,0.0,0.0,0.0,0.0,0.0,1750362201.6666272,0.0,both_blink
114.4684329032898,119.0,-1477.2137337480672,-730.5651469943114,-391.11312751611695,907.8382748439908,0.0,0.0,0.0,0.0,0.0,0.0,0.0,0.0,1750362201.7564764,0.0,both_blink
114.569162607193,130.0,-1515.1138798990287,-801.7803219505586,-453.00099198287353,849.2265627384186,0.0,0.0,0.0,0.0,0.0,0.0,0.0,0.0,1750362201.8632803,0.0,both_blink
114.66965746879578,139.0,-1464.9693012931384,-749.0739118750207,-378.6330813639797,918.4296715185046,0.0,0.0,0.0,0.0,0.0,0.0,0.0,0.0,1750362201.9532747,0.0,both_blink
114.77063250541688,149.0,-1454.6247380157,-738.0262474059127,-360.54692517826334,908.7246311334892,0.0,0.0,0.0,0.0,0.0,0.0,0.0,0.0,1750362202.0568235,0.0,both_blink
114.87128019332886,160.0,-1491.518851078581,-789.7789829927497,-445.0911035765894,871.3368512764573,0.0,0.0,0.0,0.0,0.0,0.0,0.0,0.0,1750362202.1633224,0.0,both_blink
114.9723768234253,170.0,-1480.8189973053522,-825.6820225673728,-428.31391237536445,866.1533499378711,0.0,0.0,0.0,0.0,0.0,0.0,0.0,0.0,1750362202.2666476,0.0,both_blink
115.07294654846191,179.0,-1394.382429529447,-779.0903489193879,-344.8543049641885,942.7689404301344,0.0,0.0,0.0,0.0,0.0,0.0,0.0,0.0,1750362202.3569932,0.0,both_blink
115.17404508590698,190.0,-1493.459859155584,-787.8791138152592,-447.0956899528392,846.556274170056,0.0,0.0,0.0,0.0,0.0,0.0,0.0,0.0,1750362202.4633229,0.0,both_blink
115.27493405342102,199.0,-1429.5225295131097,-767.3732423582114,-358.3179448046721,903.952518790029,0.0,0.0,0.0,0.0,0.0,0.0,0.0,0.0,1750362202.553106,0.0,both_blink
115.37602639198305,110.0,-1470.3622370292433,-797.5673246504739,-385.3536815843545,903.0829920503312,0.0,0.0,0.0,0.0,0.0,0.0,0.0,0.0,1750362202.67196,0.0,both_blink
115.47698783874512,119.0,-1449.3739184779115,-758.8855394087732,-390.74661732045934,904.5153737333604,0.0,0.0,0.0,0.0,0.0,0.0,0.0,0.0,1750362202.761926,0.0,both_blink
115.57771682739258,130.0,-1462.0633990275674,-767.1207991112024,-420.0973521727137,915.5331190028228,0.0,0.0,0.0,0.0,0.0,0.0,0.0,0.0,1750362202.8680656,0.0,both_blink
115.67865753173828,139.0,-1441.3181739733554,-761.2341965809464,-396.18817175598815,908.7115414836444,0.0,0.0,0.0,0.0,0.0,0.0,0.0,0.0,1750362202.9581132,0.0,both_blink
115.7800269126892,150.0,-1453.5252074287273,-780.0084943585098,-390.2267712266184,902.697782354895,0.0,0.0,0.0,0.0,0.0,0.0,0.0,0.0,1750362203.077459,0.0,both_blink
115.88123083114624,160.0,-1463.6079777092673,-755.2316571520641,-353.46729456214234,878.3996523427777,0.0,0.0,0.0,0.0,0.0,0.0,0.0,0.0,1750362203.1683595,0.0,both_blink
115.98203134536745,170.0,-1451.6028988515027,-754.7192908581346,-428.6766826710664,882.1096330988221,0.0,0.0,0.0,0.0,0.0,0.0,0.0,0.0,1750362203.271912,0.0,both_blink
116.083256483078,179.0,-1452.7660077377222,-802.305777894333,-363.2845319458284,887.7494022320025,0.0,0.0,0.0,0.0,0.0,0.0,0.0,0.0,1750362203.3622026,0.0,both_blink
116.18373680114746,190.0,-1468.2940723537467,-778.5200141761452,-388.9851244413294,887.237035938073,0.0,0.0,0.0,0.0,0.0,0.0,0.0,0.0,1750362203.4680774,0.0,both_blink
116.28491258621216,0.0,-1471.72730051307,-720.7591293104924,-357.6597224124707,929.3015606896952,0.0,0.0,0.0,0.0,0.0,0.0,0.0,0.0,1750362203.5730212,0.0,both_blink
116.38543367385864,110.0,-1439.1864309986122,-750.6633693561889,-373.7824311214499,903.2755968980492,0.0,0.0,0.0,0.0,0.0,0.0,0.0,0.0,1750362203.677306,0.0,both_blink
116.48624396324158,119.0,-1526.3784585655667,-768.9514801395126,-449.6276022228412,869.7698331950232,0.0,0.0,0.0,0.0,0.0,0.0,0.0,0.0,1750362203.766661,0.0,both_blink
116.58738327026369,130.0,-1446.5241147116758,-757.1259164796211,-364.6383757297881,922.8539731660858,0.0,0.0,0.0,0.0,0.0,0.0,0.0,0.0,1750362203.8731012,0.0,both_blink
116.68798065185548,138.0,-1449.946123171132,-731.8254932793789,-397.8449474363588,927.5176284108312,0.0,0.0,0.0,0.0,0.0,0.0,0.0,0.0,1750362203.9620323,0.0,both_blink
116.78872728347778,151.0,-1539.5466463095509,-781.296889893245,-434.6006842008792,895.1450543943793,0.0,0.0,0.0,0.0,0.0,0.0,0.0,0.0,1750362204.0832987,0.0,both_blink
116.88914060592651,160.0,-1428.3930797264911,-749.4105028710328,-387.18997246259823,923.1681247623636,0.0,0.0,0.0,0.0,0.0,0.0,0.0,0.0,1750362204.173104,0.0,both_blink
116.99009680747986,170.0,-1446.9280239068903,-724.1811377699487,-382.59363541705534,919.8321340018884,0.0,0.0,0.0,0.0,0.0,0.0,0.0,0.0,1750362204.276765,0.0,both_blink
117.09059715270996,181.0,-1503.374333938118,-771.165500913281,-433.9387219087221,866.022453439422,0.0,0.0,0.0,0.0,0.0,0.0,0.0,0.0,1750362204.3831756,0.0,both_blink
117.1916983127594,191.0,-1495.8309557274915,-774.5388906733133,-424.1027850252576,880.2116338713095,0.0,0.0,0.0,0.0,0.0,0.0,0.0,0.0,1750362204.4867067,0.0,both_blink
117.29230809211732,0.0,-1484.886138507165,-797.0661780564114,-422.4815383944661,872.8197216088884,0.0,0.0,0.0,0.0,0.0,0.0,0.0,0.0,1750362204.5780575,0.0,both_blink
117.3925986289978,110.0,-1484.1830373154953,-822.471318455413,-416.1536276694387,845.1556816366501,0.0,0.0,0.0,0.0,0.0,0.0,0.0,0.0,1750362204.6817572,0.0,both_blink
117.49321269989014,119.0,-1490.1743570445103,-745.4480788679793,-421.70363920368254,896.7550813253038,0.0,0.0,0.0,0.0,0.0,0.0,0.0,0.0,1750362204.7715583,0.0,both_blink
117.59407877922058,131.0,-1438.4515406573191,-745.706131964922,-355.4999301880598,923.8095176047646,0.0,0.0,0.0,0.0,0.0,0.0,0.0,0.0,1750362204.891647,0.0,both_blink
117.69529056549072,140.0,-1497.452202358283,-796.1835616668686,-453.6236853254959,869.266816650983,0.0,0.0,0.0,0.0,0.0,0.0,0.0,0.0,1750362204.9818816,0.0,both_blink
117.79861879348756,151.0,-1437.6362424669787,-728.5773901678622,-385.5575061319396,949.4914106004873,0.0,0.0,0.0,0.0,0.0,0.0,0.0,0.0,1750362205.0882332,0.0,both_blink
117.90035128593443,158.0,-1438.743252853863,-796.5014531631023,-401.0406919484958,928.207639952656,0.0,0.0,0.0,0.0,0.0,0.0,0.0,0.0,1750362205.1615715,0.0,both_blink
118.0011386871338,172.0,-1505.3022523652762,-813.9181672567502,-455.01118820905685,855.010318019893,0.0,0.0,0.0,0.0,0.0,0.0,0.0,0.0,1750362205.2995284,0.0,both_blink
118.101904630661,181.0,-1440.362629534677,-744.2139118826017,-358.7947820490226,929.3370897392742,0.0,0.0,0.0,0.0,0.0,0.0,0.0,0.0,1750362205.3881764,0.0,both_blink
118.20286512374878,191.0,-1420.2943263724446,-751.4917571963742,-370.440830511041,961.0813605631702,0.0,0.0,0.0,0.0,0.0,0.0,0.0,0.0,1750362205.4918575,0.0,both_blink
118.30360317230225,0.0,-1468.1164271058517,-774.6735270717181,-399.5709112659097,864.1244542119093,0.0,0.0,0.0,0.0,0.0,0.0,0.0,0.0,1750362205.5829022,0.0,both_blink
118.40441632270812,112.0,-1439.393995446153,-745.2928730198182,-374.7417154600844,894.9861086462624,0.0,0.0,0.0,0.0,0.0,0.0,0.0,0.0,1750362205.7030587,0.0,both_blink
118.50517177581789,121.0,-1473.7487164391205,-756.7033077846281,-406.65054188203067,899.8255391889252,0.0,0.0,0.0,0.0,0.0,0.0,0.0,0.0,1750362205.793224,0.0,both_blink
118.60621619224548,131.0,-1495.982421675697,-735.7374286330305,-423.58480888139457,915.4620609036648,0.0,0.0,0.0,0.0,0.0,0.0,0.0,0.0,1750362205.896508,0.0,both_blink
118.7067563533783,140.0,-1504.3261384768412,-778.4209068273194,-434.5501955514774,862.9763049255125,0.0,0.0,0.0,0.0,0.0,0.0,0.0,0.0,1750362205.9868083,0.0,both_blink
118.80806612968443,151.0,-1462.5589357716965,-792.2398371635936,-393.2691798405722,876.357666966971,0.0,0.0,0.0,0.0,0.0,0.0,0.0,0.0,1750362206.0934167,0.0,both_blink
118.90871787071228,161.0,-1451.1672005066648,-763.7791985007934,-423.4763517826796,884.8734191660769,0.0,0.0,0.0,0.0,0.0,0.0,0.0,0.0,1750362206.1965897,0.0,both_blink
119.00920844078064,169.0,-1426.9289088938383,-759.7251469488256,-354.55373549927026,931.9849389079028,0.0,0.0,0.0,0.0,0.0,0.0,0.0,0.0,1750362206.2729228,0.0,both_blink
119.10981845855711,182.0,-1438.376742658205,-762.9152816110291,-375.699129848741,913.9848004211672,0.0,0.0,0.0,0.0,0.0,0.0,0.0,0.0,1750362206.4068413,0.0,both_blink
119.21043634414671,191.0,-1454.7762039639056,-784.4122265563346,-401.7886719396338,876.5708412644453,0.0,0.0,0.0,0.0,0.0,0.0,0.0,0.0,1750362206.4969523,0.0,both_blink
119.31123232841492,101.0,-1452.287300543394,-795.0428921803832,-442.4469943079166,840.1367358961143,0.0,0.0,0.0,0.0,0.0,0.0,0.0,0.0,1750362206.6017766,0.0,both_blink
119.41233944892883,110.0,-1459.5015675579198,-736.4872785741463,-385.9071867777966,906.1085711144842,0.0,0.0,0.0,0.0,0.0,0.0,0.0,0.0,1750362206.6918206,0.0,both_blink
119.51475667953493,122.0,-1435.9102786374278,-741.7268784120679,-374.4219540138729,910.9928804566152,0.0,0.0,0.0,0.0,0.0,0.0,0.0,0.0,1750362206.8124225,0.0,both_blink
119.61579036712646,131.0,-1454.1460308213718,-823.8812607387081,-460.0843624989502,846.8161972169764,0.0,0.0,0.0,0.0,0.0,0.0,0.0,0.0,1750362206.9017396,0.0,both_blink
119.71675777435304,142.0,-1473.874003087636,-753.1672323765233,-367.0618309010752,916.8832228868268,0.0,0.0,0.0,0.0,0.0,0.0,0.0,0.0,1750362207.0082145,0.0,both_blink
119.81747078895567,151.0,-1496.246084622573,-795.1214300794527,-446.6768211578019,858.9708720729686,0.0,0.0,0.0,0.0,0.0,0.0,0.0,0.0,1750362207.0979023,0.0,both_blink
119.91782236099245,161.0,-1454.4901016172953,-822.1983057586476,-453.5993759757839,857.9910182845779,0.0,0.0,0.0,0.0,0.0,0.0,0.0,0.0,1750362207.2018068,0.0,both_blink
120.01846051216124,172.0,-1423.9725179788657,-758.8182212095708,-396.6444395505823,928.7873244457878,0.0,0.0,0.0,0.0,0.0,0.0,0.0,0.0,1750362207.3082087,0.0,both_blink
120.1192045211792,182.0,-1429.3205749155022,-732.6015225201845,-407.41909132292494,920.6193829425612,0.0,0.0,0.0,0.0,0.0,0.0,0.0,0.0,1750362207.4118872,0.0,both_blink
120.21993064880373,191.0,-1467.3104786654003,-798.1657086433843,-465.7652705316432,883.3325803843327,0.0,0.0,0.0,0.0,0.0,0.0,0.0,0.0,1750362207.5015829,0.0,both_blink
120.3207836151123,101.0,-1417.926969700493,-757.789748721756,-410.0856399913319,925.50556223467,0.0,0.0,0.0,0.0,0.0,0.0,0.0,0.0,1750362207.607094,0.0,both_blink
120.42133617401124,112.0,-1481.860559443012,-785.6370437918231,-441.6990143167786,863.3521648710594,0.0,0.0,0.0,0.0,0.0,0.0,0.0,0.0,1750362207.713084,0.0,both_blink
120.52195978164671,122.0,-1491.8610519245267,-779.2044158680364,-490.0671404437162,868.2925727125257,0.0,0.0,0.0,0.0,0.0,0.0,0.0,0.0,1750362207.8167377,0.0,both_blink
120.62383222579956,131.0,-1416.876057812944,-774.9072708189487,-386.023123676423,907.269810050726,0.0,0.0,0.0,0.0,0.0,0.0,0.0,0.0,1750362207.9064991,0.0,both_blink
120.72523736953735,142.0,-1475.7383432155475,-802.8630229877308,-448.73002623347566,841.5261087296531,0.0,0.0,0.0,0.0,0.0,0.0,0.0,0.0,1750362208.0131187,0.0,both_blink
120.82732248306274,152.0,-1463.852941156365,-801.23242660705,-492.614012313541,840.23584324494,0.0,0.0,0.0,0.0,0.0,0.0,0.0,0.0,1750362208.1166325,0.0,both_blink
120.92795276641846,163.0,-1402.7280162805691,-774.252788326703,-385.2788835852407,930.3375129774212,0.0,0.0,0.0,0.0,0.0,0.0,0.0,0.0,1750362208.2233932,0.0,both_blink
121.0287299156189,172.0,-1469.4216521903872,-803.6147428788245,-432.3417846276425,853.8303795838729,0.0,0.0,0.0,0.0,0.0,0.0,0.0,0.0,1750362208.313061,0.0,both_blink
121.1299078464508,182.0,-1471.6506325639784,-789.17124924995,-460.2451781970449,863.0417531747371,0.0,0.0,0.0,0.0,0.0,0.0,0.0,0.0,1750362208.419511,0.0,both_blink
121.2303876876831,193.0,-1425.754580307752,-700.2401682035998,-391.5432160110213,932.4542963523418,0.0,0.0,0.0,0.0,0.0,0.0,0.0,0.0,1750362208.522823,0.0,both_blink
121.3312816619873,103.0,-1452.236811893992,-785.7529806904495,-408.9954591542482,858.351918630302,0.0,0.0,0.0,0.0,0.0,0.0,0.0,0.0,1750362208.6281636,0.0,both_blink
121.43264555931091,112.0,-1451.2232990060002,-756.3386675389484,-406.6056630825624,866.4413222344592,0.0,0.0,0.0,0.0,0.0,0.0,0.0,0.0,1750362208.7180116,0.0,both_blink
121.533438205719,122.0,-1452.3789280923083,-760.0299487952143,-423.169679986313,887.1454083891585,0.0,0.0,0.0,0.0,0.0,0.0,0.0,0.0,1750362208.8216703,0.0,both_blink
121.63421893119812,131.0,-1401.0600209003314,-759.9888098957017,-392.330464951694,894.5354507016018,0.0,0.0,0.0,0.0,0.0,0.0,0.0,0.0,1750362208.9118066,0.0,both_blink
121.73493480682372,143.0,-1473.4009057432413,-752.1873785881326,-429.37417401280254,878.1584287956357,0.0,0.0,0.0,0.0,0.0,0.0,0.0,0.0,1750362209.031518,0.0,both_blink
121.83616089820862,152.0,-1390.1881317291409,-780.0870322575793,-465.5651858840138,879.7404064768925,0.0,0.0,0.0,0.0,0.0,0.0,0.0,0.0,1750362209.1217945,0.0,both_blink
121.9367082118988,163.0,-1462.4280392732471,-748.5708953309804,-427.4294260358438,851.2685481142253,0.0,0.0,0.0,0.0,0.0,0.0,0.0,0.0,1750362209.228259,0.0,both_blink
122.03719210624696,172.0,-1436.8471235763282,-754.5472554601729,-433.7311574611813,873.7266473481432,0.0,0.0,0.0,0.0,0.0,0.0,0.0,0.0,1750362209.3181255,0.0,both_blink
122.13801670074464,184.0,-1419.0676391869783,-743.7202450884506,-396.76224639918655,928.8116337954998,0.0,0.0,0.0,0.0,0.0,0.0,0.0,0.0,1750362209.4382017,0.0,both_blink
122.23882102966309,193.0,-1463.9352189553902,-768.8187136910856,-458.04424707312137,886.2665318995714,0.0,0.0,0.0,0.0,0.0,0.0,0.0,0.0,1750362209.5281029,0.0,both_blink
122.33906030654909,103.0,-1487.984645620454,-761.0434616832063,-454.8054937114939,862.5069474810734,0.0,0.0,0.0,0.0,0.0,0.0,0.0,0.0,1750362209.633212,0.0,both_blink
122.43968772888184,112.0,-1422.3456614981403,-730.4473401457071,-346.6363672930747,922.6071397690102,0.0,0.0,0.0,0.0,0.0,0.0,0.0,0.0,1750362209.7231326,0.0,both_blink
122.5405502319336,122.0,-1409.8768350458704,-723.5696641271934,-384.89928373973817,917.7751890262588,0.0,0.0,0.0,0.0,0.0,0.0,0.0,0.0,1750362209.8269355,0.0,both_blink
122.64193725585938,133.0,-1458.0093474755995,-801.2698256066069,-436.6520193265751,855.565693163313,0.0,0.0,0.0,0.0,0.0,0.0,0.0,0.0,1750362209.9331284,0.0,both_blink
122.74253129959106,143.0,-1467.168362467084,-766.2120034219697,-449.6855706721544,870.4953737864271,0.0,0.0,0.0,0.0,0.0,0.0,0.0,0.0,1750362210.0368233,0.0,both_blink
122.84371185302734,152.0,-1443.9697630419396,-677.3856395743787,-414.257498391904,945.9441154925152,0.0,0.0,0.0,0.0,0.0,0.0,0.0,0.0,1750362210.126622,0.0,both_blink
122.94454383850098,163.0,-1473.4813135922886,-787.7089483672753,-441.78316206578165,864.320798959583,0.0,0.0,0.0,0.0,0.0,0.0,0.0,0.0,1750362210.2329788,0.0,both_blink
123.04539442062378,172.0,-1431.5009365896694,-711.9273555651307,-378.8294261116535,933.8417992359028,0.0,0.0,0.0,0.0,0.0,0.0,0.0,0.0,1750362210.3229249,0.0,both_blink
123.14708113670348,184.0,-1434.1039069588296,-760.1234462941065,-411.35533602628857,883.8542964281514,0.0,0.0,0.0,0.0,0.0,0.0,0.0,0.0,1750362210.442942,0.0,both_blink
123.24750423431396,193.0,-1464.7785663953982,-786.4972207816318,-458.34343906957656,868.6890021078289,0.0,0.0,0.0,0.0,0.0,0.0,0.0,0.0,1750362210.5329895,0.0,both_blink
123.3481457233429,103.0,-1419.458458732348,-747.490064243786,-397.1418462446891,910.0036769183351,0.0,0.0,0.0,0.0,0.0,0.0,0.0,0.0,1750362210.6379688,0.0,both_blink
123.44861149787904,112.0,-1439.7474159919657,-765.3331269323826,-430.7523271464743,883.2297331355512,0.0,0.0,0.0,0.0,0.0,0.0,0.0,0.0,1750362210.728192,0.0,both_blink
123.54955172538756,124.0,-1469.3188049416058,-770.6063858699054,-442.3721963088028,849.23404253833,0.0,0.0,0.0,0.0,0.0,0.0,0.0,0.0,1750362210.8479643,0.0,both_blink
123.65031456947328,133.0,-1400.6692013549618,-684.461530290544,-427.4013767861761,948.3974898634478,0.0,0.0,0.0,0.0,0.0,0.0,0.0,0.0,1750362210.9380767,0.0,both_blink
123.75214862823486,143.0,-1422.6261539948173,-758.1712185172364,-407.8080409183167,937.3647849941626,0.0,0.0,0.0,0.0,0.0,0.0,0.0,0.0,1750362211.0415204,0.0,both_blink
123.8529999256134,152.0,-1425.2777430634014,-755.897359344177,-448.1989604397677,886.2179132001474,0.0,0.0,0.0,0.0,0.0,0.0,0.0,0.0,1750362211.131762,0.0,both_blink
123.9536907672882,164.0,-1452.201282844413,-782.2898333314806,-488.3729657637887,874.6616223370656,0.0,0.0,0.0,0.0,0.0,0.0,0.0,0.0,1750362211.2516067,0.0,both_blink
124.05490303039552,173.0,-1403.4703864217736,-744.3448083810508,-390.8363749193959,888.6413683714345,0.0,0.0,0.0,0.0,0.0,0.0,0.0,0.0,1750362211.341624,0.0,both_blink
124.15592074394226,184.0,-1477.131455949042,-757.4868168253452,-482.41530513437465,853.0599601930007,0.0,0.0,0.0,0.0,0.0,0.0,0.0,0.0,1750362211.44814,0.0,both_blink
124.2566533088684,193.0,-1422.992664190475,-725.3274171063676,-401.8316807891242,921.1934575857596,0.0,0.0,0.0,0.0,0.0,0.0,0.0,0.0,1750362211.538381,0.0,both_blink
124.35768246650696,104.0,-1428.9821139695125,-739.6961127361283,-405.7398762428202,913.683738474734,0.0,0.0,0.0,0.0,0.0,0.0,0.0,0.0,1750362211.6568103,0.0,both_blink
124.45823860168456,113.0,-1435.9607672868297,-721.9428076464683,-443.3071712977253,921.8404602780938,0.0,0.0,0.0,0.0,0.0,0.0,0.0,0.0,1750362211.7485092,0.0,both_blink
124.55890536308289,124.0,-1443.0179585032165,-763.4781365543604,-409.11326600285247,898.6530805528164,0.0,0.0,0.0,0.0,0.0,0.0,0.0,0.0,1750362211.8531573,0.0,both_blink
124.65955710411072,133.0,-1426.8167118951678,-758.1300796177238,-426.1634699008428,902.998844301328,0.0,0.0,0.0,0.0,0.0,0.0,0.0,0.0,1750362211.943186,0.0,both_blink
124.7604365348816,144.0,-1442.6290089078248,-734.5687098968774,-428.7066018707119,899.7413914399222,0.0,0.0,0.0,0.0,0.0,0.0,0.0,0.0,1750362212.0621705,0.0,both_blink
124.86168026924132,154.0,-1476.9201516015455,-729.6208222554997,-406.4691567341797,897.0224841721356,0.0,0.0,0.0,0.0,0.0,0.0,0.0,0.0,1750362212.1533449,0.0,both_blink
124.96246266365053,164.0,-1445.4451535744593,-755.9871169431135,-433.09724441869184,901.1326342234388,0.0,0.0,0.0,0.0,0.0,0.0,0.0,0.0,1750362212.256796,0.0,both_blink
125.06385493278503,173.0,-1442.576650308445,-761.3987521789968,-418.2161824950017,898.0659162597731,0.0,0.0,0.0,0.0,0.0,0.0,0.0,0.0,1750362212.3469748,0.0,both_blink
125.1652843952179,184.0,-1429.6552959615365,-742.003631008789,-403.6904110671021,922.8427534662188,0.0,0.0,0.0,0.0,0.0,0.0,0.0,0.0,1750362212.4531257,0.0,both_blink
125.26652526855467,194.0,-1434.5620447034016,-759.8579133972526,-395.6122271628119,907.4418454486876,0.0,0.0,0.0,0.0,0.0,0.0,0.0,0.0,1750362212.5573206,0.0,both_blink
125.36720728874208,104.0,-1425.3413213626482,-719.6035002241842,-396.65378930047154,910.7871859590524,0.0,0.0,0.0,0.0,0.0,0.0,0.0,0.0,1750362212.662194,0.0,both_blink
125.4679675102234,113.0,-1502.8881469438784,-784.2140118586831,-448.9862093804404,844.4151814454235,0.0,0.0,0.0,0.0,0.0,0.0,0.0,0.0,1750362212.7520075,0.0,both_blink
125.56863260269164,124.0,-1436.6507788286544,-730.3594524967484,-410.76817173324525,906.4152429108508,0.0,0.0,0.0,0.0,0.0,0.0,0.0,0.0,1750362212.8595572,0.0,both_blink
125.66996121406557,134.0,-1453.9178969240747,-725.6658780523576,-403.0303187249229,918.9364279625006,0.0,0.0,0.0,0.0,0.0,0.0,0.0,0.0,1750362212.9620123,0.0,both_blink
125.77132844924928,145.0,-1481.0920100021176,-786.8992600268684,-437.1307265209034,895.1319647445343,0.0,0.0,0.0,0.0,0.0,0.0,0.0,0.0,1750362213.0682583,0.0,both_blink
125.87190628051758,154.0,-1441.0152420769446,-732.1059857760556,-391.57126526068896,912.384123240132,0.0,0.0,0.0,0.0,0.0,0.0,0.0,0.0,1750362213.1581864,0.0,both_blink
125.9723949432373,164.0,-1440.764668779913,-703.0581828202121,-392.704454947263,903.434542646166,0.0,0.0,0.0,0.0,0.0,0.0,0.0,0.0,1750362213.261857,0.0,both_blink
126.07298755645752,173.0,-1476.4358345572837,-805.490302706603,-453.044000832364,832.806531982962,0.0,0.0,0.0,0.0,0.0,0.0,0.0,0.0,1750362213.3517578,0.0,both_blink
126.17361664772034,185.0,-1477.325930746738,-771.1430615135469,-416.18728676903993,869.7193445456214,0.0,0.0,0.0,0.0,0.0,0.0,0.0,0.0,1750362213.472342,0.0,both_blink
126.27468657493591,194.0,-1468.4623678517528,-581.8368055564351,-433.03553606942296,918.0164125734008,0.0,0.0,0.0,0.0,0.0,0.0,0.0,0.0,1750362213.5618584,0.0,both_blink
126.3753592967987,104.0,-1483.3752189250663,-711.2579134730622,-431.3638007892296,817.0596832195297,0.0,0.0,0.0,0.0,0.0,0.0,0.0,0.0,1750362213.6667109,0.0,both_blink
126.47592282295228,113.0,-1474.9305248251185,-671.9440851388499,-419.51205782964826,920.3594598956406,0.0,0.0,0.0,0.0,0.0,0.0,0.0,0.0,1750362213.7568088,0.0,both_blink
126.5769429206848,124.0,-1479.4745032712815,-730.1219688495621,-443.8737661410123,852.0651468047872,0.0,0.0,0.0,0.0,0.0,0.0,0.0,0.0,1750362213.8634715,0.0,both_blink
126.67799425125122,134.0,-1508.9673543218523,-741.7044390123338,-464.01686730235815,860.1695100087672,0.0,0.0,0.0,0.0,0.0,0.0,0.0,0.0,1750362213.9683163,0.0,both_blink
126.77872371673584,145.0,-1430.926861946471,-712.6940350560471,-371.5254014981911,919.3085480080916,0.0,0.0,0.0,0.0,0.0,0.0,0.0,0.0,1750362214.0729089,0.0,both_blink
126.87948298454285,154.0,-1512.5314789796248,-747.8977133389562,-445.1939508253709,863.2885865718126,0.0,0.0,0.0,0.0,0.0,0.0,0.0,0.0,1750362214.16319,0.0,both_blink
126.9825427532196,166.0,-1510.2950188061222,-742.3851008042693,-455.9199838982895,847.1097793634981,0.0,0.0,0.0,0.0,0.0,0.0,0.0,0.0,1750362214.2830343,0.0,both_blink
127.08351469039916,175.0,-1433.1296630203724,-716.20580111444,-382.27013407088816,914.2335037682204,0.0,0.0,0.0,0.0,0.0,0.0,0.0,0.0,1750362214.3732193,0.0,both_blink
127.1838035583496,185.0,-1427.4076160881668,-777.0090945940465,-380.474982092157,944.9493021043018,0.0,0.0,0.0,0.0,0.0,0.0,0.0,0.0,1750362214.4774544,0.0,both_blink
127.28523969650269,194.0,-1477.9448841894043,-817.0858625192195,-392.3005457520485,862.6266242796555,0.0,0.0,0.0,0.0,0.0,0.0,0.0,0.0,1750362214.5668657,0.0,both_blink
127.386314868927,104.0,-1463.8809904060329,-770.5820765201934,-450.0801301174797,884.9220378655009,0.0,0.0,0.0,0.0,0.0,0.0,0.0,0.0,1750362214.671684,0.0,both_blink
127.48735237121582,115.0,-1474.8089780765586,-784.7301180525683,-441.0707111242227,879.8245542258956,0.0,0.0,0.0,0.0,0.0,0.0,0.0,0.0,1750362214.778165,0.0,both_blink
127.58842945098876,125.0,-1460.3243455481716,-767.6275555551983,-416.97827560966834,892.1774437795393,0.0,0.0,0.0,0.0,0.0,0.0,0.0,0.0,1750362214.8815956,0.0,both_blink
127.68869709968568,134.0,-1497.8841608031653,-772.8334962935187,-461.37088808370754,894.8514722478576,0.0,0.0,0.0,0.0,0.0,0.0,0.0,0.0,1750362214.9714203,0.0,both_blink
127.7891891002655,145.0,-1463.129270514939,-751.7142812437378,-454.0893028699793,878.1752583454363,0.0,0.0,0.0,0.0,0.0,0.0,0.0,0.0,1750362215.078308,0.0,both_blink
127.89035940170288,154.0,-1463.3648842121474,-791.5666551715694,-447.77635174477473,871.3948197257705,0.0,0.0,0.0,0.0,0.0,0.0,0.0,0.0,1750362215.1682332,0.0,both_blink
127.99084401130676,166.0,-1445.2936876262538,-714.6032539834268,-398.5592683278956,914.9796138093808,0.0,0.0,0.0,0.0,0.0,0.0,0.0,0.0,1750362215.2879674,0.0,both_blink
128.09152126312256,175.0,-1458.0579661750237,-764.254165795166,-472.03334285737947,886.283361449372,0.0,0.0,0.0,0.0,0.0,0.0,0.0,0.0,1750362215.3781688,0.0,both_blink
128.19232082366943,185.0,-1440.4355575838126,-790.7588367811404,-487.4940892742016,899.212195596192,0.0,0.0,0.0,0.0,0.0,0.0,0.0,0.0,1750362215.481871,0.0,both_blink
128.29316639900208,194.0,-1430.408885802608,-801.159498557914,-471.2741431663744,857.0597831956111,0.0,0.0,0.0,0.0,0.0,0.0,0.0,0.0,1750362215.5716977,0.0,both_blink
128.39396619796753,104.0,-1430.98857029574,-731.8067937796004,-386.673866268713,924.852949692402,0.0,0.0,0.0,0.0,0.0,0.0,0.0,0.0,1750362215.6769269,0.0,both_blink
128.49508452415466,115.0,-1462.7627603192814,-814.3800449012779,-453.6068557756953,844.0037924502976,0.0,0.0,0.0,0.0,0.0,0.0,0.0,0.0,1750362215.7829683,0.0,both_blink
128.59648156166077,125.0,-1478.474080033135,-812.6447313218378,-463.9401993532665,856.2482249052264,0.0,0.0,0.0,0.0,0.0,0.0,0.0,0.0,1750362215.886692,0.0,both_blink
128.69700384140015,134.0,-1430.5023833015002,-748.8981365771033,-371.1532814525999,918.7681324644946,0.0,0.0,0.0,0.0,0.0,0.0,0.0,0.0,1750362215.9769404,0.0,both_blink
128.79804635047913,143.0,-1490.396881091874,-785.4294793442823,-448.13164224056527,858.2827304811217,0.0,0.0,0.0,0.0,0.0,0.0,0.0,0.0,1750362216.0666451,0.0,both_blink
128.8989052772522,154.0,-1390.9566811700352,-772.021938003134,-365.7566058165394,896.6653237263672,0.0,0.0,0.0,0.0,0.0,0.0,0.0,0.0,1750362216.1871924,0.0,both_blink
128.99938130378723,166.0,-1426.57174844807,-740.1953893802129,-416.2564749182202,899.5338269923814,0.0,0.0,0.0,0.0,0.0,0.0,0.0,0.0,1750362216.293291,0.0,both_blink
129.1005630493164,175.0,-1462.4934875224717,-777.5345505378209,-462.0777291753329,852.2540117525496,0.0,0.0,0.0,0.0,0.0,0.0,0.0,0.0,1750362216.3832595,0.0,both_blink
129.2015769481659,185.0,-1482.05316429073,-777.714065735694,-471.2778830663301,861.0577362482436,0.0,0.0,0.0,0.0,0.0,0.0,0.0,0.0,1750362216.48706,0.0,both_blink
129.3027627468109,194.0,-1406.600682684686,-750.9438618528657,-397.130626544822,909.1678092782386,0.0,0.0,0.0,0.0,0.0,0.0,0.0,0.0,1750362216.577006,0.0,both_blink
129.40393590927124,106.0,-1490.4754189909436,-776.979175394401,-480.3172212592326,846.5992830195464,0.0,0.0,0.0,0.0,0.0,0.0,0.0,0.0,1750362216.6983044,0.0,both_blink
129.50488328933716,115.0,-1423.0225833901204,-731.4608530336991,-392.0256631053053,905.89539681701,0.0,0.0,0.0,0.0,0.0,0.0,0.0,0.0,1750362216.7882583,0.0,both_blink
129.60598158836365,125.0,-1435.9701170367189,-716.0898642158136,-381.3744280315004,902.1854160609656,0.0,0.0,0.0,0.0,0.0,0.0,0.0,0.0,1750362216.891955,0.0,both_blink
129.7067096233368,134.0,-1475.5831373673864,-729.3964282581583,-438.7744125514291,874.7607296858914,0.0,0.0,0.0,0.0,0.0,0.0,0.0,0.0,1750362216.9818935,0.0,both_blink
129.80773091316223,146.0,-1496.7958499160595,-745.4667783677578,-485.4334043986164,892.5177746755071,0.0,0.0,0.0,0.0,0.0,0.0,0.0,0.0,1750362217.1018636,0.0,both_blink
129.90821719169617,155.0,-1452.7847072375007,-720.390749164857,-368.3969751852565,916.16890199529,0.0,0.0,0.0,0.0,0.0,0.0,0.0,0.0,1750362217.1916497,0.0,both_blink
130.00877737998962,166.0,-1505.7454305100257,-754.6370130591094,-522.2340199626051,882.6967973918654,0.0,0.0,0.0,0.0,0.0,0.0,0.0,0.0,1750362217.2982435,0.0,both_blink
130.10969638824463,175.0,-1444.2128565390594,-754.0535886660218,-373.4458401254378,899.6535037909634,0.0,0.0,0.0,0.0,0.0,0.0,0.0,0.0,1750362217.3882132,0.0,both_blink
130.21082425117493,187.0,-1446.426877312828,-731.8460627291352,-385.0283102882095,919.931241350714,0.0,0.0,0.0,0.0,0.0,0.0,0.0,0.0,1750362217.5084915,0.0,both_blink
130.31204771995544,196.0,-1500.636727170553,-800.0767975207418,-437.7721193633042,841.4644003803842,0.0,0.0,0.0,0.0,0.0,0.0,0.0,0.0,1750362217.5983112,0.0,both_blink
130.4130437374115,106.0,-1458.0860154246911,-765.9876094246283,-392.2556669525802,864.6274707559496,0.0,0.0,0.0,0.0,0.0,0.0,0.0,0.0,1750362217.7032945,0.0,both_blink
130.514098405838,115.0,-1446.956073156558,-769.5966128818691,-366.59247345663607,895.5452236896381,0.0,0.0,0.0,0.0,0.0,0.0,0.0,0.0,1750362217.7934515,0.0,both_blink
130.61516404151917,127.0,-1506.2035682545977,-740.5338503262028,-451.7312959479168,873.5882710497826,0.0,0.0,0.0,0.0,0.0,0.0,0.0,0.0,1750362217.9137475,0.0,both_blink
130.71603059768677,136.0,-1455.7747572520748,-771.5563204586506,-423.04252338781953,876.5166127150878,0.0,0.0,0.0,0.0,0.0,0.0,0.0,0.0,1750362218.003204,0.0,both_blink
130.81670236587524,146.0,-1456.3432220453396,-771.0514339646325,-375.276521153748,860.6856162026525,0.0,0.0,0.0,0.0,0.0,0.0,0.0,0.0,1750362218.107107,0.0,both_blink
130.91730856895447,155.0,-1434.7789589008316,-790.7382673313841,-369.427317623049,899.0083710486069,0.0,0.0,0.0,0.0,0.0,0.0,0.0,0.0,1750362218.1967385,0.0,both_blink
131.01793551445007,167.0,-1492.665130415,-768.9496101895347,-439.8346741888672,862.59670508001,0.0,0.0,0.0,0.0,0.0,0.0,0.0,0.0,1750362218.31682,0.0,both_blink
131.11883807182312,176.0,-1471.078427870758,-754.1433462649584,-385.9277562275529,878.4875399917364,0.0,0.0,0.0,0.0,0.0,0.0,0.0,0.0,1750362218.4071736,0.0,both_blink
131.21963214874268,187.0,-1472.7800823505968,-765.5724805295467,-405.9362209904939,849.3911183364689,0.0,0.0,0.0,0.0,0.0,0.0,0.0,0.0,1750362218.51344,0.0,both_blink
131.32079768180847,196.0,-1439.7941647414118,-784.541253104806,-437.7926888130605,881.1690482599661,0.0,0.0,0.0,0.0,0.0,0.0,0.0,0.0,1750362218.603266,0.0,both_blink
131.42201352119446,106.0,-1403.442337172106,-724.6673247641884,-398.0973906833679,900.2481478839181,0.0,0.0,0.0,0.0,0.0,0.0,0.0,0.0,1750362218.7081647,0.0,both_blink
131.5224883556366,116.0,-1395.913918561302,-750.5960511569865,-405.1807611994445,929.4642463377676,0.0,0.0,0.0,0.0,0.0,0.0,0.0,0.0,1750362218.812185,0.0,both_blink
131.6237275600433,127.0,-1451.0475237080827,-787.736997616943,-430.0997146042064,856.5474169016816,0.0,0.0,0.0,0.0,0.0,0.0,0.0,0.0,1750362218.9182177,0.0,both_blink
131.72456550598145,136.0,-1396.1906711580232,-758.7228537607007,-362.0335354106501,890.2850544019602,0.0,0.0,0.0,0.0,0.0,0.0,0.0,0.0,1750362219.0083315,0.0,both_blink
131.82592606544495,146.0,-1411.9880085708571,-750.6035309568979,-399.2829389693216,896.4858085284941,0.0,0.0,0.0,0.0,0.0,0.0,0.0,0.0,1750362219.1120913,0.0,both_blink
131.9267060756683,156.0,-1399.1264926232398,-771.5918495082296,-417.27185775619,901.6169512677006,0.0,0.0,0.0,0.0,0.0,0.0,0.0,0.0,1750362219.217484,0.0,both_blink
132.0275547504425,167.0,-1456.1599669475108,-740.4010838777758,-450.3699723640457,888.5946196219884,0.0,0.0,0.0,0.0,0.0,0.0,0.0,0.0,1750362219.3218129,0.0,both_blink
132.12877106666565,176.0,-1404.033241365105,-756.897782582324,-365.9604303641245,876.8475938611664,0.0,0.0,0.0,0.0,0.0,0.0,0.0,0.0,1750362219.4121864,0.0,both_blink
132.2297501564026,187.0,-1462.3046225747094,-736.201176227536,-448.9488103808835,861.3494484447874,0.0,0.0,0.0,0.0,0.0,0.0,0.0,0.0,1750362219.5196836,0.0,both_blink
132.3313250541687,197.0,-1461.2050919877363,-776.6070553488098,-446.1625849138945,864.2628305102699,0.0,0.0,0.0,0.0,0.0,0.0,0.0,0.0,1750362219.6216545,0.0,both_blink
132.43208813667297,107.0,-1418.1476237978786,-756.8865628824569,-407.7725118687376,919.233750008978,0.0,0.0,0.0,0.0,0.0,0.0,0.0,0.0,1750362219.7270014,0.0,both_blink
132.53271055221558,116.0,-1459.955965402536,-743.7782135377638,-458.12652487214655,852.5027150996029,0.0,0.0,0.0,0.0,0.0,0.0,0.0,0.0,1750362219.8167205,0.0,both_blink
132.63332390785217,127.0,-1392.8098015980795,-782.8339887750335,-354.74821029696614,880.2452929709107,0.0,0.0,0.0,0.0,0.0,0.0,0.0,0.0,1750362219.9232092,0.0,both_blink
132.73379731178284,136.0,-1430.3060385538265,-797.7187905986793,-437.9946434106678,823.81020263955,0.0,0.0,0.0,0.0,0.0,0.0,0.0,0.0,1750362220.013156,0.0,both_blink
132.8343403339386,148.0,-1482.0475544407964,-768.1773208486848,-513.5406225156039,872.2830459652469,0.0,0.0,0.0,0.0,0.0,0.0,0.0,0.0,1750362220.133152,0.0,both_blink
132.93497514724731,157.0,-1420.2195283733308,-776.5397371496074,-386.3279255228117,905.0557892769576,0.0,0.0,0.0,0.0,0.0,0.0,0.0,0.0,1750362220.2231054,0.0,both_blink
133.03539180755615,166.0,-1457.966338626109,-807.6781441806816,-475.2178676696494,864.1824226612225,0.0,0.0,0.0,0.0,0.0,0.0,0.0,0.0,1750362220.31307,0.0,both_blink
133.13606786727905,178.0,-1517.494326220825,-798.3583134911023,-491.9314805716276,836.9671706836671,0.0,0.0,0.0,0.0,0.0,0.0,0.0,0.0,1750362220.4331305,0.0,both_blink
133.2366120815277,187.0,-1425.2870928132909,-755.1026306035928,-392.0387527551502,938.3820377821104,0.0,0.0,0.0,0.0,0.0,0.0,0.0,0.0,1750362220.5231607,0.0,both_blink
133.3371822834015,197.0,-1384.1033145012334,-771.10566251399,-386.7580140177161,913.119013581425,0.0,0.0,0.0,0.0,0.0,0.0,0.0,0.0,1750362220.629958,0.0,both_blink
133.43791222572327,106.0,-1462.1830758261494,-778.5536732757464,-478.4397914814763,885.1277323630638,0.0,0.0,0.0,0.0,0.0,0.0,0.0,0.0,1750362220.718142,0.0,both_blink
133.53881669044495,117.0,-1424.2530104755424,-784.6571900034323,-439.31669804500416,892.8356661717407,0.0,0.0,0.0,0.0,0.0,0.0,0.0,0.0,1750362220.8375387,0.0,both_blink
133.63933801651,127.0,-1426.4558115494438,-741.6146814133972,-434.68670189986005,897.0580132217146,0.0,0.0,0.0,0.0,0.0,0.0,0.0,0.0,1750362220.92815,0.0,both_blink
133.73972153663635,137.0,-1434.1413059583865,-788.5990445567295,-446.20559376338497,885.8944118539803,0.0,0.0,0.0,0.0,0.0,0.0,0.0,0.0,1750362221.031788,0.0,both_blink
133.84018445014954,146.0,-1457.25388768455,-801.2399064069614,-512.6149972765706,894.4887019521557,0.0,0.0,0.0,0.0,0.0,0.0,0.0,0.0,1750362221.1231325,0.0,both_blink
133.9412271976471,157.0,-1448.1397514925338,-765.6098795291036,-442.46195390773937,887.5324880345725,0.0,0.0,0.0,0.0,0.0,0.0,0.0,0.0,1750362221.228068,0.0,both_blink
134.04194736480713,166.0,-1459.0490396632813,-792.5184597102925,-479.96567066339776,863.3727343208157,0.0,0.0,0.0,0.0,0.0,0.0,0.0,0.0,1750362221.3181975,0.0,both_blink
134.14262771606445,178.0,-1407.6441147723235,-755.3027152512223,-430.8084256458096,927.8598292567768,0.0,0.0,0.0,0.0,0.0,0.0,0.0,0.0,1750362221.4381542,0.0,both_blink
134.2433705329895,187.0,-1448.0275544938631,-758.3769130147994,-437.2335737696849,886.1412452510558,0.0,0.0,0.0,0.0,0.0,0.0,0.0,0.0,1750362221.5282593,0.0,both_blink
134.34469032287598,197.0,-1443.603252846282,-770.0902796760201,-427.5098338848911,884.2151967738755,0.0,0.0,0.0,0.0,0.0,0.0,0.0,0.0,1750362221.6317892,0.0,both_blink
134.44553232192993,104.0,-1424.7578969695603,-750.4483251087368,-414.2219693423249,883.4765665326267,0.0,0.0,0.0,0.0,0.0,0.0,0.0,0.0,1750362221.7067747,0.0,both_blink
134.5470917224884,117.0,-1493.5533566544764,-749.3712339214981,-507.01636704290286,876.8756431108341,0.0,0.0,0.0,0.0,0.0,0.0,0.0,0.0,1750362221.8422654,0.0,both_blink
134.64766192436218,127.0,-1485.3293166519145,-820.5527497781441,-455.4543663538061,854.0585134811699,0.0,0.0,0.0,0.0,0.0,0.0,0.0,0.0,1750362221.9331686,0.0,both_blink
134.7483832836151,137.0,-1438.7862617033534,-780.0645928578451,-467.4145664121024,868.8535577058792,0.0,0.0,0.0,0.0,0.0,0.0,0.0,0.0,1750362222.0368068,0.0,both_blink
134.84862518310547,146.0,-1434.6125333528034,-738.3759280517697,-399.808394913096,903.2381978984922,0.0,0.0,0.0,0.0,0.0,0.0,0.0,0.0,1750362222.126943,0.0,both_blink
134.9494411945343,155.0,-1457.4558422821574,-793.7975054951385,-467.9493721057661,865.9513953402638,0.0,0.0,0.0,0.0,0.0,0.0,0.0,0.0,1750362222.2165036,0.0,both_blink
135.04990601539612,167.0,-1469.1093705440871,-759.9775901958346,-492.9618230094202,855.8461856599897,0.0,0.0,0.0,0.0,0.0,0.0,0.0,0.0,1750362222.3369005,0.0,both_blink
135.15023612976074,178.0,-1415.2996899816208,-759.4577441019937,-389.78172313189134,884.7705719172955,0.0,0.0,0.0,0.0,0.0,0.0,0.0,0.0,1750362222.4428768,0.0,both_blink
135.25088787078855,187.0,-1496.7846302161925,-794.3547505885363,-513.0226463717408,878.6221763901412,0.0,0.0,0.0,0.0,0.0,0.0,0.0,0.0,1750362222.5331306,0.0,both_blink
135.35133147239685,197.0,-1484.910447856877,-758.0141427190974,-495.5124347792007,860.7454546019435,0.0,0.0,0.0,0.0,0.0,0.0,0.0,0.0,1750362222.6366117,0.0,both_blink
135.45168900489807,107.0,-1427.1850920408033,-764.5982365910895,-424.4936045706272,900.6258777794428,0.0,0.0,0.0,0.0,0.0,0.0,0.0,0.0,1750362222.7420528,0.0,both_blink
135.55255889892578,118.0,-1491.9713789732195,-755.8094716952182,-484.6723347576335,890.4458701000549,0.0,0.0,0.0,0.0,0.0,0.0,0.0,0.0,1750362222.8480463,0.0,both_blink
135.65303993225098,127.0,-1438.1205595112406,-708.3912801570259,-436.9437315231189,897.1851698202081,0.0,0.0,0.0,0.0,0.0,0.0,0.0,0.0,1750362222.938193,0.0,both_blink
135.7538025379181,137.0,-1411.4513329272158,-781.8503950866871,-403.68854111712426,872.5205296124332,0.0,0.0,0.0,0.0,0.0,0.0,0.0,0.0,1750362223.0417786,0.0,both_blink
135.85469841957092,146.0,-1431.7739492864348,-783.7390445643105,-463.8111728047952,902.2078554606996,0.0,0.0,0.0,0.0,0.0,0.0,0.0,0.0,1750362223.131706,0.0,both_blink
135.95516896247864,158.0,-1472.0489319092594,-788.1446467121132,-460.0712728491053,843.2670321590267,0.0,0.0,0.0,0.0,0.0,0.0,0.0,0.0,1750362223.2518015,0.0,both_blink
136.05607748031616,167.0,-1427.0878546419551,-737.8392524081282,-422.9452859889716,906.1983287134208,0.0,0.0,0.0,0.0,0.0,0.0,0.0,0.0,1750362223.3416843,0.0,both_blink
136.15707564353943,178.0,-1480.688100806903,-791.173965676222,-462.1805764241144,852.8336962456815,0.0,0.0,0.0,0.0,0.0,0.0,0.0,0.0,1750362223.4480948,0.0,both_blink
136.25791335105896,187.0,-1424.5260231723078,-796.2415301161818,-387.0534661142156,888.3253468251787,0.0,0.0,0.0,0.0,0.0,0.0,0.0,0.0,1750362223.5380688,0.0,both_blink
136.35862159729004,198.0,-1501.8147956565954,-778.9631923208944,-469.2901262398809,852.3400294515304,0.0,0.0,0.0,0.0,0.0,0.0,0.0,0.0,1750362223.6576135,0.0,both_blink
136.45933437347412,107.0,-1423.486330984626,-798.5209991391748,-421.23428175924346,900.3117261831649,0.0,0.0,0.0,0.0,0.0,0.0,0.0,0.0,1750362223.7465448,0.0,both_blink
136.56003165245056,117.0,-1422.027770001907,-738.2973901527002,-454.6615075631999,923.2634922112338,0.0,0.0,0.0,0.0,0.0,0.0,0.0,0.0,1750362223.852174,0.0,both_blink
136.66076159477234,125.0,-1420.602868118789,-767.6930038044229,-407.5125888218172,924.972626490984,0.0,0.0,0.0,0.0,0.0,0.0,0.0,0.0,1750362223.9267364,0.0,both_blink
136.76168370246887,137.0,-1416.6161347660236,-739.7335117356852,-424.8844241159968,930.365562227089,0.0,0.0,0.0,0.0,0.0,0.0,0.0,0.0,1750362224.0466332,0.0,both_blink
136.8625512123108,147.0,-1444.8635991313497,-742.5795756019652,-438.4041624558158,910.3458777642808,0.0,0.0,0.0,0.0,0.0,0.0,0.0,0.0,1750362224.1523776,0.0,both_blink
136.96324133872986,158.0,-1456.6816829913296,-776.5715262992308,-426.3766441983171,866.0729420888238,0.0,0.0,0.0,0.0,0.0,0.0,0.0,0.0,1750362224.2567797,0.0,both_blink
137.06564211845398,169.0,-1470.8933028229512,-788.7187213553116,-482.1235929378309,865.4969974956475,0.0,0.0,0.0,0.0,0.0,0.0,0.0,0.0,1750362224.362961,0.0,both_blink
137.16642951965332,178.0,-1470.523052727338,-728.1772208726034,-437.2260939697735,878.8633999372832,0.0,0.0,0.0,0.0,0.0,0.0,0.0,0.0,1750362224.4529655,0.0,both_blink
137.26738476753235,187.0,-1414.705045888666,-755.5158895486966,-414.5361209386028,898.2061625081114,0.0,0.0,0.0,0.0,0.0,0.0,0.0,0.0,1750362224.543242,0.0,both_blink
137.36815762519836,198.0,-1460.8180123423226,-746.4466321561486,-442.51431250711903,893.0451005692594,0.0,0.0,0.0,0.0,0.0,0.0,0.0,0.0,1750362224.662346,0.0,both_blink
137.46853923797607,109.0,-1508.2530334303156,-745.0591292725876,-466.10934132756665,861.3718878445216,0.0,0.0,0.0,0.0,0.0,0.0,0.0,0.0,1750362224.7682106,0.0,both_blink
137.5697672367096,118.0,-1425.5414060102776,-752.7296640817076,-401.255736195948,920.9597138385288,0.0,0.0,0.0,0.0,0.0,0.0,0.0,0.0,1750362224.8581383,0.0,both_blink
137.67016339302063,127.0,-1474.4480777308345,-787.7052084673196,-455.63014165172353,872.9244388076477,0.0,0.0,0.0,0.0,0.0,0.0,0.0,0.0,1750362224.9481163,0.0,both_blink
137.7710497379303,138.0,-1395.6072467649356,-738.3235694523901,-378.5283641652204,908.6404833844864,0.0,0.0,0.0,0.0,0.0,0.0,0.0,0.0,1750362225.0672736,0.0,both_blink
137.87175011634827,148.0,-1415.454895829782,-741.3828076161444,-414.5062017389573,911.0863779555076,0.0,0.0,0.0,0.0,0.0,0.0,0.0,0.0,1750362225.1581364,0.0,both_blink
137.97229313850403,158.0,-1411.1764502804726,-722.1111031444743,-418.56773309083655,928.3347965511492,0.0,0.0,0.0,0.0,0.0,0.0,0.0,0.0,1750362225.2618897,0.0,both_blink
138.07269763946533,167.0,-1488.6409980626777,-776.0853393049911,-470.5486025749706,849.692180282902,0.0,0.0,0.0,0.0,0.0,0.0,0.0,0.0,1750362225.3516867,0.0,both_blink
138.17310905456543,178.0,-1409.665530698374,-735.5934424847364,-400.2085642083548,921.9732267265208,0.0,0.0,0.0,0.0,0.0,0.0,0.0,0.0,1750362225.458295,0.0,both_blink
138.2741994857788,188.0,-1406.0041686417535,-730.2154663484544,-424.9442625152879,928.90700124437,0.0,0.0,0.0,0.0,0.0,0.0,0.0,0.0,1750362225.5618844,0.0,both_blink
138.37596035003662,199.0,-1477.4661769950762,-775.2700411146507,-499.693642929662,871.7089713220485,0.0,0.0,0.0,0.0,0.0,0.0,0.0,0.0,1750362225.6681995,0.0,both_blink
138.4772310256958,107.0,-1472.897889199201,-741.1995525183156,-445.6539585199207,884.5555276698433,0.0,0.0,0.0,0.0,0.0,0.0,0.0,0.0,1750362225.756889,0.0,both_blink
138.57792735099792,118.0,-1450.271494467277,-771.3655855609104,-443.9074252406135,874.8654468846507,0.0,0.0,0.0,0.0,0.0,0.0,0.0,0.0,1750362225.8631303,0.0,both_blink
138.6791911125183,128.0,-1437.653072016779,-796.0115262689069,-474.3651704797521,865.5306565952487,0.0,0.0,0.0,0.0,0.0,0.0,0.0,0.0,1750362225.9667792,0.0,both_blink
138.7807102203369,139.0,-1401.764992041979,-770.3184135733172,-407.13298897631466,889.0060086171143,0.0,0.0,0.0,0.0,0.0,0.0,0.0,0.0,1750362226.073348,0.0,both_blink
138.88141560554504,148.0,-1469.6142570381053,-801.9579671984538,-440.2161439843476,869.1247004526667,0.0,0.0,0.0,0.0,0.0,0.0,0.0,0.0,1750362226.1631885,0.0,both_blink
138.98196411132812,158.0,-1430.2293706047349,-778.3741580778733,-439.5130427926779,883.6205526809208,0.0,0.0,0.0,0.0,0.0,0.0,0.0,0.0,1750362226.2666328,0.0,both_blink
139.08275055885315,167.0,-1435.1548188463785,-764.6786444401368,-443.64189234375954,884.1590982745402,0.0,0.0,0.0,0.0,0.0,0.0,0.0,0.0,1750362226.3570657,0.0,both_blink
139.18361067771912,179.0,-1408.8147034584545,-728.0276248743758,-389.2300878884271,913.5135730267502,0.0,0.0,0.0,0.0,0.0,0.0,0.0,0.0,1750362226.476961,0.0,both_blink
139.28424263000488,188.0,-1454.6322178156115,-788.4008298590779,-486.355289737694,894.4924418521114,0.0,0.0,0.0,0.0,0.0,0.0,0.0,0.0,1750362226.566902,0.0,both_blink
139.38510465621948,199.0,-1426.212718052324,-746.8318418515846,-391.9751744559034,904.5752121326514,0.0,0.0,0.0,0.0,0.0,0.0,0.0,0.0,1750362226.6732693,0.0,both_blink
139.4856424331665,107.0,-1385.9919639788568,-743.0975517458282,-335.24463202804327,928.7517953962088,0.0,0.0,0.0,0.0,0.0,0.0,0.0,0.0,1750362226.7626011,0.0,both_blink
139.58675456047058,119.0,-1424.161382926628,-737.8729115077294,-448.4140046872199,926.5938731217756,0.0,0.0,0.0,0.0,0.0,0.0,0.0,0.0,1750362226.881829,0.0,both_blink
139.68768525123596,128.0,-1467.8471543090418,-778.678959924262,-464.35345829837024,829.876320367679,0.0,0.0,0.0,0.0,0.0,0.0,0.0,0.0,1750362226.971946,0.0,both_blink
139.78869771957395,139.0,-1438.9900862509385,-748.4830076820217,-433.3721270654351,901.4056469202042,0.0,0.0,0.0,0.0,0.0,0.0,0.0,0.0,1750362227.0786307,0.0,both_blink
139.88922357559204,148.0,-1462.719751469791,-828.610364232678,-463.1791297122836,844.7873014910147,0.0,0.0,0.0,0.0,0.0,0.0,0.0,0.0,1750362227.1680803,0.0,both_blink
139.98992919921875,159.0,-1449.682460224256,-763.5697641032748,-439.9356514876709,877.0065396092832,0.0,0.0,0.0,0.0,0.0,0.0,0.0,0.0,1750362227.2873027,0.0,both_blink
140.0904450416565,169.0,-1444.9140877807513,-757.4101488762535,-428.9627850176767,897.041183671914,0.0,0.0,0.0,0.0,0.0,0.0,0.0,0.0,1750362227.378248,0.0,both_blink
140.1915123462677,179.0,-1450.1050689192489,-755.3307645008899,-441.4690104695037,897.0636230716482,0.0,0.0,0.0,0.0,0.0,0.0,0.0,0.0,1750362227.4817908,0.0,both_blink
140.291916847229,188.0,-1458.594641818665,-792.8120418568142,-445.7025772193447,878.854050187394,0.0,0.0,0.0,0.0,0.0,0.0,0.0,0.0,1750362227.5719228,0.0,both_blink
140.3931019306183,199.0,-1414.3104864433408,-800.4601372662,-368.22680973727256,875.3198447292671,0.0,0.0,0.0,0.0,0.0,0.0,0.0,0.0,1750362227.6787643,0.0,both_blink
140.49399161338806,109.0,-1490.8624986363577,-780.2515878556296,-488.477682962548,860.2517878077924,0.0,0.0,0.0,0.0,0.0,0.0,0.0,0.0,1750362227.7833245,0.0,both_blink
140.59593033790588,119.0,-1440.0110789388418,-784.5150738051161,-432.1173906303011,897.2206988697872,0.0,0.0,0.0,0.0,0.0,0.0,0.0,0.0,1750362227.887097,0.0,both_blink
140.696923494339,128.0,-1344.355657772161,-692.6369515936822,-349.1402303134091,981.5068241711706,0.0,0.0,0.0,0.0,0.0,0.0,0.0,0.0,1750362227.9769015,0.0,both_blink
140.7975354194641,139.0,-1446.9111943570897,-779.4400295652449,-454.9046010603197,877.5413453029469,0.0,0.0,0.0,0.0,0.0,0.0,0.0,0.0,1750362228.0833647,0.0,both_blink
140.89815020561218,149.0,-1488.637258162722,-782.5927652278915,-487.0191219798289,836.7240771865472,0.0,0.0,0.0,0.0,0.0,0.0,0.0,0.0,1750362228.1867473,0.0,both_blink
140.99896335601807,160.0,-1432.9688473222775,-734.2208992009982,-415.1045857318677,903.5710489945486,0.0,0.0,0.0,0.0,0.0,0.0,0.0,0.0,1750362228.292988,0.0,both_blink
141.09938955307007,169.0,-1482.8179738316685,-840.9800833361223,-482.3068480356597,859.1559971207753,0.0,0.0,0.0,0.0,0.0,0.0,0.0,0.0,1750362228.3834355,0.0,both_blink
141.20043468475342,179.0,-1478.7975813793018,-788.1876555616036,-410.4297107872553,918.6465857159346,0.0,0.0,0.0,0.0,0.0,0.0,0.0,0.0,1750362228.4869747,0.0,both_blink
141.30103540420532,189.0,-1476.841613702476,-831.3348813503981,-459.39622090710327,853.8602987835184,0.0,0.0,0.0,0.0,0.0,0.0,0.0,0.0,1750362228.5924633,0.0,both_blink
141.40203022956848,0.0,-1490.4324101414531,-790.9177825292572,-480.3284409590997,837.5543349767104,0.0,0.0,0.0,0.0,0.0,0.0,0.0,0.0,1750362228.6983185,0.0,both_blink
141.50304675102234,109.0,-1439.2668388476595,-844.4282710952684,-422.9134968393482,856.5455469517037,0.0,0.0,0.0,0.0,0.0,0.0,0.0,0.0,1750362228.788392,0.0,both_blink
141.60437965393066,119.0,-1443.33584999945,-813.3796216631308,-371.6544280466624,862.0955584859475,0.0,0.0,0.0,0.0,0.0,0.0,0.0,0.0,1750362228.891596,0.0,both_blink
141.70526361465454,128.0,-1396.2318100575358,-771.7844543559477,-387.9416923536919,908.5862548351288,0.0,0.0,0.0,0.0,0.0,0.0,0.0,0.0,1750362228.9816773,0.0,both_blink
141.80682611465454,140.0,-1491.6104786274957,-778.4526959769428,-497.1804301594384,890.1822071531788,0.0,0.0,0.0,0.0,0.0,0.0,0.0,0.0,1750362229.1019254,0.0,both_blink
141.90801763534546,149.0,-1442.542991208844,-740.7919034231454,-431.1749358414672,920.2173436973244,0.0,0.0,0.0,0.0,0.0,0.0,0.0,0.0,1750362229.191674,0.0,both_blink
142.00843501091003,160.0,-1501.4426756110042,-762.7189368633553,-513.8342046621256,889.1238154657185,0.0,0.0,0.0,0.0,0.0,0.0,0.0,0.0,1750362229.2984402,0.0,both_blink
142.10967588424683,169.0,-1447.3338030520829,-724.4261012170464,-481.4765902454965,934.0100947339088,0.0,0.0,0.0,0.0,0.0,0.0,0.0,0.0,1750362229.388095,0.0,both_blink
142.21069836616516,180.0,-1484.7926410082728,-772.9326036423445,-472.3512343536131,876.6923880130053,0.0,0.0,0.0,0.0,0.0,0.0,0.0,0.0,1750362229.5089388,0.0,both_blink
142.31198358535767,190.0,-1516.2227602358907,-746.9552585501224,-528.4497336889617,899.5282171424478,0.0,0.0,0.0,0.0,0.0,0.0,0.0,0.0,1750362229.5983815,0.0,both_blink
142.41298532485962,0.0,-1463.3966733617708,-795.7254239222966,-505.99350440502167,889.2883710637689,0.0,0.0,0.0,0.0,0.0,0.0,0.0,0.0,1750362229.7034867,0.0,both_blink
142.5134618282318,109.0,-1392.6639454998076,-765.6865474781953,-404.9975061016157,909.7942425208166,0.0,0.0,0.0,0.0,0.0,0.0,0.0,0.0,1750362229.7934208,0.0,both_blink
142.61480712890625,119.0,-1419.9203363768756,-732.8390061673708,-476.8559438502416,902.4976977072656,0.0,0.0,0.0,0.0,0.0,0.0,0.0,0.0,1750362229.896647,0.0,both_blink
142.71562576293945,130.0,-1438.7619523536414,-770.948586715851,-462.8500185161829,872.2381671657786,0.0,0.0,0.0,0.0,0.0,0.0,0.0,0.0,1750362230.0036392,0.0,both_blink
142.8169243335724,140.0,-1458.5983817186209,-770.5110184210353,-446.2448627129197,883.7607989292592,0.0,0.0,0.0,0.0,0.0,0.0,0.0,0.0,1750362230.1068108,0.0,both_blink
142.91774606704712,149.0,-1400.4840763071552,-763.6183828026988,-405.6632082937285,908.3095022384076,0.0,0.0,0.0,0.0,0.0,0.0,0.0,0.0,1750362230.1966903,0.0,both_blink
143.0186800956726,160.0,-1464.3914867499843,-759.684008049313,-453.5451474264264,895.2161124935374,0.0,0.0,0.0,0.0,0.0,0.0,0.0,0.0,1750362230.3032732,0.0,both_blink
143.11977910995483,170.0,-1459.944745702669,-834.134196467232,-471.0777984187007,877.7432999005541,0.0,0.0,0.0,0.0,0.0,0.0,0.0,0.0,1750362230.40707,0.0,both_blink
143.2209551334381,181.0,-1472.4659307543188,-817.6748967622407,-446.820807306096,829.2405373752117,0.0,0.0,0.0,0.0,0.0,0.0,0.0,0.0,1750362230.513281,0.0,both_blink
143.32164931297302,190.0,-1467.0767349181697,-810.7934808437712,-483.1614151755348,843.1679248102009,0.0,0.0,0.0,0.0,0.0,0.0,0.0,0.0,1750362230.6032655,0.0,both_blink
143.42246770858765,0.0,-1402.6513483314775,-723.9941427721642,-423.0032544382848,936.5120878042652,0.0,0.0,0.0,0.0,0.0,0.0,0.0,0.0,1750362230.708722,0.0,both_blink
143.52351117134094,109.0,-1436.2393898335283,-776.9137271451764,-450.8094106088392,897.5572898657992,0.0,0.0,0.0,0.0,0.0,0.0,0.0,0.0,1750362230.7997656,0.0,both_blink
143.62436437606812,121.0,-1444.4335106364451,-810.3484327490442,-443.9579138900153,872.0549120679498,0.0,0.0,0.0,0.0,0.0,0.0,0.0,0.0,1750362230.9181554,0.0,both_blink
143.72500824928284,130.0,-1414.4619523915462,-698.0242774798535,-414.1172521435656,920.0228688996284,0.0,0.0,0.0,0.0,0.0,0.0,0.0,0.0,1750362231.0081909,0.0,both_blink
143.82570958137512,140.0,-1324.2106866608374,-687.4254010054283,-345.3629313581623,1004.357612900436,0.0,0.0,0.0,0.0,0.0,0.0,0.0,0.0,1750362231.111767,0.0,both_blink
143.92659449577332,149.0,-1486.9187741330825,-754.1526960148476,-475.88917971169576,878.1846080953255,0.0,0.0,0.0,0.0,0.0,0.0,0.0,0.0,1750362231.201977,0.0,both_blink
144.02785110473633,161.0,-1458.82464566594,-810.7373823444359,-477.9835236868821,850.4308105241507,0.0,0.0,0.0,0.0,0.0,0.0,0.0,0.0,1750362231.3217435,0.0,both_blink
144.1289074420929,172.0,-1381.7752267788164,-716.8509338567965,-439.01750604854897,952.2570666177198,0.0,0.0,0.0,0.0,0.0,0.0,0.0,0.0,1750362231.4283557,0.0,both_blink
144.230046749115,181.0,-1611.0497935623862,-885.6849774564616,-591.1902953456156,708.8269785018638,0.0,0.0,0.0,0.0,0.0,0.0,0.0,0.0,1750362231.5182452,0.0,both_blink
144.3307511806488,191.0,-1448.4165040892549,-746.3662243071012,-479.7412766660564,878.7081940891221,0.0,0.0,0.0,0.0,0.0,0.0,0.0,0.0,1750362231.6218753,0.0,both_blink
144.43166089057922,0.0,-1449.7105094739236,-763.2855317066424,-483.07726742653176,888.5796600221656,0.0,0.0,0.0,0.0,0.0,0.0,0.0,0.0,1750362231.7130136,0.0,both_blink
144.53240180015564,112.0,-1514.7997283027507,-759.586770650465,-493.2497953060083,861.9927112371661,0.0,0.0,0.0,0.0,0.0,0.0,0.0,0.0,1750362231.8330877,0.0,both_blink
144.633314371109,121.0,-1350.7527566463689,-684.8673094357364,-395.6533660623245,979.3096329472028,0.0,0.0,0.0,0.0,0.0,0.0,0.0,0.0,1750362231.9233394,0.0,both_blink
144.7336926460266,131.0,-1375.0957654579545,-768.8205836410634,-390.66807942138985,927.384861962404,0.0,0.0,0.0,0.0,0.0,0.0,0.0,0.0,1750362232.0270343,0.0,both_blink
144.83413171768188,140.0,-1449.0709865815006,-802.3936655432917,-467.0891951159574,871.8884865199216,0.0,0.0,0.0,0.0,0.0,0.0,0.0,0.0,1750362232.1167924,0.0,both_blink
144.93516445159912,151.0,-1518.3114943611436,-791.6825920701958,-479.5617614681833,825.8503180653788,0.0,0.0,0.0,0.0,0.0,0.0,0.0,0.0,1750362232.223286,0.0,both_blink
145.0361452102661,161.0,-1450.847439060453,-739.9822150827385,-424.3570982222445,898.5764126037247,0.0,0.0,0.0,0.0,0.0,0.0,0.0,0.0,1750362232.3274393,0.0,both_blink
145.1369502544403,172.0,-1484.3606825633906,-784.3486482570879,-532.402807942126,856.1061087069102,0.0,0.0,0.0,0.0,0.0,0.0,0.0,0.0,1750362232.4332287,0.0,both_blink
145.23769617080688,181.0,-1419.7015522294678,-757.4438079758547,-424.6974291182123,911.5725649497472,0.0,0.0,0.0,0.0,0.0,0.0,0.0,0.0,1750362232.523278,0.0,both_blink
145.3385524749756,191.0,-1424.2791897752322,-784.5468629547395,-406.85436642961577,909.8671705699526,0.0,0.0,0.0,0.0,0.0,0.0,0.0,0.0,1750362232.6269133,0.0,both_blink
145.43951606750488,101.0,-1406.7876776824703,-741.9120034598745,-433.29732906632125,922.6389289186336,0.0,0.0,0.0,0.0,0.0,0.0,0.0,0.0,1750362232.7322476,0.0,both_blink
145.54063367843628,112.0,-1435.992556436453,-755.4167821998708,-407.4920193720609,911.7969589470886,0.0,0.0,0.0,0.0,0.0,0.0,0.0,0.0,1750362232.8382616,0.0,both_blink
145.64189839363098,121.0,-1430.289209004026,-731.4477633838542,-471.448048514314,950.5759815876372,0.0,0.0,0.0,0.0,0.0,0.0,0.0,0.0,1750362232.928319,0.0,both_blink
145.74275064468384,130.0,-1468.4698476516642,-749.5077402698807,-473.17588229384273,879.2224303330295,0.0,0.0,0.0,0.0,0.0,0.0,0.0,0.0,1750362233.0183847,0.0,both_blink
145.8439438343048,141.0,-1433.7673159628175,-737.420383613091,-441.7569827660918,898.0154276103713,0.0,0.0,0.0,0.0,0.0,0.0,0.0,0.0,1750362233.1378002,0.0,both_blink
145.94480299949646,151.0,-1419.3649612334557,-714.3900796859525,-441.7345433663577,877.4871167535894,0.0,0.0,0.0,0.0,0.0,0.0,0.0,0.0,1750362233.2281656,0.0,both_blink
146.0456085205078,161.0,-1476.327377458569,-651.1334118354134,-479.2793990215287,889.4323572120629,0.0,0.0,0.0,0.0,0.0,0.0,0.0,0.0,1750362233.3320072,0.0,both_blink
146.1461386680603,170.0,-1625.923375686165,-772.8484558933415,-609.2259628819302,742.4542889534496,0.0,0.0,0.0,0.0,0.0,0.0,0.0,0.0,1750362233.4218647,0.0,both_blink
146.24680185317993,181.0,-1430.880113197025,-650.6734041408636,-395.2588066169992,961.5338884578086,0.0,0.0,0.0,0.0,0.0,0.0,0.0,0.0,1750362233.5281532,0.0,both_blink
146.3477079868317,191.0,-1455.3764579067938,-702.5719958259724,-412.6792606106028,970.2179361549206,0.0,0.0,0.0,0.0,0.0,0.0,0.0,0.0,1750362233.6319065,0.0,both_blink
146.44839239120483,101.0,-1474.779058876913,-766.7019303161651,-460.050703399349,885.6831075064838,0.0,0.0,0.0,0.0,0.0,0.0,0.0,0.0,1750362233.737246,0.0,both_blink
146.5492720603943,110.0,-1482.0943031902425,-697.5773594351485,-427.4350358857773,903.3316953973844,0.0,0.0,0.0,0.0,0.0,0.0,0.0,0.0,1750362233.8269837,0.0,both_blink
146.65075206756592,121.0,-1537.5570195331238,-708.2585137085989,-496.2454551705159,864.1001448621973,0.0,0.0,0.0,0.0,0.0,0.0,0.0,0.0,1750362233.9331057,0.0,both_blink
146.75108361244202,131.0,-1528.0090549462475,-766.690710616298,-467.8745741066523,836.4323649900034,0.0,0.0,0.0,0.0,0.0,0.0,0.0,0.0,1750362234.0368311,0.0,both_blink
146.8520224094391,142.0,-1468.4997668513097,-710.5211531817913,-451.1422617048957,904.7715568803252,0.0,0.0,0.0,0.0,0.0,0.0,0.0,0.0,1750362234.1433268,0.0,both_blink
146.95243287086487,151.0,-1504.7206979221664,-744.9506721738726,-480.9455244517885,851.4966820115224,0.0,0.0,0.0,0.0,0.0,0.0,0.0,0.0,1750362234.233254,0.0,both_blink
147.05304765701294,161.0,-1484.4429603624158,-722.5075325397775,-490.85999923432246,872.1035307673737,0.0,0.0,0.0,0.0,0.0,0.0,0.0,0.0,1750362234.3370223,0.0,both_blink
147.15413284301758,170.0,-1431.867446785327,-741.4089869158342,-444.6385756819509,930.5058084754272,0.0,0.0,0.0,0.0,0.0,0.0,0.0,0.0,1750362234.426916,0.0,both_blink
147.2550768852234,182.0,-1446.400698013138,-746.4840311557055,-389.2394376383163,906.2899562623352,0.0,0.0,0.0,0.0,0.0,0.0,0.0,0.0,1750362234.547059,0.0,both_blink
147.35594010353088,191.0,-1478.208547136281,-772.5735732465982,-483.64199231984094,879.5870705787092,0.0,0.0,0.0,0.0,0.0,0.0,0.0,0.0,1750362234.6369996,0.0,both_blink
147.45721244812012,101.0,-1469.87044018507,-759.8074247478507,-429.6228773598559,872.5167897124775,0.0,0.0,0.0,0.0,0.0,0.0,0.0,0.0,1750362234.7418835,0.0,both_blink
147.55797004699707,110.0,-1451.877781498246,-743.3406452429481,-410.6466249846853,904.8669243291952,0.0,0.0,0.0,0.0,0.0,0.0,0.0,0.0,1750362234.8318305,0.0,both_blink
147.65880131721497,122.0,-1494.437842993997,-751.5497256456874,-470.84779457142577,889.492195611354,0.0,0.0,0.0,0.0,0.0,0.0,0.0,0.0,1750362234.9517937,0.0,both_blink
147.75993657112122,130.0,-1410.1891166921705,-773.6525343838148,-431.7471405346878,899.3804910941981,0.0,0.0,0.0,0.0,0.0,0.0,0.0,0.0,1750362235.0284922,0.0,both_blink
147.86079001426697,142.0,-1466.699005022645,-776.9137271451764,-499.585185830947,896.6466242265888,0.0,0.0,0.0,0.0,0.0,0.0,0.0,0.0,1750362235.1483104,0.0,both_blink
147.9617564678192,151.0,-1440.3888088343665,-753.0045467284508,-421.2193221594207,892.1101255803369,0.0,0.0,0.0,0.0,0.0,0.0,0.0,0.0,1750362235.2382233,0.0,both_blink
148.0628900527954,163.0,-1417.5492398049682,-733.2242158628069,-401.255736195948,914.4859470152296,0.0,0.0,0.0,0.0,0.0,0.0,0.0,0.0,1750362235.358045,0.0,both_blink
148.16328477859497,172.0,-1467.652679511346,-776.7903104466386,-457.95635942416266,857.7628843872808,0.0,0.0,0.0,0.0,0.0,0.0,0.0,0.0,1750362235.447939,0.0,both_blink
148.26375246047974,182.0,-1491.33746593073,-746.0932116103359,-451.1011228053831,887.4315107357688,0.0,0.0,0.0,0.0,0.0,0.0,0.0,0.0,1750362235.5532515,0.0,both_blink
148.36450695991516,191.0,-1457.3978738328442,-748.4979672818445,-440.8276176271029,908.535766185727,0.0,0.0,0.0,0.0,0.0,0.0,0.0,0.0,1750362235.6419427,0.0,both_blink
148.46529722213745,103.0,-1455.217512158677,-756.583630986046,-456.2734044441022,893.1797369676642,0.0,0.0,0.0,0.0,0.0,0.0,0.0,0.0,1750362235.763105,0.0,both_blink
148.56646513938904,112.0,-1482.8778122309595,-753.894642917905,-458.3565287194215,890.2326958025806,0.0,0.0,0.0,0.0,0.0,0.0,0.0,0.0,1750362235.8532157,0.0,both_blink
148.66724514961243,122.0,-1474.4518176307902,-791.0692484774627,-435.3636237918399,870.6131806350313,0.0,0.0,0.0,0.0,0.0,0.0,0.0,0.0,1750362235.9567916,0.0,both_blink
148.76778388023376,131.0,-1443.556504096836,-755.5962973977439,-394.550095575396,912.0849312436768,0.0,0.0,0.0,0.0,0.0,0.0,0.0,0.0,1750362236.04673,0.0,both_blink
148.86847567558289,143.0,-1459.0247303135693,-763.8240773002617,-437.23731366964057,887.5586673342623,0.0,0.0,0.0,0.0,0.0,0.0,0.0,0.0,1750362236.1683593,0.0,both_blink
148.96951150894165,152.0,-1484.7739415084943,-731.8217533794232,-500.5762593192048,891.8969512828626,0.0,0.0,0.0,0.0,0.0,0.0,0.0,0.0,1750362236.2572072,0.0,both_blink
149.070228099823,161.0,-1437.7521793656051,-690.3500027707778,-448.5467711356469,929.8045772337356,0.0,0.0,0.0,0.0,0.0,0.0,0.0,0.0,1750362236.348246,0.0,both_blink
149.17128491401672,173.0,-1441.2228065244851,-719.1995910289697,-477.2766825952567,901.8263856652192,0.0,0.0,0.0,0.0,0.0,0.0,0.0,0.0,1750362236.4669564,0.0,both_blink
149.2717146873474,182.0,-1462.41681957338,-734.0993524524383,-479.3298876709305,877.6441925517283,0.0,0.0,0.0,0.0,0.0,0.0,0.0,0.0,1750362236.5568936,0.0,both_blink
149.37267470359802,193.0,-1461.777296680957,-721.6941042994149,-479.9544509635307,909.9793675686232,0.0,0.0,0.0,0.0,0.0,0.0,0.0,0.0,1750362236.6639,0.0,both_blink
149.47315382957458,101.0,-1482.3972350866534,-726.5541042918339,-490.0372212440707,900.7287250282244,0.0,0.0,0.0,0.0,0.0,0.0,0.0,0.0,1750362236.7518363,0.0,both_blink
149.5737693309784,113.0,-1440.0391281885095,-775.6365513103083,-491.7538353237324,868.6104642087594,0.0,0.0,0.0,0.0,0.0,0.0,0.0,0.0,1750362236.8719585,0.0,both_blink
149.674574136734,122.0,-1430.1358731058426,-737.2352585652843,-432.8429312217049,906.2039385633544,0.0,0.0,0.0,0.0,0.0,0.0,0.0,0.0,1750362236.962042,0.0,both_blink
149.77581071853638,133.0,-1460.2757268487476,-746.2858164580539,-489.9512035450898,880.6641617659479,0.0,0.0,0.0,0.0,0.0,0.0,0.0,0.0,1750362237.0681756,0.0,both_blink
149.87618732452393,142.0,-1421.1114945127629,-743.9521188857034,-435.1728888940997,926.3507796246558,0.0,0.0,0.0,0.0,0.0,0.0,0.0,0.0,1750362237.1582198,0.0,both_blink
149.97698307037354,152.0,-1404.4502402101643,-771.9602296538651,-362.9217616501264,869.0629921033978,0.0,0.0,0.0,0.0,0.0,0.0,0.0,0.0,1750362237.2616985,0.0,both_blink
150.07780575752258,163.0,-1486.0698168431409,-760.418898390606,-493.61256560171023,867.5184134216979,0.0,0.0,0.0,0.0,0.0,0.0,0.0,0.0,1750362237.368199,0.0,both_blink
150.17861604690552,173.0,-1484.5888164606877,-772.74560864456,-500.2995067224838,878.794211788103,0.0,0.0,0.0,0.0,0.0,0.0,0.0,0.0,1750362237.4719312,0.0,both_blink
150.28006744384766,182.0,-1439.2761885975488,-741.2893101172522,-448.4757130364888,916.0174360470846,0.0,0.0,0.0,0.0,0.0,0.0,0.0,0.0,1750362237.5621345,0.0,both_blink
150.38056993484497,192.0,-1429.6459462116472,-756.9295717319474,-415.4411767278798,897.4450928671286,0.0,0.0,0.0,0.0,0.0,0.0,0.0,0.0,1750362237.6673748,0.0,both_blink
150.48129796981812,103.0,-1460.479551396333,-743.1648699450307,-445.30240792408586,919.2281401590444,0.0,0.0,0.0,0.0,0.0,0.0,0.0,0.0,1750362237.7732875,0.0,both_blink
150.58177065849304,113.0,-1454.880921162665,-767.4069014578126,-410.7419924335554,914.9010759103112,0.0,0.0,0.0,0.0,0.0,0.0,0.0,0.0,1750362237.877076,0.0,both_blink
150.6831874847412,122.0,-1456.676073141396,-739.2491946914233,-430.0585757046938,916.894442586694,0.0,0.0,0.0,0.0,0.0,0.0,0.0,0.0,1750362237.96675,0.0,both_blink
150.7841341495514,131.0,-1482.5412212349474,-749.6984751676209,-471.5901647126302,888.4525034236722,0.0,0.0,0.0,0.0,0.0,0.0,0.0,0.0,1750362238.056722,0.0,both_blink
150.88458919525146,143.0,-1465.842567932792,-750.7082481556572,-431.6854321854189,905.2296946248972,0.0,0.0,0.0,0.0,0.0,0.0,0.0,0.0,1750362238.1770804,0.0,both_blink
150.9856517314911,152.0,-1449.042937331833,-765.7389060775749,-444.52076883334666,891.9754891819321,0.0,0.0,0.0,0.0,0.0,0.0,0.0,0.0,1750362238.266799,0.0,both_blink
151.0861291885376,162.0,-1448.676427136175,-729.1252855113707,-446.9629235044122,896.7625611252151,0.0,0.0,0.0,0.0,0.0,0.0,0.0,0.0,1750362238.3721905,0.0,both_blink
151.18648171424866,172.0,-1459.896127003245,-722.5580211891793,-463.2913267109543,905.8991367169656,0.0,0.0,0.0,0.0,0.0,0.0,0.0,0.0,1750362238.4631958,0.0,both_blink
151.2870228290558,184.0,-1459.7689704047516,-757.114696779754,-469.8810304328799,870.0110567421652,0.0,0.0,0.0,0.0,0.0,0.0,0.0,0.0,1750362238.5832615,0.0,both_blink
151.38769936561584,193.0,-1476.576080805622,-693.3793217348866,-493.5321577526629,926.782738069538,0.0,0.0,0.0,0.0,0.0,0.0,0.0,0.0,1750362238.6732185,0.0,both_blink
151.48875665664673,103.0,-1408.999828506261,-754.9212454557419,-417.56917980266735,891.8595522833057,0.0,0.0,0.0,0.0,0.0,0.0,0.0,0.0,1750362238.7784307,0.0,both_blink
151.58927512168884,112.0,-1454.7500246642155,-790.9738810285926,-465.2716037374921,840.151695495937,0.0,0.0,0.0,0.0,0.0,0.0,0.0,0.0,1750362238.8680792,0.0,both_blink
151.68965339660645,122.0,-1484.7627218086272,-762.8273939620703,-478.59686727961525,855.4404065147974,0.0,0.0,0.0,0.0,0.0,0.0,0.0,0.0,1750362238.9719455,0.0,both_blink
151.79029893875122,133.0,-1401.1048996997995,-756.8360742330551,-413.8479793467559,907.1669628019444,0.0,0.0,0.0,0.0,0.0,0.0,0.0,0.0,1750362239.0783818,0.0,both_blink
151.8911018371582,143.0,-1427.9985202811658,-747.8977133389562,-423.3361055343412,911.0340193561278,0.0,0.0,0.0,0.0,0.0,0.0,0.0,0.0,1750362239.1818051,0.0,both_blink
151.99166822433472,152.0,-1476.9201516015455,-759.9140118965879,-528.7489256854169,898.9765818989836,0.0,0.0,0.0,0.0,0.0,0.0,0.0,0.0,1750362239.2718525,0.0,both_blink
152.0921287536621,164.0,-1434.3937492053956,-760.0149891953915,-480.9343047519215,876.9149120603688,0.0,0.0,0.0,0.0,0.0,0.0,0.0,0.0,1750362239.3921692,0.0,both_blink
152.1927740573883,173.0,-1437.4567272691056,-741.3192293168977,-454.3810150665231,912.384123240132,0.0,0.0,0.0,0.0,0.0,0.0,0.0,0.0,1750362239.4817312,0.0,both_blink
152.29312133789062,182.0,-1458.329108921811,-778.9575824709609,-508.7142816227861,870.6991983340122,0.0,0.0,0.0,0.0,0.0,0.0,0.0,0.0,1750362239.5718083,0.0,both_blink
152.39431881904602,193.0,-1426.330524900928,-756.6864782348275,-430.0716653545387,902.757620754186,0.0,0.0,0.0,0.0,0.0,0.0,0.0,0.0,1750362239.678244,0.0,both_blink
152.49495482444763,101.0,-1425.4983971607871,-744.4457856798545,-468.45612854976207,906.2207681131548,0.0,0.0,0.0,0.0,0.0,0.0,0.0,0.0,1750362239.7669487,0.0,both_blink
152.5953447818756,113.0,-1450.080759569537,-782.8321188250557,-494.21281954459846,876.3875861666165,0.0,0.0,0.0,0.0,0.0,0.0,0.0,0.0,1750362239.8870876,0.0,both_blink
152.6960232257843,122.0,-1415.7260385765694,-761.3912723790854,-430.88509359490126,870.7777362330817,0.0,0.0,0.0,0.0,0.0,0.0,0.0,0.0,1750362239.976904,0.0,both_blink
152.79664254188538,133.0,-1426.9158192439936,-808.9665397154167,-438.75010320171714,852.3549890513532,0.0,0.0,0.0,0.0,0.0,0.0,0.0,0.0,1750362240.08311,0.0,both_blink
152.89711904525757,143.0,-1455.241821508389,-774.9820688180625,-478.5538584301248,843.7980979527347,0.0,0.0,0.0,0.0,0.0,0.0,0.0,0.0,1750362240.1867492,0.0,both_blink
152.99746251106262,154.0,-1405.261798500549,-731.7712647300214,-422.470318694599,914.4709874154069,0.0,0.0,0.0,0.0,0.0,0.0,0.0,0.0,1750362240.2934065,0.0,both_blink
153.09817123413086,163.0,-1429.2083779168315,-784.0363666107878,-459.4990681558848,847.1565281129442,0.0,0.0,0.0,0.0,0.0,0.0,0.0,0.0,1750362240.3834023,0.0,both_blink
153.19898629188538,173.0,-1475.0520715736784,-756.391026138328,-485.58113044686615,874.8878862843849,0.0,0.0,0.0,0.0,0.0,0.0,0.0,0.0,1750362240.4871187,0.0,both_blink
153.3000545501709,182.0,-1412.390047816094,-778.7070091739297,-428.5738354222849,890.9133575945161,0.0,0.0,0.0,0.0,0.0,0.0,0.0,0.0,1750362240.577156,0.0,both_blink
153.4005320072174,194.0,-1423.5536491838284,-726.5241850921884,-432.85976077150553,914.5757046141662,0.0,0.0,0.0,0.0,0.0,0.0,0.0,0.0,1750362240.696796,0.0,both_blink
153.50179600715637,103.0,-1459.1444071121514,-770.5465474706143,-494.2801377438009,899.055119798053,0.0,0.0,0.0,0.0,0.0,0.0,0.0,0.0,1750362240.788318,0.0,both_blink
153.60245394706726,113.0,-1462.6786125702783,-772.1173054520041,-459.75338135287166,908.270233288873,0.0,0.0,0.0,0.0,0.0,0.0,0.0,0.0,1750362240.8919475,0.0,both_blink
153.7036588191986,122.0,-1432.2881855303422,-759.6783981993794,-414.474412589334,900.4314029817469,0.0,0.0,0.0,0.0,0.0,0.0,0.0,0.0,1750362240.9815457,0.0,both_blink
153.80410885810852,134.0,-1441.8698092168197,-760.564754488878,-440.175005084835,867.4903641720302,0.0,0.0,0.0,0.0,0.0,0.0,0.0,0.0,1750362241.1020284,0.0,both_blink
153.90564465522766,143.0,-1455.9430527500808,-718.3338041892275,-493.80517044942826,890.5954660982825,0.0,0.0,0.0,0.0,0.0,0.0,0.0,0.0,1750362241.192068,0.0,both_blink
154.00634789466858,154.0,-1449.742298623547,-762.0008760718629,-465.79331978131086,864.9322726023383,0.0,0.0,0.0,0.0,0.0,0.0,0.0,0.0,1750362241.2984445,0.0,both_blink
154.10776257514954,163.0,-1442.602829608135,-784.010187311098,-476.10422395914793,880.6473322161473,0.0,0.0,0.0,0.0,0.0,0.0,0.0,0.0,1750362241.388522,0.0,both_blink
154.20934391021729,173.0,-1442.0642840145156,-729.6320419553667,-481.4485409958288,897.0318339220248,0.0,0.0,0.0,0.0,0.0,0.0,0.0,0.0,1750362241.4920084,0.0,both_blink
154.31015729904175,184.0,-1456.7583509404212,-737.0258241677657,-454.237028918229,862.7631306280382,0.0,0.0,0.0,0.0,0.0,0.0,0.0,0.0,1750362241.598657,0.0,both_blink
154.41184186935425,194.0,-1447.8312097461894,-767.4686098070815,-464.83964529260993,878.2201371449046,0.0,0.0,0.0,0.0,0.0,0.0,0.0,0.0,1750362241.7018938,0.0,both_blink
154.51293230056763,104.0,-1436.5759808295406,-802.2421995950863,-460.27322744671255,865.5437462450936,0.0,0.0,0.0,0.0,0.0,0.0,0.0,0.0,1750362241.806872,0.0,both_blink
154.61382818222046,113.0,-1392.0300324573182,-777.3756047897041,-421.6886796038598,881.5654776552692,0.0,0.0,0.0,0.0,0.0,0.0,0.0,0.0,1750362241.899666,0.0,both_blink
154.71483778953552,122.0,-1424.9748111669903,-771.7545351563022,-487.6866941219196,858.9615223230794,0.0,0.0,0.0,0.0,0.0,0.0,0.0,0.0,1750362241.986816,0.0,both_blink
154.81584692001343,134.0,-1420.771163616795,-806.5131653444842,-466.238367876038,860.1021918095648,0.0,0.0,0.0,0.0,0.0,0.0,0.0,0.0,1750362242.1070263,0.0,both_blink
154.91648268699646,145.0,-1415.6026218780316,-794.4594677872956,-446.338360211812,902.6211144058034,0.0,0.0,0.0,0.0,0.0,0.0,0.0,0.0,1750362242.213328,0.0,both_blink
155.0173842906952,154.0,-1460.6871158438737,-791.8826767178252,-462.7378215175122,865.7793599423021,0.0,0.0,0.0,0.0,0.0,0.0,0.0,0.0,1750362242.304921,0.0,both_blink
155.1183090209961,164.0,-1447.0327411056496,-827.3481479976326,-429.3405149132013,829.0161433778703,0.0,0.0,0.0,0.0,0.0,0.0,0.0,0.0,1750362242.4070804,0.0,both_blink
155.2194516658783,173.0,-1410.1909866421483,-774.2565282266587,-413.3786219023168,920.7858084905891,0.0,0.0,0.0,0.0,0.0,0.0,0.0,0.0,1750362242.4969473,0.0,both_blink
155.3201186656952,185.0,-1418.7927565402351,-797.5000064512715,-398.819191374816,885.5933499075472,0.0,0.0,0.0,0.0,0.0,0.0,0.0,0.0,1750362242.6169517,0.0,both_blink
155.42103672027588,194.0,-1453.1512174331583,-789.3582442477345,-473.16092269402,857.8096331367269,0.0,0.0,0.0,0.0,0.0,0.0,0.0,0.0,1750362242.707051,0.0,both_blink
155.52211046218872,104.0,-1409.27845105296,-791.1403065766208,-416.5556669146754,895.0627765953541,0.0,0.0,0.0,0.0,0.0,0.0,0.0,0.0,1750362242.8119383,0.0,both_blink
155.6229157447815,113.0,-1411.1259616310708,-793.6011607474647,-442.7461863043718,870.0465857917443,0.0,0.0,0.0,0.0,0.0,0.0,0.0,0.0,1750362242.9021273,0.0,both_blink
155.72405648231506,124.0,-1381.453595382627,-773.1177286901511,-417.42706360435113,856.9718955466524,0.0,0.0,0.0,0.0,0.0,0.0,0.0,0.0,1750362243.009744,0.0,eyebrow_raise
155.82481265068054,134.0,-1347.4579047854058,-786.506570531521,-382.3879409194924,811.4124342864379,0.0,0.0,0.0,0.0,0.0,0.0,0.0,0.0,1750362243.111621,0.0,eyebrow_raise
155.92544794082642,145.0,-1319.9509406113066,-925.4176745857112,-350.46041499776766,703.9950277591124,0.0,0.0,0.0,0.0,0.0,0.0,0.0,0.0,1750362243.2183006,0.0,eyebrow_raise
156.02631878852844,154.0,-1260.8268622118048,-780.7807836993597,-376.4788989895024,751.7049314938486,0.0,0.0,0.0,0.0,0.0,0.0,0.0,0.0,1750362243.3087797,0.0,eyebrow_raise
156.1267466545105,164.0,-1387.4935338110663,-527.1220692046918,-542.6688333204947,890.444000150077,0.0,0.0,0.0,0.0,0.0,0.0,0.0,0.0,1750362243.4121137,0.0,eyebrow_raise
156.22745609283447,173.0,-1444.8785587311722,-72.81398218730465,-597.8211379670538,531.7165363002568,0.0,0.0,0.0,0.0,0.0,0.0,0.0,0.0,1750362243.5047147,0.0,eyebrow_raise
156.32803463935852,185.0,-1401.1703479490243,-461.59528208104894,-558.0772211379372,715.7083944203332,0.0,0.0,0.0,0.0,0.0,0.0,0.0,0.0,1750362243.622254,0.0,eyebrow_raise
156.42884755134585,194.0,-1376.0606596465225,-527.7840314968489,-504.1740430765785,786.8824304770678,0.0,0.0,0.0,0.0,0.0,0.0,0.0,0.0,1750362243.7119036,0.0,eyebrow_raise
156.5301229953766,104.0,-1364.5642071827317,-515.6536659905687,-487.3014844264835,759.9327113963664,0.0,0.0,0.0,0.0,0.0,0.0,0.0,0.0,1750362243.8168871,0.0,eyebrow_raise
156.63129711151123,113.0,-1395.373503017705,-628.1087177582085,-494.6316883396357,741.5847622137517,0.0,0.0,0.0,0.0,0.0,0.0,0.0,0.0,1750362243.907021,0.0,eyebrow_raise
156.73225474357605,125.0,-1377.5304403291084,-893.5032383138314,-458.71368916518986,1081.567847485654,0.0,0.0,0.0,0.0,0.0,0.0,0.0,0.0,1750362244.027104,0.0,eyebrow_raise
156.83326125144958,134.0,-1344.5669621196575,-978.3914875080808,-422.6834929920733,978.4401062075048,0.0,0.0,0.0,0.0,0.0,0.0,0.0,0.0,1750362244.1170025,0.0,eyebrow_raise
156.93393969535828,142.0,-1357.3873391677623,-846.4814761709422,-435.8591605359688,1028.2518337173387,0.0,0.0,0.0,0.0,0.0,0.0,0.0,0.0,1750362244.193105,0.0,eyebrow_raise
157.03460597991943,154.0,-1400.1194360614754,-804.4337809691206,-449.2891412768513,999.5518414573744,0.0,0.0,0.0,0.0,0.0,0.0,0.0,0.0,1750362244.313357,0.0,eyebrow_raise
157.13539624214172,164.0,-1409.723499147687,-834.5511953122914,-461.4587757326663,935.6145118148996,0.0,0.0,0.0,0.0,0.0,0.0,0.0,0.0,1750362244.416947,0.0,eyebrow_raise
157.2358934879303,175.0,-1426.6390666472726,-793.9994600927457,-482.712627180852,835.774142597802,0.0,0.0,0.0,0.0,0.0,0.0,0.0,0.0,1750362244.5235715,0.0,eyebrow_raise
157.33729720115662,185.0,-1434.2535029570572,-734.235858800821,-470.4644548259676,920.9541039885952,0.0,0.0,0.0,0.0,0.0,0.0,0.0,0.0,1750362244.627357,0.0,eyebrow_raise
157.43821573257446,194.0,-1435.8653998379596,-701.8558049844578,-453.6124656256288,969.0828765183688,0.0,0.0,0.0,0.0,0.0,0.0,0.0,0.0,1750362244.7169914,0.0,eyebrow_raise
157.53932237625122,104.0,-1491.36364523042,-744.0100873350166,-509.7801531101577,915.39661265444,0.0,0.0,0.0,0.0,0.0,0.0,0.0,0.0,1750362244.8219647,0.0,eyebrow_raise
157.6401183605194,115.0,-1449.7086395239455,-589.3091256679036,-473.0244163456373,957.777158952318,0.0,0.0,0.0,0.0,0.0,0.0,0.0,0.0,1750362244.928898,0.0,eyebrow_raise
157.7416229248047,125.0,-1380.5878085428849,-648.3808454680257,-457.2794375321828,886.7190597942099,0.0,0.0,0.0,0.0,0.0,0.0,0.0,0.0,1750362245.032035,0.0,eyebrow_raise
157.84228944778442,134.0,-1448.7624448351562,-619.3180829123594,-518.8718499024399,787.9034231649712,0.0,0.0,0.0,0.0,0.0,0.0,0.0,0.0,1750362245.1219923,0.0,eyebrow_raise
157.94390106201172,145.0,-1447.7788511468098,-598.8870094544254,-453.502138576936,903.0399832008408,0.0,0.0,0.0,0.0,0.0,0.0,0.0,0.0,1750362245.2295847,0.0,eyebrow_raise
158.04463529586792,155.0,-1455.049216660671,-674.4816072587855,-462.3918807716109,903.1297407997772,0.0,0.0,0.0,0.0,0.0,0.0,0.0,0.0,1750362245.331828,0.0,eyebrow_raise
158.14525175094604,164.0,-1472.776342450641,-730.5838464940898,-492.3933582161553,855.3786981655285,0.0,0.0,0.0,0.0,0.0,0.0,0.0,0.0,1750362245.4218936,0.0,eyebrow_raise
158.24620294570923,176.0,-1470.195811481215,-692.4181674462743,-479.6402993672528,898.3090097568929,0.0,0.0,0.0,0.0,0.0,0.0,0.0,0.0,1750362245.5415874,0.0,eyebrow_raise
158.34705686569214,185.0,-1430.7174275489524,-729.5516341063194,-439.94500123756006,940.5212605567648,0.0,0.0,0.0,0.0,0.0,0.0,0.0,0.0,1750362245.6319036,0.0,eyebrow_raise
158.44762802124023,196.0,-1466.7438838221133,-716.6414994592778,-486.63765218434855,882.3919955454767,0.0,0.0,0.0,0.0,0.0,0.0,0.0,0.0,1750362245.738291,0.0,eyebrow_raise
158.54900884628296,105.0,-1467.4245456140488,-682.6626384118572,-489.77729819715023,895.2497715931386,0.0,0.0,0.0,0.0,0.0,0.0,0.0,0.0,1750362245.8427317,0.0,eyebrow_raise
158.64969182014465,116.0,-1437.8045379649848,-721.7520727487281,-451.499422150664,900.9830382252112,0.0,0.0,0.0,0.0,0.0,0.0,0.0,0.0,1750362245.947103,0.0,eyebrow_raise
158.7510621547699,125.0,-1480.6974505567923,-712.0358126638457,-504.7518576197326,875.0842310320586,0.0,0.0,0.0,0.0,0.0,0.0,0.0,0.0,1750362246.0371296,0.0,eyebrow_raise
158.85198092460632,136.0,-1425.803199007176,-719.8185444716364,-469.8885102327913,893.9707258082926,0.0,0.0,0.0,0.0,0.0,0.0,0.0,0.0,1750362246.1438496,0.0,eyebrow_raise
158.95318007469177,146.0,-1420.073672275059,-718.9060088824481,-461.0735660372302,910.6880786102264,0.0,0.0,0.0,0.0,0.0,0.0,0.0,0.0,1750362246.2470324,0.0,eyebrow_raise
159.0538923740387,155.0,-1463.4116329615936,-733.7347122067586,-508.62639397382736,905.882307167165,0.0,0.0,0.0,0.0,0.0,0.0,0.0,0.0,1750362246.3384993,0.0,eyebrow_raise
159.154536485672,166.0,-1438.9863463509828,-706.6129577280954,-453.15619783103466,919.5030228057876,0.0,0.0,0.0,0.0,0.0,0.0,0.0,0.0,1750362246.4436817,0.0,eyebrow_raise
159.25524950027466,175.0,-1454.8136029634625,-794.1340964911506,-485.0799838528037,875.9144888222218,0.0,0.0,0.0,0.0,0.0,0.0,0.0,0.0,1750362246.533346,0.0,eyebrow_raise
159.35622692108154,187.0,-1454.09554217197,-772.4351969482377,-480.457467507571,871.1311567788944,0.0,0.0,0.0,0.0,0.0,0.0,0.0,0.0,1750362246.653283,0.0,eyebrow_raise
159.45769357681274,196.0,-1435.137989296578,-755.8786598443985,-453.6423848252744,914.5850543640554,0.0,0.0,0.0,0.0,0.0,0.0,0.0,0.0,1750362246.7436247,0.0,eyebrow_raise
159.5583474636078,106.0,-1450.548247063998,-733.5084482594393,-473.9032928352244,916.325977793429,0.0,0.0,0.0,0.0,0.0,0.0,0.0,0.0,1750362246.8483095,0.0,eyebrow_raise
159.65897250175476,115.0,-1446.6961501096375,-765.2564589832909,-492.0605071200989,879.0129959355108,0.0,0.0,0.0,0.0,0.0,0.0,0.0,0.0,1750362246.9385254,0.0,eyebrow_raise
159.75990462303162,125.0,-1462.7964194188826,-712.8604606040753,-502.6294643948786,905.581245220732,0.0,0.0,0.0,0.0,0.0,0.0,0.0,0.0,1750362247.0418348,0.0,eyebrow_raise
159.86106300354004,136.0,-1427.68249873491,-762.7395063131116,-465.1369673390873,836.6174900378101,0.0,0.0,0.0,0.0,0.0,0.0,0.0,0.0,1750362247.148304,0.0,eyebrow_raise
159.9618489742279,146.0,-1457.6503170798533,-710.8633540277369,-478.6080869794823,872.6102872113697,0.0,0.0,0.0,0.0,0.0,0.0,0.0,0.0,1750362247.251933,0.0,eyebrow_raise
160.06236720085144,155.0,-1425.389940062072,-769.9687329274602,-491.9183909217827,846.846116416622,0.0,0.0,0.0,0.0,0.0,0.0,0.0,0.0,1750362247.3418815,0.0,eyebrow_raise
160.16331505775452,167.0,-1406.9821524801664,-767.3807221581228,-454.1940200687386,893.7781209605746,0.0,0.0,0.0,0.0,0.0,0.0,0.0,0.0,1750362247.4623368,0.0,eyebrow_raise
160.26421737670898,176.0,-1430.880113197025,-701.6669400366955,-473.0169365457259,913.7267473242246,0.0,0.0,0.0,0.0,0.0,0.0,0.0,0.0,1750362247.5523124,0.0,eyebrow_raise
160.36489582061768,187.0,-1414.9331797859631,-778.8771746219136,-457.4140739305876,918.2782055702992,0.0,0.0,0.0,0.0,0.0,0.0,0.0,0.0,1750362247.6585202,0.0,eyebrow_raise
160.46571922302246,196.0,-1438.3973121079616,-766.6626613666303,-473.3460477418266,903.7898331419564,0.0,0.0,0.0,0.0,0.0,0.0,0.0,0.0,1750362247.7484753,0.0,eyebrow_raise
160.56614542007446,107.0,-1434.1693552080542,-714.625693383161,-456.15933749545366,906.7275245571508,0.0,0.0,0.0,0.0,0.0,0.0,0.0,0.0,1750362247.8671818,0.0,eyebrow_raise
160.66719937324524,116.0,-1465.9360654316845,-782.6694331769831,-496.0491104228422,878.4389212923124,0.0,0.0,0.0,0.0,0.0,0.0,0.0,0.0,1750362247.9570527,0.0,eyebrow_raise
160.76795482635498,127.0,-1438.8891089521348,-740.4871015767567,-470.02688653115183,902.6435538055376,0.0,0.0,0.0,0.0,0.0,0.0,0.0,0.0,1750362248.0632167,0.0,eyebrow_raise
160.86852931976318,136.0,-1462.3495013741776,-778.8584751221351,-503.3531350363046,848.0746735520661,0.0,0.0,0.0,0.0,0.0,0.0,0.0,0.0,1750362248.1533797,0.0,eyebrow_raise
160.96959710121155,146.0,-1459.4174198089167,-726.3016610448249,-494.62794843968,881.2027073595673,0.0,0.0,0.0,0.0,0.0,0.0,0.0,0.0,1750362248.2569456,0.0,eyebrow_raise
161.07019329071045,157.0,-1437.7260000659153,-740.2103489800356,-450.0483409678564,903.5710489945486,0.0,0.0,0.0,0.0,0.0,0.0,0.0,0.0,1750362248.363598,0.0,eyebrow_raise
161.17097997665405,166.0,-1464.0287164542824,-803.4408375308849,-487.0770904291421,876.2697793180123,0.0,0.0,0.0,0.0,0.0,0.0,0.0,0.0,1750362248.4537177,0.0,eyebrow_raise
161.2719223499298,176.0,-1470.11353368219,-805.9390907012857,-493.0010919589549,866.0261933393776,0.0,0.0,0.0,0.0,0.0,0.0,0.0,0.0,1750362248.5569372,0.0,eyebrow_raise
161.37236952781677,185.0,-1419.748300978914,-755.7533731958829,-438.6827850025147,898.1182748591527,0.0,0.0,0.0,0.0,0.0,0.0,0.0,0.0,1750362248.646657,0.0,eyebrow_raise
161.472993850708,197.0,-1426.2744264015928,-744.391557130497,-440.30964148323983,913.1152736814691,0.0,0.0,0.0,0.0,0.0,0.0,0.0,0.0,1750362248.7669456,0.0,eyebrow_raise
161.57371854782104,106.0,-1445.918250918854,-780.6648468007334,-421.6082717548125,923.7160201058724,0.0,0.0,0.0,0.0,0.0,0.0,0.0,0.0,1750362248.8583353,0.0,eyebrow_raise
161.67481756210327,116.0,-1575.9022137788124,-821.3399987188168,-387.3395684608258,986.8978899572976,0.0,0.0,0.0,0.0,0.0,0.0,0.0,0.0,1750362248.9619334,0.0,eyebrow_raise
161.77524209022522,125.0,-1549.2516866945662,-802.7676555388607,-396.1208535567857,940.5941886059009,0.0,0.0,0.0,0.0,0.0,0.0,0.0,0.0,1750362249.05205,0.0,eyebrow_raise
161.8764374256134,137.0,-1516.688377780374,-831.467647798825,-415.9011844224297,868.5412760595791,0.0,0.0,0.0,0.0,0.0,0.0,0.0,0.0,1750362249.1722329,0.0,eyebrow_raise
161.97745656967163,146.0,-1488.2464386173524,-778.1030153310858,-420.04873347328976,897.6115184151568,0.0,0.0,0.0,0.0,0.0,0.0,0.0,0.0,1750362249.2618556,0.0,eyebrow_raise
162.079265832901,157.0,-1487.1469080303796,-813.8302796077915,-444.2683255863376,863.1221610237844,0.0,0.0,0.0,0.0,0.0,0.0,0.0,0.0,1750362249.368532,0.0,eyebrow_raise
162.18010592460632,166.0,-1440.974103177432,-843.6784211541526,-409.0048089041375,867.6362202703021,0.0,0.0,0.0,0.0,0.0,0.0,0.0,0.0,1750362249.4583108,0.0,eyebrow_raise
162.28061509132385,176.0,-1438.2402363098226,-757.1259164796211,-415.6543510253541,852.6728805475868,0.0,0.0,0.0,0.0,0.0,0.0,0.0,0.0,1750362249.5619233,0.0,eyebrow_raise
162.38168096542358,187.0,-1463.1255306149833,-733.7852008561604,-452.1669942927547,900.057412986178,0.0,0.0,0.0,0.0,0.0,0.0,0.0,0.0,1750362249.6698897,0.0,eyebrow_raise
162.4823145866394,197.0,-1432.6490858760662,-815.1055854926817,-459.4934583059512,842.2609990709461,0.0,0.0,0.0,0.0,0.0,0.0,0.0,0.0,1750362249.7720363,0.0,eyebrow_raise
162.58300518989563,106.0,-1405.648878145963,-723.8370669740252,-412.6699108607136,897.8396523124538,0.0,0.0,0.0,0.0,0.0,0.0,0.0,0.0,1750362249.8633375,0.0,eyebrow_raise
162.68340182304382,115.0,-1449.1177353309467,-765.5444312798791,-461.9767518765293,836.4155354402028,0.0,0.0,0.0,0.0,0.0,0.0,0.0,0.0,1750362249.9548316,0.0,eyebrow_raise
162.78420877456665,127.0,-1404.732602656819,-982.60074490821,-431.7695799344219,921.3598831337875,0.0,0.0,0.0,0.0,0.0,0.0,0.0,0.0,1750362250.0734391,0.0,eyebrow_raise
162.8845977783203,137.0,-1432.1872082315383,-840.4882864919491,-451.7219461980276,808.5682403701358,0.0,0.0,0.0,0.0,0.0,0.0,0.0,0.0,1750362250.177009,0.0,eyebrow_raise
162.98496341705322,146.0,-1377.8090628758073,-784.5917417542078,-387.0254168645479,835.0467320564203,0.0,0.0,0.0,0.0,0.0,0.0,0.0,0.0,1750362250.2670164,0.0,eyebrow_raise
163.08573150634766,156.0,-1390.0983741302043,-873.777135997545,-395.9450782588683,729.0691870120354,0.0,0.0,0.0,0.0,0.0,0.0,0.0,0.0,1750362250.3726578,0.0,eyebrow_raise
163.18652057647705,167.0,-1321.994795937091,-1315.6126566627065,-348.0406997264363,1072.6650156411342,0.0,0.0,0.0,0.0,0.0,0.0,0.0,0.0,1750362250.4777384,0.0,eyebrow_raise
163.28716278076172,178.0,-1352.0448920810595,-1233.581691034604,-371.7778447452001,990.3348580165766,0.0,0.0,0.0,0.0,0.0,0.0,0.0,0.0,1750362250.5832453,0.0,eyebrow_raise
163.38781452178955,187.0,-1437.5053459685296,-762.7058472135104,-444.4067018846981,1020.2951965616083,0.0,0.0,0.0,0.0,0.0,0.0,0.0,0.0,1750362250.673339,0.0,eyebrow_raise
163.4885058403015,197.0,-1461.0330565897748,-809.2975208614953,-462.3881408716552,968.4788826755248,0.0,0.0,0.0,0.0,0.0,0.0,0.0,0.0,1750362250.7782288,0.0,eyebrow_raise
163.58954524993896,107.0,-1422.0408596517518,-733.8169900057837,-428.5663556223735,931.5791597627104,0.0,0.0,0.0,0.0,0.0,0.0,0.0,0.0,1750362250.8822503,0.0,eyebrow_raise
163.69006371498108,116.0,-1485.4733028002083,-735.2381519889459,-493.6555744512007,962.590410195291,0.0,0.0,0.0,0.0,0.0,0.0,0.0,0.0,1750362250.9717636,0.0,eyebrow_raise
163.79046201705933,127.0,-1453.3400823809206,-717.4511877996847,-452.2586218416691,961.5357584077864,0.0,0.0,0.0,0.0,0.0,0.0,0.0,0.0,1750362251.0781891,0.0,eyebrow_raise
163.8911097049713,136.0,-1476.0188357122242,-689.5926730297506,-486.9910727301613,962.8110642926767,0.0,0.0,0.0,0.0,0.0,0.0,0.0,0.0,1750362251.1682887,0.0,eyebrow_raise
163.99165797233582,146.0,-1499.3932104352862,-632.6900952039286,-512.5682485271245,930.6329650739208,0.0,0.0,0.0,0.0,0.0,0.0,0.0,0.0,1750362251.271874,0.0,eyebrow_raise
164.09231209754944,157.0,-1451.6197284013033,-764.2298564454541,-443.0547280507162,948.0122801680118,0.0,0.0,0.0,0.0,0.0,0.0,0.0,0.0,1750362251.378068,0.0,eyebrow_raise
164.19335770606995,167.0,-1460.415973097086,-718.5843774862587,-450.5382678620517,978.066116211936,0.0,0.0,0.0,0.0,0.0,0.0,0.0,0.0,1750362251.4817555,0.0,eyebrow_raise
164.29396319389343,176.0,-1458.2842301223427,-771.1112723639235,-451.6153590492904,906.5480093592778,0.0,0.0,0.0,0.0,0.0,0.0,0.0,0.0,1750362251.572107,0.0,eyebrow_raise
164.3948209285736,187.0,-1463.0226833662018,-627.2560205683112,-440.48915668111295,1019.8557583168148,0.0,0.0,0.0,0.0,0.0,0.0,0.0,0.0,1750362251.6782868,0.0,eyebrow_raise
164.495582818985,197.0,-1484.0147418174893,-746.6111877541989,-456.6941431891173,946.1423301901668,0.0,0.0,0.0,0.0,0.0,0.0,0.0,0.0,1750362251.7820723,0.0,eyebrow_raise
164.59596824645996,107.0,-1457.7157653290778,-684.3568130917847,-447.2172367013991,893.7482017609291,0.0,0.0,0.0,0.0,0.0,0.0,0.0,0.0,1750362251.889581,0.0,eyebrow_raise
164.69707679748535,116.0,-1483.932464018464,-817.3401757162064,-462.4760285206139,890.6029458981939,0.0,0.0,0.0,0.0,0.0,0.0,0.0,0.0,1750362251.976821,0.0,eyebrow_raise
164.79815244674683,127.0,-1482.0625140406191,-860.3639848064631,-472.6747356997803,984.2425609887578,0.0,0.0,0.0,0.0,0.0,0.0,0.0,0.0,1750362252.0833528,0.0,eyebrow_raise
164.89883089065552,137.0,-1488.794333960861,-680.6281328359619,-477.8507572384551,940.7176053044386,0.0,0.0,0.0,0.0,0.0,0.0,0.0,0.0,1750362252.1870413,0.0,eyebrow_raise
164.99965453147888,148.0,-1439.345376746729,-880.78383856453,-433.903192859143,903.771133642178,0.0,0.0,0.0,0.0,0.0,0.0,0.0,0.0,1750362252.2934804,0.0,eyebrow_raise
165.10021924972534,157.0,-1435.220267095603,-737.6503874603659,-446.3421001117677,737.9963282062672,0.0,0.0,0.0,0.0,0.0,0.0,0.0,0.0,1750362252.383773,0.0,eyebrow_raise
165.20120644569397,167.0,-1481.47160984762,-687.2851547570899,-483.4755667718128,942.1425071875564,0.0,0.0,0.0,0.0,0.0,0.0,0.0,0.0,1750362252.4869783,0.0,eyebrow_raise
165.3015809059143,178.0,-1468.5539954006672,-773.553427034989,-459.1362978601828,930.137428329792,0.0,0.0,0.0,0.0,0.0,0.0,0.0,0.0,1750362252.5937705,0.0,eyebrow_raise
165.40253067016602,188.0,-1455.5167041551322,-768.6915570925921,-446.15136521402746,991.1912951064296,0.0,0.0,0.0,0.0,0.0,0.0,0.0,0.0,1750362252.6968513,0.0,eyebrow_raise
165.50305318832395,197.0,-1466.829901521094,-738.6040619490668,-472.80563219822943,921.2252467353828,0.0,0.0,0.0,0.0,0.0,0.0,0.0,0.0,1750362252.786707,0.0,eyebrow_raise
165.60357308387756,106.0,-1452.1433143951,-578.1099952505901,-443.6774213933386,932.8114567981102,0.0,0.0,0.0,0.0,0.0,0.0,0.0,0.0,1750362252.878196,0.0,eyebrow_raise
165.71657466888428,118.0,-1444.7869311822578,-766.7468091156334,-435.2701262929477,834.362330364529,0.0,0.0,0.0,0.0,0.0,0.0,0.0,0.0,1750362252.998152,0.0,eyebrow_raise
165.81789255142212,128.0,-1421.2966195605695,-848.4112645480782,-426.7842932934873,886.1711644507013,0.0,0.0,0.0,0.0,0.0,0.0,0.0,0.0,1750362253.1018908,0.0,eyebrow_raise
165.91833019256592,139.0,-1466.7812828216702,-791.6994216199964,-464.5759823457338,880.4304180187173,0.0,0.0,0.0,0.0,0.0,0.0,0.0,0.0,1750362253.2083356,0.0,eyebrow_raise
166.0189826488495,148.0,-1439.8502632407472,-784.6908491030335,-432.9177292208187,872.5280094123445,0.0,0.0,0.0,0.0,0.0,0.0,0.0,0.0,1750362253.298295,0.0,eyebrow_raise
166.11981391906738,160.0,-1445.7667849706486,-666.2182983066887,-441.0894106240012,881.6458855043165,0.0,0.0,0.0,0.0,0.0,0.0,0.0,0.0,1750362253.4182289,0.0,eyebrow_raise
166.22040677070618,169.0,-1436.630209378898,-746.1623997595161,-445.2481793747284,608.2217997438274,0.0,0.0,0.0,0.0,0.0,0.0,0.0,0.0,1750362253.5084865,0.0,eyebrow_raise
166.3209981918335,179.0,-1471.41501886677,-786.0222534872591,-463.0127041642554,987.4027764513156,0.0,0.0,0.0,0.0,0.0,0.0,0.0,0.0,1750362253.6119754,0.0,eyebrow_raise
166.42224216461182,188.0,-1403.730309468694,-973.50717816595,-407.6285257204436,830.5102334101684,0.0,0.0,0.0,0.0,0.0,0.0,0.0,0.0,1750362253.7022097,0.0,eyebrow_raise
166.5229594707489,199.0,-1443.8893551928925,-742.5608761021867,-471.8725271592848,974.230848807376,0.0,0.0,0.0,0.0,0.0,0.0,0.0,0.0,1750362253.8083892,0.0,eyebrow_raise
166.62370133399963,108.0,-1483.9960423177108,-784.9058933504857,-504.7462477697991,929.3987980885432,0.0,0.0,0.0,0.0,0.0,0.0,0.0,0.0,1750362253.9126952,0.0,eyebrow_raise
166.72454071044922,119.0,-1379.465838556178,-841.1577285840176,-387.36200786056,848.8563126428053,0.0,0.0,0.0,0.0,0.0,0.0,0.0,0.0,1750362254.017054,0.0,eyebrow_raise
166.82500743865967,128.0,-1467.652679511346,-758.5919572622515,-479.8534736647271,933.295773842372,0.0,0.0,0.0,0.0,0.0,0.0,0.0,0.0,1750362254.1081903,0.0,eyebrow_raise
166.92584824562073,139.0,-1434.4685472045094,-774.0227844794281,-437.64870266476646,905.9458854664116,0.0,0.0,0.0,0.0,0.0,0.0,0.0,0.0,1750362254.2131288,0.0,eyebrow_raise
167.0263912677765,149.0,-1444.5363578852266,-769.4339272337966,-440.8650166266598,966.4724263492972,0.0,0.0,0.0,0.0,0.0,0.0,0.0,0.0,1750362254.317262,0.0,eyebrow_raise
167.12730360031128,160.0,-1504.7637067716569,-730.6287252935581,-532.5860630399548,949.9682478448376,0.0,0.0,0.0,0.0,0.0,0.0,0.0,0.0,1750362254.423369,0.0,eyebrow_raise
167.2279417514801,169.0,-1413.7270620502532,-752.6417764327489,-429.574258660432,974.640367852524,0.0,0.0,0.0,0.0,0.0,0.0,0.0,0.0,1750362254.5134711,0.0,eyebrow_raise
167.32919645309448,179.0,-1448.3697553398088,-727.2628153334372,-458.8389758137055,994.2711027199402,0.0,0.0,0.0,0.0,0.0,0.0,0.0,0.0,1750362254.6168163,0.0,eyebrow_raise
167.430109500885,190.0,-1453.1119484836236,-884.7874014670961,-482.67335823131725,759.876612897031,0.0,0.0,0.0,0.0,0.0,0.0,0.0,0.0,1750362254.7236297,0.0,eyebrow_raise
167.5307490825653,0.0,-1404.8055307059549,-845.5034923325293,-426.5692490460351,817.2391984174028,0.0,0.0,0.0,0.0,0.0,0.0,0.0,0.0,1750362254.8283827,0.0,eyebrow_raise
167.63163805007937,109.0,-1479.4688934213482,-692.5565437446348,-500.7202454674989,991.2081246562302,0.0,0.0,0.0,0.0,0.0,0.0,0.0,0.0,1750362254.9183793,0.0,eyebrow_raise
167.7327790260315,118.0,-1465.2123947902585,-788.7318110051565,-490.3906417898834,992.1356198452412,0.0,0.0,0.0,0.0,0.0,0.0,0.0,0.0,1750362255.008488,0.0,eyebrow_raise
167.8337528705597,130.0,-1416.6871928651815,-742.0204605585895,-432.36983387731016,912.4607911892236,0.0,0.0,0.0,0.0,0.0,0.0,0.0,0.0,1750362255.1282356,0.0,eyebrow_raise
167.93447518348694,139.0,-1438.00836251257,-753.9769207169302,-461.9412228269503,971.5100715896116,0.0,0.0,0.0,0.0,0.0,0.0,0.0,0.0,1750362255.21978,0.0,eyebrow_raise
168.03495955467224,149.0,-1438.7974814032204,-850.5074784732424,-474.8700569737703,916.387686142698,0.0,0.0,0.0,0.0,0.0,0.0,0.0,0.0,1750362255.3219728,0.0,eyebrow_raise
168.13606977462769,160.0,-1431.493456789758,-708.5782751548104,-460.41908354498446,1004.2528957016766,0.0,0.0,0.0,0.0,0.0,0.0,0.0,0.0,1750362255.4285724,0.0,eyebrow_raise
168.23759174346924,168.0,-1429.0438223187812,-908.9022763813846,-453.9752359213308,879.9311413746327,0.0,0.0,0.0,0.0,0.0,0.0,0.0,0.0,1750362255.5172548,0.0,eyebrow_raise
168.33787655830383,181.0,-1443.9473236422054,-838.1658086194657,-467.5174136608839,951.0154198324308,0.0,0.0,0.0,0.0,0.0,0.0,0.0,0.0,1750362255.638378,0.0,eyebrow_raise
168.43871641159058,190.0,-1406.9597130804325,-857.6656469884329,-421.40818710718304,893.9408066086471,0.0,0.0,0.0,0.0,0.0,0.0,0.0,0.0,1750362255.7281823,0.0,eyebrow_raise
168.53900170326233,0.0,-1424.3034991249442,-686.0622074715793,-455.3215999053791,936.5663163536228,0.0,0.0,0.0,0.0,0.0,0.0,0.0,0.0,1750362255.8334951,0.0,eyebrow_raise
168.6404185295105,109.0,-1443.8519561933354,-869.3958431994542,-469.4958207374439,845.675527730491,0.0,0.0,0.0,0.0,0.0,0.0,0.0,0.0,1750362255.9235032,0.0,eyebrow_raise
168.74144792556763,119.0,-1439.8315637409687,-817.9834385085851,-493.2890642555431,752.1443697386421,0.0,0.0,0.0,0.0,0.0,0.0,0.0,0.0,1750362256.0268335,0.0,eyebrow_raise
168.8424587249756,129.0,-1425.8667773064226,-861.6168512916192,-486.51236553583294,790.0108567900024,0.0,0.0,0.0,0.0,0.0,0.0,0.0,0.0,1750362256.1324775,0.0,eyebrow_raise
168.94269466400146,140.0,-1400.9179047020152,-727.7546121776104,-452.5877330377698,923.2111336118542,0.0,0.0,0.0,0.0,0.0,0.0,0.0,0.0,1750362256.2370012,0.0,eyebrow_raise
169.04316449165344,149.0,-1429.2887857658789,-862.7724803779274,-489.466886500828,804.8881788137369,0.0,0.0,0.0,0.0,0.0,0.0,0.0,0.0,1750362256.3283956,0.0,eyebrow_raise
169.14422392845154,160.0,-1393.322167892009,-815.7843773346394,-428.4354591239244,910.2224610657432,0.0,0.0,0.0,0.0,0.0,0.0,0.0,0.0,1750362256.4335184,0.0,eyebrow_raise
169.24500703811646,169.0,-1452.98479188513,-776.448109600693,-491.0413843821734,933.1854467936791,0.0,0.0,0.0,0.0,0.0,0.0,0.0,0.0,1750362256.5234275,0.0,eyebrow_raise
169.34553933143616,181.0,-1429.6665156614035,-853.3329728897661,-461.6457707304508,910.9143425575458,0.0,0.0,0.0,0.0,0.0,0.0,0.0,0.0,1750362256.6435266,0.0,eyebrow_raise
169.44619345664978,190.0,-1402.922491078265,-803.3155508823693,-441.0950204739347,896.9308566232212,0.0,0.0,0.0,0.0,0.0,0.0,0.0,0.0,1750362256.733349,0.0,eyebrow_raise
169.5474717617035,0.0,-1440.8936953283846,-809.6285020075738,-479.4757437692024,848.7459855941124,0.0,0.0,0.0,0.0,0.0,0.0,0.0,0.0,1750362256.838494,0.0,eyebrow_raise
169.64833569526672,109.0,-1391.4484780142084,-856.2126958556473,-421.914943551179,853.1815069415607,0.0,0.0,0.0,0.0,0.0,0.0,0.0,0.0,1750362256.9283054,0.0,eyebrow_raise
169.74956798553467,119.0,-1395.6820447640494,-778.3704181779176,-418.0591066968627,1023.750864120666,0.0,0.0,0.0,0.0,0.0,0.0,0.0,0.0,1750362257.032148,0.0,eyebrow_raise
169.85050511360168,130.0,-1450.729632211849,-858.0190675342456,-472.6429465501569,842.2086404715665,0.0,0.0,0.0,0.0,0.0,0.0,0.0,0.0,1750362257.1385603,0.0,eyebrow_raise
169.9514515399933,139.0,-1424.6625295206904,-817.0522034196183,-438.161068958696,902.9371359520592,0.0,0.0,0.0,0.0,0.0,0.0,0.0,0.0,1750362257.228362,0.0,eyebrow_raise
170.0519313812256,150.0,-1454.7799438638613,-793.8536039944738,-484.184277813416,855.0402372195385,0.0,0.0,0.0,0.0,0.0,0.0,0.0,0.0,1750362257.3476744,0.0,eyebrow_raise
170.15266728401184,160.0,-1480.3197206612676,-772.8241465436295,-498.8110265401192,883.5046157822944,0.0,0.0,0.0,0.0,0.0,0.0,0.0,0.0,1750362257.4400156,0.0,eyebrow_raise
170.25433707237244,170.0,-1464.335388250649,-835.4674708014354,-488.7955744587816,873.354527302552,0.0,0.0,0.0,0.0,0.0,0.0,0.0,0.0,1750362257.5424433,0.0,eyebrow_raise
170.35556483268738,181.0,-1431.1475160438567,-738.6152816489339,-449.2797915269621,927.2390058641322,0.0,0.0,0.0,0.0,0.0,0.0,0.0,0.0,1750362257.648298,0.0,eyebrow_raise
170.45640015602112,190.0,-1479.6839376688004,-773.2355355387554,-499.6562439301051,875.8415607730858,0.0,0.0,0.0,0.0,0.0,0.0,0.0,0.0,1750362257.7384777,0.0,eyebrow_raise
170.55732536315918,0.0,-1451.5804594517683,-661.4461859632283,-483.3970288727433,857.3234461424872,0.0,0.0,0.0,0.0,0.0,0.0,0.0,0.0,1750362257.8434775,0.0,eyebrow_raise
170.65862822532654,110.0,-1452.5490935402922,-669.0307030733675,-469.58183843642473,850.958136417903,0.0,0.0,0.0,0.0,0.0,0.0,0.0,0.0,1750362257.947275,0.0,eyebrow_raise
170.76017308235168,119.0,-1423.5798284835182,-720.8657164592296,-446.7347896071151,918.7849620142952,0.0,0.0,0.0,0.0,0.0,0.0,0.0,0.0,1750362258.0369473,0.0,eyebrow_raise
170.86114192008972,130.0,-1449.127085080836,-651.5391909806058,-490.7234928859398,870.5626919856295,0.0,0.0,0.0,0.0,0.0,0.0,0.0,0.0,1750362258.143538,0.0,eyebrow_raise
170.96178579330444,141.0,-1455.1034452100284,-756.6191600356251,-494.4147741422057,872.0287327682599,0.0,0.0,0.0,0.0,0.0,0.0,0.0,0.0,1750362258.2625768,0.0,eyebrow_raise
171.06283402442932,151.0,-1432.061921583023,-721.9839465459809,-471.1638161176816,834.0238694185391,0.0,0.0,0.0,0.0,0.0,0.0,0.0,0.0,1750362258.3539617,0.0,eyebrow_raise
171.16357970237732,160.0,-1429.070001618471,-685.7817149749026,-475.3225848684088,928.9986287932844,0.0,0.0,0.0,0.0,0.0,0.0,0.0,0.0,1750362258.4435055,0.0,eyebrow_raise
171.26511120796204,170.0,-1444.291394438129,-778.2544812792912,-477.8357976386324,866.7479940308258,0.0,0.0,0.0,0.0,0.0,0.0,0.0,0.0,1750362258.5484648,0.0,eyebrow_raise
171.36615824699402,179.0,-1419.3761809333228,-740.8854009220377,-445.38468572311103,879.7740655764937,0.0,0.0,0.0,0.0,0.0,0.0,0.0,0.0,1750362258.6369257,0.0,eyebrow_raise
171.4668674468994,191.0,-1417.648347153794,-757.8944659205154,-456.215435994789,819.3372822925448,0.0,0.0,0.0,0.0,0.0,0.0,0.0,0.0,1750362258.7573376,0.0,eyebrow_raise
171.5677773952484,0.0,-1408.0891628670506,-756.4377748877741,-418.5135045414791,905.0576592269354,0.0,0.0,0.0,0.0,0.0,0.0,0.0,0.0,1750362258.848389,0.0,eyebrow_raise
171.66909503936768,110.0,-1391.1361963679085,-794.98492373107,-406.2167134871706,848.2597985998727,0.0,0.0,0.0,0.0,0.0,0.0,0.0,0.0,1750362258.952,0.0,eyebrow_raise
171.76978492736816,119.0,-1431.916065484751,-839.1606220076792,-470.56917202472687,797.4420380019583,0.0,0.0,0.0,0.0,0.0,0.0,0.0,0.0,1750362259.0420115,0.0,eyebrow_raise
171.87086629867554,131.0,-1441.1349188755266,-775.664600559976,-477.7011612402275,904.578952032607,0.0,0.0,0.0,0.0,0.0,0.0,0.0,0.0,1750362259.1619556,0.0,eyebrow_raise
171.97149515151978,140.0,-1413.1118485075422,-717.6811916469596,-432.1416999800131,936.4204602553508,0.0,0.0,0.0,0.0,0.0,0.0,0.0,0.0,1750362259.2521627,0.0,eyebrow_raise
172.0723578929901,151.0,-1433.075434471015,-812.6746505214833,-477.9779138369486,914.022199420724,0.0,0.0,0.0,0.0,0.0,0.0,0.0,0.0,1750362259.35865,0.0,eyebrow_raise
172.17291831970215,160.0,-1396.6525488025509,-814.7652545967139,-418.81643643788993,852.3923880509101,0.0,0.0,0.0,0.0,0.0,0.0,0.0,0.0,1750362259.4484217,0.0,eyebrow_raise
172.27454018592834,172.0,-1396.2561194072478,-837.0363588328473,-424.54970306996256,895.7827073368244,0.0,0.0,0.0,0.0,0.0,0.0,0.0,0.0,1750362259.5683866,0.0,eyebrow_raise
172.37534761428833,181.0,-1435.1697784462012,-833.5881710737012,-484.5227387594059,864.1057547121309,0.0,0.0,0.0,0.0,0.0,0.0,0.0,0.0,1750362259.6601276,0.0,eyebrow_raise
172.4768204689026,191.0,-1432.1479392820038,-880.639852416236,-467.5473328605294,888.1570513271727,0.0,0.0,0.0,0.0,0.0,0.0,0.0,0.0,1750362259.7620115,0.0,eyebrow_raise
172.57739663124084,101.0,-1381.7153883795254,-829.2723265248351,-411.8190836207941,910.6039308612236,0.0,0.0,0.0,0.0,0.0,0.0,0.0,0.0,1750362259.8670626,0.0,eyebrow_raise
172.67814922332764,109.0,-1431.9609442842193,-805.3369668084197,-456.6118653900921,863.9860779135488,0.0,0.0,0.0,0.0,0.0,0.0,0.0,0.0,1750362259.9432015,0.0,eyebrow_raise
172.77923274040222,121.0,-1420.7636838168837,-809.3349198610522,-431.51713668741286,877.6928112511523,0.0,0.0,0.0,0.0,0.0,0.0,0.0,0.0,1750362260.0633805,0.0,eyebrow_raise
172.88037872314453,131.0,-1364.6016061822884,-787.2246313230135,-378.7060094131157,857.1757200942375,0.0,0.0,0.0,0.0,0.0,0.0,0.0,0.0,1750362260.1673243,0.0,eyebrow_raise
172.98102521896362,140.0,-1422.7233913936652,-905.9327958165668,-432.9420385705307,895.4535961407237,0.0,0.0,0.0,0.0,0.0,0.0,0.0,0.0,1750362260.2570577,0.0,eyebrow_raise
173.08246612548828,151.0,-1369.0745265292935,-835.3870629523881,-376.0357208447531,923.8506565042773,0.0,0.0,0.0,0.0,0.0,0.0,0.0,0.0,1750362260.3635106,0.0,eyebrow_raise
173.18328833580017,163.0,-1400.7178200543858,-858.3126496807672,-438.5518885040656,949.1136807049623,0.0,0.0,0.0,0.0,0.0,0.0,0.0,0.0,1750362260.4833484,0.0,eyebrow_raise
173.2839393615723,172.0,-1436.9350112252869,-868.7282710573636,-463.7326349057257,828.1578363380395,0.0,0.0,0.0,0.0,0.0,0.0,0.0,0.0,1750362260.5734422,0.0,eyebrow_raise
173.38463068008423,182.0,-1455.6606903034262,-839.1793215074576,-472.05391230713576,866.8097023800947,0.0,0.0,0.0,0.0,0.0,0.0,0.0,0.0,1750362260.6768987,0.0,eyebrow_raise
173.48573279380798,191.0,-1336.4625989156775,-962.6820377442054,-353.8618540074676,1124.6271856254898,0.0,0.0,0.0,0.0,0.0,0.0,0.0,0.0,1750362260.7684484,0.0,eyebrow_raise
173.5872163772583,103.0,-1412.6144418134354,-933.946516434662,-434.54084580158815,1047.6002061381005,0.0,0.0,0.0,0.0,0.0,0.0,0.0,0.0,1750362260.8882246,0.0,eyebrow_raise
173.68902039527893,112.0,-1438.5356884063222,-886.4797061970457,-435.8498107860796,942.9652851778084,0.0,0.0,0.0,0.0,0.0,0.0,0.0,0.0,1750362260.9783792,0.0,eyebrow_raise
173.79019141197205,122.0,-1408.579089761246,-944.3097792118788,-411.2562286774628,891.5192213873379,0.0,0.0,0.0,0.0,0.0,0.0,0.0,0.0,1750362261.0848582,0.0,eyebrow_raise
173.890798330307,131.0,-1434.2385433572344,-756.873473232612,-423.79611322889104,44.14951897691935,0.0,0.0,0.0,0.0,0.0,0.0,0.0,0.0,1750362261.1717184,0.0,eyebrow_raise
173.9913718700409,140.0,-1472.8530103997327,-833.1898717284203,-485.5643008970656,-25.36400149948895,0.0,0.0,0.0,0.0,0.0,0.0,0.0,0.0,1750362261.26202,0.0,eyebrow_raise
174.09299039840698,152.0,-1462.3551112241112,-840.3368205437437,-458.3789681191556,11.773205060511827,0.0,0.0,0.0,0.0,0.0,0.0,0.0,0.0,1750362261.3820436,0.0,eyebrow_raise
174.19477605819702,163.0,-1458.2599207726307,-965.1859007645398,-461.2474713851698,-97.9330202396959,0.0,0.0,0.0,0.0,0.0,0.0,0.0,0.0,1750362261.4883263,0.0,eyebrow_raise
174.29555678367615,172.0,-1403.0589974266477,-861.197982496582,-412.9092644578777,48.32324732746929,0.0,0.0,0.0,0.0,0.0,0.0,0.0,0.0,1750362261.5783253,0.0,eyebrow_raise
174.3961682319641,182.0,-1494.159220447298,-1597.3094011251817,-490.9946356327273,143.08857230469584,0.0,0.0,0.0,0.0,0.0,0.0,0.0,0.0,1750362261.6823516,0.0,eyebrow_raise
174.4978609085083,193.0,-1478.855549828615,-1756.6403589374386,-500.4528426206671,-135.20112329814583,0.0,0.0,0.0,0.0,0.0,0.0,0.0,0.0,1750362261.7889695,0.0,eyebrow_raise
174.59839749336243,103.0,-1453.143737633247,-943.438382522203,-477.0504186479375,952.617966963444,0.0,0.0,0.0,0.0,0.0,0.0,0.0,0.0,1750362261.8932447,0.0,eyebrow_raise
174.69885635375977,112.0,-1467.7667464599945,-699.1593371164054,-487.1518884282559,1069.8638305743225,0.0,0.0,0.0,0.0,0.0,0.0,0.0,0.0,1750362261.9835503,0.0,eyebrow_raise
174.7996633052826,122.0,-1423.366654186044,-1010.6930034253746,-431.3002224899829,947.4120262251236,0.0,0.0,0.0,0.0,0.0,0.0,0.0,0.0,1750362262.0868187,0.0,eyebrow_raise
174.9018270969391,132.0,-1441.7407826683484,-748.3427614336833,-454.3978446163237,935.1189750707708,0.0,0.0,0.0,0.0,0.0,0.0,0.0,0.0,1750362262.1940887,0.0,eyebrow_raise
175.0024528503418,142.0,-1425.423599161673,-818.5706028016284,-440.52281578071415,875.5236692768522,0.0,0.0,0.0,0.0,0.0,0.0,0.0,0.0,1750362262.2834022,0.0,eyebrow_raise
175.10373711586,152.0,-1361.3927720203064,-1080.2925416007638,-380.87141148746014,727.0533809359185,0.0,0.0,0.0,0.0,0.0,0.0,0.0,0.0,1750362262.3870132,0.0,eyebrow_raise
175.20493960380554,161.0,-1480.1495552132835,-717.2492332020774,-509.99519735760987,925.709386782255,0.0,0.0,0.0,0.0,0.0,0.0,0.0,0.0,1750362262.477006,0.0,eyebrow_raise
175.3057382106781,173.0,-1453.4541493295692,-845.6212991811335,-478.9652474252507,1016.2822839091532,0.0,0.0,0.0,0.0,0.0,0.0,0.0,0.0,1750362262.5971043,0.0,eyebrow_raise
175.40626096725464,184.0,-1456.2702939962037,-737.9196602571756,-466.0513728782535,957.8613067013212,0.0,0.0,0.0,0.0,0.0,0.0,0.0,0.0,1750362262.704014,0.0,eyebrow_raise
175.50701594352722,192.0,-1462.0035606282763,-598.6532657071948,-474.6307033766061,1030.3779668421485,0.0,0.0,0.0,0.0,0.0,0.0,0.0,0.0,1750362262.793722,0.0,eyebrow_raise
175.60790276527405,103.0,-1440.4449073337018,-686.5820535654202,-454.6615075631999,962.2369896494783,0.0,0.0,0.0,0.0,0.0,0.0,0.0,0.0,1750362262.899798,0.0,eyebrow_raise
175.70839405059814,113.0,-1405.8620524434373,-854.8251929720864,-427.5921116839163,851.09090286633,0.0,0.0,0.0,0.0,0.0,0.0,0.0,0.0,1750362263.0021324,0.0,eyebrow_raise
175.8089690208435,122.0,-1472.30885495618,-802.9789598863572,-481.8617999409325,966.0703871040604,0.0,0.0,0.0,0.0,0.0,0.0,0.0,0.0,1750362263.0920055,0.0,eyebrow_raise
175.90961909294128,133.0,-1395.2444764692336,-877.50394630339,-409.674250996206,920.4810066442004,0.0,0.0,0.0,0.0,0.0,0.0,0.0,0.0,1750362263.19829,0.0,eyebrow_raise
176.0104274749756,143.0,-1421.337758460082,-815.776897534728,-425.6361440070905,920.630602642428,0.0,0.0,0.0,0.0,0.0,0.0,0.0,0.0,1750362263.3021033,0.0,eyebrow_raise
176.11134576797485,152.0,-1402.9150112783536,-934.0848927330226,-426.6758361947723,915.9445079979488,0.0,0.0,0.0,0.0,0.0,0.0,0.0,0.0,1750362263.3925004,0.0,eyebrow_raise
176.2121603488922,164.0,-1442.9057615045458,-833.5601218240336,-464.36280804825947,868.5076169599779,0.0,0.0,0.0,0.0,0.0,0.0,0.0,0.0,1750362263.512157,0.0,eyebrow_raise
176.31276416778564,173.0,-1435.6690550902858,-683.7210300993174,-442.0767442123033,1024.715758309234,0.0,0.0,0.0,0.0,0.0,0.0,0.0,0.0,1750362263.6020837,0.0,eyebrow_raise
176.41368174552915,184.0,-1450.864268610254,-878.7418531887233,-477.6207533911802,823.1575900972821,0.0,0.0,0.0,0.0,0.0,0.0,0.0,0.0,1750362263.7085297,0.0,eyebrow_raise
176.51416420936584,193.0,-1377.7342648766935,-827.1200141003355,-397.29892204282805,894.2044695555232,0.0,0.0,0.0,0.0,0.0,0.0,0.0,0.0,1750362263.7984853,0.0,eyebrow_raise
176.61512351036072,102.0,-1436.3160577826202,-881.8497100519016,-456.0639700465836,716.4694640613161,0.0,0.0,0.0,0.0,0.0,0.0,0.0,0.0,1750362263.9022126,0.0,eyebrow_raise
176.7157063484192,113.0,-1434.5022063041106,-750.1977518117055,-459.02971071144566,902.4397292579524,0.0,0.0,0.0,0.0,0.0,0.0,0.0,0.0,1750362264.0072043,0.0,eyebrow_raise
176.816477060318,124.0,-1420.4888011701405,-871.5014068745077,-436.72120747575536,980.6485171313398,0.0,0.0,0.0,0.0,0.0,0.0,0.0,0.0,1750362264.1135712,0.0,eyebrow_raise
176.917573928833,133.0,-1453.4485394796357,-777.5850391872227,-470.81039557186887,887.622245633509,0.0,0.0,0.0,0.0,0.0,0.0,0.0,0.0,1750362264.203514,0.0,eyebrow_raise
177.018146276474,143.0,-1438.006492562592,-743.3387752929702,-451.6770673985593,873.3994061020203,0.0,0.0,0.0,0.0,0.0,0.0,0.0,0.0,1750362264.3071065,0.0,eyebrow_raise
177.11899089813232,152.0,-1460.6852458938956,-782.7610607258976,-485.2202301011421,881.5897870049812,0.0,0.0,0.0,0.0,0.0,0.0,0.0,0.0,1750362264.3969295,0.0,eyebrow_raise
177.2202506065369,164.0,-1425.354411012493,-818.1666936064139,-447.50707894796506,854.3259163280018,0.0,0.0,0.0,0.0,0.0,0.0,0.0,0.0,1750362264.517422,0.0,eyebrow_raise
177.3212387561798,173.0,-1444.1848072893918,-868.8348582061008,-454.467032765504,926.0684171780013,0.0,0.0,0.0,0.0,0.0,0.0,0.0,0.0,1750362264.6070728,0.0,eyebrow_raise
177.42241549491882,184.0,-1430.975480645895,-815.9115339331329,-437.38690966786817,911.647362948861,0.0,0.0,0.0,0.0,0.0,0.0,0.0,0.0,1750362264.713478,0.0,eyebrow_raise
177.52339005470276,193.0,-1383.4114330094308,-812.930833668448,-410.8298800825141,927.0146118667908,0.0,0.0,0.0,0.0,0.0,0.0,0.0,0.0,1750362264.8034203,0.0,eyebrow_raise
177.62432622909546,104.0,-1440.6917407307774,-683.2628923547454,-452.2361824419349,1098.7564276820049,0.0,0.0,0.0,0.0,0.0,0.0,0.0,0.0,1750362264.9223046,0.0,eyebrow_raise
177.72531867027283,112.0,-1410.435950089246,-785.9418456382118,-421.6811998039484,894.0492637073621,0.0,0.0,0.0,0.0,0.0,0.0,0.0,0.0,1750362264.9985397,0.0,eyebrow_raise
177.82638812065125,124.0,-1399.1751113226635,-876.899952460546,-432.67650567367673,881.6066165547818,0.0,0.0,0.0,0.0,0.0,0.0,0.0,0.0,1750362265.1184037,0.0,eyebrow_raise
177.92765879631042,134.0,-1400.9253845019266,-803.1902642338537,-440.6237930795178,1048.305177279748,0.0,0.0,0.0,0.0,0.0,0.0,0.0,0.0,1750362265.2218225,0.0,eyebrow_raise
178.0282964706421,145.0,-1386.253756975755,-889.1930036148988,-469.3424848392606,872.1932883663103,0.0,0.0,0.0,0.0,0.0,0.0,0.0,0.0,1750362265.328257,0.0,eyebrow_raise
178.12894701957703,154.0,-1379.5406365552917,-812.9813223178498,-425.63053415715694,1082.9104715697467,0.0,0.0,0.0,0.0,0.0,0.0,0.0,0.0,1750362265.4183583,0.0,eyebrow_raise
178.2294375896454,163.0,-1429.950748058036,-928.1552813532762,-471.1189373182133,914.3980593662708,0.0,0.0,0.0,0.0,0.0,0.0,0.0,0.0,1750362265.5084243,0.0,eyebrow_raise
178.33011841773987,174.0,-1399.0890936236829,-821.747647813987,-450.7477022595704,931.5567203629762,0.0,0.0,0.0,0.0,0.0,0.0,0.0,0.0,1750362265.6276956,0.0,eyebrow_raise
178.4306604862213,184.0,-1454.5705094663426,-629.0455626971088,-491.6696875747293,1114.8454772913828,0.0,0.0,0.0,0.0,0.0,0.0,0.0,0.0,1750362265.7183738,0.0,eyebrow_raise
178.53129029273987,194.0,-1453.8973274743184,-757.9337348700501,-477.6600223407149,1066.914919459261,0.0,0.0,0.0,0.0,0.0,0.0,0.0,0.0,1750362265.821705,0.0,eyebrow_raise
178.63207387924194,103.0,-1421.7397977053188,-833.5264627244323,-456.0864094463177,979.94541593967,0.0,0.0,0.0,0.0,0.0,0.0,0.0,0.0,1750362265.913308,0.0,eyebrow_raise
178.73292183876038,114.0,-1439.5417214944027,-921.2944348845632,-487.4305109749548,876.2230305685662,0.0,0.0,0.0,0.0,0.0,0.0,0.0,0.0,1750362266.0326345,0.0,eyebrow_raise
178.83343601226807,124.0,-1449.8638453721069,-848.2317493502051,-470.32794847758487,719.0238157310523,0.0,0.0,0.0,0.0,0.0,0.0,0.0,0.0,1750362266.1233504,0.0,eyebrow_raise
178.93410396575928,133.0,-1439.863352890592,-851.115212216042,-465.73909123195335,913.9548812215216,0.0,0.0,0.0,0.0,0.0,0.0,0.0,0.0,1750362266.2133627,0.0,eyebrow_raise
179.03502488136292,143.0,-1360.7046304284595,-852.1586443036795,-387.6761594568379,1023.2945963260718,0.0,0.0,0.0,0.0,0.0,0.0,0.0,0.0,1750362266.319888,0.0,eyebrow_raise
179.1356611251831,153.0,-1415.2286318824629,-865.1959355492145,-440.7789989276789,1065.166516229976,0.0,0.0,0.0,0.0,0.0,0.0,0.0,0.0,1750362266.4227417,0.0,eyebrow_raise
179.23642563819885,164.0,-1465.3320715888403,-917.932264824398,-488.4328041630797,917.7396599766798,0.0,0.0,0.0,0.0,0.0,0.0,0.0,0.0,1750362266.5271685,0.0,eyebrow_raise
179.3369369506836,173.0,-1426.803622245323,-784.5936117041856,-444.0364517890848,964.8549196184612,0.0,0.0,0.0,0.0,0.0,0.0,0.0,0.0,1750362266.616897,0.0,eyebrow_raise
179.43777751922607,184.0,-1495.812256227713,-768.1904104985297,-497.82369295181707,931.027524519246,0.0,0.0,0.0,0.0,0.0,0.0,0.0,0.0,1750362266.7233157,0.0,eyebrow_raise
179.5383427143097,194.0,-1484.3158037639223,-799.6018302263692,-499.9928349261172,966.0442078043708,0.0,0.0,0.0,0.0,0.0,0.0,0.0,0.0,1750362266.8268297,0.0,eyebrow_raise
179.63940978050232,104.0,-1458.1982124233618,-684.510148989968,-480.17323511093855,966.4443770996296,0.0,0.0,0.0,0.0,0.0,0.0,0.0,0.0,1750362266.9319072,0.0,eyebrow_raise
179.7402904033661,113.0,-1410.4808288887143,-879.1869012834504,-414.6389681873843,864.0833153123967,0.0,0.0,0.0,0.0,0.0,0.0,0.0,0.0,1750362267.0219636,0.0,eyebrow_raise
179.84061670303345,124.0,-1438.7395129539073,-815.185993341729,-445.11167302634567,912.9563279333524,0.0,0.0,0.0,0.0,0.0,0.0,0.0,0.0,1750362267.128371,0.0,eyebrow_raise
179.94174981117249,134.0,-1434.992133198306,-774.3275863258168,-445.4071251228452,799.7906951741315,0.0,0.0,0.0,0.0,0.0,0.0,0.0,0.0,1750362267.231998,0.0,eyebrow_raise
180.0436236858368,145.0,-1535.4047071086245,-465.4903878849,-542.943715967238,881.5523880054243,0.0,0.0,0.0,0.0,0.0,0.0,0.0,0.0,1750362267.3385713,0.0,eyebrow_raise
180.1441552639008,154.0,-1491.2140492321923,-569.1903338562697,-493.8238699492067,926.6518415710888,0.0,0.0,0.0,0.0,0.0,0.0,0.0,0.0,1750362267.428333,0.0,eyebrow_raise
180.24496030807492,164.0,-1484.7365425089374,-655.8587754294276,-490.1886871922761,872.0306027182378,0.0,0.0,0.0,0.0,0.0,0.0,0.0,0.0,1750362267.532101,0.0,eyebrow_raise
180.3463129997253,173.0,-1448.7250458355993,-742.545916502364,-451.3236468527466,998.0577514250764,0.0,0.0,0.0,0.0,0.0,0.0,0.0,0.0,1750362267.6220152,0.0,eyebrow_raise
180.44691252708435,185.0,-1448.7736645350233,-785.9025766886771,-462.15813702438027,804.1663781222887,0.0,0.0,0.0,0.0,0.0,0.0,0.0,0.0,1750362267.7424512,0.0,eyebrow_raise
180.5471818447113,194.0,-1453.5607364783064,-706.605477928184,-466.34682497475296,841.756112576928,0.0,0.0,0.0,0.0,0.0,0.0,0.0,0.0,1750362267.8318417,0.0,eyebrow_raise
180.64769983291623,103.0,-1446.98038250627,-842.5302718677558,-476.4183755554259,866.0542425890453,0.0,0.0,0.0,0.0,0.0,0.0,0.0,0.0,1750362267.9234395,0.0,eyebrow_raise
180.7484240531921,115.0,-1475.8935490637086,-799.1362126818858,-499.1233081864193,866.6713260817342,0.0,0.0,0.0,0.0,0.0,0.0,0.0,0.0,1750362268.043402,0.0,eyebrow_raise
180.8487617969513,124.0,-1382.141736974474,-819.9450160353445,-392.113550754264,698.7011993718334,0.0,0.0,0.0,0.0,0.0,0.0,0.0,0.0,1750362268.1336863,0.0,eyebrow_raise
180.94940662384036,134.0,-1339.9706250741149,-660.6813764222898,-365.89685206487775,822.1964358086698,0.0,0.0,0.0,0.0,0.0,0.0,0.0,0.0,1750362268.237018,0.0,eyebrow_raise
181.04973697662356,143.0,-1428.8493475210853,-841.0455315853469,-457.74879497662187,833.4385750754736,0.0,0.0,0.0,0.0,0.0,0.0,0.0,0.0,1750362268.326946,0.0,eyebrow_raise
181.1508069038391,155.0,-1429.081221318338,-1058.4795751092024,-457.6889565773308,-133.21897632163018,0.0,0.0,0.0,0.0,0.0,0.0,0.0,0.0,1750362268.4469976,0.0,eyebrow_raise
181.25150084495544,164.0,-1383.0206134640612,-933.5482170893812,-400.4797069551423,-302.00814112182707,0.0,0.0,0.0,0.0,0.0,0.0,0.0,0.0,1750362268.538478,0.0,eyebrow_raise
181.35202765464783,175.0,-1455.410117006395,-1873.573940902017,-469.0208534430713,-61.57745277043432,0.0,0.0,0.0,0.0,0.0,0.0,0.0,0.0,1750362268.6434808,0.0,eyebrow_raise
181.452543258667,184.0,-1412.8313560108654,-1952.1454990711063,-416.3107034675777,127.30245459172876,0.0,0.0,0.0,0.0,0.0,0.0,0.0,0.0,1750362268.733215,0.0,eyebrow_raise
181.5530617237091,194.0,-1379.5088474056683,-2139.2152948547155,-392.547379149124,-1015.1229149228892,0.0,0.0,0.0,0.0,0.0,0.0,0.0,0.0,1750362268.8368366,0.0,eyebrow_raise
181.65357875823972,104.0,-1330.052410391625,-1228.394449796062,-341.18733305763453,784.7170284027234,0.0,0.0,0.0,0.0,0.0,0.0,0.0,0.0,1750362268.9417777,0.0,eyebrow_raise
181.75409746170044,113.0,-1336.5074777151458,-1149.59101782972,-353.6262403102592,702.4654086772352,0.0,0.0,0.0,0.0,0.0,0.0,0.0,0.0,1750362269.031696,0.0,eyebrow_raise
181.8546147346497,125.0,-1391.95897435816,-833.277759377379,-400.69288125261664,1974.160420160275,0.0,0.0,0.0,0.0,0.0,0.0,0.0,0.0,1750362269.1518345,0.0,eyebrow_raise
181.9556250572205,134.0,-1452.8632451365702,-920.017259049695,-457.9208303745836,1979.373840698507,0.0,0.0,0.0,0.0,0.0,0.0,0.0,0.0,1750362269.24182,0.0,eyebrow_raise
182.0562002658844,145.0,-1387.8937031063251,-997.1601754357108,-408.68878735788167,1901.0752952261828,0.0,0.0,0.0,0.0,0.0,0.0,0.0,0.0,1750362269.3482444,0.0,eyebrow_raise
182.15722274780276,154.0,-1449.669370574411,-754.8183982069604,-462.15813702438027,2191.0633978904225,0.0,0.0,0.0,0.0,0.0,0.0,0.0,0.0,1750362269.438243,0.0,eyebrow_raise
182.2587625980377,165.0,-1434.7845687507652,-696.389941199217,-449.3190604764968,2150.870693066623,0.0,0.0,0.0,0.0,0.0,0.0,0.0,0.0,1750362269.557449,0.0,eyebrow_raise
182.3652880191803,176.0,-1435.9252382372506,-915.5368589027784,-454.56240021437407,1700.396003503818,0.0,0.0,0.0,0.0,0.0,0.0,0.0,0.0,1750362269.6621947,0.0,eyebrow_raise
182.4658350944519,185.0,-1397.9315945873968,-934.7861239747144,-415.84321597311646,-237.32470143819228,0.0,0.0,0.0,0.0,0.0,0.0,0.0,0.0,1750362269.7518888,0.0,eyebrow_raise
182.5663638114929,194.0,-1497.2745571103878,-1657.6695164600387,-501.4196067592129,-731.823623329401,0.0,0.0,0.0,0.0,0.0,0.0,0.0,0.0,1750362269.8421636,0.0,eyebrow_raise
182.66688203811648,106.0,-1435.1866079960018,-790.859814079944,-446.65438175806776,950.7760662352666,0.0,0.0,0.0,0.0,0.0,0.0,0.0,0.0,1750362269.9631472,0.0,eyebrow_raise
182.76752614974976,115.0,-1426.8167118951678,-909.6502563725226,-430.8233852456324,1018.4084170339628,0.0,0.0,0.0,0.0,0.0,0.0,0.0,0.0,1750362270.0532477,0.0,eyebrow_raise
182.86804366111755,124.0,-1417.8147727018222,-1984.7088079852983,-440.7116807284765,669.8385214637965,0.0,0.0,0.0,0.0,0.0,0.0,0.0,0.0,1750362270.1432347,0.0,eyebrow_raise
182.96856427192688,136.0,-1426.9887472931296,-1794.1160264434293,-438.20220785820857,-1068.5492557398975,0.0,0.0,0.0,0.0,0.0,0.0,0.0,0.0,1750362270.263368,0.0,eyebrow_raise
183.06926345825195,145.0,-1445.2394590768963,-1663.5112401908264,-460.9594990885817,-994.2411835202948,0.0,0.0,0.0,0.0,0.0,0.0,0.0,0.0,1750362270.353156,0.0,eyebrow_raise
183.16954445838928,155.0,-1464.8365348447114,-1683.957273248583,-484.9135583047755,-1009.4999753395095,0.0,0.0,0.0,0.0,0.0,0.0,0.0,0.0,1750362270.4569235,0.0,eyebrow_raise
183.2702729701996,164.0,-1532.0387971485034,-2578.2066216035746,-556.7869556532241,-889.2995907636359,0.0,0.0,0.0,0.0,0.0,0.0,0.0,0.0,1750362270.5469687,0.0,eyebrow_raise
183.37109541893005,176.0,-1453.6691935770214,-2752.6617348366417,-482.3180677355267,-976.8656083261594,0.0,0.0,0.0,0.0,0.0,0.0,0.0,0.0,1750362270.6673353,0.0,eyebrow_raise
183.47190046310425,185.0,-1457.678366329521,-2643.4529162305407,-484.4722501100041,-997.5210757814348,0.0,0.0,0.0,0.0,0.0,0.0,0.0,0.0,1750362270.7583835,0.0,eyebrow_raise
183.5726158618927,196.0,-1422.871117441915,-3742.910575154237,-437.13633637083694,-890.1111490540206,0.0,0.0,0.0,0.0,0.0,0.0,0.0,0.0,1750362270.8634875,0.0,eyebrow_raise
183.67360591888428,104.0,-1417.526800405234,-697.8821612815373,-445.87648256728426,837.2102641807869,0.0,0.0,0.0,0.0,0.0,0.0,0.0,0.0,1750362270.9518335,0.0,eyebrow_raise
183.77556037902832,116.0,-1475.3007749207318,-631.1997450715862,-481.0165825509466,1106.860790885985,0.0,0.0,0.0,0.0,0.0,0.0,0.0,0.0,1750362271.0724778,0.0,eyebrow_raise
183.87668824195865,125.0,-1484.897358207032,-783.5969283659942,-433.38521671528,-104.86118490761146,0.0,0.0,0.0,0.0,0.0,0.0,0.0,0.0,1750362271.1619394,0.0,eyebrow_raise
183.9771273136139,136.0,-1405.817173643969,-800.4975362657569,-305.3796609318815,-30.650350086856637,0.0,0.0,0.0,0.0,0.0,0.0,0.0,0.0,1750362271.2686143,0.0,eyebrow_raise
184.07793021202087,145.0,-1473.984330136329,-848.2485789000057,-418.0329273971729,-64.61986138438806,0.0,0.0,0.0,0.0,0.0,0.0,0.0,0.0,1750362271.3592124,0.0,eyebrow_raise
184.17862105369568,155.0,-1510.0257460093126,-672.7762128789909,-480.5229157567956,-23.23786837467924,0.0,0.0,0.0,0.0,0.0,0.0,0.0,0.0,1750362271.4620357,0.0,eyebrow_raise
184.2794635295868,166.0,-1329.2464619511738,-1034.869586688932,-298.0831161183305,-2798.309083745815,0.0,0.0,0.0,0.0,0.0,0.0,0.0,0.0,1750362271.5686283,0.0,eyebrow_raise
184.38023400306705,176.0,-1433.6943879136816,-1672.9058688795194,-418.8482255875133,-2953.1708611110225,0.0,0.0,0.0,0.0,0.0,0.0,0.0,0.0,1750362271.6723273,0.0,eyebrow_raise
184.4807391166687,185.0,-1476.684537904337,-1749.2447067750618,-477.3963593938388,-3015.148483176716,0.0,0.0,0.0,0.0,0.0,0.0,0.0,0.0,1750362271.762295,0.0,eyebrow_raise
184.5815703868866,197.0,-1378.078335672617,-2011.8941407632085,-395.82540146028623,-4045.421732820105,0.0,0.0,0.0,0.0,0.0,0.0,0.0,0.0,1750362271.8819385,0.0,eyebrow_raise
184.68231225013733,106.0,-1433.3465772178024,-937.6901562903076,-440.4629773814231,941.8788442406805,0.0,0.0,0.0,0.0,0.0,0.0,0.0,0.0,1750362271.973575,0.0,eyebrow_raise
184.78313040733337,116.0,-1429.1578892674297,-1002.5849003214388,-440.7472097780556,-75.83956125145778,0.0,0.0,0.0,0.0,0.0,0.0,0.0,0.0,1750362272.0770097,0.0,eyebrow_raise
184.88380908966064,125.0,-1474.754749527201,-805.1892407601699,-494.3287564432249,21.83914579125121,0.0,0.0,0.0,0.0,0.0,0.0,0.0,0.0,1750362272.1669707,0.0,eyebrow_raise
184.98454928398127,136.0,-1426.1098708035424,-762.3075478682294,-583.2448778897524,-180.5567600107752,0.0,0.0,0.0,0.0,0.0,0.0,0.0,0.0,1750362272.273364,0.0,eyebrow_raise
185.0855016708374,145.0,-1397.5744341416284,-724.4896795162931,-516.1585524845868,14.228449381422251,0.0,0.0,0.0,0.0,0.0,0.0,0.0,0.0,1750362272.363451,0.0,eyebrow_raise
185.18617606163025,157.0,-1402.2380893863738,-942.4585287338124,-471.9155360087752,-193.7735664541833,0.0,0.0,0.0,0.0,0.0,0.0,0.0,0.0,1750362272.4837036,0.0,eyebrow_raise
185.287056684494,166.0,-1457.1622601356355,-832.5279094362631,-517.2206840720028,-72.0173834967427,0.0,0.0,0.0,0.0,0.0,0.0,0.0,0.0,1750362272.5733478,0.0,eyebrow_raise
185.38761925697327,176.0,-1443.627562195994,-693.2727345861495,-511.82400843594223,-31.23377447994426,0.0,0.0,0.0,0.0,0.0,0.0,0.0,0.0,1750362272.677217,0.0,eyebrow_raise
185.48862671852112,185.0,-1458.3814675211906,-569.9158744476736,-501.9992912523449,74.94572516204789,0.0,0.0,0.0,0.0,0.0,0.0,0.0,0.0,1750362272.7670536,0.0,eyebrow_raise
185.5895004272461,197.0,-1419.1536568859592,-797.1409760555252,-446.181284413673,85.88493253244087,0.0,0.0,0.0,0.0,0.0,0.0,0.0,0.0,1750362272.8872356,0.0,eyebrow_raise
185.69018125534055,106.0,-1389.619666935876,-991.0996675575152,-430.0754052544944,808.8019841173664,0.0,0.0,0.0,0.0,0.0,0.0,0.0,0.0,1750362272.9798937,0.0,eyebrow_raise
185.7915756702423,116.0,-1419.965215176344,-740.0177441323176,-457.0139046353288,992.5769280400128,0.0,0.0,0.0,0.0,0.0,0.0,0.0,0.0,1750362273.082311,0.0,eyebrow_raise
185.892187833786,125.0,-1412.3806980662048,-825.7025920171291,-430.441915450152,908.1786057399586,0.0,0.0,0.0,0.0,0.0,0.0,0.0,0.0,1750362273.171948,0.0,eyebrow_raise
185.9926953315735,137.0,-1454.6041685659438,-810.3091637995094,-474.9803840224631,904.060975888744,0.0,0.0,0.0,0.0,0.0,0.0,0.0,0.0,1750362273.2922375,0.0,eyebrow_raise
186.09437370300293,146.0,-1481.3369734492153,-759.551241600886,-495.2880407818593,-74.44457856798545,0.0,0.0,0.0,0.0,0.0,0.0,0.0,0.0,1750362273.3823888,0.0,eyebrow_raise
186.1954998970032,157.0,-1459.2192051112652,-817.5570899136364,-467.8446549070068,-58.389188058208674,0.0,0.0,0.0,0.0,0.0,0.0,0.0,0.0,1750362273.4885263,0.0,eyebrow_raise
186.29654932022092,166.0,-1440.1232759375123,-741.5548430141062,-465.0135506405495,120.1910348259844,0.0,0.0,0.0,0.0,0.0,0.0,0.0,0.0,1750362273.5785005,0.0,eyebrow_raise
186.3974084854126,178.0,-1380.4606519443914,-852.2895408021286,-396.66687895031646,-1129.4049078188837,0.0,0.0,0.0,0.0,0.0,0.0,0.0,0.0,1750362273.6984296,0.0,eyebrow_raise
186.4986033439636,187.0,-1414.5872390400618,-732.1564744254574,-422.5731659433805,-1336.262514268048,0.0,0.0,0.0,0.0,0.0,0.0,0.0,0.0,1750362273.788617,0.0,eyebrow_raise
186.59996008872983,196.0,-1435.654095490463,-743.630487489514,-452.76537828566507,-2073.9559105779044,0.0,0.0,0.0,0.0,0.0,0.0,0.0,0.0,1750362273.8784971,0.0,eyebrow_raise
186.70080161094663,104.0,-1435.992556436453,-714.2647930374369,-441.8691797647625,984.4463855363427,0.0,0.0,0.0,0.0,0.0,0.0,0.0,0.0,1750362273.9673536,0.0,eyebrow_raise
186.8016755580902,116.0,-1419.0134106376208,-873.2068012543023,-427.679999332875,933.7857007365674,0.0,0.0,0.0,0.0,0.0,0.0,0.0,0.0,1750362274.0883272,0.0,eyebrow_raise
186.9029142856598,127.0,-1415.5465233786963,-989.9702177708969,-457.7525348765776,701.9119034837931,0.0,0.0,0.0,0.0,0.0,0.0,0.0,0.0,1750362274.1935475,0.0,eyebrow_raise
187.0031936168671,137.0,-1417.3902940568514,-999.2489095609636,-430.3914268007502,889.2808912638575,0.0,0.0,0.0,0.0,0.0,0.0,0.0,0.0,1750362274.2970085,0.0,eyebrow_raise
187.1036877632141,146.0,-1391.248393366579,-791.3142119245604,-400.5582448542118,836.2827689917758,0.0,0.0,0.0,0.0,0.0,0.0,0.0,0.0,1750362274.3899424,0.0,eyebrow_raise
187.20483994483948,157.0,-1409.820736546535,-1042.1605216525495,-434.5801147511229,939.204815772362,0.0,0.0,0.0,0.0,0.0,0.0,0.0,0.0,1750362274.4933846,0.0,eyebrow_raise
187.30601048469543,167.0,-1441.142398675438,-860.9100101999938,-465.8793374802917,919.4095253068954,0.0,0.0,0.0,0.0,0.0,0.0,0.0,0.0,1750362274.5973277,0.0,eyebrow_raise
187.40691328048703,178.0,-1386.5024603228085,-830.4709644606337,-412.0808766176924,865.44276894629,0.0,0.0,0.0,0.0,0.0,0.0,0.0,0.0,1750362274.703688,0.0,eyebrow_raise
187.50775170326236,187.0,-1464.370917300228,-814.8755816454068,-490.6374751869589,878.8652698872611,0.0,0.0,0.0,0.0,0.0,0.0,0.0,0.0,1750362274.7933364,0.0,eyebrow_raise
187.60843968391416,196.0,-1381.6705095800571,-875.6489559253678,-404.5449782069773,65.98866476817057,0.0,0.0,0.0,0.0,0.0,0.0,0.0,0.0,1750362274.8838449,0.0,eyebrow_raise
187.70946884155276,106.0,-1402.7485857303254,-828.2158047873527,-429.1217307657935,892.6262317742221,0.0,0.0,0.0,0.0,0.0,0.0,0.0,0.0,1750362274.9882329,0.0,eyebrow_raise
187.8107800483704,118.0,-1451.9918484468944,-773.5235078353435,-478.33133438276127,848.1438617012464,0.0,0.0,0.0,0.0,0.0,0.0,0.0,0.0,1750362275.1082468,0.0,eyebrow_raise
187.911274433136,127.0,-1446.7522486089729,-617.188209887594,-475.4254321171902,797.0792677062564,0.0,0.0,0.0,0.0,0.0,0.0,0.0,0.0,1750362275.199798,0.0,eyebrow_raise
188.01165509223935,137.0,-1449.6544109745882,-580.0809225272387,-469.7033851849847,936.925346749369,0.0,0.0,0.0,0.0,0.0,0.0,0.0,0.0,1750362275.302188,0.0,eyebrow_raise
188.11220812797544,147.0,-1418.0485164490528,-733.644954607822,-447.8586295437999,897.9967281105928,0.0,0.0,0.0,0.0,0.0,0.0,0.0,0.0,1750362275.4076765,0.0,eyebrow_raise
188.21297335624692,158.0,-1475.7776121650822,-760.7255701869726,-507.05750594241545,932.1083556064405,0.0,0.0,0.0,0.0,0.0,0.0,0.0,0.0,1750362275.512211,0.0,eyebrow_raise
188.3141610622406,167.0,-1427.7647765339352,-765.7332962276414,-452.0959361935966,-169.8213771879673,0.0,0.0,0.0,0.0,0.0,0.0,0.0,0.0,1750362275.6026082,0.0,eyebrow_raise
188.4152505397797,178.0,-1457.5044609815814,-840.766909038648,-476.4202455054037,-58.23024231009185,0.0,0.0,0.0,0.0,0.0,0.0,0.0,0.0,1750362275.7084787,0.0,eyebrow_raise
188.5160341262817,187.0,-1451.6066387514584,-782.7423612261191,-471.3078022659756,-46.29996145144105,0.0,0.0,0.0,0.0,0.0,0.0,0.0,0.0,1750362275.7984364,0.0,eyebrow_raise
188.616863489151,197.0,-1307.2240610620938,-857.5927189392969,-353.42241576267406,-248.12740246020255,0.0,0.0,0.0,0.0,0.0,0.0,0.0,0.0,1750362275.9020505,0.0,eyebrow_raise
188.7174246311188,107.0,-1359.1824911464937,-780.84997184854,-381.1949128336273,742.6581135010347,0.0,0.0,0.0,0.0,0.0,0.0,0.0,0.0,1750362276.0067773,0.0,eyebrow_raise
188.81763529777527,116.0,-1401.8323102411814,-834.7830691095442,-440.39752913219854,788.0193600635976,0.0,0.0,0.0,0.0,0.0,0.0,0.0,0.0,1750362276.0969868,0.0,eyebrow_raise
188.9189076423645,127.0,-1410.9389666332863,-846.7544888677076,-427.3976368862204,833.67605872266,0.0,0.0,0.0,0.0,0.0,0.0,0.0,0.0,1750362276.203437,0.0,eyebrow_raise
189.01926589012143,137.0,-1429.9937569075264,-782.7573208259419,-451.7369057978504,915.953857747838,0.0,0.0,0.0,0.0,0.0,0.0,0.0,0.0,1750362276.3083727,0.0,eyebrow_raise
189.1200497150421,147.0,-1452.2760808435269,-678.6983444588259,-445.0163055774756,1080.7675088951364,0.0,0.0,0.0,0.0,0.0,0.0,0.0,0.0,1750362276.4125493,0.0,eyebrow_raise
189.22058868408203,158.0,-1501.2238914635964,-737.9084405573085,-510.6403300999664,965.111102765426,0.0,0.0,0.0,0.0,0.0,0.0,0.0,0.0,1750362276.517294,0.0,eyebrow_raise
189.3213529586792,167.0,-1493.1868464588188,-700.9395294953138,-503.9122500796802,968.3535960270092,0.0,0.0,0.0,0.0,0.0,0.0,0.0,0.0,1750362276.607313,0.0,eyebrow_raise
189.4223699569702,178.0,-1444.1530181397684,-759.6671784995124,-477.2168441959657,986.4958507120608,0.0,0.0,0.0,0.0,0.0,0.0,0.0,0.0,1750362276.7135851,0.0,eyebrow_raise
189.52346110343933,187.0,-1444.6018061344512,-851.3209067136049,-467.8558746068738,791.3142119245604,0.0,0.0,0.0,0.0,0.0,0.0,0.0,0.0,1750362276.803456,0.0,eyebrow_raise
189.62422561645508,199.0,-1452.6276314393615,-938.6849696785212,-481.8730196407996,875.1440694313496,0.0,0.0,0.0,0.0,0.0,0.0,0.0,0.0,1750362276.9240828,0.0,eyebrow_raise
189.7248980998993,107.0,-1485.596719498746,-777.7178056356497,-513.5462323655374,939.156197072938,0.0,0.0,0.0,0.0,0.0,0.0,0.0,0.0,1750362277.0119648,0.0,eyebrow_raise
189.82584309577945,116.0,-1322.4398440318182,-1067.4366355030795,-353.49721376178786,-95.82558661466464,0.0,0.0,0.0,0.0,0.0,0.0,0.0,0.0,1750362277.102152,0.0,eyebrow_raise
189.9271194934845,127.0,-1374.0467235203832,-1252.5542035098188,-405.4369443464093,-53.02243162179366,0.0,0.0,0.0,0.0,0.0,0.0,0.0,0.0,1750362277.2081847,0.0,eyebrow_raise
190.02783298492432,139.0,-1355.777312236838,-1060.6898559830151,-396.5434622517787,-85.89989213226363,0.0,0.0,0.0,0.0,0.0,0.0,0.0,0.0,1750362277.328762,0.0,eyebrow_raise
190.128541469574,148.0,-1350.556411898695,-914.5383056146092,-383.1994992098771,-49.98937275772914,0.0,0.0,0.0,0.0,0.0,0.0,0.0,0.0,1750362277.4200244,0.0,eyebrow_raise
190.2291963100433,158.0,-1369.454126374796,-976.112018485088,-401.4576907935552,-1177.5149808488786,0.0,0.0,0.0,0.0,0.0,0.0,0.0,0.0,1750362277.5223427,0.0,eyebrow_raise
190.33026123046875,167.0,-1371.2118793539703,-874.8355276850052,-415.3626388288103,-1057.9989979648965,0.0,0.0,0.0,0.0,0.0,0.0,0.0,0.0,1750362277.6122284,0.0,eyebrow_raise
190.43154406547544,178.0,-1400.5252152066678,-853.7275323350914,-431.1674560415559,-2062.070508518722,0.0,0.0,0.0,0.0,0.0,0.0,0.0,0.0,1750362277.7185383,0.0,eyebrow_raise
190.5327153205872,188.0,-1361.1403287732974,-1028.5416759639047,-377.92624027235433,-3081.718702387996,0.0,0.0,0.0,0.0,0.0,0.0,0.0,0.0,1750362277.8223517,0.0,eyebrow_raise
190.63361144065857,199.0,-1480.0055690649897,-734.4546429482289,-512.5102800778113,-4029.97220610315,0.0,0.0,0.0,0.0,0.0,0.0,0.0,0.0,1750362277.9284875,0.0,eyebrow_raise
190.73448133468628,107.0,-1413.459659203421,-786.398113432806,-450.24468571553007,893.0020917197689,0.0,0.0,0.0,0.0,0.0,0.0,0.0,0.0,1750362278.0172808,0.0,eyebrow_raise
190.8351941108704,116.0,-1356.6917177760042,-986.6734959599562,-386.9094799659215,808.0988829256967,0.0,0.0,0.0,0.0,0.0,0.0,0.0,0.0,1750362278.1073325,0.0,eyebrow_raise
190.93681621551517,128.0,-1459.0602593631484,-885.161391462665,-484.7564825066365,996.4028456946836,0.0,0.0,0.0,0.0,0.0,0.0,0.0,0.0,1750362278.227016,0.0,eyebrow_raise
191.03763484954837,137.0,-1463.7463540076278,-654.0991525002755,-490.624385537114,1018.3859776342288,0.0,0.0,0.0,0.0,0.0,0.0,0.0,0.0,1750362278.3174455,0.0,eyebrow_raise
191.1391956806183,148.0,-1369.6280317227356,-894.4400832527317,-402.4824233814143,766.3728191200644,0.0,0.0,0.0,0.0,0.0,0.0,0.0,0.0,1750362278.42349,0.0,eyebrow_raise
191.23979020118716,155.0,-1463.297566012945,-851.2778978641145,-484.2964748120867,913.6089404756204,0.0,0.0,0.0,0.0,0.0,0.0,0.0,0.0,1750362278.497068,0.0,eyebrow_raise
191.3412809371948,169.0,-1460.2645071488805,-704.1464937073179,-467.3883871124126,986.4060931131244,0.0,0.0,0.0,0.0,0.0,0.0,0.0,0.0,1750362278.6336837,0.0,eyebrow_raise
191.4428646564484,178.0,-1432.8473005737178,-811.9378902302124,-442.39837560849264,-217.20403967658055,0.0,0.0,0.0,0.0,0.0,0.0,0.0,0.0,1750362278.7234547,0.0,eyebrow_raise
191.54395818710327,188.0,-1456.120697997976,-894.4662625524215,-462.2310650735162,-110.52713334048168,0.0,0.0,0.0,0.0,0.0,0.0,0.0,0.0,1750362278.8272688,0.0,eyebrow_raise
191.64470314979556,198.0,-1420.023183625657,-887.8167204312049,-440.0721578360535,-2223.5332093057223,0.0,0.0,0.0,0.0,0.0,0.0,0.0,0.0,1750362278.933021,0.0,eyebrow_raise
191.74601411819455,109.0,-1444.156758039724,-656.5843160208315,-470.4083563266322,914.2783825676888,0.0,0.0,0.0,0.0,0.0,0.0,0.0,0.0,1750362279.0391288,0.0,eyebrow_raise
191.8469178676605,119.0,-1379.7743803025223,-865.6671629436314,-430.1221540039405,529.3641392281279,0.0,0.0,0.0,0.0,0.0,0.0,0.0,0.0,1750362279.1421285,0.0,eyebrow_raise
191.94749093055725,128.0,-1447.608685698826,-796.288278865628,-479.28687882144,182.729641885031,0.0,0.0,0.0,0.0,0.0,0.0,0.0,0.0,1750362279.232123,0.0,eyebrow_raise
192.0484554767609,139.0,-1447.3618523017503,-819.6215146891773,-461.847725328058,-1950.513032740448,0.0,0.0,0.0,0.0,0.0,0.0,0.0,0.0,1750362279.338714,0.0,eyebrow_raise
192.1497242450714,149.0,-1405.9462001924403,-853.5685865869746,-427.4892644351348,-1908.8430674341507,0.0,0.0,0.0,0.0,0.0,0.0,0.0,0.0,1750362279.442575,0.0,eyebrow_raise
192.2506844997406,160.0,-1420.8497015158646,-807.0105720385909,-438.22651720792055,-1888.6775268730707,0.0,0.0,0.0,0.0,0.0,0.0,0.0,0.0,1750362279.5484693,0.0,eyebrow_raise
192.3511381149292,169.0,-1417.5735491546802,-866.8227920299396,-426.14664035104215,-3004.774000699632,0.0,0.0,0.0,0.0,0.0,0.0,0.0,0.0,1750362279.6390245,0.0,eyebrow_raise
192.451895236969,179.0,-1423.5125102843158,-783.3931038184091,-440.33956068288535,-3207.5663358969614,0.0,0.0,0.0,0.0,0.0,0.0,0.0,0.0,1750362279.7419777,0.0,eyebrow_raise
192.55246877670288,188.0,-1442.2381893624552,-832.2324573397636,-469.2340277405456,-3136.0332694444805,0.0,0.0,0.0,0.0,0.0,0.0,0.0,0.0,1750362279.831957,0.0,eyebrow_raise
192.65350699424744,0.0,-1360.6915407786146,-968.2077399287372,-402.3945357324556,630.2423306829296,0.0,0.0,0.0,0.0,0.0,0.0,0.0,0.0,1750362279.9538057,0.0,eyebrow_raise
192.75443816185,109.0,-1476.3554267082363,-720.2448930665851,-511.9511650344357,985.3084324761294,0.0,0.0,0.0,0.0,0.0,0.0,0.0,0.0,1750362280.0433104,0.0,eyebrow_raise
192.8551585674286,118.0,-1428.3687703767791,-821.6971591645852,-451.7462555477396,9.043078092858195,0.0,0.0,0.0,0.0,0.0,0.0,0.0,0.0,1750362280.133664,0.0,eyebrow_raise
192.95603489875796,130.0,-1402.234349486418,-723.1545352321118,-428.8692875187844,-173.7520120413974,0.0,0.0,0.0,0.0,0.0,0.0,0.0,0.0,1750362280.2532043,0.0,eyebrow_raise
193.05663132667544,140.0,-1395.248216369189,-750.8709338037297,-425.5407765582204,-176.20912631228566,0.0,0.0,0.0,0.0,0.0,0.0,0.0,0.0,1750362280.3570647,0.0,eyebrow_raise
193.15795636177063,149.0,-1432.2994052302092,-815.9526728326455,-498.644600992091,-151.8848170004785,0.0,0.0,0.0,0.0,0.0,0.0,0.0,0.0,1750362280.4475653,0.0,eyebrow_raise
193.25908017158508,159.0,-1434.7602594010532,-873.4050159519538,-489.9381138952449,-136.3604922844097,0.0,0.0,0.0,0.0,0.0,0.0,0.0,0.0,1750362280.552802,0.0,eyebrow_raise
193.35989379882807,168.0,-1363.1262156497687,-899.8124495390803,-418.2666711444035,-206.6145129520446,0.0,0.0,0.0,0.0,0.0,0.0,0.0,0.0,1750362280.642521,0.0,eyebrow_raise
193.46048855781555,179.0,-1389.993656931445,-1005.8610526826232,-448.6944971838966,-144.30029989033935,0.0,0.0,0.0,0.0,0.0,0.0,0.0,0.0,1750362280.7500596,0.0,eyebrow_raise
193.561381816864,190.0,-1451.7169658001512,-710.091064686887,-475.5694182654843,-57.20176982227713,0.0,0.0,0.0,0.0,0.0,0.0,0.0,0.0,1750362280.8535376,0.0,eyebrow_raise
193.66175079345703,0.0,-1440.1849842867814,-723.3620996796526,-489.4537968509831,1001.726593281608,0.0,0.0,0.0,0.0,0.0,0.0,0.0,0.0,1750362280.9584353,0.0,eyebrow_raise
193.7625117301941,109.0,-1369.1493245284073,-890.0195215051062,-420.7555745649152,907.6942886956969,0.0,0.0,0.0,0.0,0.0,0.0,0.0,0.0,1750362281.0483477,0.0,eyebrow_raise
193.86334323883057,119.0,-1397.0340185980313,-904.833265229594,-444.7021539811976,851.09090286633,0.0,0.0,0.0,0.0,0.0,0.0,0.0,0.0,1750362281.151984,0.0,eyebrow_raise
193.96383929252625,128.0,-1398.1485087848268,-928.5778900482692,-437.49910666653886,952.857320560608,0.0,0.0,0.0,0.0,0.0,0.0,0.0,0.0,1750362281.2421453,0.0,eyebrow_raise
194.0644772052765,140.0,-1428.0826680301689,-891.7211759849451,-473.9818307342939,841.2437462829985,0.0,0.0,0.0,0.0,0.0,0.0,0.0,0.0,1750362281.362043,0.0,eyebrow_raise
194.16545391082764,149.0,-1382.7139416676946,-864.9060933026485,-425.2210151120089,873.7434768979438,0.0,0.0,0.0,0.0,0.0,0.0,0.0,0.0,1750362281.4521933,0.0,eyebrow_raise
194.26610112190247,160.0,-1444.7626218325458,-811.0552738406695,-483.1745048253797,876.9784903596155,0.0,0.0,0.0,0.0,0.0,0.0,0.0,0.0,1750362281.5588229,0.0,eyebrow_raise
194.3668277263641,169.0,-1423.366654186044,-759.310018053744,-454.0145048708655,864.8051160038449,0.0,0.0,0.0,0.0,0.0,0.0,0.0,0.0,1750362281.648508,0.0,eyebrow_raise
194.4674413204193,179.0,-1404.1697477134876,-891.2910874900408,-443.2548126983456,746.2465475085191,0.0,0.0,0.0,0.0,0.0,0.0,0.0,0.0,1750362281.7521043,0.0,eyebrow_raise
194.5684170722961,190.0,-1454.542460216675,-800.2282634689473,-490.5495875380002,907.2903795004822,0.0,0.0,0.0,0.0,0.0,0.0,0.0,0.0,1750362281.8585763,0.0,eyebrow_raise
194.6692349910736,199.0,-1432.4172120788137,-825.8914569648914,-453.0383909824304,919.6395291541704,0.0,0.0,0.0,0.0,0.0,0.0,0.0,0.0,1750362281.9483378,0.0,eyebrow_raise
194.7700273990631,109.0,-1383.7872929549776,-912.298105541151,-416.0115114711225,880.8754661134444,0.0,0.0,0.0,0.0,0.0,0.0,0.0,0.0,1750362282.0534503,0.0,eyebrow_raise
194.87082862854004,119.0,-1435.255796145182,-784.6964589529671,-462.6854629181325,955.5799677283504,0.0,0.0,0.0,0.0,0.0,0.0,0.0,0.0,1750362282.1571443,0.0,eyebrow_raise
194.9714045524597,130.0,-1369.5046150241978,-745.573365516495,-401.5343587426469,894.26804785477,0.0,0.0,0.0,0.0,0.0,0.0,0.0,0.0,1750362282.2633908,0.0,eyebrow_raise
195.0719084739685,139.0,-1460.3505248478614,-801.7354431510903,-465.7858399813995,1025.3702408014797,0.0,0.0,0.0,0.0,0.0,0.0,0.0,0.0,1750362282.3535116,0.0,eyebrow_raise
195.17221212387085,149.0,-1478.2197668361478,-703.0694025200792,-484.8256706558168,999.46021390846,0.0,0.0,0.0,0.0,0.0,0.0,0.0,0.0,1750362282.4569857,0.0,eyebrow_raise
195.27288484573364,160.0,-1439.272448697593,-757.5298256748356,-481.72529359254986,885.0267550642602,0.0,0.0,0.0,0.0,0.0,0.0,0.0,0.0,1750362282.5634873,0.0,eyebrow_raise
195.37432098388672,170.0,-1461.4949342343025,-778.2526113293134,-476.5717114536092,953.7548965499736,0.0,0.0,0.0,0.0,0.0,0.0,0.0,0.0,1750362282.6673148,0.0,eyebrow_raise
195.47478437423703,179.0,-1425.5881547597237,-838.2181672188453,-441.1249396735802,716.1366129652597,0.0,0.0,0.0,0.0,0.0,0.0,0.0,0.0,1750362282.75695,0.0,eyebrow_raise
195.57577180862427,190.0,-1402.4232144341804,-909.2538269772194,-429.6995453089476,805.0714339115657,0.0,0.0,0.0,0.0,0.0,0.0,0.0,0.0,1750362282.8635163,0.0,eyebrow_raise
195.676305770874,197.0,-1412.715419112239,-935.8258161623962,-423.2631774852052,953.365946954582,0.0,0.0,0.0,0.0,0.0,0.0,0.0,0.0,1750362282.9371517,0.0,eyebrow_raise
195.77717113494876,110.0,-1372.90418408392,-890.7263625967316,-394.067648481112,903.215758498758,0.0,0.0,0.0,0.0,0.0,0.0,0.0,0.0,1750362283.0719297,0.0,eyebrow_raise
195.8774440288544,119.0,-1389.8571505830623,-908.3525110878982,-427.4761747852899,772.2706413501874,0.0,0.0,0.0,0.0,0.0,0.0,0.0,0.0,1750362283.161935,0.0,eyebrow_raise
195.97803044319156,128.0,-1407.337442975957,-790.7064781817608,-437.7833390631713,926.8369666188956,0.0,0.0,0.0,0.0,0.0,0.0,0.0,0.0,1750362283.2518375,0.0,eyebrow_raise
196.0785388946533,140.0,-1397.1162963970564,-804.9068783135153,-419.8542586755939,863.3970436705276,0.0,0.0,0.0,0.0,0.0,0.0,0.0,0.0,1750362283.3721385,0.0,eyebrow_raise
196.17898988723755,149.0,-1445.1179123283364,-853.1590675418265,-467.85213470691815,864.9977208515629,0.0,0.0,0.0,0.0,0.0,0.0,0.0,0.0,1750362283.4622114,0.0,eyebrow_raise
196.27932906150815,160.0,-1418.0859154486095,-945.126947352197,-439.9749204372056,836.8998524844646,0.0,0.0,0.0,0.0,0.0,0.0,0.0,0.0,1750362283.5683377,0.0,eyebrow_raise
196.3796918392181,169.0,-1405.0598439029418,-1032.932318511885,-433.6283102123998,842.0908336229622,0.0,0.0,0.0,0.0,0.0,0.0,0.0,0.0,1750362283.65856,0.0,eyebrow_raise
196.4802122116089,180.0,-1406.8213367820715,-851.9697793559171,-422.3151128464378,824.8648544270545,0.0,0.0,0.0,0.0,0.0,0.0,0.0,0.0,1750362283.7776487,0.0,eyebrow_raise
196.5805630683899,190.0,-1374.291686967481,-949.891579895746,-390.66433952143416,759.8018148979172,0.0,0.0,0.0,0.0,0.0,0.0,0.0,0.0,1750362283.8689764,0.0,eyebrow_raise
196.6812241077423,0.0,-1426.609147447627,-781.7755970875733,-458.98296196199954,900.5660393801518,0.0,0.0,0.0,0.0,0.0,0.0,0.0,0.0,1750362283.973624,0.0,eyebrow_raise
196.7817430496216,107.0,-1450.9409365593456,-806.6421918929555,-487.3837622255087,978.041806862224,0.0,0.0,0.0,0.0,0.0,0.0,0.0,0.0,1750362284.0474188,0.0,eyebrow_raise
196.882110118866,119.0,-1462.5421062218957,-827.6192907444201,-488.14670181646943,917.7770589762368,0.0,0.0,0.0,0.0,0.0,0.0,0.0,0.0,1750362284.1671655,0.0,eyebrow_raise
196.982914686203,128.0,-1391.7869389601983,-897.6040386152454,-422.3244625963271,893.411610764917,0.0,0.0,0.0,0.0,0.0,0.0,0.0,0.0,1750362284.257591,0.0,eyebrow_raise
197.08332419395447,140.0,-1465.8519176826812,-780.9565589972772,-491.0189449824393,49.47139661386609,0.0,0.0,0.0,0.0,0.0,0.0,0.0,0.0,1750362284.377421,0.0,eyebrow_raise
197.1844110488892,149.0,-1437.492256318685,-862.3367820330895,-474.1893951818347,-92.91407449916004,0.0,0.0,0.0,0.0,0.0,0.0,0.0,0.0,1750362284.4672463,0.0,eyebrow_raise
197.2849102020264,160.0,-1458.2225217730738,-1811.0241141431036,-471.6350435120985,-27.458345474675298,0.0,0.0,0.0,0.0,0.0,0.0,0.0,0.0,1750362284.5737865,0.0,eyebrow_raise
197.38597583770752,170.0,-1430.9249919964932,-1757.0498779825866,-450.2241162657738,-158.68021521996707,0.0,0.0,0.0,0.0,0.0,0.0,0.0,0.0,1750362284.6771047,0.0,eyebrow_raise
197.4867708683014,181.0,-1401.402221746277,-1647.5381274800748,-423.4651320828125,32.71290491241962,0.0,0.0,0.0,0.0,0.0,0.0,0.0,0.0,1750362284.7833736,0.0,eyebrow_raise
197.5875399112701,190.0,-1427.6525795352643,-1771.2914170138538,-457.6365979779512,-80.43028844706714,0.0,0.0,0.0,0.0,0.0,0.0,0.0,0.0,1750362284.8735464,0.0,eyebrow_raise
197.68888807296756,0.0,-1450.4734490648843,-922.9306411151774,-485.6783678457141,842.6349890665151,0.0,0.0,0.0,0.0,0.0,0.0,0.0,0.0,1750362284.9785984,0.0,eyebrow_raise
197.7903664112091,109.0,-1418.542183243204,-930.6123956241644,-425.8923271540552,885.5727804577909,0.0,0.0,0.0,0.0,0.0,0.0,0.0,0.0,1750362285.068598,0.0,eyebrow_raise
197.8912825584412,118.0,-1425.0234298664143,-930.3730420270005,-453.1823771307245,749.877990365494,0.0,0.0,0.0,0.0,0.0,0.0,0.0,0.0,1750362285.1583974,0.0,eyebrow_raise
197.9919867515564,130.0,-1470.9045225228183,-759.960760646034,-488.2888180147857,879.3757662312128,0.0,0.0,0.0,0.0,0.0,0.0,0.0,0.0,1750362285.27862,0.0,eyebrow_raise
198.09293222427368,140.0,-1474.9174351752736,-781.6110414895229,-499.2205455852673,965.28126821341,0.0,0.0,0.0,0.0,0.0,0.0,0.0,0.0,1750362285.381982,0.0,eyebrow_raise
198.1935830116272,149.0,-1410.8379893344827,-826.6057778564282,-426.03444335237145,734.5631000469439,0.0,0.0,0.0,0.0,0.0,0.0,0.0,0.0,1750362285.4723682,0.0,eyebrow_raise
198.29456281661987,161.0,-1473.776765688788,-700.8366822465323,-474.6007841769606,956.4962432174945,0.0,0.0,0.0,0.0,0.0,0.0,0.0,0.0,1750362285.5921783,0.0,eyebrow_raise
198.3953697681427,170.0,-1405.8003440941684,-757.1820149789564,-449.4686564747244,969.2979207658208,0.0,0.0,0.0,0.0,0.0,0.0,0.0,0.0,1750362285.6824837,0.0,eyebrow_raise
198.496080160141,179.0,-1397.2135337959044,-843.143615460489,-430.9374521942809,857.2243387936614,0.0,0.0,0.0,0.0,0.0,0.0,0.0,0.0,1750362285.772341,0.0,eyebrow_raise
198.5967302322388,190.0,-1447.9265771950595,-681.6248161741532,-465.539006584324,811.7695947322063,0.0,0.0,0.0,0.0,0.0,0.0,0.0,0.0,1750362285.8786688,0.0,eyebrow_raise
198.6977736949921,0.0,-1468.3726102528162,-754.3826998621225,-481.1755282990634,1063.044123005122,0.0,0.0,0.0,0.0,0.0,0.0,0.0,0.0,1750362285.9834216,0.0,eyebrow_raise
198.79872298240664,110.0,-1451.1615906567313,-782.3683712305501,-463.90467030368745,1098.6255311835555,0.0,0.0,0.0,0.0,0.0,0.0,0.0,0.0,1750362286.0868835,0.0,eyebrow_raise
198.89943027496335,121.0,-1449.306600278709,-937.2451081955804,-481.156828799285,767.2853547092527,0.0,0.0,0.0,0.0,0.0,0.0,0.0,0.0,1750362286.193382,0.0,eyebrow_raise
198.9999628067017,130.0,-1469.389863040764,-743.7352046882734,-491.56497037597,72.65690638916567,0.0,0.0,0.0,0.0,0.0,0.0,0.0,0.0,1750362286.2835467,0.0,eyebrow_raise
199.10094833374023,140.0,-1438.8834991022013,-1718.7102935868315,-465.598844983615,-16.487348954658955,0.0,0.0,0.0,0.0,0.0,0.0,0.0,0.0,1750362286.3874004,0.0,eyebrow_raise
199.20191979408264,151.0,-1338.9421525863,-2855.473454568535,-392.8278716458008,-1468.9504247959703,0.0,0.0,0.0,0.0,0.0,0.0,0.0,0.0,1750362286.493557,0.0,eyebrow_raise
199.3028185367584,161.0,-1475.5345186679624,-2733.1488068178296,-519.8647933406755,-1963.5278845862483,0.0,0.0,0.0,0.0,0.0,0.0,0.0,0.0,1750362286.5974455,0.0,eyebrow_raise
199.40413451194763,170.0,-1385.062598839868,-2850.9481756221503,-430.8028157958761,-2133.8990270677023,0.0,0.0,0.0,0.0,0.0,0.0,0.0,0.0,1750362286.6873667,0.0,eyebrow_raise
199.50539588928223,181.0,-1428.224784228485,-2750.8534932080656,-471.5153667135164,-2006.8022669735365,0.0,0.0,0.0,0.0,0.0,0.0,0.0,0.0,1750362286.7935843,0.0,eyebrow_raise
199.60646963119507,190.0,-1399.1657615727745,-2863.0205726791173,-440.97534367535263,-1943.755033520516,0.0,0.0,0.0,0.0,0.0,0.0,0.0,0.0,1750362286.8835845,0.0,eyebrow_raise
199.7073655128479,101.0,-1410.413510689512,-873.4293253016658,-454.09117281995714,909.8054622206836,0.0,0.0,0.0,0.0,0.0,0.0,0.0,0.0,1750362287.002416,0.0,eyebrow_raise
199.80821585655207,110.0,-1451.6010289015248,-724.8468399620615,-474.0622385833413,859.3729113182053,0.0,0.0,0.0,0.0,0.0,0.0,0.0,0.0,1750362287.091962,0.0,eyebrow_raise
199.90901684761047,121.0,-1414.6433375393972,-818.2545812553726,-464.2562208995223,816.8352892221883,0.0,0.0,0.0,0.0,0.0,0.0,0.0,0.0,1750362287.198498,0.0,eyebrow_raise
200.0097906589508,130.0,-1435.945807687007,-805.8829922019504,-468.45612854976207,969.3222301155328,0.0,0.0,0.0,0.0,0.0,0.0,0.0,0.0,1750362287.2900996,0.0,eyebrow_raise
200.11057496070865,139.0,-1418.1401439979672,-783.4361126678996,-465.1425771890208,886.3039308991283,0.0,0.0,0.0,0.0,0.0,0.0,0.0,0.0,1750362287.3786988,0.0,eyebrow_raise
200.21155834198,151.0,-1406.6698708338663,-882.8239539903589,-458.2611612705514,500.9745586644858,0.0,0.0,0.0,0.0,0.0,0.0,0.0,0.0,1750362287.498603,0.0,eyebrow_raise
200.3122682571411,161.0,-1428.6193436738104,-847.2537655117922,-459.31207315810025,-1072.7304638903588,0.0,0.0,0.0,0.0,0.0,0.0,0.0,0.0,1750362287.602261,0.0,eyebrow_raise
200.41292214393616,170.0,-1449.0092782322315,-754.2761127133854,-469.2340277405456,-946.8416914818808,0.0,0.0,0.0,0.0,0.0,0.0,0.0,0.0,1750362287.69222,0.0,eyebrow_raise
200.51378655433652,181.0,-1376.5674160905182,-913.9062625220976,-423.6783063802868,-1169.0254079494623,0.0,0.0,0.0,0.0,0.0,0.0,0.0,0.0,1750362287.7985706,0.0,eyebrow_raise
200.61451482772827,191.0,-1437.467946968973,-736.5976056228392,-477.2000146461651,-943.932049316354,0.0,0.0,0.0,0.0,0.0,0.0,0.0,0.0,1750362287.9022312,0.0,eyebrow_raise
200.71586203575131,101.0,-1357.273272219114,-814.727855597157,-406.5121655836701,730.2827845476568,0.0,0.0,0.0,0.0,0.0,0.0,0.0,0.0,1750362288.007645,0.0,eyebrow_raise
200.81682229042053,110.0,-1418.8170658899471,-678.1392294154502,-471.8033390101045,863.5541194686666,0.0,0.0,0.0,0.0,0.0,0.0,0.0,0.0,1750362288.0971212,0.0,eyebrow_raise
200.9180762767792,121.0,-1420.6533567681909,-735.0156279415824,-443.8662863411009,959.950040826574,0.0,0.0,0.0,0.0,0.0,0.0,0.0,0.0,1750362288.203503,0.0,eyebrow_raise
201.01877570152283,131.0,-1429.53935906291,-809.469556259457,-457.7674944764003,934.960029322654,0.0,0.0,0.0,0.0,0.0,0.0,0.0,0.0,1750362288.307872,0.0,eyebrow_raise
201.11988615989685,142.0,-1472.536988853477,-778.7425382235087,-503.7533043315634,-88.27846850408241,0.0,0.0,0.0,0.0,0.0,0.0,0.0,0.0,1750362288.413582,0.0,eyebrow_raise
201.22041654586792,150.0,-1457.6110481303183,-809.8285866552033,-501.5093643581495,-51.57135043898597,0.0,0.0,0.0,0.0,0.0,0.0,0.0,0.0,1750362288.502921,0.0,eyebrow_raise
201.321394443512,161.0,-1385.5618754839525,-900.0387134863995,-404.91896820254624,-156.34090779768303,0.0,0.0,0.0,0.0,0.0,0.0,0.0,0.0,1750362288.6070824,0.0,eyebrow_raise
201.422194480896,170.0,-1393.4717638902366,-999.24329971103,-433.48058416415006,-246.14338553370908,0.0,0.0,0.0,0.0,0.0,0.0,0.0,0.0,1750362288.6971571,0.0,eyebrow_raise
201.52332186698916,181.0,-1429.5356191629544,-803.9793831245042,-443.85132674127817,-63.91676019271836,0.0,0.0,0.0,0.0,0.0,0.0,0.0,0.0,1750362288.8039987,0.0,eyebrow_raise
201.6244094371796,191.0,-1410.8510789843276,-860.6500871530734,-433.30106896627694,-134.69062695419416,0.0,0.0,0.0,0.0,0.0,0.0,0.0,0.0,1750362288.907382,0.0,eyebrow_raise
201.7258279323578,101.0,-1459.4361193086952,-827.5538424951956,-478.3444240326062,794.610933735501,0.0,0.0,0.0,0.0,0.0,0.0,0.0,0.0,1750362289.0121472,0.0,eyebrow_raise
201.82643270492557,110.0,-1418.3944571949542,-732.9268938163295,-453.9864556211978,1004.512818748597,0.0,0.0,0.0,0.0,0.0,0.0,0.0,0.0,1750362289.1022708,0.0,eyebrow_raise
201.92740941047668,122.0,-1380.0642225490883,-579.6994527317584,-405.6445087939501,908.9621147806756,0.0,0.0,0.0,0.0,0.0,0.0,0.0,0.0,1750362289.2222414,0.0,eyebrow_raise
202.0284628868103,131.0,-1413.0725795580074,-830.8636539559811,-455.9723424976692,683.4349277527072,0.0,0.0,0.0,0.0,0.0,0.0,0.0,0.0,1750362289.3124552,0.0,eyebrow_raise
202.12916350364685,142.0,-1428.3912097765133,-716.0711647160351,-450.8374598585069,1056.8788979281671,0.0,0.0,0.0,0.0,0.0,0.0,0.0,0.0,1750362289.4187036,0.0,eyebrow_raise
202.22971749305725,151.0,-1470.3379276795313,-656.2851240243763,-501.6664401562885,902.8398985532112,0.0,0.0,0.0,0.0,0.0,0.0,0.0,0.0,1750362289.5086691,0.0,eyebrow_raise
202.3304481506348,162.0,-1427.4375352878124,-707.4394756183028,-445.6913575194776,933.4210604908876,0.0,0.0,0.0,0.0,0.0,0.0,0.0,0.0,1750362289.6290593,0.0,eyebrow_raise
202.4308409690857,172.0,-1394.5600747773424,-1712.711494057905,-421.77843720279634,-20.348795658908784,0.0,0.0,0.0,0.0,0.0,0.0,0.0,0.0,1750362289.7191012,0.0,eyebrow_raise
202.53189706802368,182.0,-1384.4548650970685,-1815.9327328349464,-413.92464729584754,-129.2883414682001,0.0,0.0,0.0,0.0,0.0,0.0,0.0,0.0,1750362289.822557,0.0,eyebrow_raise
202.6323094367981,191.0,-1430.9979200456291,-1825.2675231243484,-463.87101120408624,-39.00715653784573,0.0,0.0,0.0,0.0,0.0,0.0,0.0,0.0,1750362289.9124584,0.0,eyebrow_raise
202.7333371639252,101.0,-1416.2589743202552,-846.556274170056,-445.5885102706961,879.7460163268261,0.0,0.0,0.0,0.0,0.0,0.0,0.0,0.0,1750362290.016982,0.0,eyebrow_raise
202.83434009552,112.0,-1495.8103862777352,-717.1744352029637,-519.7582061919384,952.629186663311,0.0,0.0,0.0,0.0,0.0,0.0,0.0,0.0,1750362290.1244676,0.0,eyebrow_raise
202.9349682331085,122.0,-1430.6762886494398,-740.8367822226137,-463.3380754604004,905.1436769259162,0.0,0.0,0.0,0.0,0.0,0.0,0.0,0.0,1750362290.2273147,0.0,eyebrow_raise
203.03586721420288,131.0,-1410.8024602849036,-949.8373513463883,-457.6309881280176,796.4958433131687,0.0,0.0,0.0,0.0,0.0,0.0,0.0,0.0,1750362290.3172743,0.0,eyebrow_raise
203.13662123680115,142.0,-1429.191548367031,-836.2341502923518,-464.1907726502977,868.9451852547936,0.0,0.0,0.0,0.0,0.0,0.0,0.0,0.0,1750362290.4237282,0.0,eyebrow_raise
203.2374129295349,151.0,-1437.0976968733594,-818.2153123058379,-462.4816383705474,844.770471941214,0.0,0.0,0.0,0.0,0.0,0.0,0.0,0.0,1750362290.5134044,0.0,eyebrow_raise
203.33796644210813,163.0,-1426.4988203989342,-791.2394139254466,-461.5765825812705,904.8669243291952,0.0,0.0,0.0,0.0,0.0,0.0,0.0,0.0,1750362290.6337004,0.0,eyebrow_raise
203.4385941028595,170.0,-1448.8522024340928,-752.7034847820178,-457.06626323470846,945.6916722455062,0.0,0.0,0.0,0.0,0.0,0.0,0.0,0.0,1750362290.7070491,0.0,eyebrow_raise
203.5394985675812,182.0,-1430.0928642563522,-898.7278785519302,-462.186186274048,758.2553662662394,0.0,0.0,0.0,0.0,0.0,0.0,0.0,0.0,1750362290.826965,0.0,eyebrow_raise
203.6402714252472,191.0,-1411.0305941822007,-769.0356278885156,-449.9305341192521,838.5098794153892,0.0,0.0,0.0,0.0,0.0,0.0,0.0,0.0,1750362290.9174168,0.0,eyebrow_raise
203.7408583164215,101.0,-1395.3398439181035,-880.1704949717969,-424.8171059167944,813.1496178158559,0.0,0.0,0.0,0.0,0.0,0.0,0.0,0.0,1750362291.0220249,0.0,eyebrow_raise
203.84190273284912,112.0,-1438.9695168011822,-910.4188058134168,-476.33422780642286,846.8199371169321,0.0,0.0,0.0,0.0,0.0,0.0,0.0,0.0,1750362291.1284852,0.0,eyebrow_raise
203.94250988960263,122.0,-1447.219736103434,-718.2253470905125,-476.0125964102335,857.7441848875023,0.0,0.0,0.0,0.0,0.0,0.0,0.0,0.0,1750362291.2321985,0.0,eyebrow_raise
204.04312705993647,131.0,-1499.4698783843778,-507.9382523819804,-499.4430696326308,830.9328421051614,0.0,0.0,0.0,0.0,0.0,0.0,0.0,0.0,1750362291.3221476,0.0,eyebrow_raise
205.6572077274322,102.0,20.10944206174463,18.20957288425416,14.394874929450452,19.615775267593563,0.0,0.0,0.0,0.0,0.0,0.0,0.0,0.0,1750714299.3394537,0.0,nothing
205.75863957405085,111.0,-1.2528664851561189,7.562077710404992,23.77828391827643,-7.352643312886357,0.0,0.0,0.0,0.0,0.0,0.0,0.0,0.0,1750714299.428024,0.0,nothing
205.8603987693786,122.0,-2.4084955714643,24.46642551012337,16.06661020964384,35.79084257595241,0.0,0.0,0.0,0.0,0.0,0.0,0.0,0.0,1750714299.534672,0.0,nothing
205.96113228797907,131.0,-10.097729880362747,24.49634470976889,26.654266984201968,8.250219302251935,0.0,0.0,0.0,0.0,0.0,0.0,0.0,0.0,1750714299.6247835,0.0,nothing
206.06175112724299,141.0,1.1892881859093904,8.126802603714168,33.46462480351329,0.7292804913595319,0.0,0.0,0.0,0.0,0.0,0.0,0.0,0.0,1750714299.7280307,0.0,nothing
206.16199779510492,152.0,15.988072310574353,21.089295850135382,32.61940741352737,33.9433319978416,0.0,0.0,0.0,0.0,0.0,0.0,0.0,0.0,1750714299.8352697,0.0,nothing
206.26290774345392,162.0,-10.0790303805843,10.722293172962964,17.798183889128268,38.038522449322045,0.0,0.0,0.0,0.0,0.0,0.0,0.0,0.0,1750714299.9381337,0.0,nothing
206.36434674262995,171.0,-1.731573679484427,7.838830307126045,29.922939545474943,16.07035010959953,0.0,0.0,0.0,0.0,0.0,0.0,0.0,0.0,1750714300.0283265,0.0,nothing
206.4650027751922,183.0,26.377514387480915,38.93609843868762,64.1392842400819,31.078568631783128,0.0,0.0,0.0,0.0,0.0,0.0,0.0,0.0,1750714300.148415,0.0,nothing
206.56589484214777,192.0,-32.18557901866734,21.07807615026832,38.13201994821429,78.8894496653229,0.0,0.0,0.0,0.0,0.0,0.0,0.0,0.0,1750714300.2384603,0.0,nothing
206.66718602180475,102.0,-1318.5877470774576,-877.2458932064474,-418.960422586184,-70.93468245957047,0.0,0.0,0.0,0.0,0.0,0.0,0.0,0.0,1750714300.3433335,0.0,nothing
206.76798152923578,111.0,-1272.5159195233136,-815.5188444377854,-352.0012537795119,-17.540130792185664,0.0,0.0,0.0,0.0,0.0,0.0,0.0,0.0,1750714300.4332874,0.0,nothing
206.86838150024408,122.0,-1350.9752806937322,-910.6431998107582,-440.76029942790046,-143.8440320957452,0.0,0.0,0.0,0.0,0.0,0.0,0.0,0.0,1750714300.539873,0.0,nothing
206.9704892635345,131.0,-1248.1916102115065,-805.4285943573341,-273.82612500572577,-20.734005354344845,0.0,0.0,0.0,0.0,0.0,0.0,0.0,0.0,1750714300.629738,0.0,nothing
207.07083392143244,143.0,-1288.40675443504,-842.1731114219874,-323.0619079223834,-23.494051521644,0.0,0.0,0.0,0.0,0.0,0.0,0.0,0.0,1750714300.7499056,0.0,nothing
207.17221140861506,152.0,-1338.749547738582,-854.1033922806382,-376.55369698861614,-60.01043468900025,0.0,0.0,0.0,0.0,0.0,0.0,0.0,0.0,1750714300.839722,0.0,nothing
207.27287173271174,162.0,-1372.8574353344738,-861.8449851889163,-417.8421924994327,-58.62667170539498,0.0,0.0,0.0,0.0,0.0,0.0,0.0,0.0,1750714300.9432812,0.0,nothing
207.373869895935,171.0,-1329.6279317466542,-772.0986059522256,-382.33184242015705,22.689973031170663,0.0,0.0,0.0,0.0,0.0,0.0,0.0,0.0,1750714301.0334475,0.0,nothing
207.47491478919977,183.0,-1311.055588566698,-803.6222226787359,-346.65319684287533,9.155275091528893,0.0,0.0,0.0,0.0,0.0,0.0,0.0,0.0,1750714301.153214,0.0,nothing
207.57576894760126,192.0,-1348.0693784281611,-861.2316415961832,-385.7987296790816,-65.70630232151598,0.0,0.0,0.0,0.0,0.0,0.0,0.0,0.0,1750714301.243435,0.0,nothing
207.676426410675,102.0,-1298.4970045154914,-826.4786212579347,-330.8147205305286,-15.000738722272215,0.0,0.0,0.0,0.0,0.0,0.0,0.0,0.0,1750714301.3484623,0.0,nothing
207.77691912651056,111.0,-1341.8798440014943,-845.6717878305353,-384.5608227937482,-8.08192380424589,0.0,0.0,0.0,0.0,0.0,0.0,0.0,0.0,1750714301.4397352,0.0,nothing
207.87771701812738,123.0,-1353.099543868564,-859.3673014682718,-392.5380293992348,-55.67963054031134,0.0,0.0,0.0,0.0,0.0,0.0,0.0,0.0,1750714301.5584548,0.0,nothing
207.97839140892023,132.0,-1292.3673084881157,-806.2233230979182,-322.59442042792216,-23.51275102142245,0.0,0.0,0.0,0.0,0.0,0.0,0.0,0.0,1750714301.6485,0.0,nothing
208.07963204383844,142.0,-1289.3791284235194,-808.0296947765164,-326.3118809838779,-28.07542896736413,0.0,0.0,0.0,0.0,0.0,0.0,0.0,0.0,1750714301.7558112,0.0,nothing
208.18065953254694,152.0,-1285.9758194638416,-816.4706489765085,-325.86309298919514,-35.656206177547574,0.0,0.0,0.0,0.0,0.0,0.0,0.0,0.0,1750714301.844793,0.0,nothing
208.2809400558471,162.0,-1298.9906713096425,-803.0631076353602,-327.11969937430695,-30.14359364286065,0.0,0.0,0.0,0.0,0.0,0.0,0.0,0.0,1750714301.9482744,0.0,nothing
208.38156700134272,171.0,-1335.8212060732767,-849.9053545803763,-363.79689823975787,-23.51275102142245,0.0,0.0,0.0,0.0,0.0,0.0,0.0,0.0,1750714302.0382864,0.0,nothing
208.48226118087763,183.0,-1343.5440994817764,-865.2913029980846,-390.63816022174433,-59.25871479790658,0.0,0.0,0.0,0.0,0.0,0.0,0.0,0.0,1750714302.1583064,0.0,nothing
208.58283090591425,192.0,-1291.6978663960472,-817.0652930694632,-324.4718502056785,-32.3127356171608,0.0,0.0,0.0,0.0,0.0,0.0,0.0,0.0,1750714302.2484949,0.0,nothing
208.68397378921503,102.0,-1279.6422988888808,-823.8887405386195,-346.93742923950776,-36.033936073072255,0.0,0.0,0.0,0.0,0.0,0.0,0.0,0.0,1750714302.3532753,0.0,nothing
208.78477740287775,113.0,-1304.3929567956366,-838.4107720665634,-343.27606718288735,-58.04698721226305,0.0,0.0,0.0,0.0,0.0,0.0,0.0,0.0,1750714302.4598017,0.0,nothing
208.88667511939997,123.0,-1308.6489629452117,-830.781376156956,-344.6074715671129,-51.745255786925554,0.0,0.0,0.0,0.0,0.0,0.0,0.0,0.0,1750714302.5634851,0.0,nothing
208.98772430419916,132.0,-1291.1873700520955,-845.385685483925,-342.9880948862992,-20.741485154256225,0.0,0.0,0.0,0.0,0.0,0.0,0.0,0.0,1750714302.6534472,0.0,nothing
209.08843922615046,143.0,-1302.178936021868,-845.6474784808233,-346.2118886481039,-56.195736734196544,0.0,0.0,0.0,0.0,0.0,0.0,0.0,0.0,1750714302.7598646,0.0,nothing
209.1891388893127,153.0,-1298.6970891631208,-849.8548659309745,-339.04624033300206,-62.47128885984421,0.0,0.0,0.0,0.0,0.0,0.0,0.0,0.0,1750714302.8632748,0.0,nothing
209.29050230979914,164.0,-1330.860228782054,-878.6408758899197,-381.9690721244551,-52.95698337256909,0.0,0.0,0.0,0.0,0.0,0.0,0.0,0.0,1750714302.970343,0.0,nothing
209.39155054092402,173.0,-1303.484161106404,-832.1165204411373,-339.4052707287483,-50.99727579578757,0.0,0.0,0.0,0.0,0.0,0.0,0.0,0.0,1750714303.059724,0.0,nothing
209.49265432357782,183.0,-1312.0747113046236,-843.3810991076753,-323.693951014895,-50.499869101680815,0.0,0.0,0.0,0.0,0.0,0.0,0.0,0.0,1750714303.1632426,0.0,nothing
209.5935690402984,192.0,-1307.0819448637776,-838.5902872644365,-334.1469713910483,-24.421546710655093,0.0,0.0,0.0,0.0,0.0,0.0,0.0,0.0,1750714303.2530167,0.0,nothing
209.69411587715143,102.0,-1341.281460008584,-876.0397754707374,-387.3246088610031,-64.18790293950588,0.0,0.0,0.0,0.0,0.0,0.0,0.0,0.0,1750714303.3581028,0.0,nothing
209.7951917648315,113.0,-1285.0745035745203,-832.4736808869056,-327.9200379648246,-22.07288953848183,0.0,0.0,0.0,0.0,0.0,0.0,0.0,0.0,1750714303.4650445,0.0,nothing
209.89590501785273,123.0,-1288.8368429299444,-832.0398524920456,-321.04236194631085,-23.80072331801057,0.0,0.0,0.0,0.0,0.0,0.0,0.0,0.0,1750714303.5687149,0.0,nothing
209.99636960029596,132.0,-1325.8468928914515,-872.4532114132307,-388.495197547134,-59.789780591614544,0.0,0.0,0.0,0.0,0.0,0.0,0.0,0.0,1750714303.6602256,0.0,nothing
210.09739685058588,143.0,-1282.7221065023914,-818.4864550526254,-330.78106143092737,-16.54531740397215,0.0,0.0,0.0,0.0,0.0,0.0,0.0,0.0,1750714303.7645924,0.0,nothing
210.19794988632196,153.0,-1273.9632608061656,-813.38897141302,-336.7686412599869,-25.580915696918964,0.0,0.0,0.0,0.0,0.0,0.0,0.0,0.0,1750714303.868853,0.0,nothing
210.2990841865539,162.0,-1329.3997978493571,-868.578675059136,-392.59412789857015,-66.90307030733675,0.0,0.0,0.0,0.0,0.0,0.0,0.0,0.0,1750714303.9586914,0.0,nothing
210.40032434463495,173.0,-1282.6996671026573,-824.2010221849196,-334.7640548837371,-30.693358936347067,0.0,0.0,0.0,0.0,0.0,0.0,0.0,0.0,1750714304.0645998,0.0,nothing
210.5009794235229,183.0,-1265.5597056057304,-823.0229536988772,-343.1077716848813,-29.204878753982484,0.0,0.0,0.0,0.0,0.0,0.0,0.0,0.0,1750714304.168348,0.0,nothing
210.60191988945002,192.0,-1324.8034608038142,-870.2279709395953,-401.9588373876177,-72.7747132377699,0.0,0.0,0.0,0.0,0.0,0.0,0.0,0.0,1750714304.258051,0.0,nothing
210.70273470878595,104.0,-1271.9268852802925,-812.8130268198438,-328.73346620518714,-21.437106546014547,0.0,0.0,0.0,0.0,0.0,0.0,0.0,0.0,1750714304.3796785,0.0,nothing
210.80328035354609,113.0,-1316.7645458490588,-873.1750121046789,-395.6739355120808,-60.15255088731647,0.0,0.0,0.0,0.0,0.0,0.0,0.0,0.0,1750714304.4698348,0.0,nothing
210.9046728610992,123.0,-1324.8763888529502,-871.1891252282076,-394.6005842247978,-58.18162361066789,0.0,0.0,0.0,0.0,0.0,0.0,0.0,0.0,1750714304.5733752,0.0,nothing
211.00557374954218,134.0,-1264.779936464969,-810.266154950019,-324.7504727523774,-20.44603305775672,0.0,0.0,0.0,0.0,0.0,0.0,0.0,0.0,1750714304.6797335,0.0,nothing
211.10640430450434,144.0,-1267.3193285348823,-814.4137040008791,-328.0490645132959,-26.00726429186761,0.0,0.0,0.0,0.0,0.0,0.0,0.0,0.0,1750714304.7838051,0.0,nothing
211.20719909667963,153.0,-1327.3896016231738,-866.0467627891339,-390.3782371748239,-61.345578973181546,0.0,0.0,0.0,0.0,0.0,0.0,0.0,0.0,1750714304.8736737,0.0,nothing
211.3078196048736,164.0,-1272.6486859717406,-807.5210683825426,-329.32437039818615,-23.191119625233117,0.0,0.0,0.0,0.0,0.0,0.0,0.0,0.0,1750714304.9797895,0.0,nothing
211.4088630676269,174.0,-1268.6544728190638,-819.6233846391551,-328.80452430434525,-31.523616726510227,0.0,0.0,0.0,0.0,0.0,0.0,0.0,0.0,1750714305.0833457,0.0,nothing
211.5096518993377,185.0,-1329.4652460985817,-880.6697716158815,-393.68056883569807,-71.56672555208206,0.0,0.0,0.0,0.0,0.0,0.0,0.0,0.0,1750714305.189618,0.0,nothing
211.61003470420832,194.0,-1265.8383281524293,-822.1403373093344,-328.28093831054866,-26.818822582252324,0.0,0.0,0.0,0.0,0.0,0.0,0.0,0.0,1750714305.2795832,0.0,nothing
211.7119908332824,103.0,-1309.2791360877454,-846.2514723236673,-359.2641394934617,-65.65207377215847,0.0,0.0,0.0,0.0,0.0,0.0,0.0,0.0,1750714305.3836389,0.0,nothing
211.81342959403986,114.0,-1311.683891759254,-859.569256065879,-380.10286204656586,-37.7785994024016,0.0,0.0,0.0,0.0,0.0,0.0,0.0,0.0,1750714305.488456,0.0,nothing
211.9141998291015,125.0,-1278.638135750778,-816.5342272757553,-331.60757932113484,-36.97826081188396,0.0,0.0,0.0,0.0,0.0,0.0,0.0,0.0,1750714305.5951536,0.0,nothing
212.01529288291925,134.0,-1308.344161098823,-860.7622841517441,-382.54501671763137,-31.5890649757348,0.0,0.0,0.0,0.0,0.0,0.0,0.0,0.0,1750714305.684718,0.0,nothing
212.1161623001098,144.0,-1306.317135322839,-856.1173284067772,-386.7262248680927,-51.69476713752374,0.0,0.0,0.0,0.0,0.0,0.0,0.0,0.0,1750714305.7882714,0.0,nothing
212.21661305427546,153.0,-1312.974157243967,-843.2595523591153,-359.7465865877457,-58.98383215116337,0.0,0.0,0.0,0.0,0.0,0.0,0.0,0.0,1750714305.8783257,0.0,nothing
212.31760144233698,165.0,-1284.3452230831608,-805.1387521107681,-327.18701757350937,-36.65288951573893,0.0,0.0,0.0,0.0,0.0,0.0,0.0,0.0,1750714305.9988608,0.0,nothing
212.4185454845428,174.0,-1306.4068929217756,-852.9945119437762,-365.87254271516576,-42.7414466436021,0.0,0.0,0.0,0.0,0.0,0.0,0.0,0.0,1750714306.088542,0.0,nothing
212.5191323757171,184.0,-1309.065961790271,-848.1513415011577,-381.6736200279556,-43.01819924032316,0.0,0.0,0.0,0.0,0.0,0.0,0.0,0.0,1750714306.1946406,0.0,nothing
212.62025666236872,192.0,-1268.143976475112,-820.5957586276345,-344.83186556445435,-20.070173112209886,0.0,0.0,0.0,0.0,0.0,0.0,0.0,0.0,1750714306.2682602,0.0,nothing
212.7208440303802,104.0,-1323.191563922912,-870.9647312308662,-382.2308651213534,-77.16909568570554,0.0,0.0,0.0,0.0,0.0,0.0,0.0,0.0,1750714306.3897896,0.0,nothing
212.82179570198053,114.0,-1324.9605366019532,-874.8392675849609,-384.5795222935267,-70.79630616120994,0.0,0.0,0.0,0.0,0.0,0.0,0.0,0.0,1750714306.4933288,0.0,nothing
212.92244505882257,125.0,-1282.8567429007962,-838.2667859182693,-360.02333918446675,-34.425779092125595,0.0,0.0,0.0,0.0,0.0,0.0,0.0,0.0,1750714306.5997968,0.0,nothing
213.0230615139007,134.0,-1328.08709296491,-867.1649928758852,-386.7748435675167,-64.90222383104265,0.0,0.0,0.0,0.0,0.0,0.0,0.0,0.0,1750714306.689989,0.0,nothing
213.12394928932184,144.0,-1327.2643149746582,-863.9038001145236,-386.88330066623166,-75.83769130147994,0.0,0.0,0.0,0.0,0.0,0.0,0.0,0.0,1750714306.793624,0.0,nothing
213.22460627555841,153.0,-1273.884722907096,-812.2221226268448,-324.4344512061216,-22.372081534937024,0.0,0.0,0.0,0.0,0.0,0.0,0.0,0.0,1750714306.8833084,0.0,nothing
213.32573127746576,165.0,-1292.4084473876285,-832.3427843884565,-363.1910344469361,-29.73220464773476,0.0,0.0,0.0,0.0,0.0,0.0,0.0,0.0,1750714307.0035844,0.0,nothing
213.42644476890558,174.0,-1325.9553499901667,-862.4190598321147,-379.2015461572446,-76.65298949182034,0.0,0.0,0.0,0.0,0.0,0.0,0.0,0.0,1750714307.0933976,0.0,nothing
213.52695894241327,185.0,-1289.7867775186896,-835.2524265539832,-360.056998284068,-29.070242355577648,0.0,0.0,0.0,0.0,0.0,0.0,0.0,0.0,1750714307.199768,0.0,nothing
213.6277523040771,194.0,-1323.322460421361,-865.5904949945398,-382.96762541262433,-76.11444389820099,0.0,0.0,0.0,0.0,0.0,0.0,0.0,0.0,1750714307.2899296,0.0,nothing
213.72834634780878,105.0,-1332.4814754128456,-881.8908489514142,-405.01433565141633,-75.69183520320803,0.0,0.0,0.0,0.0,0.0,0.0,0.0,0.0,1750714307.4081538,0.0,nothing
213.82908773422236,114.0,-1277.5236455639824,-825.5081172194332,-322.85621342482045,-30.390427039936185,0.0,0.0,0.0,0.0,0.0,0.0,0.0,0.0,1750714307.4984925,0.0,nothing
213.93013429641718,125.0,-1336.262514268048,-886.6554814949632,-392.92697899462655,-77.89837617706507,0.0,0.0,0.0,0.0,0.0,0.0,0.0,0.0,1750714307.6047645,0.0,nothing
214.03104305267328,134.0,-1279.9957194346937,-822.8041695514694,-327.0561210750602,-31.81158902309835,0.0,0.0,0.0,0.0,0.0,0.0,0.0,0.0,1750714307.694804,0.0,nothing
214.1319150924682,144.0,-1277.792918360792,-819.7860702872276,-327.9237778647803,-29.35821465216577,0.0,0.0,0.0,0.0,0.0,0.0,0.0,0.0,1750714307.7980568,0.0,nothing
214.23248100280756,155.0,-1339.291833232157,-894.2811375046149,-393.7946357843466,-78.71741426736116,0.0,0.0,0.0,0.0,0.0,0.0,0.0,0.0,1750714307.9048872,0.0,nothing
214.33293962478632,165.0,-1334.4823218891397,-882.5004526441917,-393.7198377852328,-66.97786830645055,0.0,0.0,0.0,0.0,0.0,0.0,0.0,0.0,1750714308.008442,0.0,nothing
214.4335589408874,174.0,-1279.157981844619,-822.8228690512478,-327.8415000657551,-26.13068099040538,0.0,0.0,0.0,0.0,0.0,0.0,0.0,0.0,1750714308.0982456,0.0,nothing
214.53496193885798,185.0,-1335.7987666735426,-882.0591444494203,-394.58749457495287,-78.82213146612048,0.0,0.0,0.0,0.0,0.0,0.0,0.0,0.0,1750714308.2047365,0.0,nothing
214.6358828544616,195.0,-1331.669917122461,-878.3903025928885,-395.417752365116,-68.64586368668824,0.0,0.0,0.0,0.0,0.0,0.0,0.0,0.0,1750714308.3086205,0.0,nothing
214.73673534393305,104.0,-1286.8939649029635,-850.3971514245495,-362.1644319090992,-36.36117731919512,0.0,0.0,0.0,0.0,0.0,0.0,0.0,0.0,1750714308.399673,0.0,nothing
214.83792567253107,114.0,-1284.2760349339806,-850.2400756264105,-360.5113961286843,-39.66350898006931,0.0,0.0,0.0,0.0,0.0,0.0,0.0,0.0,1750714308.503374,0.0,nothing
214.9387624263763,123.0,-1328.440513510723,-873.8388443468139,-380.6956361895427,-73.2739898818545,0.0,0.0,0.0,0.0,0.0,0.0,0.0,0.0,1750714308.5934703,0.0,nothing
215.03970479965204,135.0,-1293.8501788205467,-835.6282864995301,-344.3849475197494,-51.9715197342448,0.0,0.0,0.0,0.0,0.0,0.0,0.0,0.0,1750714308.7135413,0.0,nothing
215.1415905952453,146.0,-1332.5880625615828,-871.508886674419,-391.5488258609548,-59.12968824943528,0.0,0.0,0.0,0.0,0.0,0.0,0.0,0.0,1750714308.8206377,0.0,nothing
215.24252200126642,155.0,-1297.0253538829274,-828.743130681105,-345.282523509115,-37.57290490483865,0.0,0.0,0.0,0.0,0.0,0.0,0.0,0.0,1750714308.9095025,0.0,nothing
215.34307527542109,165.0,-1295.379797902424,-834.9401449076831,-344.18673282209784,-47.838930283207446,0.0,0.0,0.0,0.0,0.0,0.0,0.0,0.0,1750714309.013338,0.0,nothing
215.44477391242975,176.0,-1331.5745496735908,-882.4256546450779,-395.5879178130999,-55.17287409631536,0.0,0.0,0.0,0.0,0.0,0.0,0.0,0.0,1750714309.1196663,0.0,nothing
215.54538488388056,186.0,-1325.130702049937,-876.7335269125178,-394.8848166214302,-58.11617536144331,0.0,0.0,0.0,0.0,0.0,0.0,0.0,0.0,1750714309.2234895,0.0,nothing
215.6463718414306,195.0,-1295.3087398032658,-853.3890713891014,-335.1324350293726,-57.47665246902034,0.0,0.0,0.0,0.0,0.0,0.0,0.0,0.0,1750714309.3133652,0.0,nothing
215.74715924262995,105.0,-1279.9003519858234,-839.5925804525614,-339.16591713158414,-19.466179269365966,0.0,0.0,0.0,0.0,0.0,0.0,0.0,0.0,1750714309.418449,0.0,nothing
215.84811472892756,115.0,-1270.920852192212,-830.9945504544303,-334.45738308737054,-18.45640628132969,0.0,0.0,0.0,0.0,0.0,0.0,0.0,0.0,1750714309.5235684,0.0,nothing
215.94855093955988,126.0,-1313.7614061846398,-852.6149120982736,-366.84491670364514,-60.05157358851284,0.0,0.0,0.0,0.0,0.0,0.0,0.0,0.0,1750714309.6281817,0.0,nothing
216.0492165088653,135.0,-1276.03329543164,-813.1552276657894,-345.3591914582066,-21.122954949736595,0.0,0.0,0.0,0.0,0.0,0.0,0.0,0.0,1750714309.718316,0.0,nothing
216.1498365402221,146.0,-1317.3255308424125,-848.2616685498506,-363.1611152472906,-66.05411301739514,0.0,0.0,0.0,0.0,0.0,0.0,0.0,0.0,1750714309.8247554,0.0,nothing
216.25136756896967,155.0,-1276.8972123214044,-817.6879864120856,-339.9886951218359,-22.330942635424435,0.0,0.0,0.0,0.0,0.0,0.0,0.0,0.0,1750714309.9147625,0.0,nothing
216.35234713554377,167.0,-1325.2428990486078,-838.9567974600941,-382.2607843209989,-42.63859939482063,0.0,0.0,0.0,0.0,0.0,0.0,0.0,0.0,1750714310.0352516,0.0,nothing
216.453464269638,176.0,-1318.3988821296953,-848.4711029473692,-369.5974830710329,-54.6922969520092,0.0,0.0,0.0,0.0,0.0,0.0,0.0,0.0,1750714310.1247509,0.0,nothing
216.55383253097528,186.0,-1327.412041022908,-855.0982056688517,-371.4562133490108,-60.53402068279684,0.0,0.0,0.0,0.0,0.0,0.0,0.0,0.0,1750714310.228095,0.0,nothing
216.65587472915644,195.0,-1283.595373142045,-815.0476170433685,-346.9523888393305,-12.562323951162398,0.0,0.0,0.0,0.0,0.0,0.0,0.0,0.0,1750714310.3195229,0.0,nothing
216.7566266059875,106.0,-1276.396065727342,-808.2129498743452,-331.1288721268065,-13.388841841369867,0.0,0.0,0.0,0.0,0.0,0.0,0.0,0.0,1750714310.439039,0.0,nothing
216.85747456550592,116.0,-1275.9397979327478,-811.2572284382768,-325.249749396462,-21.93077334016561,0.0,0.0,0.0,0.0,0.0,0.0,0.0,0.0,1750714310.529912,0.0,nothing
216.95839452743525,126.0,-1272.824461269658,-805.2771284091286,-327.9611768643372,-27.690219271928072,0.0,0.0,0.0,0.0,0.0,0.0,0.0,0.0,1750714310.6336532,0.0,nothing
217.05884718894953,135.0,-1328.0440841154195,-869.1994984517805,-391.7376908087172,-57.84503261465579,0.0,0.0,0.0,0.0,0.0,0.0,0.0,0.0,1750714310.7234223,0.0,nothing
217.1595041751861,146.0,-1281.7777817635797,-818.1423842567019,-325.89301218884066,-16.182547108270228,0.0,0.0,0.0,0.0,0.0,0.0,0.0,0.0,1750714310.829908,0.0,nothing
217.25984287261957,156.0,-1274.9674239442684,-816.8932576715015,-325.59756009234115,-26.4934512861073,0.0,0.0,0.0,0.0,0.0,0.0,0.0,0.0,1750714310.933614,0.0,nothing
217.3604819774627,167.0,-1325.9534800401889,-870.1606527403928,-389.4451321358793,-76.1817620974034,0.0,0.0,0.0,0.0,0.0,0.0,0.0,0.0,1750714311.0398877,0.0,nothing
217.46096372604364,176.0,-1270.172872201074,-817.6561972624622,-329.2589221489616,-21.79613694176078,0.0,0.0,0.0,0.0,0.0,0.0,0.0,0.0,1750714311.1312928,0.0,nothing
217.56210708618158,186.0,-1264.0730953733437,-817.188709768001,-329.9059248412959,-19.77659096568823,0.0,0.0,0.0,0.0,0.0,0.0,0.0,0.0,1750714311.233595,0.0,nothing
217.66259837150568,195.0,-1326.4508867342956,-874.8729266845621,-402.6357592795976,-62.84153895545751,0.0,0.0,0.0,0.0,0.0,0.0,0.0,0.0,1750714311.32339,0.0,nothing
217.76300120353693,107.0,-1272.2372969766147,-819.0156508963555,-335.28203102760017,-31.34597147861496,0.0,0.0,0.0,0.0,0.0,0.0,0.0,0.0,1750714311.443282,0.0,nothing
217.8638715744018,116.0,-1304.5126335942186,-864.4217762583867,-377.9991683214903,-48.73276637261733,0.0,0.0,0.0,0.0,0.0,0.0,0.0,0.0,1750714311.534728,0.0,nothing
217.96432900428766,126.0,-1305.122237286996,-859.2158355200663,-384.540253343992,-48.343816777225584,0.0,0.0,0.0,0.0,0.0,0.0,0.0,0.0,1750714311.6384854,0.0,nothing
218.06530427932734,135.0,-1312.179428503383,-848.1382518513128,-368.9523503286764,-62.7536513064988,0.0,0.0,0.0,0.0,0.0,0.0,0.0,0.0,1750714311.728281,0.0,nothing
218.16565656661982,147.0,-1273.366746763233,-829.7491637691855,-332.84361625649035,-38.14510959805921,0.0,0.0,0.0,0.0,0.0,0.0,0.0,0.0,1750714311.8481083,0.0,nothing
218.26622509956354,156.0,-1308.0318794525228,-872.1708489665762,-387.6481102071703,-44.81709111901,0.0,0.0,0.0,0.0,0.0,0.0,0.0,0.0,1750714311.9380834,0.0,nothing
218.36721253395075,165.0,-1311.6072238101624,-850.849679319188,-374.8127735592425,-65.83532886998728,0.0,0.0,0.0,0.0,0.0,0.0,0.0,0.0,1750714312.028262,0.0,nothing
218.46784424781794,176.0,-1299.2468544566073,-854.7279555732384,-392.7717731464654,-47.23680639034137,0.0,0.0,0.0,0.0,0.0,0.0,0.0,0.0,1750714312.1351843,0.0,nothing
218.56853580474848,186.0,-1314.546785175335,-866.5871783327311,-388.4147896980867,-38.16754899779335,0.0,0.0,0.0,0.0,0.0,0.0,0.0,0.0,1750714312.2384834,0.0,nothing
218.6691977977752,197.0,-1283.4121180442162,-826.8694408033043,-335.76821802183986,-30.14172369288281,0.0,0.0,0.0,0.0,0.0,0.0,0.0,0.0,1750714312.344761,0.0,nothing
218.76989316940302,105.0,-1272.3139649257064,-824.8517647772096,-327.9836162640713,-14.49585222825408,0.0,0.0,0.0,0.0,0.0,0.0,0.0,0.0,1750714312.4333184,0.0,nothing
218.87079930305475,116.0,-1322.0471545364708,-859.7113722641952,-385.8249089787714,-79.19986136164516,0.0,0.0,0.0,0.0,0.0,0.0,0.0,0.0,1750714312.5396967,0.0,nothing
218.9712114334106,126.0,-1327.8178201681003,-877.4272783542983,-387.7210382563062,-65.4033704251051,0.0,0.0,0.0,0.0,0.0,0.0,0.0,0.0,1750714312.6433032,0.0,nothing
219.071858882904,137.0,-1302.6183742666617,-851.5995292603038,-359.0808843956329,-26.766463982872665,0.0,0.0,0.0,0.0,0.0,0.0,0.0,0.0,1750714312.7499244,0.0,nothing
219.17246437072748,146.0,-1327.3652922734618,-879.1850313334726,-388.7270713443868,-68.11105799302459,0.0,0.0,0.0,0.0,0.0,0.0,0.0,0.0,1750714312.8398232,0.0,nothing
219.2729566097259,156.0,-1321.994795937091,-868.421599260997,-385.25270428555086,-66.98908800631762,0.0,0.0,0.0,0.0,0.0,0.0,0.0,0.0,1750714312.943266,0.0,nothing
219.37370133399958,165.0,-1275.2946651903912,-817.3270860663615,-326.2071637851186,-20.31513655930757,0.0,0.0,0.0,0.0,0.0,0.0,0.0,0.0,1750714313.0334089,0.0,nothing
219.47423815727228,177.0,-1288.5900095328689,-834.9494946575724,-366.0483180130832,-36.34434776939452,0.0,0.0,0.0,0.0,0.0,0.0,0.0,0.0,1750714313.153126,0.0,nothing
219.57528233528132,186.0,-1337.8706712489948,-865.9757046899758,-392.8783602952026,-84.06547120399773,0.0,0.0,0.0,0.0,0.0,0.0,0.0,0.0,1750714313.243168,0.0,nothing
219.67606639862055,195.0,-1277.7405597614124,-813.9948352058418,-334.6181987854652,-20.68538665492088,0.0,0.0,0.0,0.0,0.0,0.0,0.0,0.0,1750714313.333491,0.0,nothing
219.77668404579157,106.0,-1278.3782127038576,-819.2007759441622,-337.0921426061541,-28.898206957615912,0.0,0.0,0.0,0.0,0.0,0.0,0.0,0.0,1750714313.4541454,0.0,nothing
219.8772320747375,116.0,-1283.9394439379685,-827.8474246417172,-326.9682334261015,-25.853928393684328,0.0,0.0,0.0,0.0,0.0,0.0,0.0,0.0,1750714313.544904,0.0,nothing
219.978184223175,124.0,-1315.122729768511,-855.3618686157279,-365.2835084721446,-56.63704492896795,0.0,0.0,0.0,0.0,0.0,0.0,0.0,0.0,1750714313.6336708,0.0,nothing
220.0789561271667,137.0,-1327.77481131861,-882.3489866959862,-399.24180006980896,-77.97691407613456,0.0,0.0,0.0,0.0,0.0,0.0,0.0,0.0,1750714313.7549276,0.0,nothing
220.17946171760553,146.0,-1272.3494939752854,-827.0957047506236,-336.0113115189597,-36.15361287165433,0.0,0.0,0.0,0.0,0.0,0.0,0.0,0.0,1750714313.8449056,0.0,nothing
220.28016352653498,156.0,-1277.5666544134729,-833.4759740750305,-331.1382218766957,-30.091235043480992,0.0,0.0,0.0,0.0,0.0,0.0,0.0,0.0,1750714313.9483418,0.0,nothing
220.38115715980524,167.0,-1336.4289398160763,-882.9249312891625,-395.5168597139418,-77.34113108366728,0.0,0.0,0.0,0.0,0.0,0.0,0.0,0.0,1750714314.0546484,0.0,nothing
220.495513677597,179.0,-1309.441821735818,-853.9444465325214,-364.77862197812647,-65.92695641890168,0.0,0.0,0.0,0.0,0.0,0.0,0.0,0.0,1750714314.1745348,0.0,nothing
220.5965626239776,188.0,-1277.7798287109472,-815.6029921867885,-348.95510526560247,-24.567402808927,0.0,0.0,0.0,0.0,0.0,0.0,0.0,0.0,1750714314.264694,0.0,nothing
220.69757342338556,198.0,-1285.3606059211306,-819.817859436851,-340.4917116658762,-19.585856067948043,0.0,0.0,0.0,0.0,0.0,0.0,0.0,0.0,1750714314.3683596,0.0,nothing
220.7986426353454,108.0,-1332.114965217188,-864.260960560292,-397.1511959945783,-67.13494410458952,0.0,0.0,0.0,0.0,0.0,0.0,0.0,0.0,1750714314.4732363,0.0,nothing
220.8996369838714,117.0,-1291.6006289971992,-820.5527497781441,-351.07562854047865,-56.37151203211397,0.0,0.0,0.0,0.0,0.0,0.0,0.0,0.0,1750714314.563621,0.0,nothing
221.00065565109247,128.0,-1328.08709296491,-860.3116262070835,-405.88012249115855,-62.79666015598923,0.0,0.0,0.0,0.0,0.0,0.0,0.0,0.0,1750714314.6695232,0.0,nothing
221.10152912139887,137.0,-1296.2081857426092,-827.4790444960818,-354.71081129740924,-46.7637090459466,0.0,0.0,0.0,0.0,0.0,0.0,0.0,0.0,1750714314.7595415,0.0,nothing
221.2022321224212,147.0,-1297.4199133282527,-824.6815993292257,-344.21291212178767,-60.130111487582326,0.0,0.0,0.0,0.0,0.0,0.0,0.0,0.0,1750714314.8632212,0.0,nothing
221.3029882907867,159.0,-1272.209247726947,-811.3488559871912,-330.28552468679845,-26.362554787658155,0.0,0.0,0.0,0.0,0.0,0.0,0.0,0.0,1750714314.9833052,0.0,nothing
221.4037599563598,168.0,-1330.289894038811,-864.9752814518288,-401.83355073910207,-66.9591688066721,0.0,0.0,0.0,0.0,0.0,0.0,0.0,0.0,1750714315.0733504,0.0,nothing
221.50424838066095,179.0,-1270.062545152381,-805.585670155473,-335.4503265256062,-31.516136926598847,0.0,0.0,0.0,0.0,0.0,0.0,0.0,0.0,1750714315.1798103,0.0,nothing
221.6048064231872,188.0,-1332.5113946124911,-864.6199909560382,-401.6315961414948,-76.93722188845277,0.0,0.0,0.0,0.0,0.0,0.0,0.0,0.0,1750714315.269749,0.0,nothing
221.7054574489593,198.0,-1327.144638176076,-866.8601910294965,-396.6874484000728,-61.831765967421234,0.0,0.0,0.0,0.0,0.0,0.0,0.0,0.0,1750714315.373366,0.0,nothing
221.80640339851374,108.0,-1316.8617832479067,-865.2370744487271,-362.5066327550449,-66.41501336311921,0.0,0.0,0.0,0.0,0.0,0.0,0.0,0.0,1750714315.4781847,0.0,nothing
221.9074368476867,117.0,-1274.8776663453318,-825.100468124263,-341.6230314024724,-15.735629063565284,0.0,0.0,0.0,0.0,0.0,0.0,0.0,0.0,1750714315.5682623,0.0,nothing
222.00818538665766,129.0,-1306.9996670647524,-858.9727420229465,-376.5462171887048,-40.33669097209349,0.0,0.0,0.0,0.0,0.0,0.0,0.0,0.0,1750714315.6880856,0.0,nothing
222.10884785652155,138.0,-1312.1158502041362,-844.8172206906602,-359.4099955917336,-64.99759127991274,0.0,0.0,0.0,0.0,0.0,0.0,0.0,0.0,1750714315.77833,0.0,nothing
222.20941448211664,149.0,-1313.881082983222,-864.8406450534239,-376.6135353879072,-47.02363209286705,0.0,0.0,0.0,0.0,0.0,0.0,0.0,0.0,1750714315.8833704,0.0,nothing
222.3100066184997,158.0,-1315.7809521607123,-854.612018674612,-367.8621694915928,-66.41127346316352,0.0,0.0,0.0,0.0,0.0,0.0,0.0,0.0,1750714315.9746232,0.0,nothing
222.4107122421264,168.0,-1313.4547343882732,-842.7714954148978,-363.7669790401124,-69.87068092217669,0.0,0.0,0.0,0.0,0.0,0.0,0.0,0.0,1750714316.0782564,0.0,nothing
222.51138758659357,178.0,-1311.7156809088774,-857.0541733456776,-364.2606458342634,-72.64194678934291,0.0,0.0,0.0,0.0,0.0,0.0,0.0,0.0,1750714316.1839404,0.0,nothing
222.61205244064325,189.0,-1306.3825835720636,-846.1112260753289,-379.5381371532567,-56.04053088603541,0.0,0.0,0.0,0.0,0.0,0.0,0.0,0.0,1750714316.2880802,0.0,nothing
222.71280932426447,198.0,-1309.9167890301906,-856.0892791571096,-359.9747204850428,-72.30535579333082,0.0,0.0,0.0,0.0,0.0,0.0,0.0,0.0,1750714316.3781796,0.0,nothing
222.81362962722773,108.0,-1257.545100000687,-812.1922034271993,-321.4444011915475,-19.413820669986308,0.0,0.0,0.0,0.0,0.0,0.0,0.0,0.0,1750714316.4835875,0.0,nothing
222.91446971893305,119.0,-1317.304961392656,-869.3565742499195,-387.3937970101833,-77.7039013793692,0.0,0.0,0.0,0.0,0.0,0.0,0.0,0.0,1750714316.589488,0.0,nothing
223.0362017154693,131.0,-1296.5559964384884,-828.5804450330324,-345.92952620144933,-48.98894951958209,0.0,0.0,0.0,0.0,0.0,0.0,0.0,0.0,1750714316.7095685,0.0,nothing
223.1368072032928,140.0,-1285.8224835656583,-824.1673630853184,-361.9213384119794,-25.36400149948895,0.0,0.0,0.0,0.0,0.0,0.0,0.0,0.0,1750714316.7996607,0.0,nothing
223.23743891715998,150.0,-1283.873995688744,-846.8236770168878,-365.8557131653652,-41.39695260953158,0.0,0.0,0.0,0.0,0.0,0.0,0.0,0.0,1750714316.903124,0.0,nothing
223.33831143379206,161.0,-1292.1990129901096,-824.3805373827927,-351.6814923333004,-53.79098106268793,0.0,0.0,0.0,0.0,0.0,0.0,0.0,0.0,1750714317.009818,0.0,nothing
223.4391479492187,171.0,-1292.8721949821338,-832.107170691248,-357.6092337630689,-51.5059021897614,0.0,0.0,0.0,0.0,0.0,0.0,0.0,0.0,1750714317.1131997,0.0,nothing
223.53952765464777,180.0,-1296.2867236416787,-836.2472399421968,-363.9184449883178,-29.545209649950262,0.0,0.0,0.0,0.0,0.0,0.0,0.0,0.0,1750714317.2032568,0.0,nothing
223.6402707099914,191.0,-1290.6806136080995,-830.3718571118079,-345.82480900269,-50.58962670061737,0.0,0.0,0.0,0.0,0.0,0.0,0.0,0.0,1750714317.3112955,0.0,nothing
223.74053978919977,200.0,-1298.8822142109275,-832.2979055889882,-372.1798839904368,-34.9044862864539,0.0,0.0,0.0,0.0,0.0,0.0,0.0,0.0,1750714317.3998277,0.0,nothing
223.8409144878387,110.0,-1336.9113869103603,-865.7849697922356,-407.7538123689592,-62.31982291163877,0.0,0.0,0.0,0.0,0.0,0.0,0.0,0.0,1750714317.5046873,0.0,nothing
223.94137978553766,120.0,-1325.0372045510449,-875.5124495769851,-406.1606149878353,-74.46701796771958,0.0,0.0,0.0,0.0,0.0,0.0,0.0,0.0,1750714317.6081593,0.0,nothing
224.04241442680353,131.0,-1276.5194824258797,-828.1353969383053,-341.2359517570585,-24.01576756546274,0.0,0.0,0.0,0.0,0.0,0.0,0.0,0.0,1750714317.7147424,0.0,nothing
224.1430268287658,141.0,-1274.743029946927,-825.4725881698541,-354.4751976002008,-24.210242363158613,0.0,0.0,0.0,0.0,0.0,0.0,0.0,0.0,1750714317.8181484,0.0,nothing
224.2440795898437,152.0,-1316.1512022563256,-860.9118801499717,-372.853065982461,-68.12040774291381,0.0,0.0,0.0,0.0,0.0,0.0,0.0,0.0,1750714317.9246757,0.0,nothing
224.34491920471186,161.0,-1263.7290245774202,-818.4640156528912,-350.11447425186634,-25.56408614711836,0.0,0.0,0.0,0.0,0.0,0.0,0.0,0.0,1750714318.0147886,0.0,nothing
224.44573712348932,171.0,-1281.014842172619,-829.9866474163719,-350.0845550522208,-29.1805694042705,0.0,0.0,0.0,0.0,0.0,0.0,0.0,0.0,1750714318.118382,0.0,nothing
224.54620957374567,180.0,-1324.6519948556088,-869.652026346419,-411.62086892314255,-73.08325498411432,0.0,0.0,0.0,0.0,0.0,0.0,0.0,0.0,1750714318.2084885,0.0,nothing
224.64675927162165,191.0,-1276.6989976237528,-816.0854392810725,-351.5356362350285,-23.256567874457687,0.0,0.0,0.0,0.0,0.0,0.0,0.0,0.0,1750714318.3149755,0.0,nothing
224.74783611297602,101.0,-1325.637458493933,-870.0503256917,-399.6008304655552,-62.546086858958006,0.0,0.0,0.0,0.0,0.0,0.0,0.0,0.0,1750714318.422681,0.0,nothing
224.84863233566278,110.0,-1284.3340033832935,-831.7761895451695,-351.1205073399469,-62.54234695900232,0.0,0.0,0.0,0.0,0.0,0.0,0.0,0.0,1750714318.5104082,0.0,nothing
224.94968032836908,120.0,-1289.6708406200632,-839.7758355503902,-351.2514038383961,-51.86493258550763,0.0,0.0,0.0,0.0,0.0,0.0,0.0,0.0,1750714318.6132264,0.0,nothing
225.05081963539118,132.0,-1269.1724489629269,-811.0309644909576,-334.343316138722,-30.801816035062075,0.0,0.0,0.0,0.0,0.0,0.0,0.0,0.0,1750714318.7330627,0.0,nothing
225.151603937149,141.0,-1330.4095708373934,-869.8221917944029,-403.3856092207134,-67.95024229492992,0.0,0.0,0.0,0.0,0.0,0.0,0.0,0.0,1750714318.8232815,0.0,nothing
225.25234293937677,152.0,-1274.887016095221,-821.5288636665791,-331.59074977133423,-21.530604044906795,0.0,0.0,0.0,0.0,0.0,0.0,0.0,0.0,1750714318.9296172,0.0,nothing
225.35330367088312,161.0,-1328.1506712641567,-880.0134191736579,-401.20524754654616,-65.82971902005374,0.0,0.0,0.0,0.0,0.0,0.0,0.0,0.0,1750714319.0199833,0.0,nothing
225.4539275169372,171.0,-1323.1840841230005,-878.0424918970093,-413.834889696911,-66.72355510946363,0.0,0.0,0.0,0.0,0.0,0.0,0.0,0.0,1750714319.124596,0.0,nothing
225.55485439300531,182.0,-1277.1982742678374,-814.6998063474894,-335.91407412011176,-23.995198115706444,0.0,0.0,0.0,0.0,0.0,0.0,0.0,0.0,1750714319.2297008,0.0,nothing
225.65512180328363,191.0,-1326.5761733828112,-858.4080171296373,-395.068071719259,-65.83719881996512,0.0,0.0,0.0,0.0,0.0,0.0,0.0,0.0,1750714319.3197255,0.0,nothing
225.75577807426447,101.0,-1309.1239302395843,-850.2456854763441,-361.7885719635524,-67.2714504529722,0.0,0.0,0.0,0.0,0.0,0.0,0.0,0.0,1750714319.424765,0.0,nothing
225.85617280006403,109.0,-1335.1124950316737,-870.7403372335248,-404.96945685194805,-75.89191985083744,0.0,0.0,0.0,0.0,0.0,0.0,0.0,0.0,1750714319.5143745,0.0,nothing
225.95700240135187,121.0,-1312.7852922962047,-853.5966358366422,-365.640668917913,-62.81348970578984,0.0,0.0,0.0,0.0,0.0,0.0,0.0,0.0,1750714319.6340594,0.0,nothing
226.05745434761042,131.0,-1311.6072238101624,-848.5664703962393,-371.9760594428517,-64.88539428124204,0.0,0.0,0.0,0.0,0.0,0.0,0.0,0.0,1750714319.725222,0.0,nothing
226.15813565254206,141.0,-1309.4343419359066,-843.3941887575202,-373.5393376243301,-53.1196690206416,0.0,0.0,0.0,0.0,0.0,0.0,0.0,0.0,1750714319.8286035,0.0,nothing
226.25929307937616,150.0,-1280.087346983608,-824.279560083989,-340.7441549128853,-14.32942668022588,0.0,0.0,0.0,0.0,0.0,0.0,0.0,0.0,1750714319.9184656,0.0,nothing
226.35983777046198,161.0,-1309.2697863378562,-852.1792137534358,-366.3774292091839,-62.51429770933464,0.0,0.0,0.0,0.0,0.0,0.0,0.0,0.0,1750714320.0249228,0.0,nothing
226.46057200431818,171.0,-1312.3252846016549,-862.3180825333111,-366.7028005053289,-67.33502875221893,0.0,0.0,0.0,0.0,0.0,0.0,0.0,0.0,1750714320.1283994,0.0,nothing
226.5611109733581,182.0,-1313.4397747884504,-862.8454084270634,-383.3902341076173,-37.90575600089505,0.0,0.0,0.0,0.0,0.0,0.0,0.0,0.0,1750714320.2350583,0.0,nothing
226.66212987899775,191.0,-1321.948047187645,-849.9203141801991,-365.0871637244709,-57.61128886742517,0.0,0.0,0.0,0.0,0.0,0.0,0.0,0.0,1750714320.3247995,0.0,nothing
226.76312422752375,101.0,-1274.0212292554788,-816.4706489765085,-326.40911838272586,-13.805840686429292,0.0,0.0,0.0,0.0,0.0,0.0,0.0,0.0,1750714320.4299717,0.0,nothing
226.86386966705317,111.0,-1283.258782146033,-809.2189829624258,-327.3179140719585,-23.398684072773904,0.0,0.0,0.0,0.0,0.0,0.0,0.0,0.0,1750714320.5337524,0.0,nothing
226.96461653709406,122.0,-1332.318789764773,-857.3552352921106,-388.1960055506788,-64.7133588832803,0.0,0.0,0.0,0.0,0.0,0.0,0.0,0.0,1750714320.6399808,0.0,nothing
227.06562089920038,131.0,-1272.211117676925,-803.7250699275173,-344.94406256312504,-35.96848782384768,0.0,0.0,0.0,0.0,0.0,0.0,0.0,0.0,1750714320.7298436,0.0,nothing
227.16615223884577,141.0,-1274.6981511474587,-801.6157663525082,-335.283900977578,-33.54129275260493,0.0,0.0,0.0,0.0,0.0,0.0,0.0,0.0,1750714320.8333924,0.0,nothing
227.26670956611628,150.0,-1335.321929429192,-865.4334191964008,-406.97778312815353,-64.50392448576167,0.0,0.0,0.0,0.0,0.0,0.0,0.0,0.0,1750714320.9234643,0.0,nothing
227.3681907653808,161.0,-1272.9890168677084,-804.0915801231749,-342.05311989737675,-14.340646380092949,0.0,0.0,0.0,0.0,0.0,0.0,0.0,0.0,1750714321.0297685,0.0,nothing
227.4688222408294,173.0,-1287.0846998007037,-830.3643773118965,-372.4098878377117,-37.038099211175,0.0,0.0,0.0,0.0,0.0,0.0,0.0,0.0,1750714321.1497934,0.0,nothing
227.5703473091125,182.0,-1327.1652076258324,-875.5610682764091,-398.6452860268764,-67.43974595097825,0.0,0.0,0.0,0.0,0.0,0.0,0.0,0.0,1750714321.2397275,0.0,nothing
227.6711931228637,191.0,-1276.1230530305766,-809.5293946587481,-334.05347389215603,-14.838053074199706,0.0,0.0,0.0,0.0,0.0,0.0,0.0,0.0,1750714321.3298092,0.0,nothing
227.77240943908686,102.0,-1280.025638634339,-805.6118494551629,-329.95267359074205,-23.241608274634928,0.0,0.0,0.0,0.0,0.0,0.0,0.0,0.0,1750714321.4485369,0.0,nothing
227.8728966712951,111.0,-1316.9945496963337,-847.6483249571174,-391.1037777662277,-41.16694876225665,0.0,0.0,0.0,0.0,0.0,0.0,0.0,0.0,1750714321.5386264,0.0,nothing
227.97387909889216,122.0,-1293.8408290706575,-802.0552045973018,-350.18553235102445,-13.173797593917698,0.0,0.0,0.0,0.0,0.0,0.0,0.0,0.0,1750714321.6448774,0.0,nothing
228.07444715499872,131.0,-1323.2551422221586,-838.3097947677597,-401.2613460458815,-27.022647129837424,0.0,0.0,0.0,0.0,0.0,0.0,0.0,0.0,1750714321.734695,0.0,nothing
228.1752741336822,141.0,-1326.531294583343,-828.4177593849599,-407.9707265663892,-24.40471716085449,0.0,0.0,0.0,0.0,0.0,0.0,0.0,0.0,1750714321.8399706,0.0,nothing
228.27587080001825,152.0,-1294.0951422676444,-792.7578133074567,-360.3917193301022,-11.131812218111008,0.0,0.0,0.0,0.0,0.0,0.0,0.0,0.0,1750714321.945436,0.0,nothing
228.37650036811823,162.0,-1292.5655231857672,-791.6395832207054,-358.4320117533207,-2.21589072374627,0.0,0.0,0.0,0.0,0.0,0.0,0.0,0.0,1750714322.0484524,0.0,nothing
228.47702574729914,171.0,-1318.2661156812685,-839.0577747588977,-398.553658477962,-29.461061900947243,0.0,0.0,0.0,0.0,0.0,0.0,0.0,0.0,1750714322.13847,0.0,nothing
228.57795858383173,183.0,-1337.3470852551982,-862.7089020786807,-411.5872098235413,-62.30112341186032,0.0,0.0,0.0,0.0,0.0,0.0,0.0,0.0,1750714322.2581792,0.0,nothing
228.6787765026092,192.0,-1277.7854385608807,-805.465993356891,-343.8314423263073,-31.701261974405497,0.0,0.0,0.0,0.0,0.0,0.0,0.0,0.0,1750714322.3487687,0.0,nothing
228.77946782112116,102.0,-1288.2702480866574,-831.5237462981604,-378.4778755158186,-28.514867212157696,0.0,0.0,0.0,0.0,0.0,0.0,0.0,0.0,1750714322.4534333,0.0,nothing
228.88009691238398,111.0,-1327.292364224326,-856.8166896984912,-395.13912981841713,-68.38968053972349,0.0,0.0,0.0,0.0,0.0,0.0,0.0,0.0,1750714322.5434017,0.0,nothing
228.98062491416925,122.0,-1302.9568352126516,-831.4115492994897,-380.7031159894541,-22.082239288371056,0.0,0.0,0.0,0.0,0.0,0.0,0.0,0.0,1750714322.6499393,0.0,nothing
229.08182048797602,132.0,-1300.297766344156,-825.2519340724684,-372.48655578680336,-33.23088105628267,0.0,0.0,0.0,0.0,0.0,0.0,0.0,0.0,1750714322.7533755,0.0,nothing
229.18248009681696,141.0,-1329.1548344022594,-844.0374515498988,-402.0654245363549,-75.05792216071859,0.0,0.0,0.0,0.0,0.0,0.0,0.0,0.0,1750714322.8435223,0.0,nothing
229.28317904472345,152.0,-1299.5423065531068,-843.7270398535766,-378.7770675122738,-26.1063716406934,0.0,0.0,0.0,0.0,0.0,0.0,0.0,0.0,1750714322.9502647,0.0,nothing
229.38411879539484,162.0,-1291.4042842495255,-846.4870860208757,-362.3215077072382,-45.38555591227487,0.0,0.0,0.0,0.0,0.0,0.0,0.0,0.0,1750714323.0531216,0.0,nothing
229.4853703975677,171.0,-1321.8096708892845,-860.9230998498388,-383.9156900513917,-82.8743130681105,0.0,0.0,0.0,0.0,0.0,0.0,0.0,0.0,1750714323.1449132,0.0,nothing
229.58614850044245,183.0,-1293.1919564283453,-834.5268859625794,-336.5311576128006,-52.59608302684501,0.0,0.0,0.0,0.0,0.0,0.0,0.0,0.0,1750714323.2634332,0.0,nothing
229.68742442131037,192.0,-1285.8916717148386,-849.9988520792685,-358.55542845185846,-37.74868020275608,0.0,0.0,0.0,0.0,0.0,0.0,0.0,0.0,1750714323.3535218,0.0,nothing
229.78816080093378,102.0,-1332.2944804150611,-879.8451236756518,-394.62489357450977,-78.53228921955451,0.0,0.0,0.0,0.0,0.0,0.0,0.0,0.0,1750714323.4583032,0.0,nothing
229.88971114158625,113.0,-1282.8380434010178,-834.4389983136207,-343.5490798796527,-21.611011893954128,0.0,0.0,0.0,0.0,0.0,0.0,0.0,0.0,1750714323.5650115,0.0,nothing
229.99072170257563,123.0,-1270.0812446521595,-823.9971976373345,-338.41793714044616,-20.870511702727526,0.0,0.0,0.0,0.0,0.0,0.0,0.0,0.0,1750714323.668534,0.0,nothing
230.0914494991302,132.0,-1344.5089936703444,-879.6394291780889,-397.5906342393719,-73.24781058216467,0.0,0.0,0.0,0.0,0.0,0.0,0.0,0.0,1750714323.7585213,0.0,nothing
230.1921460628509,143.0,-1278.6343958508223,-834.6596524110064,-337.7036162489094,-33.48145435331389,0.0,0.0,0.0,0.0,0.0,0.0,0.0,0.0,1750714323.86497,0.0,nothing
230.29286789894098,150.0,-1319.3170275688171,-847.6632845569402,-394.5687950751744,-60.412473934236914,0.0,0.0,0.0,0.0,0.0,0.0,0.0,0.0,1750714323.9382408,0.0,nothing
230.3938164710998,162.0,-1334.7366350861266,-873.4461548514664,-392.6726657976397,-73.21041158260778,0.0,0.0,0.0,0.0,0.0,0.0,0.0,0.0,1750714324.0587416,0.0,nothing
230.49443817138666,172.0,-1334.848832084797,-875.5629382263869,-399.602700415533,-73.1655327831395,0.0,0.0,0.0,0.0,0.0,0.0,0.0,0.0,1750714324.1636884,0.0,nothing
230.5950052738189,183.0,-1277.3703096657991,-832.711164534092,-337.93922994611785,-22.826479379553348,0.0,0.0,0.0,0.0,0.0,0.0,0.0,0.0,1750714324.2684362,0.0,nothing
230.6959347724914,192.0,-1330.129078340717,-882.6313491426408,-397.51583624025807,-81.11656008893624,0.0,0.0,0.0,0.0,0.0,0.0,0.0,0.0,1750714324.3586888,0.0,nothing
230.7964544296264,102.0,-1284.3153038835153,-840.682761289645,-342.5991452909075,-56.64826462883502,0.0,0.0,0.0,0.0,0.0,0.0,0.0,0.0,1750714324.463724,0.0,nothing
230.89772009849543,113.0,-1332.320659714751,-880.0526881231926,-391.0981679162942,-67.63235079869628,0.0,0.0,0.0,0.0,0.0,0.0,0.0,0.0,1750714324.5699213,0.0,nothing
230.99856400489801,123.0,-1330.1814369400963,-877.105646958109,-404.2775753601454,-63.67927654553205,0.0,0.0,0.0,0.0,0.0,0.0,0.0,0.0,1750714324.6735132,0.0,nothing
231.09991598129267,132.0,-1284.319043783471,-827.5108336457051,-345.38911065785214,-54.99522884842008,0.0,0.0,0.0,0.0,0.0,0.0,0.0,0.0,1750714324.763328,0.0,nothing
231.20019960403437,141.0,-1298.4521257160231,-841.9692868744023,-363.4752668435685,-38.13201994821429,0.0,0.0,0.0,0.0,0.0,0.0,0.0,0.0,1750714324.853245,0.0,nothing
231.30116224288935,153.0,-1325.035334601067,-866.6937654814683,-393.3121886900626,-57.2129895221442,0.0,0.0,0.0,0.0,0.0,0.0,0.0,0.0,1750714324.9737425,0.0,nothing
231.40191221237177,161.0,-1286.4320872584358,-839.8151044999249,-360.9994530729018,-39.28764903452248,0.0,0.0,0.0,0.0,0.0,0.0,0.0,0.0,1750714325.050085,0.0,nothing
231.50269436836237,173.0,-1322.4286243319511,-882.2367896973155,-404.70392395509407,-77.51316648162901,0.0,0.0,0.0,0.0,0.0,0.0,0.0,0.0,1750714325.170468,0.0,nothing
231.60351991653437,183.0,-1305.243784035556,-881.6945042037405,-402.6694183791988,-65.89703721925616,0.0,0.0,0.0,0.0,0.0,0.0,0.0,0.0,1750714325.2739313,0.0,nothing
231.7045936584472,194.0,-1231.3097018115222,-832.5634384858422,-328.56704065715894,-37.08858786057681,0.0,0.0,0.0,0.0,0.0,0.0,0.0,0.0,1750714325.3801627,0.0,nothing
231.80556488037104,102.0,-1252.5448537599295,-835.8040617974475,-342.3803611434996,-48.246579378377646,0.0,0.0,0.0,0.0,0.0,0.0,0.0,0.0,1750714325.4685435,0.0,nothing
231.90651035308832,113.0,-1288.6947267316282,-857.832072536461,-365.0067558754236,-70.61866091331467,0.0,0.0,0.0,0.0,0.0,0.0,0.0,0.0,1750714325.5750792,0.0,nothing
232.0075187683105,123.0,-1290.6357348086312,-851.4443234121427,-360.44407792948186,-58.14983446104452,0.0,0.0,0.0,0.0,0.0,0.0,0.0,0.0,1750714325.678331,0.0,nothing
232.10819840431208,134.0,-1310.696558170952,-865.1547966497019,-384.8357054404914,-59.65327424323186,0.0,0.0,0.0,0.0,0.0,0.0,0.0,0.0,1750714325.7854044,0.0,nothing
232.20923495292658,143.0,-1308.6396131953225,-855.3749582655728,-364.857159877196,-70.65979981282726,0.0,0.0,0.0,0.0,0.0,0.0,0.0,0.0,1750714325.8748443,0.0,nothing
232.31017637252802,153.0,-1311.250063364394,-842.2591291209683,-364.7748820781708,-66.08216226706281,0.0,0.0,0.0,0.0,0.0,0.0,0.0,0.0,1750714325.9784818,0.0,nothing
232.41091275215143,162.0,-1281.7459926139563,-817.5645697135478,-353.1437932159752,-30.37733739009127,0.0,0.0,0.0,0.0,0.0,0.0,0.0,0.0,1750714326.0687916,0.0,nothing
232.51135683059687,174.0,-1322.4248844319957,-856.5605065515265,-388.28389319963753,-50.655074949841946,0.0,0.0,0.0,0.0,0.0,0.0,0.0,0.0,1750714326.1884904,0.0,nothing
232.6118705272674,182.0,-1287.744792142883,-832.3895331379026,-345.7126120040193,-25.680023045744747,0.0,0.0,0.0,0.0,0.0,0.0,0.0,0.0,1750714326.2647889,0.0,nothing
232.71235013008112,194.0,-1318.5615677777678,-865.4689482459798,-388.5868250960484,-38.01795299956575,0.0,0.0,0.0,0.0,0.0,0.0,0.0,0.0,1750714326.3846712,0.0,nothing
232.8130526542663,102.0,-1334.9647689834237,-875.6676554251462,-402.2299801344052,-62.03933041496202,0.0,0.0,0.0,0.0,0.0,0.0,0.0,0.0,1750714326.4733677,0.0,nothing
232.91357874870295,114.0,-1329.41475744918,-876.0117262210697,-384.4804149447009,-70.58500181371346,0.0,0.0,0.0,0.0,0.0,0.0,0.0,0.0,1750714326.593897,0.0,nothing
233.0144219398498,123.0,-1278.6119564510882,-819.8795677861199,-334.0553438421339,-19.23617542209104,0.0,0.0,0.0,0.0,0.0,0.0,0.0,0.0,1750714326.683519,0.0,nothing
233.1150569915771,134.0,-1330.981775530614,-872.9113491578028,-373.8403995707631,-66.03354356763884,0.0,0.0,0.0,0.0,0.0,0.0,0.0,0.0,1750714326.790274,0.0,nothing
233.2158081531524,143.0,-1278.963507046923,-816.8951276214793,-339.9120271727443,-15.88522506179288,0.0,0.0,0.0,0.0,0.0,0.0,0.0,0.0,1750714326.8795853,0.0,nothing
233.3166337013244,155.0,-1296.369001440704,-845.7634153794497,-363.409818594344,-38.582677892874926,0.0,0.0,0.0,0.0,0.0,0.0,0.0,0.0,1750714326.9995985,0.0,nothing
233.41744589805597,164.0,-1328.8724719556049,-859.3392522186041,-385.5874253315851,-62.26372441230342,0.0,0.0,0.0,0.0,0.0,0.0,0.0,0.0,1750714327.0907717,0.0,nothing
233.51830053329462,174.0,-1330.9032376315445,-869.9979670923203,-391.3992298627272,-62.435759810265154,0.0,0.0,0.0,0.0,0.0,0.0,0.0,0.0,1750714327.1935036,0.0,nothing
233.61957979202265,183.0,-1274.8570968955755,-816.8614685218781,-334.9641395313665,-18.551773730199784,0.0,0.0,0.0,0.0,0.0,0.0,0.0,0.0,1750714327.283468,0.0,nothing
233.72021269798273,194.0,-1325.2111098989844,-876.3894561165944,-389.7424541823566,-70.22597141796723,0.0,0.0,0.0,0.0,0.0,0.0,0.0,0.0,1750714327.3904357,0.0,nothing
233.82121038436884,104.0,-1276.8822527215816,-819.4064704417251,-331.5309113720432,-32.46420156536624,0.0,0.0,0.0,0.0,0.0,0.0,0.0,0.0,1750714327.4950123,0.0,nothing
233.9218049049377,113.0,-1323.3766889707183,-860.7061856524087,-395.5430390136317,-42.95462094107643,0.0,0.0,0.0,0.0,0.0,0.0,0.0,0.0,1750714327.5848017,0.0,nothing
234.02314090728754,123.0,-1317.8565966361202,-858.436066379305,-388.8822771925479,-43.21267403801903,0.0,0.0,0.0,0.0,0.0,0.0,0.0,0.0,1750714327.6884522,0.0,nothing
234.12437224388117,134.0,-1292.0101480423473,-815.5319340876304,-334.3769752383232,-33.63105035154149,0.0,0.0,0.0,0.0,0.0,0.0,0.0,0.0,1750714327.7947524,0.0,nothing
234.22479605674738,144.0,-1271.9418448801152,-807.9586366773583,-332.33124996256083,-35.13075023377314,0.0,0.0,0.0,0.0,0.0,0.0,0.0,0.0,1750714327.8986251,0.0,nothing
234.32561707496637,153.0,-1311.0948575162329,-853.1815069415607,-395.2139278175309,-57.31209687096998,0.0,0.0,0.0,0.0,0.0,0.0,0.0,0.0,1750714327.9886036,0.0,nothing
234.4268200397491,164.0,-1283.326100345235,-808.9721495653503,-332.9707728549838,-35.58327812841162,0.0,0.0,0.0,0.0,0.0,0.0,0.0,0.0,1750714328.095142,0.0,nothing
234.52756023406977,174.0,-1272.775842570234,-818.3592984541319,-335.72707912232727,-31.117837581317872,0.0,0.0,0.0,0.0,0.0,0.0,0.0,0.0,1750714328.198809,0.0,nothing
234.62879776954645,185.0,-1335.8567351228558,-870.9198524313979,-404.5748974066228,-80.67899179412052,0.0,0.0,0.0,0.0,0.0,0.0,0.0,0.0,1750714328.304824,0.0,nothing
234.72943758964533,192.0,-1306.4237224715762,-837.9825535216369,-367.4152514468879,-67.6043015490286,0.0,0.0,0.0,0.0,0.0,0.0,0.0,0.0,1750714328.3782225,0.0,nothing
234.82987475395197,104.0,-1300.2472776947543,-850.4233307242393,-378.7602379624732,-28.54665636178106,0.0,0.0,0.0,0.0,0.0,0.0,0.0,0.0,1750714328.5000265,0.0,nothing
234.93067407608027,113.0,-1320.5698940539733,-858.9615223230794,-391.0869482164271,-75.9611080000177,0.0,0.0,0.0,0.0,0.0,0.0,0.0,0.0,1750714328.5899382,0.0,nothing
235.0312869548797,125.0,-1289.5362042216584,-826.0691022127867,-347.31515913503245,-41.44183140899986,0.0,0.0,0.0,0.0,0.0,0.0,0.0,0.0,1750714328.7099063,0.0,nothing
235.1323018074035,134.0,-1294.99271825701,-838.1714184693992,-368.4792529842816,-49.134805617854,0.0,0.0,0.0,0.0,0.0,0.0,0.0,0.0,1750714328.7999575,0.0,nothing
235.23297739028925,143.0,-1325.6561579937115,-857.1701102443039,-388.54755614651367,-85.57639078609645,0.0,0.0,0.0,0.0,0.0,0.0,0.0,0.0,1750714328.8898656,0.0,nothing
235.33389997482294,154.0,-1304.4696247447282,-847.2257162621245,-383.128441110719,-45.81003455724567,0.0,0.0,0.0,0.0,0.0,0.0,0.0,0.0,1750714329.009093,0.0,nothing
235.43502187728876,165.0,-1295.849155346863,-818.8136962987483,-349.334705111105,-55.15604454651475,0.0,0.0,0.0,0.0,0.0,0.0,0.0,0.0,1750714329.1139395,0.0,nothing
235.5363180637359,174.0,-1298.766277312301,-843.8261472024024,-380.7498647389002,-48.061454330571,0.0,0.0,0.0,0.0,0.0,0.0,0.0,0.0,1750714329.20355,0.0,nothing
235.63723063468927,185.0,-1290.493618610315,-826.7385443048552,-344.2147820717655,-42.49274329654872,0.0,0.0,0.0,0.0,0.0,0.0,0.0,0.0,1750714329.3096657,0.0,nothing
235.73752808570856,194.0,-1300.7259848890826,-844.9331575892866,-382.6347743165679,-33.86105419881642,0.0,0.0,0.0,0.0,0.0,0.0,0.0,0.0,1750714329.399752,0.0,nothing
235.83819270133966,104.0,-1330.3085935385898,-883.1642848863266,-403.3257708214224,-70.40174671588466,0.0,0.0,0.0,0.0,0.0,0.0,0.0,0.0,1750714329.5046616,0.0,nothing
235.93836140632624,114.0,-1340.3128259200605,-877.2028843569569,-400.3375907568261,-72.12210069550201,0.0,0.0,0.0,0.0,0.0,0.0,0.0,0.0,1750714329.6082127,0.0,nothing
236.03874659538263,125.0,-1286.42834735848,-824.3356585833244,-354.2059248033911,-18.510634830687195,0.0,0.0,0.0,0.0,0.0,0.0,0.0,0.0,1750714329.7147725,0.0,nothing
236.14010620117182,134.0,-1330.2487551392987,-863.8813607147895,-400.69662115257233,-74.8297882634215,0.0,0.0,0.0,0.0,0.0,0.0,0.0,0.0,1750714329.804628,0.0,nothing
236.24057507514948,144.0,-1333.1920564044267,-870.0596754415892,-408.2998377624899,-66.60200836090371,0.0,0.0,0.0,0.0,0.0,0.0,0.0,0.0,1750714329.9086833,0.0,nothing
236.3422229290008,155.0,-1285.897281564772,-826.7179748550989,-358.0355823580176,-34.54732584068552,0.0,0.0,0.0,0.0,0.0,0.0,0.0,0.0,1750714330.0152397,0.0,nothing
236.44343423843378,164.0,-1328.4760425603015,-866.8284018798731,-428.9440855178982,-70.4989841147326,0.0,0.0,0.0,0.0,0.0,0.0,0.0,0.0,1750714330.104967,0.0,nothing
236.54451489448542,174.0,-1317.7238301876932,-857.362715092022,-412.7241394100711,-61.77379751810804,0.0,0.0,0.0,0.0,0.0,0.0,0.0,0.0,1750714330.208726,0.0,nothing
236.6453166007995,185.0,-1290.9947652043777,-834.9719340573065,-360.3281410308555,-29.367564402054995,0.0,0.0,0.0,0.0,0.0,0.0,0.0,0.0,1750714330.3135805,0.0,nothing
236.7459561824798,195.0,-1284.7566120782867,-829.6463165204041,-354.6846319977194,-14.636098476592451,0.0,0.0,0.0,0.0,0.0,0.0,0.0,0.0,1750714330.4185483,0.0,nothing
236.8466231822967,104.0,-1293.087239229586,-827.0433461512439,-341.8006766503677,-43.75682948157191,0.0,0.0,0.0,0.0,0.0,0.0,0.0,0.0,1750714330.5100696,0.0,nothing
236.94752907752985,113.0,-1309.7148344325833,-848.0428844024427,-377.2848474299535,-34.89326658658683,0.0,0.0,0.0,0.0,0.0,0.0,0.0,0.0,1750714330.5997868,0.0,nothing
237.0484976768493,124.0,-1287.2941341982223,-828.4794677342288,-341.3556285556406,-34.12284719571471,0.0,0.0,0.0,0.0,0.0,0.0,0.0,0.0,1750714330.7190068,0.0,nothing
237.1495718955993,135.0,-1322.3182972832583,-871.7127112220041,-407.98942606616765,-71.1104577574879,0.0,0.0,0.0,0.0,0.0,0.0,0.0,0.0,1750714330.8232074,0.0,nothing
237.2501101493835,144.0,-1276.4858233262785,-833.1917416783981,-342.5112576419488,-33.4982839031145,0.0,0.0,0.0,0.0,0.0,0.0,0.0,0.0,1750714330.9135892,0.0,nothing
237.35115432739252,155.0,-1325.3812753469683,-875.7443233742379,-404.92270810250193,-74.08367822226137,0.0,0.0,0.0,0.0,0.0,0.0,0.0,0.0,1750714331.0199127,0.0,nothing
237.45198512077326,163.0,-1306.3489244724624,-855.7021995116957,-374.1807304667309,-38.54714884329587,0.0,0.0,0.0,0.0,0.0,0.0,0.0,0.0,1750714331.1096811,0.0,nothing
237.5525135993957,176.0,-1274.1558656538837,-816.1976362797432,-338.91347388457507,-20.408634058199823,0.0,0.0,0.0,0.0,0.0,0.0,0.0,0.0,1750714331.2299132,0.0,nothing
237.65379977226252,185.0,-1337.4274931042455,-874.8841463844292,-401.2688258457929,-71.3647709544748,0.0,0.0,0.0,0.0,0.0,0.0,0.0,0.0,1750714331.3199472,0.0,nothing
237.7548694610595,195.0,-1330.3516023880802,-874.2184441923164,-404.2607458103448,-75.28418610803783,0.0,0.0,0.0,0.0,0.0,0.0,0.0,0.0,1750714331.4235866,0.0,nothing
237.85598564147944,104.0,-1290.929316955153,-842.7901949146762,-351.5524657848291,-27.45086567476392,0.0,0.0,0.0,0.0,0.0,0.0,0.0,0.0,1750714331.5146923,0.0,nothing
237.95699477195734,116.0,-1324.023691663053,-881.7262933533639,-392.3024157020264,-49.36667941510677,0.0,0.0,0.0,0.0,0.0,0.0,0.0,0.0,1750714331.6352284,0.0,nothing
238.0573403835296,123.0,-1330.426400387194,-873.5658316500485,-400.11880660941824,-71.073058757931,0.0,0.0,0.0,0.0,0.0,0.0,0.0,0.0,1750714331.708398,0.0,nothing
238.15823459625238,135.0,-1301.8386051259004,-847.7530421558768,-362.480453455355,-66.37574441358447,0.0,0.0,0.0,0.0,0.0,0.0,0.0,0.0,1750714331.8285608,0.0,nothing
238.2592470645904,144.0,-1283.9618833377026,-838.4930498655885,-364.1634084354155,-33.52820310276002,0.0,0.0,0.0,0.0,0.0,0.0,0.0,0.0,1750714331.9185505,0.0,nothing
238.3600907325744,156.0,-1316.3681164537556,-871.3705103760585,-397.07078814553097,-52.8036474743858,0.0,0.0,0.0,0.0,0.0,0.0,0.0,0.0,1750714332.0385993,0.0,nothing
238.46064782142633,165.0,-1304.714588191826,-850.5467474227771,-349.4132430101745,-56.01622153632343,0.0,0.0,0.0,0.0,0.0,0.0,0.0,0.0,1750714332.1286757,0.0,nothing
238.56127095222467,176.0,-1325.7515254425816,-862.0282402867451,-401.7157438904978,-54.14627155847848,0.0,0.0,0.0,0.0,0.0,0.0,0.0,0.0,1750714332.2346349,0.0,nothing
238.66198277473444,185.0,-1302.3696709196083,-845.5053622825071,-358.35908370418474,-57.13071172311902,0.0,0.0,0.0,0.0,0.0,0.0,0.0,0.0,1750714332.3248017,0.0,nothing
238.76283216476435,197.0,-1270.8535339930097,-821.9477324616164,-335.2502418779768,-25.165786801837385,0.0,0.0,0.0,0.0,0.0,0.0,0.0,0.0,1750714332.444687,0.0,nothing
238.86423850059504,105.0,-1273.1647921656258,-820.2086789822206,-340.9218001607805,-21.775567492004484,0.0,0.0,0.0,0.0,0.0,0.0,0.0,0.0,1750714332.5335784,0.0,nothing
238.96501040458674,114.0,-1333.923206845764,-874.2726727416739,-407.70145376957953,-79.2802692106925,0.0,0.0,0.0,0.0,0.0,0.0,0.0,0.0,1750714332.6233575,0.0,nothing
239.06596374511713,126.0,-1324.7529721544124,-855.4422764647752,-377.9206304224208,-63.49789139768109,0.0,0.0,0.0,0.0,0.0,0.0,0.0,0.0,1750714332.743272,0.0,nothing
239.16670536994928,135.0,-1278.7522026994266,-827.3406681977212,-339.70633267518133,-18.903324326034635,0.0,0.0,0.0,0.0,0.0,0.0,0.0,0.0,1750714332.8334088,0.0,nothing
239.26737880706781,146.0,-1324.6557347555645,-859.2494946196675,-381.6605303781107,-64.7544977827929,0.0,0.0,0.0,0.0,0.0,0.0,0.0,0.0,1750714332.9399843,0.0,nothing
239.3680837154388,155.0,-1273.4078856627457,-824.7227382287383,-344.426086419262,-14.976429372560233,0.0,0.0,0.0,0.0,0.0,0.0,0.0,0.0,1750714333.0298748,0.0,nothing
239.46858143806452,165.0,-1275.876219633501,-819.8833076860756,-350.96343154180795,-17.646717940922827,0.0,0.0,0.0,0.0,0.0,0.0,0.0,0.0,1750714333.1334414,0.0,nothing
239.56924200057978,176.0,-1311.4277086122893,-854.2492483789101,-381.11824488453567,-67.28641005279496,0.0,0.0,0.0,0.0,0.0,0.0,0.0,0.0,1750714333.2398193,0.0,nothing
239.67008519172663,185.0,-1288.50212188391,-805.1705412603915,-352.5341895231977,-18.33859943272546,0.0,0.0,0.0,0.0,0.0,0.0,0.0,0.0,1750714333.3298578,0.0,nothing
239.7704694271087,195.0,-1276.093133830931,-817.8899410096928,-347.55264278221875,-20.245948410127312,0.0,0.0,0.0,0.0,0.0,0.0,0.0,0.0,1750714333.4334867,0.0,nothing
239.87080836296076,105.0,-1327.9618063163944,-858.5950121274218,-402.20380083471537,-57.717876016162336,0.0,0.0,0.0,0.0,0.0,0.0,0.0,0.0,1750714333.538279,0.0,nothing
239.97153663635248,115.0,-1325.9796593398787,-866.0486327391118,-402.8620232269168,-54.935390449129045,0.0,0.0,0.0,0.0,0.0,0.0,0.0,0.0,1750714333.6310804,0.0,nothing
240.0720400810241,126.0,-1267.4801442329772,-811.1506412895396,-334.07030344195664,-21.055636750534177,0.0,0.0,0.0,0.0,0.0,0.0,0.0,0.0,1750714333.7484467,0.0,nothing
240.17292571067804,135.0,-1326.6304019321688,-864.0739655625075,-401.35110364481807,-61.37923807278276,0.0,0.0,0.0,0.0,0.0,0.0,0.0,0.0,1750714333.838291,0.0,nothing
240.2736377716064,144.0,-1303.4804212064482,-838.5341887651011,-360.22342383209616,-48.32324732746929,0.0,0.0,0.0,0.0,0.0,0.0,0.0,0.0,1750714333.9284177,0.0,nothing
240.3741927146911,155.0,-1326.3686089352705,-868.1841156138107,-402.17014173511416,-59.89823769032955,0.0,0.0,0.0,0.0,0.0,0.0,0.0,0.0,1750714334.0349035,0.0,nothing
240.4747273921966,167.0,-1326.0918563385494,-867.6455700201914,-401.83729063905776,-79.09140426293015,0.0,0.0,0.0,0.0,0.0,0.0,0.0,0.0,1750714334.1548505,0.0,nothing
240.57545399665827,176.0,-1266.806962240953,-809.2694716118276,-334.62754853535444,-24.18967291340232,0.0,0.0,0.0,0.0,0.0,0.0,0.0,0.0,1750714334.2446775,0.0,nothing
240.67602229118341,186.0,-1270.1130338017829,-821.9963511610404,-339.47445887792856,-16.9716659989208,0.0,0.0,0.0,0.0,0.0,0.0,0.0,0.0,1750714334.3482163,0.0,nothing
240.77665925025934,194.0,-1292.2420218396,-835.9199986960739,-358.9892568467185,-47.68372443504632,0.0,0.0,0.0,0.0,0.0,0.0,0.0,0.0,1750714334.423436,0.0,nothing
240.87745499610895,105.0,-1324.7641918542795,-852.8336962456815,-377.25305828033015,-53.85268941195682,0.0,0.0,0.0,0.0,0.0,0.0,0.0,0.0,1750714334.543269,0.0,nothing
240.97823810577387,116.0,-1304.5949113932438,-847.6576747070067,-390.8625542190857,-48.7813850720413,0.0,0.0,0.0,0.0,0.0,0.0,0.0,0.0,1750714334.6500196,0.0,nothing
241.07870936393732,126.0,-1318.5858771274798,-856.4240002031438,-390.51474352320656,-53.17202762002125,0.0,0.0,0.0,0.0,0.0,0.0,0.0,0.0,1750714334.7533493,0.0,nothing
241.17922902107233,134.0,-1279.0326951961033,-824.436635882128,-349.7797532058321,-26.52898033568636,0.0,0.0,0.0,0.0,0.0,0.0,0.0,0.0,1750714334.829574,0.0,nothing
241.27969980239862,146.0,-1316.6186897507869,-849.5313645848073,-393.1251936922781,-45.58377060992643,0.0,0.0,0.0,0.0,0.0,0.0,0.0,0.0,1750714334.9496422,0.0,nothing
241.37998890876764,156.0,-1313.4883934878744,-853.8509490336291,-387.7659170557745,-47.12086949171498,0.0,0.0,0.0,0.0,0.0,0.0,0.0,0.0,1750714335.0533612,0.0,nothing
241.48096919059748,167.0,-1267.4016063339077,-816.3883711774834,-340.86757161142305,-47.1507886913605,0.0,0.0,0.0,0.0,0.0,0.0,0.0,0.0,1750714335.1599991,0.0,nothing
241.5816700458526,176.0,-1314.9806135701947,-842.5265319678001,-396.479883952532,-61.99445161549375,0.0,0.0,0.0,0.0,0.0,0.0,0.0,0.0,1750714335.2496612,0.0,nothing
241.68244099617,186.0,-1320.089316909667,-845.3912953338586,-398.4321117294021,-53.80781061248854,0.0,0.0,0.0,0.0,0.0,0.0,0.0,0.0,1750714335.353268,0.0,nothing
241.78290987014765,195.0,-1319.2889783191497,-829.8856701175682,-382.7694107149728,-81.80470168078318,0.0,0.0,0.0,0.0,0.0,0.0,0.0,0.0,1750714335.443545,0.0,nothing
241.88341784477228,105.0,-1270.1504328013398,-804.6413454166614,-347.2422310858965,-32.52403996465728,0.0,0.0,0.0,0.0,0.0,0.0,0.0,0.0,1750714335.5487213,0.0,nothing
241.98395037651056,116.0,-1325.8038840419613,-850.9188674683683,-397.4503879910335,-75.6824854533188,0.0,0.0,0.0,0.0,0.0,0.0,0.0,0.0,1750714335.6549103,0.0,nothing
242.08518099784845,126.0,-1331.3576354761608,-845.7017070301808,-394.83245802205056,-76.5389225431718,0.0,0.0,0.0,0.0,0.0,0.0,0.0,0.0,1750714335.758494,0.0,nothing
242.18569374084467,135.0,-1274.0212292554788,-804.2149968217127,-342.6384142404422,-27.10866482881829,0.0,0.0,0.0,0.0,0.0,0.0,0.0,0.0,1750714335.8486192,0.0,nothing
242.28602647781366,146.0,-1329.2371122012846,-855.7956970105879,-404.2383064106107,-62.20388601301238,0.0,0.0,0.0,0.0,0.0,0.0,0.0,0.0,1750714335.9546716,0.0,nothing
242.38694143295282,156.0,-1326.42096753465,-844.9537270390429,-392.330464951694,-77.88154662726447,0.0,0.0,0.0,0.0,0.0,0.0,0.0,0.0,1750714336.0587811,0.0,nothing
242.48752903938288,167.0,-1305.6196439811029,-840.79121838836,-372.8605457823724,-36.04328582296148,0.0,0.0,0.0,0.0,0.0,0.0,0.0,0.0,1750714336.16547,0.0,nothing
242.58839511871332,176.0,-1333.575396149885,-868.0438693654723,-391.23841416463256,-75.5366293550469,0.0,0.0,0.0,0.0,0.0,0.0,0.0,0.0,1750714336.254897,0.0,nothing
242.6889526844024,186.0,-1327.8907482172365,-861.3831075443886,-390.1089643780142,-78.13959972420707,0.0,0.0,0.0,0.0,0.0,0.0,0.0,0.0,1750714336.358317,0.0,nothing
242.7902038097381,196.0,-1330.680713584181,-860.1863395585679,-391.1935353651643,-74.44457856798545,0.0,0.0,0.0,0.0,0.0,0.0,0.0,0.0,1750714336.4639452,0.0,nothing
242.89075374603266,107.0,-1336.4775585155005,-865.5138270454481,-408.6065095588565,-67.99138119444251,0.0,0.0,0.0,0.0,0.0,0.0,0.0,0.0,1750714336.570112,0.0,nothing
242.99178719520563,116.0,-1280.2257232819684,-804.6170360669494,-337.29783710371703,-42.81811459269375,0.0,0.0,0.0,0.0,0.0,0.0,0.0,0.0,1750714336.6601756,0.0,nothing
243.09236955642695,126.0,-1277.4170584152453,-802.5039925919846,-340.14390096999705,-37.387779857032,0.0,0.0,0.0,0.0,0.0,0.0,0.0,0.0,1750714336.7637527,0.0,nothing
243.19394707679743,135.0,-1313.5856308867224,-844.1627381984144,-388.1754361009225,-52.927064172923565,0.0,0.0,0.0,0.0,0.0,0.0,0.0,0.0,1750714336.85349,0.0,nothing
243.2942538261413,147.0,-1340.3184357699938,-869.0592522034422,-404.0550513127818,-73.4404154298827,0.0,0.0,0.0,0.0,0.0,0.0,0.0,0.0,1750714336.9741411,0.0,nothing
243.39515304565424,156.0,-1273.6472392599098,-810.9973053913563,-340.3159363679588,-27.996891068294644,0.0,0.0,0.0,0.0,0.0,0.0,0.0,0.0,1750714337.0632455,0.0,nothing
243.49627041816706,167.0,-1336.1746266190894,-873.4311952516437,-401.17906824685633,-76.51461319345981,0.0,0.0,0.0,0.0,0.0,0.0,0.0,0.0,1750714337.16988,0.0,nothing
243.59714126586908,176.0,-1275.9210984329693,-814.4043542509899,-336.4264404140413,-44.48237007297576,0.0,0.0,0.0,0.0,0.0,0.0,0.0,0.0,1750714337.2601595,0.0,nothing
243.69779157638544,186.0,-1284.2199364346452,-811.0721033904701,-350.74277744442225,-36.95395146217197,0.0,0.0,0.0,0.0,0.0,0.0,0.0,0.0,1750714337.3633313,0.0,nothing
243.79843115806574,195.0,-1315.8146112603135,-853.4264703886583,-394.7800994226709,-38.46113114431501,0.0,0.0,0.0,0.0,0.0,0.0,0.0,0.0,1750714337.4536984,0.0,nothing
243.8998355865478,107.0,-1295.2657309537751,-821.4521957174875,-345.51813720632344,-46.42898799991235,0.0,0.0,0.0,0.0,0.0,0.0,0.0,0.0,1750714337.575262,0.0,nothing
244.00046730041498,117.0,-1295.5275239506736,-814.6754969977774,-354.6135738985613,-41.19312806194648,0.0,0.0,0.0,0.0,0.0,0.0,0.0,0.0,1750714337.678647,0.0,nothing
244.1013951301574,126.0,-1308.725630894303,-833.8836231702007,-382.5543664675206,-33.432835653889924,0.0,0.0,0.0,0.0,0.0,0.0,0.0,0.0,1750714337.768605,0.0,nothing
244.20435476303095,138.0,-1332.4141572136432,-865.0893484004773,-404.6870944052935,-67.32006915239617,0.0,0.0,0.0,0.0,0.0,0.0,0.0,0.0,1750714337.8885643,0.0,nothing
244.30573320388788,147.0,-1299.8321487996727,-813.5423073112033,-346.2025388982147,-44.26732582552359,0.0,0.0,0.0,0.0,0.0,0.0,0.0,0.0,1750714337.9790373,0.0,nothing
244.40657973289484,158.0,-1334.9647689834237,-868.2271244633012,-397.36063039209694,-75.29727575788274,0.0,0.0,0.0,0.0,0.0,0.0,0.0,0.0,1750714338.0847847,0.0,nothing
244.50725460052485,167.0,-1295.811756347306,-823.3969436944462,-344.3924273196608,-48.09324348019436,0.0,0.0,0.0,0.0,0.0,0.0,0.0,0.0,1750714338.1751597,0.0,nothing
244.60861778259272,177.0,-1294.1213215673342,-817.6935962620191,-332.9745127549395,-44.12894952716306,0.0,0.0,0.0,0.0,0.0,0.0,0.0,0.0,1750714338.2782676,0.0,nothing
244.70993375778193,186.0,-1308.0823681019249,-858.5632229777984,-367.5012691458687,-35.044732534792274,0.0,0.0,0.0,0.0,0.0,0.0,0.0,0.0,1750714338.3843958,0.0,nothing
244.81347870826716,195.0,-1321.3664927445352,-865.2763433982618,-379.7494415007532,-74.24636387033388,0.0,0.0,0.0,0.0,0.0,0.0,0.0,0.0,1750714338.4586167,0.0,nothing
244.91496467590326,107.0,-1292.4776355368083,-825.4557586200535,-352.74362392071635,-28.518607112113383,0.0,0.0,0.0,0.0,0.0,0.0,0.0,0.0,1750714338.5784023,0.0,nothing
245.01519179344172,117.0,-1294.9010907080956,-827.198551999405,-359.41186554171145,-31.798499373253435,0.0,0.0,0.0,0.0,0.0,0.0,0.0,0.0,1750714338.6835651,0.0,nothing
245.1158211231231,126.0,-1341.029016761575,-865.7756200423464,-397.4429081911221,-78.25553662283346,0.0,0.0,0.0,0.0,0.0,0.0,0.0,0.0,1750714338.7736194,0.0,nothing
245.21659612655634,138.0,-1313.383676289115,-841.1072399346158,-366.29702136013657,-59.09602914983407,0.0,0.0,0.0,0.0,0.0,0.0,0.0,0.0,1750714338.893823,0.0,nothing
245.3175282478332,149.0,-1313.581890986767,-844.8359201904386,-415.03165768273175,-55.06815689755604,0.0,0.0,0.0,0.0,0.0,0.0,0.0,0.0,1750714339.0005453,0.0,nothing
245.41893577575678,158.0,-1314.965653970372,-840.3256008438766,-374.9287104578689,-64.07009609090164,0.0,0.0,0.0,0.0,0.0,0.0,0.0,0.0,1750714339.0897465,0.0,nothing
245.5196869373321,168.0,-1305.268093385268,-827.5575823951513,-371.4019847996533,-63.11268170224503,0.0,0.0,0.0,0.0,0.0,0.0,0.0,0.0,1750714339.1936913,0.0,nothing
245.62084865570063,177.0,-1297.2647074800916,-829.334034874104,-363.7239701906219,-26.4018237371929,0.0,0.0,0.0,0.0,0.0,0.0,0.0,0.0,1750714339.2838728,0.0,nothing
245.72171497344965,187.0,-1287.7653615926392,-818.6154816010967,-364.7150436788797,-31.23377447994426,0.0,0.0,0.0,0.0,0.0,0.0,0.0,0.0,1750714339.38917,0.0,nothing
245.8226344585418,197.0,-1289.3922180733643,-821.988871361129,-356.1768520800397,-31.93687567161396,0.0,0.0,0.0,0.0,0.0,0.0,0.0,0.0,1750714339.4800513,0.0,nothing
245.9241387844085,108.0,-1277.7611292111687,-810.8420995431952,-347.6741895307787,-19.466179269365966,0.0,0.0,0.0,0.0,0.0,0.0,0.0,0.0,1750714339.5987115,0.0,nothing
246.0255839824676,117.0,-1332.8348959586583,-858.3500486803241,-418.3283794936724,-76.7390071908012,0.0,0.0,0.0,0.0,0.0,0.0,0.0,0.0,1750714339.6887343,0.0,nothing
246.12608242034906,128.0,-1282.417304656003,-799.8991522728465,-356.01790633192286,-28.93560595717281,0.0,0.0,0.0,0.0,0.0,0.0,0.0,0.0,1750714339.7951477,0.0,nothing
246.2267296314239,138.0,-1281.5234685665928,-804.8769591138698,-353.3438778636046,-21.48572524543852,0.0,0.0,0.0,0.0,0.0,0.0,0.0,0.0,1750714339.898544,0.0,nothing
246.3278517723083,149.0,-1325.1755808494054,-837.0326189328916,-377.0211844830774,-71.17403605673462,0.0,0.0,0.0,0.0,0.0,0.0,0.0,0.0,1750714340.0055003,0.0,nothing
246.42830920219416,158.0,-1281.1868775705807,-822.0057009109296,-350.4379755980335,-23.538930321112275,0.0,0.0,0.0,0.0,0.0,0.0,0.0,0.0,1750714340.0948005,0.0,nothing
246.5287954807281,168.0,-1280.9587436732836,-819.4476093412377,-356.6611691243015,-15.842216212302446,0.0,0.0,0.0,0.0,0.0,0.0,0.0,0.0,1750714340.19864,0.0,nothing
246.6298012733459,178.0,-1286.228262710851,-813.8751584072597,-351.8815769809298,-18.377868382260203,0.0,0.0,0.0,0.0,0.0,0.0,0.0,0.0,1750714340.2928936,0.0,nothing
246.73077630996698,189.0,-1329.6522410963662,-855.1262549185194,-392.5155899995007,-68.02130039408803,0.0,0.0,0.0,0.0,0.0,0.0,0.0,0.0,1750714340.408633,0.0,nothing
246.83128714561457,197.0,-1332.8535954584368,-869.9063395434059,-418.9903417858295,-75.66939580347389,0.0,0.0,0.0,0.0,0.0,0.0,0.0,0.0,1750714340.4847257,0.0,nothing
246.93283939361567,108.0,-1329.1193053526804,-861.7982364394702,-413.0700801559724,-63.87562129320577,0.0,0.0,0.0,0.0,0.0,0.0,0.0,0.0,1750714340.603762,0.0,nothing
247.03422498702997,119.0,-1272.5159195233136,-804.2075170218013,-347.6367905312218,-23.60437857033685,0.0,0.0,0.0,0.0,0.0,0.0,0.0,0.0,1750714340.7097304,0.0,nothing
247.13656783103937,129.0,-1267.8223450789228,-819.3466320424341,-340.807733212132,-25.22001535119489,0.0,0.0,0.0,0.0,0.0,0.0,0.0,0.0,1750714340.8137324,0.0,nothing
247.23756623268122,138.0,-1328.0459540653974,-868.6011144588701,-407.0525811272673,-58.46772595727816,0.0,0.0,0.0,0.0,0.0,0.0,0.0,0.0,1750714340.9035149,0.0,nothing
247.33961772918695,150.0,-1334.6506173871458,-870.3065088386647,-393.9479716825299,-77.37292023329064,0.0,0.0,0.0,0.0,0.0,0.0,0.0,0.0,1750714341.023372,0.0,nothing
247.4408226013183,159.0,-1276.5849306751045,-827.2340810489841,-342.6963826897554,-20.38806460844353,0.0,0.0,0.0,0.0,0.0,0.0,0.0,0.0,1750714341.1139438,0.0,nothing
247.54116964340204,168.0,-1333.0349806062875,-873.305908603128,-408.6158593087457,-58.06007686210796,0.0,0.0,0.0,0.0,0.0,0.0,0.0,0.0,1750714341.2036476,0.0,nothing
247.64184641838068,179.0,-1279.614249639213,-821.4559356174432,-338.9639625339769,-27.265740626957268,0.0,0.0,0.0,0.0,0.0,0.0,0.0,0.0,1750714341.310113,0.0,nothing
247.7422394752502,189.0,-1273.4546344121918,-819.2306951438077,-329.1392453503795,-27.23956132726744,0.0,0.0,0.0,0.0,0.0,0.0,0.0,0.0,1750714341.413804,0.0,nothing
247.8438098430633,198.0,-1332.702129510231,-872.2662164154463,-402.2131505846046,-63.221138800960034,0.0,0.0,0.0,0.0,0.0,0.0,0.0,0.0,1750714341.503372,0.0,nothing
247.94442605972284,110.0,-1278.5390284019522,-819.0848390455358,-334.5770598859526,-35.37197378091514,0.0,0.0,0.0,0.0,0.0,0.0,0.0,0.0,1750714341.6247156,0.0,nothing
248.04574584960932,118.0,-1318.5372584280558,-856.083669307176,-367.0319117014296,-50.144578605890274,0.0,0.0,0.0,0.0,0.0,0.0,0.0,0.0,1750714341.7140872,0.0,nothing
248.1467974185943,129.0,-1317.8865158357655,-852.6766204475425,-387.7659170557745,-51.55452088918537,0.0,0.0,0.0,0.0,0.0,0.0,0.0,0.0,1750714341.8186257,0.0,nothing
248.2473948001861,138.0,-1314.9132953709925,-839.6393292020075,-375.5327043007128,-63.64187754597515,0.0,0.0,0.0,0.0,0.0,0.0,0.0,0.0,1750714341.90859,0.0,nothing
248.34803247451777,150.0,-1279.5936801894568,-813.0785597166978,-336.97059585759416,-33.02705650869757,0.0,0.0,0.0,0.0,0.0,0.0,0.0,0.0,1750714342.028535,0.0,nothing
248.4484207630157,159.0,-1319.438574317377,-858.8362356745638,-391.9733045059256,-42.22721039969474,0.0,0.0,0.0,0.0,0.0,0.0,0.0,0.0,1750714342.1186328,0.0,nothing
248.54902672767633,168.0,-1319.475973316934,-834.9270552578382,-372.9259940315969,-54.99896874837577,0.0,0.0,0.0,0.0,0.0,0.0,0.0,0.0,1750714342.2083724,0.0,nothing
248.65012240409845,179.0,-1322.3856154824607,-845.133242236916,-399.47928371699527,-30.887833734042943,0.0,0.0,0.0,0.0,0.0,0.0,0.0,0.0,1750714342.3150735,0.0,nothing
248.75086712837214,189.0,-1329.7532183951698,-848.0728036020882,-397.9010459356941,-41.78590220492333,0.0,0.0,0.0,0.0,0.0,0.0,0.0,0.0,1750714342.418667,0.0,nothing
248.85181784629816,200.0,-1305.107277687173,-793.1710722525604,-364.615936330054,-13.142008444294332,0.0,0.0,0.0,0.0,0.0,0.0,0.0,0.0,1750714342.523657,0.0,nothing
248.95291757583612,108.0,-1299.57409570273,-784.178482809104,-362.73102675238624,-8.0407849047333,0.0,0.0,0.0,0.0,0.0,0.0,0.0,0.0,1750714342.613612,0.0,nothing
249.05372691154474,120.0,-1328.842552755959,-781.7363281380385,-421.0024079619907,21.841015741229057,0.0,0.0,0.0,0.0,0.0,0.0,0.0,0.0,1750714342.733376,0.0,nothing
249.15478754043573,128.0,-1297.2628375301138,-769.1927036866546,-371.5347512480803,23.31453632377088,0.0,0.0,0.0,0.0,0.0,0.0,0.0,0.0,1750714342.8100383,0.0,nothing
249.25575208663935,140.0,-1320.655911752954,-814.7559048468247,-399.30724831903353,-7.835090407170355,0.0,0.0,0.0,0.0,0.0,0.0,0.0,0.0,1750714342.9301493,0.0,nothing
249.35658288002008,149.0,-1339.6620833277702,-843.1080864109099,-410.0407611918636,-52.137945282273,0.0,0.0,0.0,0.0,0.0,0.0,0.0,0.0,1750714343.019897,0.0,nothing
249.45762801170343,159.0,-1330.0991591410711,-853.6658239858225,-399.7672560135834,-78.7398536670953,0.0,0.0,0.0,0.0,0.0,0.0,0.0,0.0,1750714343.1237175,0.0,nothing
249.55842065811152,170.0,-1309.8102018814534,-846.4814761709422,-391.2253245147877,-20.808803353458643,0.0,0.0,0.0,0.0,0.0,0.0,0.0,0.0,1750714343.2302146,0.0,nothing
249.6596400737762,180.0,-1313.8941726330668,-848.6805373448879,-387.5714422580786,-31.923786021769047,0.0,0.0,0.0,0.0,0.0,0.0,0.0,0.0,1750714343.333785,0.0,nothing
249.76052618026728,189.0,-1319.11507297121,-867.6193907205015,-386.5915884696879,-72.4792611412704,0.0,0.0,0.0,0.0,0.0,0.0,0.0,0.0,1750714343.4231448,0.0,nothing
249.8608744144439,0.0,-1331.6269082729705,-879.4580440302379,-413.7657015477307,-86.9134050202556,0.0,0.0,0.0,0.0,0.0,0.0,0.0,0.0,1750714343.5315118,0.0,nothing
249.9615664482116,108.0,-1316.9739802465774,-864.6218609060161,-395.51872966391966,-62.005671315360814,0.0,0.0,0.0,0.0,0.0,0.0,0.0,0.0,1750714343.6183205,0.0,nothing
250.06261825561518,120.0,-1332.9171737576837,-866.8396215797402,-398.0730813336559,-78.80156201636419,0.0,0.0,0.0,0.0,0.0,0.0,0.0,0.0,1750714343.738686,0.0,nothing
250.16340112686152,129.0,-1267.7980357292108,-813.9836155059747,-336.67140386113897,-21.409057296346877,0.0,0.0,0.0,0.0,0.0,0.0,0.0,0.0,1750714343.8286147,0.0,nothing
250.26412129402155,138.0,-1315.3845227654092,-864.3002295098267,-392.8447011956014,-70.15491331880912,0.0,0.0,0.0,0.0,0.0,0.0,0.0,0.0,1750714343.9190388,0.0,nothing
250.36499905586237,149.0,-1277.4507175148465,-827.2565204487182,-336.0206612688489,-32.546479364391416,0.0,0.0,0.0,0.0,0.0,0.0,0.0,0.0,1750714344.024982,0.0,nothing
250.46623802185053,161.0,-1284.0067621371709,-837.9601141219027,-357.8093184106983,-28.600884911138564,0.0,0.0,0.0,0.0,0.0,0.0,0.0,0.0,1750714344.144694,0.0,nothing
250.5670764446258,170.0,-1329.8766350937076,-866.5030305837281,-394.59871427482,-89.07880709460005,0.0,0.0,0.0,0.0,0.0,0.0,0.0,0.0,1750714344.2348752,0.0,nothing
250.66808366775507,180.0,-1321.574057192076,-868.0251698656939,-397.5307958400808,-84.9088186440058,0.0,0.0,0.0,0.0,0.0,0.0,0.0,0.0,1750714344.3387473,0.0,nothing
250.76917076110834,189.0,-1269.6866852068342,-815.9470629827119,-332.7220695079304,-30.53067328827456,0.0,0.0,0.0,0.0,0.0,0.0,0.0,0.0,1750714344.4287572,0.0,nothing
250.86996221542353,101.0,-1333.515557750594,-870.2560201892629,-406.2615922866389,-88.54587135091424,0.0,0.0,0.0,0.0,0.0,0.0,0.0,0.0,1750714344.548828,0.0,nothing
250.97050809860224,110.0,-1277.7012908118777,-816.4463396267965,-337.91866049636155,-44.51228927262128,0.0,0.0,0.0,0.0,0.0,0.0,0.0,0.0,1750714344.640727,0.0,nothing
251.0714788436889,120.0,-1275.7041842355393,-817.7253854116425,-336.73685211036354,-54.894251549616456,0.0,0.0,0.0,0.0,0.0,0.0,0.0,0.0,1750714344.7437809,0.0,nothing
251.17237710952753,129.0,-1305.8402980784886,-840.1423457460478,-376.3723118407652,-51.89485178515315,0.0,0.0,0.0,0.0,0.0,0.0,0.0,0.0,1750714344.8334732,0.0,nothing
251.27296543121332,141.0,-1337.2704173061063,-874.2764126416296,-407.6528350701556,-77.61788368038833,0.0,0.0,0.0,0.0,0.0,0.0,0.0,0.0,1750714344.9534352,0.0,nothing
251.37375283241266,149.0,-1317.4078086414374,-843.601753205061,-391.60492436029017,-39.1305732363835,0.0,0.0,0.0,0.0,0.0,0.0,0.0,0.0,1750714345.0297303,0.0,nothing
251.4746258258819,161.0,-1335.7370583242737,-853.3404526896775,-419.6728735277429,-77.99561357591301,0.0,0.0,0.0,0.0,0.0,0.0,0.0,0.0,1750714345.1499207,0.0,nothing
251.57527089118952,170.0,-1289.9419833668508,-802.5301718916744,-352.9119194187224,-39.71773752942681,0.0,0.0,0.0,0.0,0.0,0.0,0.0,0.0,1750714345.2397645,0.0,nothing
251.6758754253387,180.0,-1283.8160272394307,-823.870041038841,-340.6113884644583,-38.34893414564431,0.0,0.0,0.0,0.0,0.0,0.0,0.0,0.0,1750714345.3436224,0.0,nothing
251.77656579017633,191.0,-1338.3101094937883,-860.8913107002154,-413.6591143989936,-78.67627536784858,0.0,0.0,0.0,0.0,0.0,0.0,0.0,0.0,1750714345.4500084,0.0,nothing
251.87788844108576,101.0,-1308.7443303940818,-826.5066705076024,-363.2359132464044,-55.13360514678061,0.0,0.0,0.0,0.0,0.0,0.0,0.0,0.0,1750714345.553878,0.0,nothing
251.97842693328852,110.0,-1297.0234839329496,-825.8559279153123,-376.0114114950411,-41.83826080430299,0.0,0.0,0.0,0.0,0.0,0.0,0.0,0.0,1750714345.6451209,0.0,nothing
252.07958030700678,120.0,-1298.0781357204542,-827.4266858967021,-376.95012638391927,-35.55148897878826,0.0,0.0,0.0,0.0,0.0,0.0,0.0,0.0,1750714345.7485187,0.0,nothing
252.1803541183471,131.0,-1295.7444381481037,-818.2788906050846,-360.6366827771999,-56.80160052701831,0.0,0.0,0.0,0.0,0.0,0.0,0.0,0.0,1750714345.855013,0.0,nothing
252.28165817260737,141.0,-1304.3574277460575,-812.8373361695558,-362.312157957349,-50.74296259880066,0.0,0.0,0.0,0.0,0.0,0.0,0.0,0.0,1750714345.9585326,0.0,nothing
252.38224005699152,150.0,-1296.1932261427864,-824.834935227409,-372.1368751409464,-33.84983449894935,0.0,0.0,0.0,0.0,0.0,0.0,0.0,0.0,1750714346.04909,0.0,nothing
252.48320865631098,160.0,-1299.779790200293,-827.2583903986961,-367.80233109230176,-22.89566752873361,0.0,0.0,0.0,0.0,0.0,0.0,0.0,0.0,1750714346.1540904,0.0,nothing
252.584332704544,171.0,-1306.6462465189395,-827.9128728909418,-361.9007689622231,-55.82548663858324,0.0,0.0,0.0,0.0,0.0,0.0,0.0,0.0,1750714346.25839,0.0,nothing
252.685082912445,182.0,-1342.5044072940946,-854.2529882788658,-412.9691028571688,-66.19622921571136,0.0,0.0,0.0,0.0,0.0,0.0,0.0,0.0,1750714346.3649156,0.0,nothing
252.78570985794062,191.0,-1299.2075855070725,-819.8346889866516,-355.24374704109505,-56.62956512905657,0.0,0.0,0.0,0.0,0.0,0.0,0.0,0.0,1750714346.4552884,0.0,nothing
252.8863189220428,101.0,-1294.691656310577,-809.4602065095678,-367.62281589442864,-19.93553671380505,0.0,0.0,0.0,0.0,0.0,0.0,0.0,0.0,1750714346.5588365,0.0,nothing
252.98709893226618,110.0,-1344.656719718594,-858.3257393306121,-413.5974060497247,-81.66632538242266,0.0,0.0,0.0,0.0,0.0,0.0,0.0,0.0,1750714346.6497948,0.0,nothing
253.0878670215606,120.0,-1336.8739879108034,-859.9413761114702,-418.2012228951789,-76.49030384374782,0.0,0.0,0.0,0.0,0.0,0.0,0.0,0.0,1750714346.7534456,0.0,nothing
253.18849015235895,131.0,-1286.5648537068628,-805.7577055534348,-360.6965211764909,-26.446702536661174,0.0,0.0,0.0,0.0,0.0,0.0,0.0,0.0,1750714346.8600652,0.0,nothing
253.28918981552118,141.0,-1286.007608613465,-807.564077232033,-363.493966343347,-14.493982278276237,0.0,0.0,0.0,0.0,0.0,0.0,0.0,0.0,1750714346.9636674,0.0,nothing
253.389663696289,150.0,-1337.1657001073472,-853.4489097883925,-411.0131351803429,-79.04465551348403,0.0,0.0,0.0,0.0,0.0,0.0,0.0,0.0,1750714347.0537384,0.0,nothing
253.49070429801935,161.0,-1285.46532311989,-809.7481788061559,-356.522792825941,-32.03785297041759,0.0,0.0,0.0,0.0,0.0,0.0,0.0,0.0,1750714347.1596315,0.0,nothing
253.59131050109858,170.0,-1341.9826912502758,-856.4670090526342,-417.2924272059463,-83.67839155858383,0.0,0.0,0.0,0.0,0.0,0.0,0.0,0.0,1750714347.2501757,0.0,nothing
253.6919667720794,182.0,-1311.3865697127767,-840.5425150413066,-382.6759132160805,-64.20473248930648,0.0,0.0,0.0,0.0,0.0,0.0,0.0,0.0,1750714347.3700233,0.0,nothing
253.7929830551147,191.0,-1282.3462465568446,-827.5501025952399,-365.5209921193309,-28.35031161410734,0.0,0.0,0.0,0.0,0.0,0.0,0.0,0.0,1750714347.4599805,0.0,nothing
253.89388012886042,101.0,-1334.9404596337115,-866.4431921844371,-416.9240470603109,-66.93672940693796,0.0,0.0,0.0,0.0,0.0,0.0,0.0,0.0,1750714347.5639205,0.0,nothing
253.99528121948237,111.0,-1335.1162349316292,-869.3977131494321,-417.27185775619,-76.59689099248499,0.0,0.0,0.0,0.0,0.0,0.0,0.0,0.0,1750714347.668875,0.0,nothing
254.0964965820312,122.0,-1269.5146498088725,-815.4234769889154,-349.1346204634756,-30.17725274246186,0.0,0.0,0.0,0.0,0.0,0.0,0.0,0.0,1750714347.7749555,0.0,nothing
254.1970472335815,131.0,-1329.2483319011517,-869.6856854460202,-420.0954822227359,-71.72006145026535,0.0,0.0,0.0,0.0,0.0,0.0,0.0,0.0,1750714347.86506,0.0,nothing
254.29806804656977,141.0,-1339.218905183021,-867.0640155770816,-418.6481409398839,-72.52040004078299,0.0,0.0,0.0,0.0,0.0,0.0,0.0,0.0,1750714347.9685607,0.0,nothing
254.39851975440973,151.0,-1278.770902199205,-878.2201371449046,-407.02827177755535,-118.47255079634488,0.0,0.0,0.0,0.0,0.0,0.0,0.0,0.0,1750714348.0613668,0.0,nothing
254.4990661144256,162.0,-1227.6651693047024,-818.4378363532014,-348.07622877601534,-59.61774519365281,0.0,0.0,0.0,0.0,0.0,0.0,0.0,0.0,1750714348.179184,0.0,nothing
254.599606513977,171.0,-1306.1581895747222,-878.0780209465884,-417.7131659509614,-90.55419762711972,0.0,0.0,0.0,0.0,0.0,0.0,0.0,0.0,1750714348.2684443,0.0,nothing
254.7024238109588,182.0,-1262.5434762914665,-820.40876362985,-340.77594406250864,-43.34918038640171,0.0,0.0,0.0,0.0,0.0,0.0,0.0,0.0,1750714348.3752687,0.0,nothing
254.804205417633,192.0,-1267.375427034218,-820.4536424293183,-347.9752514772117,-35.644986477680504,0.0,0.0,0.0,0.0,0.0,0.0,0.0,0.0,1750714348.4786632,0.0,nothing
254.90455889701838,101.0,-1281.579567065928,-859.8441387126222,-350.0546358525753,-100.4200537102297,0.0,0.0,0.0,0.0,0.0,0.0,0.0,0.0,1750714348.5685167,0.0,nothing
255.0057001113891,111.0,-1293.255534727592,-852.0090483054519,-363.0059093991295,-78.369603571482,0.0,0.0,0.0,0.0,0.0,0.0,0.0,0.0,1750714348.6736505,0.0,nothing
255.10737872123713,120.0,-1273.026415867265,-830.2465704632923,-358.58908755145967,-39.81871482823044,0.0,0.0,0.0,0.0,0.0,0.0,0.0,0.0,1750714348.763517,0.0,nothing
255.2079684734344,132.0,-1312.7478932966478,-855.5806527631357,-412.3501494145021,-71.20395525638014,0.0,0.0,0.0,0.0,0.0,0.0,0.0,0.0,1750714348.8838353,0.0,nothing
255.30868601799006,141.0,-1312.130809803959,-829.550949071534,-361.9811768112704,-76.52209299337119,0.0,0.0,0.0,0.0,0.0,0.0,0.0,0.0,1750714348.9736128,0.0,nothing
255.40955734252924,152.0,-1308.7948190434836,-857.1140117449686,-422.2982832966373,-70.45971516519785,0.0,0.0,0.0,0.0,0.0,0.0,0.0,0.0,1750714349.0800056,0.0,nothing
255.5106103420257,161.0,-1293.6220449232496,-825.6614531176165,-382.05321987345815,-67.63235079869628,0.0,0.0,0.0,0.0,0.0,0.0,0.0,0.0,1750714349.1729314,0.0,nothing
255.61169767379755,171.0,-1296.7224219865166,-815.7694177348167,-374.842692758888,-63.54090024717152,0.0,0.0,0.0,0.0,0.0,0.0,0.0,0.0,1750714349.273379,0.0,nothing
255.7123594284057,180.0,-1289.8036070684902,-816.8577286219224,-371.57028029765934,-38.3152750460431,0.0,0.0,0.0,0.0,0.0,0.0,0.0,0.0,1750714349.3807752,0.0,nothing
255.8141832351684,191.0,-1309.453041435685,-793.0083866044879,-408.68878735788167,-28.258684065192934,0.0,0.0,0.0,0.0,0.0,0.0,0.0,0.0,1750714349.470034,0.0,nothing
255.91484355926508,102.0,-1325.469162995927,-836.2734192418866,-416.090049370192,-67.18169285403565,0.0,0.0,0.0,0.0,0.0,0.0,0.0,0.0,1750714349.5886736,0.0,nothing
256.0152194499969,111.0,-1268.158936074935,-806.4402372953482,-363.3499801950529,-32.88307036040351,0.0,0.0,0.0,0.0,0.0,0.0,0.0,0.0,1750714349.6784632,0.0,nothing
256.11598372459406,123.0,-1306.4592515211552,-841.756112576928,-403.0789374243468,-43.17527503846213,0.0,0.0,0.0,0.0,0.0,0.0,0.0,0.0,1750714349.7986033,0.0,nothing
256.2174613475799,132.0,-1325.0241149012,-843.8354969522916,-396.0254861079157,-75.73484405269846,0.0,0.0,0.0,0.0,0.0,0.0,0.0,0.0,1750714349.8887267,0.0,nothing
256.31822252273554,143.0,-1316.6392592005432,-837.0737578324042,-402.5590913305059,-49.72757976083085,0.0,0.0,0.0,0.0,0.0,0.0,0.0,0.0,1750714349.9950905,0.0,nothing
256.41947793960566,152.0,-1308.2880625994876,-878.2425765446387,-338.24777169246227,-96.99991520075127,0.0,0.0,0.0,0.0,0.0,0.0,0.0,0.0,1750714350.0850067,0.0,nothing
256.5207333564758,161.0,-1264.7593670152128,-841.3559432816692,-320.05315840803087,-53.23560591926798,0.0,0.0,0.0,0.0,0.0,0.0,0.0,0.0,1750714350.175074,0.0,nothing
256.6216554641723,173.0,-1312.891879444942,-852.4335269504227,-383.5529197556898,-66.07842236710712,0.0,0.0,0.0,0.0,0.0,0.0,0.0,0.0,1750714350.2935283,0.0,nothing
256.7226419448852,183.0,-1304.1517332484946,-860.1751198587008,-390.05286587867886,-62.25250471243635,0.0,0.0,0.0,0.0,0.0,0.0,0.0,0.0,1750714350.3985283,0.0,nothing
256.823519706726,192.0,-1315.3527336157858,-849.4603064856492,-383.1901494599879,-81.08290098933503,0.0,0.0,0.0,0.0,0.0,0.0,0.0,0.0,1750714350.48863,0.0,nothing
256.92449903488153,101.0,-1327.3428528737277,-866.274896686431,-402.4880332313478,-63.30528654996306,0.0,0.0,0.0,0.0,0.0,0.0,0.0,0.0,1750714350.5784595,0.0,nothing
257.0250725746154,111.0,-1334.299066791311,-869.0386827536859,-402.65258882939816,-67.7744669970125,0.0,0.0,0.0,0.0,0.0,0.0,0.0,0.0,1750714350.683483,0.0,nothing
257.1258358955383,123.0,-1330.0206212420017,-866.5815684827976,-399.941161361523,-85.88306258246303,0.0,0.0,0.0,0.0,0.0,0.0,0.0,0.0,1750714350.8035245,0.0,nothing
257.22674489021296,132.0,-1279.8536032363772,-800.774288862478,-343.40135383140296,-40.71629081759602,0.0,0.0,0.0,0.0,0.0,0.0,0.0,0.0,1750714350.893505,0.0,nothing
257.32725453376764,143.0,-1332.3468390144408,-851.7566050584428,-402.8620232269168,-87.87268935889006,0.0,0.0,0.0,0.0,0.0,0.0,0.0,0.0,1750714351.000064,0.0,nothing
257.4281647205352,152.0,-1336.8870775606483,-752.4847006346099,-341.95401254855096,44.17195837665349,0.0,0.0,0.0,0.0,0.0,0.0,0.0,0.0,1750714351.0899923,0.0,nothing
257.5289254188537,163.0,-1405.731155944988,-821.5082942168228,-419.2278254330158,-22.9742054278031,0.0,0.0,0.0,0.0,0.0,0.0,0.0,0.0,1750714351.2091775,0.0,nothing
257.62951445579523,173.0,-1411.3148265788332,-833.1393830790184,-413.0607304060832,-26.246617889031768,0.0,0.0,0.0,0.0,0.0,0.0,0.0,0.0,1750714351.299898,0.0,nothing
257.7305138111114,183.0,-1384.62690049503,-843.0875169611536,-413.9321270957589,-45.26400916371495,0.0,0.0,0.0,0.0,0.0,0.0,0.0,0.0,1750714351.4036756,0.0,nothing
257.83134531974787,192.0,-1314.133526230231,-783.080822172109,-355.3914730893448,-4.330804148688912,0.0,0.0,0.0,0.0,0.0,0.0,0.0,0.0,1750714351.493538,0.0,nothing
257.9320745468139,104.0,-1365.426254122518,-855.5731729632244,-416.9539662599564,-61.7887571179308,0.0,0.0,0.0,0.0,0.0,0.0,0.0,0.0,1750714351.6147263,0.0,nothing
258.03310489654535,113.0,-1301.8255154760554,-797.4065089523792,-338.6816000873223,-37.64396300399676,0.0,0.0,0.0,0.0,0.0,0.0,0.0,0.0,1750714351.7049437,0.0,nothing
258.1337029933929,123.0,-1300.2659771945328,-797.5112261511385,-342.5000379420817,-34.637083439622074,0.0,0.0,0.0,0.0,0.0,0.0,0.0,0.0,1750714351.8088207,0.0,nothing
258.23439908027643,132.0,-1328.8275931561366,-828.5411760834977,-399.8514037625864,-49.94075405830517,0.0,0.0,0.0,0.0,0.0,0.0,0.0,0.0,1750714351.898548,0.0,nothing
258.33524060249323,143.0,-1299.480598203838,-793.9059625938535,-348.45021877158433,-33.402916454244405,0.0,0.0,0.0,0.0,0.0,0.0,0.0,0.0,1750714352.0033684,0.0,nothing
258.4360003471374,153.0,-1286.0655770627782,-800.7125805132091,-347.489064482972,-43.76617923146114,0.0,0.0,0.0,0.0,0.0,0.0,0.0,0.0,1750714352.10868,0.0,nothing
258.53645086288446,164.0,-1341.498374206014,-856.5530267516151,-410.4988989364356,-77.71325112925842,0.0,0.0,0.0,0.0,0.0,0.0,0.0,0.0,1750714352.2151177,0.0,nothing
258.63696980476374,173.0,-1280.844676724635,-797.806678247638,-345.2413846096024,-32.80079256137833,0.0,0.0,0.0,0.0,0.0,0.0,0.0,0.0,1750714352.303568,0.0,nothing
258.7378997802734,183.0,-1284.1170891858635,-794.5043465867639,-343.9735585246235,-44.27106572547928,0.0,0.0,0.0,0.0,0.0,0.0,0.0,0.0,1750714352.408491,0.0,nothing
258.8383371829986,193.0,-1285.6654077675194,-799.953380822204,-347.6199609814212,-30.590511687565595,0.0,0.0,0.0,0.0,0.0,0.0,0.0,0.0,1750714352.499766,0.0,nothing
258.93881773948664,104.0,-1296.7916101356968,-819.5149275404401,-354.6042241486721,-63.18186985142529,0.0,0.0,0.0,0.0,0.0,0.0,0.0,0.0,1750714352.6186972,0.0,nothing
259.0401287078857,113.0,-1301.9900710741058,-820.2666474315338,-381.22109213331714,-42.31322809867561,0.0,0.0,0.0,0.0,0.0,0.0,0.0,0.0,1750714352.708575,0.0,nothing
259.1411821842193,123.0,-1295.8341957470402,-828.5093869338743,-383.8539817021229,-39.13431313633919,0.0,0.0,0.0,0.0,0.0,0.0,0.0,0.0,1750714352.814089,0.0,nothing
259.2420194149017,134.0,-1296.8290091352535,-812.4652161239646,-353.2204611650668,-60.90053087845445,0.0,0.0,0.0,0.0,0.0,0.0,0.0,0.0,1750714352.91845,0.0,nothing
259.3425695896148,143.0,-1308.9687243914232,-836.2846389417537,-397.7813691371121,-54.097652859054506,0.0,0.0,0.0,0.0,0.0,0.0,0.0,0.0,1750714353.0083911,0.0,nothing
259.44341397285456,154.0,-1301.470224980265,-805.0302950120531,-359.80642498703673,-64.27766053844243,0.0,0.0,0.0,0.0,0.0,0.0,0.0,0.0,1750714353.1150982,0.0,nothing
259.5441191196441,163.0,-1298.3361888173968,-827.8100256421603,-380.8620617375709,-54.127572058700025,0.0,0.0,0.0,0.0,0.0,0.0,0.0,0.0,1750714353.2048056,0.0,nothing
259.6447875499725,173.0,-1302.8876470634714,-829.4368821228854,-383.3790144077502,-59.004401600919664,0.0,0.0,0.0,0.0,0.0,0.0,0.0,0.0,1750714353.308426,0.0,nothing
259.7453927993774,184.0,-1291.8773815939203,-805.5351815060712,-356.0216462318785,-68.24943429138511,0.0,0.0,0.0,0.0,0.0,0.0,0.0,0.0,1750714353.4147563,0.0,nothing
259.8457312583923,194.0,-1295.329309253022,-812.1809837273322,-358.91258889762685,-55.99378213658929,0.0,0.0,0.0,0.0,0.0,0.0,0.0,0.0,1750714353.524912,0.0,nothing
259.94655156135553,103.0,-1348.927685467992,-858.3818378299475,-416.30509361764416,-81.55412838375196,0.0,0.0,0.0,0.0,0.0,0.0,0.0,0.0,1750714353.6096544,0.0,nothing
260.04752635955805,113.0,-1340.4306327686645,-865.7756200423464,-411.4656630749814,-80.03946890169755,0.0,0.0,0.0,0.0,0.0,0.0,0.0,0.0,1750714353.713504,0.0,nothing
260.14792418479914,122.0,-1289.010748277884,-812.3735885750502,-346.5110806445591,-37.33729120763019,0.0,0.0,0.0,0.0,0.0,0.0,0.0,0.0,1750714353.803475,0.0,nothing
260.2485733032226,133.0,-1339.327362281736,-853.755581584759,-410.9719962808304,-82.3544669742696,0.0,0.0,0.0,0.0,0.0,0.0,0.0,0.0,1750714353.9101477,0.0,nothing
260.3492221832275,143.0,-1337.9473391980864,-856.1640771562234,-405.00685585150495,-80.51069629611447,0.0,0.0,0.0,0.0,0.0,0.0,0.0,0.0,1750714354.0133123,0.0,nothing
260.4495966434478,154.0,-1290.820859856438,-814.8868013452739,-371.815243744757,-22.3627317850478,0.0,0.0,0.0,0.0,0.0,0.0,0.0,0.0,1750714354.119809,0.0,nothing
260.55052447319025,164.0,-1300.275326944422,-795.2934654774144,-376.7818308859132,-28.952435506973416,0.0,0.0,0.0,0.0,0.0,0.0,0.0,0.0,1750714354.2232995,0.0,nothing
260.65115284919733,175.0,-1313.4996131877415,-826.7871630042791,-378.3899878668599,-61.37736812280491,0.0,0.0,0.0,0.0,0.0,0.0,0.0,0.0,1750714354.3302002,0.0,nothing
260.75165414810175,184.0,-1294.6243381113743,-824.3637078329921,-367.51061889575794,-38.47422079415992,0.0,0.0,0.0,0.0,0.0,0.0,0.0,0.0,1750714354.4199817,0.0,nothing
260.8522763252258,194.0,-1288.625538582448,-802.245939495042,-366.02587861334905,-28.83275870839134,0.0,0.0,0.0,0.0,0.0,0.0,0.0,0.0,1750714354.523296,0.0,nothing
260.9530651569366,103.0,-1299.514257303439,-812.074396578595,-359.3258478427306,-54.86433234997094,0.0,0.0,0.0,0.0,0.0,0.0,0.0,0.0,1750714354.6148193,0.0,nothing
261.053393125534,113.0,-1293.4668390750885,-816.5061780260876,-354.33308140188456,-52.59421307686716,0.0,0.0,0.0,0.0,0.0,0.0,0.0,0.0,1750714354.719806,0.0,nothing
261.1537976264953,124.0,-1341.8087859023362,-861.2241617962718,-419.11188853438944,-71.97063474729657,0.0,0.0,0.0,0.0,0.0,0.0,0.0,0.0,1750714354.8256512,0.0,nothing
261.2546198368072,134.0,-1340.787793214433,-866.1795292375609,-421.1501340102405,-67.96894179470837,0.0,0.0,0.0,0.0,0.0,0.0,0.0,0.0,1750714354.928579,0.0,nothing
261.35547208786005,143.0,-1297.7714639240876,-815.6198217365891,-354.2882026024163,-45.63051935937256,0.0,0.0,0.0,0.0,0.0,0.0,0.0,0.0,1750714355.018767,0.0,nothing
261.456154346466,154.0,-1339.1908559333533,-877.2234538067132,-416.20972616877407,-79.57011145725846,0.0,0.0,0.0,0.0,0.0,0.0,0.0,0.0,1750714355.1248176,0.0,nothing
261.55659604072565,163.0,-1292.943253081292,-815.6871399357915,-347.99395097699016,-44.89749896805733,0.0,0.0,0.0,0.0,0.0,0.0,0.0,0.0,1750714355.2151852,0.0,nothing
261.65742945671076,175.0,-1288.7171661313623,-800.3348506176844,-351.00457044132054,-28.774790259078145,0.0,0.0,0.0,0.0,0.0,0.0,0.0,0.0,1750714355.334869,0.0,nothing
261.7577741146087,184.0,-1342.6278239926323,-869.4519416987896,-416.02647107094526,-84.1888879025355,0.0,0.0,0.0,0.0,0.0,0.0,0.0,0.0,1750714355.4252572,0.0,nothing
261.8586590290069,194.0,-1343.1701094862074,-871.7968589710072,-421.1763133099303,-82.3338975245133,0.0,0.0,0.0,0.0,0.0,0.0,0.0,0.0,1750714355.528558,0.0,nothing
261.9871423244476,103.0,-1296.5578663884662,-832.5765281356871,-372.62680203514174,-30.706448586191986,0.0,0.0,0.0,0.0,0.0,0.0,0.0,0.0,1750714355.6202967,0.0,nothing
262.0880815982818,118.0,-1298.9925412596203,-830.3400679621845,-374.5865096119233,-34.659522839356214,0.0,0.0,0.0,0.0,0.0,0.0,0.0,0.0,1750714355.7701938,0.0,nothing
262.18946433067316,127.0,-1335.093795531895,-878.2182671949267,-411.0580139798112,-84.69564434653148,0.0,0.0,0.0,0.0,0.0,0.0,0.0,0.0,1750714355.8601065,0.0,nothing
262.2905223369598,137.0,-1335.5687628262676,-875.0543118324131,-408.0660940152593,-80.21898409957066,0.0,0.0,0.0,0.0,0.0,0.0,0.0,0.0,1750714355.9634464,0.0,nothing
262.3912770748138,146.0,-1281.052241172176,-817.2391984174028,-344.8131660646759,-34.00878024706617,0.0,0.0,0.0,0.0,0.0,0.0,0.0,0.0,1750714356.053548,0.0,nothing
262.4919424057006,158.0,-1299.067339258734,-833.0851545296609,-378.6704803635366,-35.63937662774697,0.0,0.0,0.0,0.0,0.0,0.0,0.0,0.0,1750714356.173411,0.0,nothing
262.5926361083984,167.0,-1334.0989821436815,-872.6495561609045,-411.89575156988576,-77.9825239260681,0.0,0.0,0.0,0.0,0.0,0.0,0.0,0.0,1750714356.2633176,0.0,nothing
262.69332528114313,178.0,-1291.8231530445628,-842.3376670200378,-375.7608381980099,-24.26634086249396,0.0,0.0,0.0,0.0,0.0,0.0,0.0,0.0,1750714356.370159,0.0,nothing
262.7939512729644,187.0,-1325.4037147467025,-876.550271814689,-412.9691028571688,-73.40488638030365,0.0,0.0,0.0,0.0,0.0,0.0,0.0,0.0,1750714356.4599955,0.0,nothing
262.89444446563715,197.0,-1326.5518640330993,-867.0621456271037,-403.9970828634687,-78.47619072021917,0.0,0.0,0.0,0.0,0.0,0.0,0.0,0.0,1750714356.5635846,0.0,nothing
262.9950368404388,107.0,-1281.4748498671688,-806.4738963949494,-349.39454351039603,-44.55716807208955,0.0,0.0,0.0,0.0,0.0,0.0,0.0,0.0,1750714356.6688428,0.0,nothing
263.0959331989288,118.0,-1342.244484247174,-877.1767050572671,-417.139091307763,-77.91333577688783,0.0,0.0,0.0,0.0,0.0,0.0,0.0,0.0,1750714356.7751544,0.0,nothing
263.19655013084406,127.0,-1290.192556663882,-813.1047390163876,-349.1589298131876,-45.39490566216409,0.0,0.0,0.0,0.0,0.0,0.0,0.0,0.0,1750714356.8649657,0.0,nothing
263.2969622611999,136.0,-1320.863476200495,-869.1284403526224,-400.5713345040567,-45.58564055990428,0.0,0.0,0.0,0.0,0.0,0.0,0.0,0.0,1750714356.954988,0.0,nothing
263.3974056243896,148.0,-1338.9758116859011,-887.9663164294325,-420.3628850695677,-67.39673710148782,0.0,0.0,0.0,0.0,0.0,0.0,0.0,0.0,1750714357.0751135,0.0,nothing
263.4980340003967,157.0,-1275.913618633058,-814.7016762974672,-356.6424696245231,-42.7994150929153,0.0,0.0,0.0,0.0,0.0,0.0,0.0,0.0,1750714357.1651611,0.0,nothing
263.59864068031305,167.0,-1282.634218853433,-814.8774515953846,-345.50130765652284,-49.688310811296105,0.0,0.0,0.0,0.0,0.0,0.0,0.0,0.0,1750714357.271302,0.0,nothing
263.69958376884455,176.0,-1316.966500446666,-844.179567748215,-409.05342760356143,-45.94093105569482,0.0,0.0,0.0,0.0,0.0,0.0,0.0,0.0,1750714357.3586442,0.0,nothing
263.8004267215728,188.0,-1333.4258001516573,-868.7768897567876,-419.0800993847661,-80.53874554578215,0.0,0.0,0.0,0.0,0.0,0.0,0.0,0.0,1750714357.4784453,0.0,nothing
263.90108323097223,197.0,-1277.9892631084658,-808.8412530669011,-349.9891876033508,-40.26376292295754,0.0,0.0,0.0,0.0,0.0,0.0,0.0,0.0,1750714357.568342,0.0,nothing
264.00149989128107,107.0,-1297.150640531443,-836.8942426345311,-384.89928373973817,-26.895490531343967,0.0,0.0,0.0,0.0,0.0,0.0,0.0,0.0,1750714357.673391,0.0,nothing
264.1020920276641,116.0,-1331.886831319891,-873.8257546969689,-408.28113826271147,-60.348895634990185,0.0,0.0,0.0,0.0,0.0,0.0,0.0,0.0,1750714357.76365,0.0,nothing
264.2027547359466,128.0,-1300.3445150936022,-840.1105565964244,-362.6543588032946,-79.21669091144577,0.0,0.0,0.0,0.0,0.0,0.0,0.0,0.0,1750714357.8835487,0.0,nothing
264.3032550811767,137.0,-1188.3345114206895,-877.4048389545642,-361.4201918179169,-103.05481322901323,0.0,0.0,0.0,0.0,0.0,0.0,0.0,0.0,1750714357.973594,0.0,nothing
264.4042744636535,148.0,-1228.1607060488311,-836.5352122387849,-356.89117297157645,-99.18401677487418,0.0,0.0,0.0,0.0,0.0,0.0,0.0,0.0,1750714358.0798829,0.0,left_blink
264.50500035285944,157.0,-1259.8862773729488,-835.1664088550024,-385.9614153271541,-72.26047699386254,0.0,0.0,0.0,0.0,0.0,0.0,0.0,0.0,1750714358.1697404,0.0,left_blink
264.60610961914057,167.0,-1266.8237917907536,-854.3371360278688,-378.8705650111661,-62.8621084052138,0.0,0.0,0.0,0.0,0.0,0.0,0.0,0.0,1750714358.2735984,0.0,left_blink
264.70699906349176,178.0,-1274.82717769593,-815.8086866843514,-366.96646345220506,-65.82410917012021,0.0,0.0,0.0,0.0,0.0,0.0,0.0,0.0,1750714358.3813932,0.0,left_blink
264.807418346405,187.0,-1279.939620935358,-838.7641926123761,-386.432642721571,-55.154174596536905,0.0,0.0,0.0,0.0,0.0,0.0,0.0,0.0,1750714358.4696882,0.0,left_blink
264.90837621688837,197.0,-1287.5203981455415,-833.6779286726378,-380.1795299956575,-43.76991913141683,0.0,0.0,0.0,0.0,0.0,0.0,0.0,0.0,1750714358.573504,0.0,left_blink
265.0087563991546,107.0,-1240.5453847520985,-794.2743427394889,-477.6263632411137,-81.80657163076103,0.0,0.0,0.0,0.0,0.0,0.0,0.0,0.0,1750714358.6785483,0.0,left_blink
265.109657049179,118.0,-1571.5246608806774,-108.21213526790962,-102.69017298333348,239.402215863578,0.0,0.0,0.0,0.0,0.0,0.0,0.0,0.0,1750714358.7849448,0.0,left_blink
265.21022415161127,127.0,-1024.57177216094,-381.9541125246324,-284.5876871282235,100.28915721178056,0.0,0.0,0.0,0.0,0.0,0.0,0.0,0.0,1750714358.8747385,0.0,left_blink
265.31110477447504,137.0,328.8494031038136,-922.3472167220898,-481.3961823964492,-289.85720616579056,0.0,0.0,0.0,0.0,0.0,0.0,0.0,0.0,1750714358.9784772,0.0,left_blink
265.41159605979914,146.0,933.9652159344404,-1061.778166870121,-533.6725039770827,-348.52127687074244,0.0,0.0,0.0,0.0,0.0,0.0,0.0,0.0,1750714359.0687785,0.0,left_blink
265.51233005523676,158.0,496.280984220095,-1026.0471626934595,-522.3331273114309,-227.38217740599063,0.0,0.0,0.0,0.0,0.0,0.0,0.0,0.0,1750714359.188552,0.0,left_blink
265.6127738952636,167.0,223.1411308562383,-1038.9759968402795,-523.0848472025245,-215.8071870431304,0.0,0.0,0.0,0.0,0.0,0.0,0.0,0.0,1750714359.2788453,0.0,left_blink
265.7142910957336,178.0,-4.966587141156197,-897.9144503115676,-443.8625464411453,-63.89245084300637,0.0,0.0,0.0,0.0,0.0,0.0,0.0,0.0,1750714359.3847592,0.0,left_blink
265.81510114669794,185.0,-615.3855781089514,-794.599714035634,-299.09101915638894,19.006171574816108,0.0,0.0,0.0,0.0,0.0,0.0,0.0,0.0,1750714359.4586525,0.0,left_blink
265.9156637191772,199.0,-1738.290539804846,-435.0083332960494,-21.47076564561576,242.6372293252498,0.0,0.0,0.0,0.0,0.0,0.0,0.0,0.0,1750714359.5949495,0.0,left_blink
266.0161528587341,107.0,-2720.4761558179744,-445.1602917257696,15.615952264983209,262.7298418371938,0.0,0.0,0.0,0.0,0.0,0.0,0.0,0.0,1750714359.683371,0.0,left_blink
266.11681532859797,118.0,-914.4373283158056,-923.0297484640032,-369.5750436712988,-153.1619928353466,0.0,0.0,0.0,0.0,0.0,0.0,0.0,0.0,1750714359.7939095,0.0,left_blink
266.2174444198608,127.0,-402.1832313849591,-1016.501068056561,-439.3877561441623,-295.03509765444323,0.0,0.0,0.0,0.0,0.0,0.0,0.0,0.0,1750714359.8799317,0.0,left_blink
266.3176879882812,137.0,-358.3329044044949,-1075.284815560095,-462.7808303670026,-306.6549668167718,0.0,0.0,0.0,0.0,0.0,0.0,0.0,0.0,1750714359.9860904,0.0,left_blink
266.4183993339538,148.0,-584.8025462212972,-1095.0913257254288,-534.2241392205469,-273.7176679070108,0.0,0.0,0.0,0.0,0.0,0.0,0.0,0.0,1750714360.090063,0.0,left_blink
266.51876807212824,158.0,-774.5762896728702,-1038.2373665990308,-523.7860784442164,-203.47112703928724,0.0,0.0,0.0,0.0,0.0,0.0,0.0,0.0,1750714360.1935728,0.0,left_blink
266.6193168163299,167.0,-901.0185672747904,-912.371033590287,-447.77635174477473,-124.39468237617984,0.0,0.0,0.0,0.0,0.0,0.0,0.0,0.0,1750714360.2836063,0.0,left_blink
266.72031307220453,179.0,-1309.514749784954,-387.30777931120247,-184.8800843595527,166.12448608176783,0.0,0.0,0.0,0.0,0.0,0.0,0.0,0.0,1750714360.4032736,0.0,left_blink
266.82109713554377,188.0,-1408.397704613395,-507.0743354922161,-233.11731398804116,109.62955735111608,0.0,0.0,0.0,0.0,0.0,0.0,0.0,0.0,1750714360.4940035,0.0,left_blink
266.9217340946197,196.0,-1254.2240688400343,-579.7966901306063,-168.04305475903675,129.09573662048206,0.0,0.0,0.0,0.0,0.0,0.0,0.0,0.0,1750714360.5703945,0.0,left_blink
267.0220961570739,107.0,-1147.92489239946,-868.687132157851,-330.73805258143693,-93.6564446403645,0.0,0.0,0.0,0.0,0.0,0.0,0.0,0.0,1750714360.688733,0.0,left_blink
267.12267351150507,118.0,-522.6360592078418,-1050.9548963983543,-470.9730812199414,-264.49133471632376,0.0,0.0,0.0,0.0,0.0,0.0,0.0,0.0,1750714360.7950969,0.0,left_blink
267.2240140438079,128.0,-424.55718286987394,-1074.138536223676,-526.2188833653927,-291.2316193995066,0.0,0.0,0.0,0.0,0.0,0.0,0.0,0.0,1750714360.8988376,0.0,left_blink
267.3248605728149,137.0,-582.5081175984815,-1029.9665778470226,-515.1487794965506,-205.60660991398615,0.0,0.0,0.0,0.0,0.0,0.0,0.0,0.0,1750714360.9886868,0.0,left_blink
267.4258832931518,147.0,-775.1728037158027,-955.3219146314076,-496.84196921344846,-160.44357804907486,0.0,0.0,0.0,0.0,0.0,0.0,0.0,0.0,1750714361.0940502,0.0,left_blink
267.52687573432917,157.0,-886.4610066972673,-929.4268473382108,-432.3212151778862,-98.22286248626187,0.0,0.0,0.0,0.0,0.0,0.0,0.0,0.0,1750714361.1850564,0.0,left_blink
267.62743902206415,169.0,-2503.511469738558,-507.0649857423268,-173.0414310498163,231.92428590217605,0.0,0.0,0.0,0.0,0.0,0.0,0.0,0.0,1750714361.305961,0.0,left_blink
267.7282502651214,178.0,-2623.7978720134124,-382.9788451124914,-129.92412446066737,209.32033056998625,0.0,0.0,0.0,0.0,0.0,0.0,0.0,0.0,1750714361.395012,0.0,left_blink
267.829112291336,188.0,-1962.2843678509817,-661.1825230163522,-220.8485721834004,75.77224305225536,0.0,0.0,0.0,0.0,0.0,0.0,0.0,0.0,1750714361.4986885,0.0,left_blink
267.92987203598017,199.0,-936.4410297051072,-942.5127572831698,-471.9716345081106,-175.53781427023932,0.0,0.0,0.0,0.0,0.0,0.0,0.0,0.0,1750714361.6049976,0.0,left_blink
268.03025722503656,107.0,-730.8774286406115,-1029.706654800102,-508.8152589215897,-233.35853753518316,0.0,0.0,0.0,0.0,0.0,0.0,0.0,0.0,1750714361.6935992,0.0,left_blink
268.1312155723571,117.0,-563.5842238226905,-1075.3970125587657,-562.1574519895948,-271.6027544820681,0.0,0.0,0.0,0.0,0.0,0.0,0.0,0.0,1750714361.799249,0.0,left_blink
268.2328557968139,128.0,-700.973188594915,-987.4570050006732,-485.3623462994583,-180.37537486292425,0.0,0.0,0.0,0.0,0.0,0.0,0.0,0.0,1750714361.9036193,0.0,left_blink
268.3336029052734,139.0,-902.71087200474,-980.0744424881414,-485.0706341029145,-170.0831701848656,0.0,0.0,0.0,0.0,0.0,0.0,0.0,0.0,1750714362.0102334,0.0,left_blink
268.43414711952204,148.0,-1014.6011988790706,-871.3518108762801,-453.6180754755624,-70.68036926258355,0.0,0.0,0.0,0.0,0.0,0.0,0.0,0.0,1750714362.1000364,0.0,left_blink
268.53442382812494,158.0,-2263.035902587697,-433.843354459852,-215.1882336004637,202.22761030402037,0.0,0.0,0.0,0.0,0.0,0.0,0.0,0.0,1750714362.2037764,0.0,left_blink
268.6355113983154,168.0,-2239.0855832714587,-477.1962747462094,-206.79963799985129,187.36524788010863,0.0,0.0,0.0,0.0,0.0,0.0,0.0,0.0,1750714362.3092704,0.0,left_blink
268.73631548881525,178.0,-2063.201828255318,-592.5983676789328,-205.62530941376465,146.83221216034144,0.0,0.0,0.0,0.0,0.0,0.0,0.0,0.0,1750714362.4001217,0.0,left_blink
268.83777308464045,188.0,-993.0294559346512,-855.5320340637118,-374.3882949142717,-56.7679414274171,0.0,0.0,0.0,0.0,0.0,0.0,0.0,0.0,1750714362.5035958,0.0,left_blink
268.9392597675323,197.0,-698.9798219185323,-1052.9426532248035,-515.734073839616,-229.6672562789172,0.0,0.0,0.0,0.0,0.0,0.0,0.0,0.0,1750714362.5934892,0.0,left_blink
269.0399229526519,109.0,-620.3259859504178,-982.8924571047536,-458.1788834715262,-181.73669844679532,0.0,0.0,0.0,0.0,0.0,0.0,0.0,0.0,1750714362.7149029,0.0,left_blink
269.14061021804804,116.0,-684.4241312909871,-1005.4964124369436,-489.47810620069504,-181.2355518527329,0.0,0.0,0.0,0.0,0.0,0.0,0.0,0.0,1750714362.788526,0.0,left_blink
269.24113798141474,128.0,-875.3871629284695,-999.7182670054026,-514.7037314018235,-182.76517093461007,0.0,0.0,0.0,0.0,0.0,0.0,0.0,0.0,1750714362.9087305,0.0,left_blink
269.3420176506042,137.0,-2258.854694437236,-517.1290565230884,-219.20301620289683,153.2199612846598,0.0,0.0,0.0,0.0,0.0,0.0,0.0,0.0,1750714362.9986749,0.0,left_blink
269.4427609443664,149.0,-2367.251954752952,-474.0491489334963,-150.54593281634152,210.18611740972847,0.0,0.0,0.0,0.0,0.0,0.0,0.0,0.0,1750714363.1185596,0.0,left_blink
269.5433135032653,158.0,-2322.664867481217,-597.469587371219,-224.96620203461495,143.6233779983595,0.0,0.0,0.0,0.0,0.0,0.0,0.0,0.0,1750714363.208804,0.0,left_blink
269.6443171501159,169.0,-1562.833133383654,-723.97170337243,-274.9911038419232,34.32854169327766,0.0,0.0,0.0,0.0,0.0,0.0,0.0,0.0,1750714363.3151283,0.0,left_blink
269.7449638843536,178.0,-1083.1647847667336,-923.1064164130948,-438.2190374080092,-141.56643302273005,0.0,0.0,0.0,0.0,0.0,0.0,0.0,0.0,1750714363.4049098,0.0,left_blink
269.8451631069183,189.0,-483.6438622698188,-1022.277343538124,-474.20061488170177,-221.85834517143667,0.0,0.0,0.0,0.0,0.0,0.0,0.0,0.0,1750714363.5245247,0.0,left_blink
269.9460525512695,199.0,-484.919168154709,-1019.9847848652862,-496.3520423192531,-216.0577603401616,0.0,0.0,0.0,0.0,0.0,0.0,0.0,0.0,1750714363.6150174,0.0,left_blink
270.0467772483825,109.0,-696.7134425453842,-1001.3806525357068,-542.580945671536,-212.66380113037303,0.0,0.0,0.0,0.0,0.0,0.0,0.0,0.0,1750714363.719737,0.0,left_blink
270.1471147537231,118.0,-855.4460163647309,-957.94919435028,-491.2059399802238,-189.10243140952664,0.0,0.0,0.0,0.0,0.0,0.0,0.0,0.0,1750714363.8100812,0.0,left_blink
270.2477326393127,127.0,-777.8879710836336,-925.4270243356004,-472.1885487055406,-109.08353195758536,0.0,0.0,0.0,0.0,0.0,0.0,0.0,0.0,1750714363.8998897,0.0,left_blink
270.3485238552093,139.0,-2212.117164690979,-507.4333658879623,-302.1128583205864,145.96642532059923,0.0,0.0,0.0,0.0,0.0,0.0,0.0,0.0,1750714364.0202365,0.0,left_blink
270.44933843612665,149.0,-2049.289400420152,-556.0745047116652,-314.76867977064103,108.3617312661372,0.0,0.0,0.0,0.0,0.0,0.0,0.0,0.0,1750714364.1239233,0.0,left_blink
270.5503268241882,158.0,-1749.5588583713395,-700.1541505046189,-322.65612877719104,43.35105033637956,0.0,0.0,0.0,0.0,0.0,0.0,0.0,0.0,1750714364.2136416,0.0,left_blink
270.6509833335876,169.0,-746.1773593593389,-947.5447926735504,-523.6383523959666,-163.14752571703866,0.0,0.0,0.0,0.0,0.0,0.0,0.0,0.0,1750714364.3200016,0.0,left_blink
270.7517230510711,179.0,-837.4271783782169,-976.5514567298816,-499.47111888229847,-168.86583274928853,0.0,0.0,0.0,0.0,0.0,0.0,0.0,0.0,1750714364.4239628,0.0,left_blink
270.8530106544494,190.0,-700.9133501956239,-955.174188583158,-461.3129196343944,-166.33766037924215,0.0,0.0,0.0,0.0,0.0,0.0,0.0,0.0,1750714364.5303886,0.0,left_blink
270.9540779590606,199.0,-868.5281864097342,-982.0378899648786,-513.1703724199906,-179.71902242070064,0.0,0.0,0.0,0.0,0.0,0.0,0.0,0.0,1750714364.6201975,0.0,left_blink
271.0550475120544,109.0,-1001.3039845866152,-965.5262316605076,-478.4248318816535,-150.2205615201965,0.0,0.0,0.0,0.0,0.0,0.0,0.0,0.0,1750714364.7249608,0.0,left_blink
271.1557450294494,118.0,-1038.1046001506038,-879.1233229842037,-402.7741355779581,-53.671304264105856,0.0,0.0,0.0,0.0,0.0,0.0,0.0,0.0,1750714364.8152986,0.0,left_blink
271.25651168823237,128.0,-2069.677465028595,-520.7885486297309,-228.85008813859892,156.27171964850277,0.0,0.0,0.0,0.0,0.0,0.0,0.0,0.0,1750714364.9186237,0.0,left_blink
271.35716414451593,139.0,-1969.324729517568,-632.1627693101764,-311.6477332576178,75.32532500755042,0.0,0.0,0.0,0.0,0.0,0.0,0.0,0.0,1750714365.0254853,0.0,left_blink
271.45786523818964,149.0,-897.5666396156885,-903.698205593042,-471.6780523615889,-159.66006900835782,0.0,0.0,0.0,0.0,0.0,0.0,0.0,0.0,1750714365.128939,0.0,left_blink
271.55842256546015,158.0,-930.4814991257152,-897.415173667483,-414.97368923341855,-111.8641475746408,0.0,0.0,0.0,0.0,0.0,0.0,0.0,0.0,1750714365.21867,0.0,left_blink
271.65933704376215,170.0,-964.5968665215188,-951.1762355305254,-446.7030004574917,-119.67679858207704,0.0,0.0,0.0,0.0,0.0,0.0,0.0,0.0,1750714365.338662,0.0,left_blink
271.7600443363189,179.0,-927.5419377605432,-982.8831073548644,-460.0432235994376,-165.04926484450698,0.0,0.0,0.0,0.0,0.0,0.0,0.0,0.0,1750714365.4291248,0.0,left_blink
271.861485004425,190.0,-1040.4083785233088,-944.0741655146704,-446.68804085766897,-105.2370448531583,0.0,0.0,0.0,0.0,0.0,0.0,0.0,0.0,1750714365.535347,0.0,left_blink
271.9622180461883,199.0,-1168.0137650114484,-921.4627303825692,-434.301492204424,-122.56774124782532,0.0,0.0,0.0,0.0,0.0,0.0,0.0,0.0,1750714365.6250174,0.0,left_blink
272.06364893913263,109.0,-1167.477089367807,-851.7360356086865,-361.61653656559065,-44.72359362011776,0.0,0.0,0.0,0.0,0.0,0.0,0.0,0.0,1750714365.7300718,0.0,left_blink
272.1643106937408,118.0,-2346.6600655969232,-614.6637774175033,-222.09956871857867,161.12049994105473,0.0,0.0,0.0,0.0,0.0,0.0,0.0,0.0,1750714365.8201272,0.0,left_blink
272.26511621475214,130.0,-2339.5056369816884,-591.2781829945743,-203.05225824425,145.607394924853,0.0,0.0,0.0,0.0,0.0,0.0,0.0,0.0,1750714365.940166,0.0,left_blink
272.3659512996673,140.0,-2207.425460196566,-894.8122032983229,-411.4955822746269,-119.8507039300166,0.0,0.0,0.0,0.0,0.0,0.0,0.0,0.0,1750714366.043695,0.0,left_blink
272.4675402641296,149.0,-2100.6101775621064,-867.9597216164693,-356.57889132527635,-75.37581365695223,0.0,0.0,0.0,0.0,0.0,0.0,0.0,0.0,1750714366.1337633,0.0,left_blink
272.56851792335505,160.0,-1912.347353692632,-955.9745271736756,-473.5442624394782,-169.56145414104685,0.0,0.0,0.0,0.0,0.0,0.0,0.0,0.0,1750714366.2400491,0.0,left_blink
272.6697432994842,170.0,-1978.5922016077675,-949.4484017509968,-475.10754062095657,-156.3932663970627,0.0,0.0,0.0,0.0,0.0,0.0,0.0,0.0,1750714366.343707,0.0,left_blink
272.77277588844294,181.0,-2030.7301468900405,-893.7500717109069,-441.4447011197917,-101.3606385490857,0.0,0.0,0.0,0.0,0.0,0.0,0.0,0.0,1750714366.4500985,0.0,left_blink
272.8734123706817,190.0,-2131.849561891984,-924.1853775503114,-462.96034556487575,-114.0762983984314,0.0,0.0,0.0,0.0,0.0,0.0,0.0,0.0,1750714366.5403109,0.0,left_blink
272.9743382930755,0.0,-1282.4154347060248,-772.2126729008742,-390.6792991212569,-23.35567522328347,0.0,0.0,0.0,0.0,0.0,0.0,0.0,0.0,1750714366.645054,0.0,left_blink
273.0755770206451,110.0,-2283.653971043416,-495.3553589810617,-197.06467841519043,189.4334125556052,0.0,0.0,0.0,0.0,0.0,0.0,0.0,0.0,1750714366.7489405,0.0,left_blink
273.17643022537226,121.0,-1544.6123407995328,-767.9828460509889,-396.8463941481896,-23.060223126783967,0.0,0.0,0.0,0.0,0.0,0.0,0.0,0.0,1750714366.8552384,0.0,left_blink
273.27701520919794,130.0,-1266.4872007947415,-827.8212453420274,-344.8991837636568,-46.056867954321206,0.0,0.0,0.0,0.0,0.0,0.0,0.0,0.0,1750714366.9451263,0.0,left_blink
273.37752556800837,140.0,-1102.036319943145,-873.7920955973677,-373.2326658279635,-75.97606759984046,0.0,0.0,0.0,0.0,0.0,0.0,0.0,0.0,1750714367.048633,0.0,left_blink
273.47875046730036,151.0,-927.9028381062672,-973.5913259149528,-476.8615537001752,-163.08955726772547,0.0,0.0,0.0,0.0,0.0,0.0,0.0,0.0,1750714367.154844,0.0,left_blink
273.5793759822845,161.0,-927.9851159052924,-983.3188056997024,-497.9134505507536,-179.06640987843275,0.0,0.0,0.0,0.0,0.0,0.0,0.0,0.0,1750714367.2613652,0.0,left_blink
273.68009567260737,170.0,-981.3160892734304,-894.4176438529976,-415.4411767278798,-110.99649078492077,0.0,0.0,0.0,0.0,0.0,0.0,0.0,0.0,1750714367.349096,0.0,left_blink
273.78105831146235,181.0,-1147.700498402119,-923.3719493099488,-465.3950204360299,-122.94547114335,0.0,0.0,0.0,0.0,0.0,0.0,0.0,0.0,1750714367.4548185,0.0,left_blink
273.8817579746246,190.0,-1210.5906560570002,-808.7514954679646,-389.9836777294986,-50.20441700518131,0.0,0.0,0.0,0.0,0.0,0.0,0.0,0.0,1750714367.54508,0.0,left_blink
273.9826335906982,101.0,-2203.047907298431,-507.5268633868545,-230.67702926695347,165.55228138854727,0.0,0.0,0.0,0.0,0.0,0.0,0.0,0.0,1750714367.6637168,0.0,left_blink
274.0832135677337,110.0,-1333.3229529028758,-714.6238234331831,-411.9686796190217,-17.418584043625742,0.0,0.0,0.0,0.0,0.0,0.0,0.0,0.0,1750714367.754056,0.0,left_blink
274.18443655967707,121.0,-1295.0749960560352,-777.6224381867796,-372.7146896841005,-44.80961131909862,0.0,0.0,0.0,0.0,0.0,0.0,0.0,0.0,1750714367.860026,0.0,left_blink
274.2853276729583,130.0,-1091.0335342735052,-865.7943195421249,-421.10151531081647,-97.71423609228805,0.0,0.0,0.0,0.0,0.0,0.0,0.0,0.0,1750714367.9499638,0.0,left_blink
274.38589477539057,140.0,-1101.0751656545326,-881.8497100519016,-416.62859496381134,-81.26241618720815,0.0,0.0,0.0,0.0,0.0,0.0,0.0,0.0,1750714368.0536168,0.0,left_blink
274.48658585548395,151.0,-1073.7813757779077,-892.2615915285423,-403.5576446186751,-116.05096557503566,0.0,0.0,0.0,0.0,0.0,0.0,0.0,0.0,1750714368.1599092,0.0,left_blink
274.5873162746429,161.0,-1122.2878782032058,-896.5549966776744,-381.8774445755407,-111.43592902971432,0.0,0.0,0.0,0.0,0.0,0.0,0.0,0.0,1750714368.2636712,0.0,left_blink
274.6880102157592,170.0,-1179.8898173207417,-898.3090097568929,-392.7642933465541,-84.51238924870268,0.0,0.0,0.0,0.0,0.0,0.0,0.0,0.0,1750714368.3535,0.0,left_blink
274.78908395767206,181.0,-1331.0154346302152,-757.9543043198064,-370.4483103109524,-38.7397536910139,0.0,0.0,0.0,0.0,0.0,0.0,0.0,0.0,1750714368.459868,0.0,left_blink
274.8896670341491,191.0,-2123.672270638868,-597.6023538196459,-194.36260069720447,101.12876475183292,0.0,0.0,0.0,0.0,0.0,0.0,0.0,0.0,1750714368.5641708,0.0,left_blink
274.990418434143,101.0,-1853.4607589403167,-666.2968362057582,-219.0347207048908,102.31618298776448,0.0,0.0,0.0,0.0,0.0,0.0,0.0,0.0,1750714368.668681,0.0,left_blink
275.0913035869598,110.0,-1275.3058848902583,-900.7212452283128,-409.492865848355,-104.492804761976,0.0,0.0,0.0,0.0,0.0,0.0,0.0,0.0,1750714368.7589269,0.0,left_blink
275.1925113201141,121.0,-1003.8901254059748,-912.1279400931672,-400.0159593606368,-105.12858775444327,0.0,0.0,0.0,0.0,0.0,0.0,0.0,0.0,1750714368.8651547,0.0,left_blink
275.293143749237,130.0,-1085.2778282416984,-961.5918569071218,-447.71464339550585,-143.28304710239172,0.0,0.0,0.0,0.0,0.0,0.0,0.0,0.0,1750714368.954922,0.0,left_blink
275.39372324943537,142.0,-1050.537897553295,-932.1588442558424,-425.256544161588,-143.1409309040755,0.0,0.0,0.0,0.0,0.0,0.0,0.0,0.0,1750714369.0750644,0.0,left_blink
275.49431490898127,151.0,-1069.5665085278451,-922.2892482727766,-398.69203477632254,-105.64843384828418,0.0,0.0,0.0,0.0,0.0,0.0,0.0,0.0,1750714369.165373,0.0,left_blink
275.5950148105621,161.0,-1160.4273779513314,-890.4514799499884,-396.6874484000728,-86.8180375713855,0.0,0.0,0.0,0.0,0.0,0.0,0.0,0.0,1750714369.2688732,0.0,left_blink
275.6955034732818,170.0,-1214.715765708126,-875.7686327239498,-449.2966210767627,-66.17378981597722,0.0,0.0,0.0,0.0,0.0,0.0,0.0,0.0,1750714369.3587492,0.0,left_blink
275.7966222763061,181.0,-1193.5236226092093,-500.1480407742784,-226.23776801954955,165.49431293923408,0.0,0.0,0.0,0.0,0.0,0.0,0.0,0.0,1750714369.4805827,0.0,left_blink
275.8981366157531,191.0,-982.9934344035572,-620.0118343541399,-267.081215435639,116.59138111863284,0.0,0.0,0.0,0.0,0.0,0.0,0.0,0.0,1750714369.5688655,0.0,left_blink
275.99890446662897,101.0,-1270.511333147064,-900.7380747781136,-421.62510130461305,-111.67528262687848,0.0,0.0,0.0,0.0,0.0,0.0,0.0,0.0,1750714369.6739953,0.0,left_blink
276.1000134944915,110.0,-1129.3562891194597,-883.8748658779077,-375.5345742506906,-84.21319725224748,0.0,0.0,0.0,0.0,0.0,0.0,0.0,0.0,1750714369.7636712,0.0,left_blink
276.2005298137664,122.0,-849.6416916335002,-935.4780054665172,-420.5442702174186,-122.29285860108212,0.0,0.0,0.0,0.0,0.0,0.0,0.0,0.0,1750714369.8833568,0.0,left_blink
276.3013746738433,131.0,-922.7529958672822,-995.2303870585748,-489.3808688018471,-173.68282389221713,0.0,0.0,0.0,0.0,0.0,0.0,0.0,0.0,1750714369.974131,0.0,left_blink
276.4022026062011,140.0,-993.8559738248588,-925.9450004794636,-406.6954206814989,-123.24653308978304,0.0,0.0,0.0,0.0,0.0,0.0,0.0,0.0,1750714370.063855,0.0,left_blink
276.5035200119018,151.0,-1134.091002463363,-896.1192983328365,-472.3418846037239,-79.97963050240651,0.0,0.0,0.0,0.0,0.0,0.0,0.0,0.0,1750714370.1700864,0.0,left_blink
276.6043515205383,161.0,-2483.08413618058,-556.3680868581869,-231.0771985622123,202.2668792535551,0.0,0.0,0.0,0.0,0.0,0.0,0.0,0.0,1750714370.2736404,0.0,left_blink
276.7054712772369,172.0,-2139.1068377560005,-576.350372321438,-191.0116503369063,162.60524022346362,0.0,0.0,0.0,0.0,0.0,0.0,0.0,0.0,1750714370.380276,0.0,left_blink
276.80603480339045,181.0,-1872.040581920184,-735.924423630815,-311.7804997060448,23.1032319762744,0.0,0.0,0.0,0.0,0.0,0.0,0.0,0.0,1750714370.47001,0.0,left_blink
276.9071280956268,190.0,-946.4714413862677,-880.4790367181413,-406.8562363795936,-140.2368985884823,0.0,0.0,0.0,0.0,0.0,0.0,0.0,0.0,1750714370.5602405,0.0,left_blink
277.00786924362177,0.0,-757.3764897766523,-981.8359353672712,-461.97114202659577,-169.16128484578803,0.0,0.0,0.0,0.0,0.0,0.0,0.0,0.0,1750714370.6650383,0.0,left_blink
277.10890817642206,112.0,-904.519113633316,-985.1831458276138,-483.6363824699074,-162.93435141956434,0.0,0.0,0.0,0.0,0.0,0.0,0.0,0.0,1750714370.7853503,0.0,left_blink
277.20961403846735,121.0,-901.5010143690744,-952.8143117111176,-444.0570212388411,-158.7643629689701,0.0,0.0,0.0,0.0,0.0,0.0,0.0,0.0,1750714370.8747916,0.0,left_blink
277.310185432434,131.0,-1031.5261161285453,-919.4581440063192,-422.4590989947319,-130.4121814048849,0.0,0.0,0.0,0.0,0.0,0.0,0.0,0.0,1750714370.97891,0.0,left_blink
277.4108779430389,140.0,-1217.9601289196871,-764.9815763365477,-438.5855476036668,-14.894151573535057,0.0,0.0,0.0,0.0,0.0,0.0,0.0,0.0,1750714371.0686753,0.0,left_blink
277.5114645957946,152.0,-1993.8883924265392,-626.2163283806294,-324.8290106514469,116.34267777157947,0.0,0.0,0.0,0.0,0.0,0.0,0.0,0.0,1750714371.1887057,0.0,left_blink
277.61214160919184,161.0,-1991.9436444495805,-623.736774710007,-245.31499769352376,117.38984975917263,0.0,0.0,0.0,0.0,0.0,0.0,0.0,0.0,1750714371.278586,0.0,left_blink
277.71290779113764,172.0,-1200.8538265223615,-864.3133191596717,-453.4740893272683,-81.50924958428368,0.0,0.0,0.0,0.0,0.0,0.0,0.0,0.0,1750714371.3851027,0.0,left_blink
277.8132810592651,181.0,-1021.6976590449922,-900.0854622358456,-426.7674637436867,-107.79700637282804,0.0,0.0,0.0,0.0,0.0,0.0,0.0,0.0,1750714371.475066,0.0,left_blink
277.9144759178161,191.0,-901.4710951694288,-956.1428226716816,-445.30240792408586,-160.30146185075864,0.0,0.0,0.0,0.0,0.0,0.0,0.0,0.0,1750714371.5786648,0.0,left_blink
278.0152297019958,101.0,-1011.375535167288,-904.1488635377028,-422.505847744178,-97.7366754920222,0.0,0.0,0.0,0.0,0.0,0.0,0.0,0.0,1750714371.6835873,0.0,left_blink
278.116452217102,112.0,-1143.390263703186,-914.444808115717,-427.9249627799727,-105.42964970087633,0.0,0.0,0.0,0.0,0.0,0.0,0.0,0.0,1750714371.790051,0.0,left_blink
278.21704554557795,122.0,-1216.550186636392,-875.9500178718008,-404.3000147598796,-94.9504500250332,0.0,0.0,0.0,0.0,0.0,0.0,0.0,0.0,1750714371.8937745,0.0,left_blink
278.31767368316645,131.0,-1247.8531492655163,-720.6394525119103,-405.66881814366207,-11.89849170902744,0.0,0.0,0.0,0.0,0.0,0.0,0.0,0.0,1750714371.9838216,0.0,left_blink
278.41836237907404,142.0,-1125.4518335657194,-605.4318343768828,-228.52097694249824,111.0320198344998,0.0,0.0,0.0,0.0,0.0,0.0,0.0,0.0,1750714372.09016,0.0,left_blink
278.5188312530517,152.0,-1030.7725262874735,-649.2784214573912,-257.987648693379,70.39052701601759,0.0,0.0,0.0,0.0,0.0,0.0,0.0,0.0,1750714372.1936789,0.0,left_blink
278.6194686889648,163.0,-145.15673698019236,-888.6394984214567,-428.2615537759848,-115.2917658840306,0.0,0.0,0.0,0.0,0.0,0.0,0.0,0.0,1750714372.300044,0.0,left_blink
278.7207951545715,172.0,38.797722140327096,-955.0227226349524,-433.3552975156345,-168.01313555939123,0.0,0.0,0.0,0.0,0.0,0.0,0.0,0.0,1750714372.3901093,0.0,left_blink
278.82173037528986,182.0,92.79439770057796,-967.3980515883304,-457.69830632722005,-169.08648684667423,0.0,0.0,0.0,0.0,0.0,0.0,0.0,0.0,1750714372.4937556,0.0,left_blink
278.9232168197631,191.0,105.0163907557726,-931.607209012378,-437.4392682672478,-136.09682933753356,0.0,0.0,0.0,0.0,0.0,0.0,0.0,0.0,1750714372.5837772,0.0,left_blink
279.0239374637603,103.0,-1097.1127416514792,-955.873549874872,-449.7771982210688,-151.81188895134255,0.0,0.0,0.0,0.0,0.0,0.0,0.0,0.0,1750714372.704822,0.0,left_blink
279.1247291564941,112.0,-1082.5159121244214,-844.0056624002755,-403.510895869229,-51.42549434071407,0.0,0.0,0.0,0.0,0.0,0.0,0.0,0.0,1750714372.7952025,0.0,left_blink
279.22532367706293,122.0,-1375.9503325978294,-467.588471760042,-156.53164269542322,206.9267945983447,0.0,0.0,0.0,0.0,0.0,0.0,0.0,0.0,1750714372.898768,0.0,left_blink
279.32600069046015,131.0,-920.1537653980776,-668.6567130777985,-303.0422234595753,62.12534811394289,0.0,0.0,0.0,0.0,0.0,0.0,0.0,0.0,1750714372.988695,0.0,left_blink
279.4267718791961,143.0,-1092.097535810899,-893.9146273089573,-438.6809150525369,-141.57578277261928,0.0,0.0,0.0,0.0,0.0,0.0,0.0,0.0,1750714373.108503,0.0,left_blink
279.5274949073791,152.0,-942.1986056868918,-891.2742579402402,-420.0075945737772,-125.99161965725943,0.0,0.0,0.0,0.0,0.0,0.0,0.0,0.0,1750714373.1987653,0.0,left_blink
279.62848734855646,163.0,-1012.4040076551028,-949.4484017509968,-454.0481639704667,-161.45709093706682,0.0,0.0,0.0,0.0,0.0,0.0,0.0,0.0,1750714373.3050592,0.0,left_blink
279.729126214981,172.0,-1003.9742731549776,-905.6691328696908,-404.0008227634244,-95.97144271293656,0.0,0.0,0.0,0.0,0.0,0.0,0.0,0.0,1750714373.3953145,0.0,left_blink
279.8296999931335,182.0,-1089.240252244752,-882.9642002386972,-377.3615153790452,-83.32310106279328,0.0,0.0,0.0,0.0,0.0,0.0,0.0,0.0,1750714373.4986873,0.0,left_blink
279.9301636219024,192.0,-1177.2251386023129,-846.3131806729361,-368.88690207945183,-37.18769520940259,0.0,0.0,0.0,0.0,0.0,0.0,0.0,0.0,1750714373.6045003,0.0,left_blink
280.0312564373016,103.0,-2409.5539631517604,-430.52606319915503,-167.36426291707903,253.33334319852293,0.0,0.0,0.0,0.0,0.0,0.0,0.0,0.0,1750714373.71007,0.0,left_blink
280.13203001022333,112.0,-2123.6348716393118,-599.5807608962059,-274.258083450608,129.5763137647882,0.0,0.0,0.0,0.0,0.0,0.0,0.0,0.0,1750714373.7999823,0.0,left_blink
280.23262143135065,122.0,-1954.8195275394248,-664.1463937312365,-278.63376639876515,62.8078798558563,0.0,0.0,0.0,0.0,0.0,0.0,0.0,0.0,1750714373.9038265,0.0,left_blink
280.33363199234003,132.0,-892.2167127290741,-945.1774360015988,-472.1810689056292,-166.4105884283781,0.0,0.0,0.0,0.0,0.0,0.0,0.0,0.0,1750714374.0093784,0.0,left_blink
280.43416547775263,142.0,-832.2511568395421,-997.2069241851568,-496.5278176171705,-192.6871255170554,0.0,0.0,0.0,0.0,0.0,0.0,0.0,0.0,1750714374.1001575,0.0,left_blink
280.5348622798919,152.0,-860.7192753022537,-992.5582285402344,-500.0470634754747,-170.40106168109924,0.0,0.0,0.0,0.0,0.0,0.0,0.0,0.0,1750714374.2037292,0.0,left_blink
280.6353044509887,161.0,-969.3297099154444,-946.8603909816592,-440.89306587632746,-138.48101555928588,0.0,0.0,0.0,0.0,0.0,0.0,0.0,0.0,1750714374.2936573,0.0,left_blink
280.7359762191772,172.0,-1114.374249896966,-943.1504102256148,-460.28070724662393,-111.07128878403456,0.0,0.0,0.0,0.0,0.0,0.0,0.0,0.0,1750714374.4027967,0.0,left_blink
280.8365290164947,182.0,-1266.5021603945645,-889.9765126556158,-441.6784448670224,-74.76434001419693,0.0,0.0,0.0,0.0,0.0,0.0,0.0,0.0,1750714374.5041049,0.0,left_blink
280.93755006790155,193.0,-1296.909416984301,-494.5007918411866,-194.1419465998188,231.78403965383768,0.0,0.0,0.0,0.0,0.0,0.0,0.0,0.0,1750714374.610015,0.0,left_blink
281.0380611419677,103.0,-2049.502574717626,-627.669279513415,-268.2443243218586,111.15543653303756,0.0,0.0,0.0,0.0,0.0,0.0,0.0,0.0,1750714374.7152095,0.0,left_blink
281.1392247676849,112.0,-1911.9303548475727,-702.1493871309794,-291.52146164607257,59.26058474788442,0.0,0.0,0.0,0.0,0.0,0.0,0.0,0.0,1750714374.8048153,0.0,left_blink
281.23989892005915,122.0,-848.0073553528637,-913.528532626573,-456.1443778956309,-131.82960348809138,0.0,0.0,0.0,0.0,0.0,0.0,0.0,0.0,1750714374.9087994,0.0,left_blink
281.34072995185846,132.0,-862.6490636793897,-961.2309565613978,-466.5188603727147,-194.6225237441249,0.0,0.0,0.0,0.0,0.0,0.0,0.0,0.0,1750714375.013913,0.0,left_blink
281.44123268127436,142.0,-880.9446542626247,-979.07775914995,-458.6314113661647,-197.0684183151461,0.0,0.0,0.0,0.0,0.0,0.0,0.0,0.0,1750714375.104798,0.0,left_blink
281.5421595573425,152.0,-922.491202870384,-969.4886556635612,-446.3645395115018,-179.9882952175103,0.0,0.0,0.0,0.0,0.0,0.0,0.0,0.0,1750714375.208531,0.0,left_blink
281.6426217555999,163.0,-999.4097252590582,-927.2390058641322,-459.1400377601385,-109.96988824708389,0.0,0.0,0.0,0.0,0.0,0.0,0.0,0.0,1750714375.3149369,0.0,left_blink
281.74317407608027,173.0,-2220.184128895402,-572.8797451625578,-206.0385683588684,163.39809901406989,0.0,0.0,0.0,0.0,0.0,0.0,0.0,0.0,1750714375.4186263,0.0,left_blink
281.84340667724604,182.0,-2091.2996966224164,-615.2677712603472,-207.47842984180895,80.18158510001376,0.0,0.0,0.0,0.0,0.0,0.0,0.0,0.0,1750714375.5088837,0.0,left_blink
281.9440715312957,193.0,-1826.3427443616088,-722.1840311936103,-255.00133857876065,26.132550940383226,0.0,0.0,0.0,0.0,0.0,0.0,0.0,0.0,1750714375.6148474,0.0,left_blink
282.0446064472198,103.0,-1057.8363123168238,-928.592849648092,-407.85291971778497,-151.9932740991935,0.0,0.0,0.0,0.0,0.0,0.0,0.0,0.0,1750714375.7199595,0.0,left_blink
282.14529561996454,113.0,-920.3725495454856,-980.0239538387395,-434.1032775067724,-192.2046784227714,0.0,0.0,0.0,0.0,0.0,0.0,0.0,0.0,1750714375.8237183,0.0,left_blink
282.24594426155085,122.0,-861.7271783403121,-936.0913490592502,-396.5135430521332,-126.37121950276196,0.0,0.0,0.0,0.0,0.0,0.0,0.0,0.0,1750714375.91382,0.0,left_blink
282.3469519615173,133.0,-835.2711260537617,-1014.632988028694,-494.60363908996806,-204.38553257845345,0.0,0.0,0.0,0.0,0.0,0.0,0.0,0.0,1750714376.0199945,0.0,left_blink
282.44779253005976,143.0,-970.0907795564272,-958.2539961966686,-485.6877175956033,-169.2603921946138,0.0,0.0,0.0,0.0,0.0,0.0,0.0,0.0,1750714376.123844,0.0,left_blink
282.54805803298945,152.0,-1055.4764354447834,-857.1196215949021,-415.2841009297408,-65.02564052958041,0.0,0.0,0.0,0.0,0.0,0.0,0.0,0.0,1750714376.2138343,0.0,left_blink
282.64918684959406,163.0,-1321.355273044668,-522.0919037642889,-234.0859480765648,173.3406230462715,0.0,0.0,0.0,0.0,0.0,0.0,0.0,0.0,1750714376.32001,0.0,left_blink
282.74982309341425,172.0,-1191.861237078905,-498.3510188455693,-199.72748718364164,158.42964192293584,0.0,0.0,0.0,0.0,0.0,0.0,0.0,0.0,1750714376.409904,0.0,left_blink
282.8505752086639,184.0,-7.468580211512744,-843.5400448557921,-379.47455885401,-69.76409377343953,0.0,0.0,0.0,0.0,0.0,0.0,0.0,0.0,1750714376.5300555,0.0,left_blink
282.9513432979583,193.0,-60.3619852848351,-938.2193521340378,-434.4548281026073,-171.62400896660984,0.0,0.0,0.0,0.0,0.0,0.0,0.0,0.0,1750714376.6203077,0.0,left_blink
283.05192875862116,103.0,-962.6053697951138,-903.6327573438176,-390.5951513722539,-108.73011141177268,0.0,0.0,0.0,0.0,0.0,0.0,0.0,0.0,1750714376.725185,0.0,left_blink
283.1528859138488,112.0,-982.2548041623086,-958.093180498574,-468.7179215466604,-141.2560213264078,0.0,0.0,0.0,0.0,0.0,0.0,0.0,0.0,1750714376.8151047,0.0,left_blink
283.25317049026484,122.0,-960.9785133143888,-957.9847233998588,-479.0886641237885,-151.08821830991656,0.0,0.0,0.0,0.0,0.0,0.0,0.0,0.0,1750714376.920195,0.0,left_blink
283.3546583652496,133.0,-978.148394010961,-904.4293560343796,-423.4800916826353,-97.68244694266468,0.0,0.0,0.0,0.0,0.0,0.0,0.0,0.0,1750714377.0252144,0.0,left_blink
283.45530295372004,143.0,-1184.721768063493,-775.0325574674644,-394.4135892270133,-36.22467097081244,0.0,0.0,0.0,0.0,0.0,0.0,0.0,0.0,1750714377.128854,0.0,left_blink
283.5563569068908,152.0,-2227.035625614226,-513.0862246709876,-270.7911961916834,164.31250455323607,0.0,0.0,0.0,0.0,0.0,0.0,0.0,0.0,1750714377.218845,0.0,left_blink
283.65694475173945,163.0,-1987.5137329520655,-563.2756820763461,-229.57375878002492,106.57966893725096,0.0,0.0,0.0,0.0,0.0,0.0,0.0,0.0,1750714377.3249145,0.0,left_blink
283.75775408744806,173.0,-1589.8651302633807,-708.9821843500249,-279.7706959852949,38.872520139440894,0.0,0.0,0.0,0.0,0.0,0.0,0.0,0.0,1750714377.4288995,0.0,left_blink
283.85857391357416,184.0,-959.3890558332204,-967.5177283869124,-464.08792540151626,-174.06242373771966,0.0,0.0,0.0,0.0,0.0,0.0,0.0,0.0,1750714377.5352612,0.0,left_blink
283.95921111106867,193.0,-919.0579747110604,-916.5279323910364,-404.64969540573657,-126.9546438958496,0.0,0.0,0.0,0.0,0.0,0.0,0.0,0.0,1750714377.6250892,0.0,left_blink
284.059895992279,103.0,-988.2479938413016,-929.6979900849984,-440.5396453305148,-118.145309550222,0.0,0.0,0.0,0.0,0.0,0.0,0.0,0.0,1750714377.73031,0.0,left_blink
284.1603937149047,112.0,-963.8488865303808,-949.9570281449704,-463.80930285481736,-178.08842604001984,0.0,0.0,0.0,0.0,0.0,0.0,0.0,0.0,1750714377.8203158,0.0,left_blink
284.2618799209594,123.0,-1007.5196983129716,-946.9688480803744,-466.0233236285858,-115.43762198230252,0.0,0.0,0.0,0.0,0.0,0.0,0.0,0.0,1750714377.9391668,0.0,left_blink
284.36245656013483,133.0,-1112.442591569852,-840.3891791431233,-457.6646472276189,-55.04197759786621,0.0,0.0,0.0,0.0,0.0,0.0,0.0,0.0,1750714378.0300393,0.0,left_blink
284.4637818336486,143.0,-1241.1194593952969,-561.130849451758,-257.1461712033488,178.01362804090604,0.0,0.0,0.0,0.0,0.0,0.0,0.0,0.0,1750714378.1336176,0.0,left_blink
284.56713986396784,154.0,-978.7018992044032,-600.5606146845967,-235.9072793549858,98.61181208165362,0.0,0.0,0.0,0.0,0.0,0.0,0.0,0.0,1750714378.240203,0.0,left_blink
284.6687483787536,163.0,168.35533640533686,-904.5097638834268,-473.08425474492833,-132.25221218308434,0.0,0.0,0.0,0.0,0.0,0.0,0.0,0.0,1750714378.3301384,0.0,left_blink
284.7692942619323,174.0,48.65235852357,-907.6699793459848,-416.656644213479,-144.17875314177945,0.0,0.0,0.0,0.0,0.0,0.0,0.0,0.0,1750714378.4491158,0.0,left_blink
284.8700535297393,184.0,-29.204878753982484,-880.7875784644857,-401.29687509546056,-112.90570971230044,0.0,0.0,0.0,0.0,0.0,0.0,0.0,0.0,1750714378.540056,0.0,left_blink
284.97027301788324,194.0,43.77552898135036,-891.5921494364738,-422.2066557477228,-126.61618294985963,0.0,0.0,0.0,0.0,0.0,0.0,0.0,0.0,1750714378.6467576,0.0,left_blink
285.07097387313837,103.0,-1054.202999509871,-945.188655701466,-484.6274559581652,-146.85465156007558,0.0,0.0,0.0,0.0,0.0,0.0,0.0,0.0,1750714378.7352304,0.0,left_blink
285.17176651954645,115.0,-1237.3234609402716,-824.8573746271431,-399.4362748675048,-67.02648700587451,0.0,0.0,0.0,0.0,0.0,0.0,0.0,0.0,1750714378.8549852,0.0,left_blink
285.2727239131927,124.0,-1151.1243768115528,-581.0869556153193,-249.6794609418139,173.01899165008217,0.0,0.0,0.0,0.0,0.0,0.0,0.0,0.0,1750714378.9450953,0.0,left_blink
285.37328958511347,134.0,-1060.1064315899275,-589.0492026209831,-253.62505539506677,140.08917254023254,0.0,0.0,0.0,0.0,0.0,0.0,0.0,0.0,1750714379.0486145,0.0,left_blink
285.4752187728881,143.0,-660.3447854262777,-788.5504258573055,-339.99056507181376,-19.956106163561344,0.0,0.0,0.0,0.0,0.0,0.0,0.0,0.0,1750714379.1384652,0.0,left_blink
285.57560706138605,154.0,134.61956885503605,-973.0022916719316,-460.075012749061,-139.38981124851853,0.0,0.0,0.0,0.0,0.0,0.0,0.0,0.0,1750714379.24509,0.0,left_blink
285.67643165588373,164.0,91.57706026500092,-951.1276168311016,-445.1266326261684,-135.63869159296155,0.0,0.0,0.0,0.0,0.0,0.0,0.0,0.0,1750714379.3485684,0.0,left_blink
285.7772612571716,175.0,27.351758325938132,-935.5733729153872,-425.5557361580432,-140.52674083504826,0.0,0.0,0.0,0.0,0.0,0.0,0.0,0.0,1750714379.455082,0.0,left_blink
285.878113746643,184.0,-62.57787600858137,-922.8913721656428,-433.9368519587442,-109.32475550472736,0.0,0.0,0.0,0.0,0.0,0.0,0.0,0.0,1750714379.5452838,0.0,left_blink
285.97932910919184,194.0,-136.0818697377108,-910.0635153176264,-423.3304956844077,-97.18878014851362,0.0,0.0,0.0,0.0,0.0,0.0,0.0,0.0,1750714379.6489427,0.0,left_blink
286.0803468227386,103.0,-1171.469432570506,-859.9694253611378,-381.0079178358428,-70.30824921699241,0.0,0.0,0.0,0.0,0.0,0.0,0.0,0.0,1750714379.7399545,0.0,left_blink
286.18136548995966,115.0,-1312.6300864480436,-444.8554898793809,-218.58780266018584,240.1071870052256,0.0,0.0,0.0,0.0,0.0,0.0,0.0,0.0,1750714379.8615873,0.0,left_blink
286.28233623504633,124.0,-1097.7952733933926,-631.7831694646738,-304.2913500447757,85.84379363292828,0.0,0.0,0.0,0.0,0.0,0.0,0.0,0.0,1750714379.9505303,0.0,left_blink
286.3827800750732,134.0,-865.0463395509869,-735.3634386374615,-331.098952927161,28.567225811537355,0.0,0.0,0.0,0.0,0.0,0.0,0.0,0.0,1750714380.0535624,0.0,left_blink
286.4834058284759,143.0,-182.52581733744591,-848.0840233019553,-358.3665635040961,-60.58824923215434,0.0,0.0,0.0,0.0,0.0,0.0,0.0,0.0,1750714380.1440887,0.0,left_blink
286.5839703083038,154.0,-86.92275477014482,-956.7617761143484,-442.35723670898005,-150.74227756401524,0.0,0.0,0.0,0.0,0.0,0.0,0.0,0.0,1750714380.2501523,0.0,left_blink
286.6849884986877,164.0,60.72475558053702,-989.111910731066,-481.5775675443001,-177.90517094219103,0.0,0.0,0.0,0.0,0.0,0.0,0.0,0.0,1750714380.3537247,0.0,left_blink
286.78555989265436,173.0,203.56275458820164,-964.7576822196132,-440.0497184363194,-150.46926486724988,0.0,0.0,0.0,0.0,0.0,0.0,0.0,0.0,1750714380.4438052,0.0,left_blink
286.8866174221038,184.0,-25.8651480935514,-973.6175052146428,-484.943477504421,-157.2010847874917,0.0,0.0,0.0,0.0,0.0,0.0,0.0,0.0,1750714380.5500495,0.0,left_blink
286.98750972747797,195.0,-542.7829002691433,-749.9191292650066,-355.7822926347144,49.20025386707857,0.0,0.0,0.0,0.0,0.0,0.0,0.0,0.0,1750714380.6699288,0.0,left_blink
287.0882093906402,104.0,-2025.191355055664,-548.4600684018806,-272.09829122619703,144.7715272847563,0.0,0.0,0.0,0.0,0.0,0.0,0.0,0.0,1750714380.7589092,0.0,left_blink
287.1886985301971,113.0,-1854.82021257421,-613.1304184356704,-317.048148793634,82.34137732442468,0.0,0.0,0.0,0.0,0.0,0.0,0.0,0.0,1750714380.8489149,0.0,left_blink
287.2893240451812,124.0,-1540.76211379515,-764.9890561364591,-312.5415693470277,0.8601769898086786,0.0,0.0,0.0,0.0,0.0,0.0,0.0,0.0,1750714380.9553947,0.0,left_blink
287.3899788856506,135.0,-803.0369283356704,-1006.5940730739384,-519.4216151959263,-210.74336250312624,0.0,0.0,0.0,0.0,0.0,0.0,0.0,0.0,1750714381.0742412,0.0,left_blink
287.4912033081054,145.0,-951.0771281816995,-985.9386056186632,-475.85178071213886,-184.17137331794947,0.0,0.0,0.0,0.0,0.0,0.0,0.0,0.0,1750714381.1657424,0.0,left_blink
287.5920131206512,154.0,-934.696366375778,-926.0515876282008,-414.0985526437871,-152.06059229839593,0.0,0.0,0.0,0.0,0.0,0.0,0.0,0.0,1750714381.255195,0.0,left_blink
287.69290065765375,164.0,-974.8516722000204,-916.4886634415016,-414.00505514489487,-140.1041321400553,0.0,0.0,0.0,0.0,0.0,0.0,0.0,0.0,1750714381.358812,0.0,left_blink
287.7934298515319,175.0,-1158.1105099287815,-942.1144579378888,-450.1698877164162,-118.28181589860468,0.0,0.0,0.0,0.0,0.0,0.0,0.0,0.0,1750714381.4652016,0.0,left_blink
287.8946003913879,185.0,-1477.2978814970702,-554.4326886311173,-274.5928044966422,160.815698094666,0.0,0.0,0.0,0.0,0.0,0.0,0.0,0.0,1750714381.5691645,0.0,left_blink
287.9955582618713,194.0,-1131.8956811893731,-533.0554204843938,-237.16014584014192,158.30996512435377,0.0,0.0,0.0,0.0,0.0,0.0,0.0,0.0,1750714381.6589816,0.0,left_blink
288.0963537693023,104.0,-1760.8009976381436,-656.9583060164005,-277.0966675169766,60.752804830204695,0.0,0.0,0.0,0.0,0.0,0.0,0.0,0.0,1750714381.7639303,0.0,left_blink
288.19726991653437,113.0,-1116.6555888699368,-924.8959585418924,-444.56190773285925,-156.6438396940939,0.0,0.0,0.0,0.0,0.0,0.0,0.0,0.0,1750714381.8536355,0.0,left_blink
288.2983040809631,125.0,-1144.3233687421307,-887.6016761837527,-397.58502438943833,-117.3300113598816,0.0,0.0,0.0,0.0,0.0,0.0,0.0,0.0,1750714381.9743629,0.0,left_blink
288.39900422096247,134.0,-1082.6449386728927,-888.0093252789229,-400.9284949498251,-94.85321262618528,0.0,0.0,0.0,0.0,0.0,0.0,0.0,0.0,1750714382.0638487,0.0,left_blink
288.49957680702204,145.0,-1051.8094635382297,-894.5279709016904,-427.4593452354893,-133.8267100644298,0.0,0.0,0.0,0.0,0.0,0.0,0.0,0.0,1750714382.170206,0.0,left_blink
288.6004106998443,155.0,-1009.301760641858,-916.084754246287,-431.73779078479856,-142.24896476464346,0.0,0.0,0.0,0.0,0.0,0.0,0.0,0.0,1750714382.273844,0.0,left_blink
288.7013080120086,166.0,-1138.8406754070893,-906.7574437567964,-452.0005687447265,-125.5241321627982,0.0,0.0,0.0,0.0,0.0,0.0,0.0,0.0,1750714382.3803184,0.0,left_blink
288.8024840354919,175.0,-1238.2771354289723,-830.889833255671,-399.1146434713155,-70.03523652022704,0.0,0.0,0.0,0.0,0.0,0.0,0.0,0.0,1750714382.47043,0.0,left_blink
288.9030096530914,185.0,-1150.387616520282,-518.4286717576906,-256.88624815642834,133.22084627160802,0.0,0.0,0.0,0.0,0.0,0.0,0.0,0.0,1750714382.57394,0.0,left_blink
289.0039658546447,194.0,-974.6983363018372,-575.7276789788157,-278.78336239699274,99.43085017194971,0.0,0.0,0.0,0.0,0.0,0.0,0.0,0.0,1750714382.6641612,0.0,left_blink
289.1047766208648,104.0,-869.1976285018027,-945.0820685527289,-484.3581831613556,-174.1802305863239,0.0,0.0,0.0,0.0,0.0,0.0,0.0,0.0,1750714382.7687793,0.0,left_blink
289.20550346374506,115.0,-941.0074475510046,-904.893103628885,-418.7939970381558,-130.01575200958175,0.0,0.0,0.0,0.0,0.0,0.0,0.0,0.0,1750714382.8751264,0.0,left_blink
289.306407213211,125.0,-1046.801737497561,-886.6835307446308,-396.8482640981674,-95.45159661909564,0.0,0.0,0.0,0.0,0.0,0.0,0.0,0.0,1750714382.979143,0.0,left_blink
289.4078154563903,134.0,-1149.349794282578,-940.9681786014698,-456.3388526933268,-120.774459219072,0.0,0.0,0.0,0.0,0.0,0.0,0.0,0.0,1750714383.0688996,0.0,left_blink
289.5086524486541,146.0,-1094.930510027334,-913.225600730162,-436.5510420277715,-141.43740647425875,0.0,0.0,0.0,0.0,0.0,0.0,0.0,0.0,1750714383.1892352,0.0,left_blink
289.6093506813049,155.0,-1006.0742269800976,-892.2485018786974,-407.8697492675856,-104.8088263082318,0.0,0.0,0.0,0.0,0.0,0.0,0.0,0.0,1750714383.278802,0.0,left_blink
289.709825515747,166.0,-1234.7691092705354,-884.5330882701091,-414.111642293632,-98.45099638355896,0.0,0.0,0.0,0.0,0.0,0.0,0.0,0.0,1750714383.3852055,0.0,left_blink
289.81076598167414,175.0,-2264.550562069752,-506.3282254510559,-178.69615978281945,215.5248245964758,0.0,0.0,0.0,0.0,0.0,0.0,0.0,0.0,1750714383.4752038,0.0,left_blink
289.9112861156463,185.0,-2049.491355017759,-562.9054319807328,-231.63818355556575,141.10829527815804,0.0,0.0,0.0,0.0,0.0,0.0,0.0,0.0,1750714383.5799785,0.0,left_blink
290.0123732089996,196.0,-1754.0355186183006,-733.355112361256,-293.97483601700515,7.44801076175645,0.0,0.0,0.0,0.0,0.0,0.0,0.0,0.0,1750714383.685406,0.0,left_blink
290.11431455612177,106.0,-782.8620380247012,-936.7121724518948,-424.49547452060506,-153.16760268528014,0.0,0.0,0.0,0.0,0.0,0.0,0.0,0.0,1750714383.7902644,0.0,left_blink
290.2154593467712,115.0,-946.9052697811276,-990.3273782166652,-478.4136121817865,-172.09523636102676,0.0,0.0,0.0,0.0,0.0,0.0,0.0,0.0,1750714383.8801632,0.0,left_blink
290.3162012100219,125.0,-1038.0354120014235,-965.6028996095991,-464.37402774812654,-157.7826392306015,0.0,0.0,0.0,0.0,0.0,0.0,0.0,0.0,1750714383.9836593,0.0,left_blink
290.41679573059076,136.0,-983.1935190511869,-905.0015607276,-401.1996376966126,-109.95305869728328,0.0,0.0,0.0,0.0,0.0,0.0,0.0,0.0,1750714384.090318,0.0,left_blink
290.5175900459289,145.0,-1091.145731272176,-953.9605910475366,-472.8523809476756,-123.71215063426644,0.0,0.0,0.0,0.0,0.0,0.0,0.0,0.0,1750714384.1802475,0.0,left_blink
290.61885285377497,155.0,-1636.789655007422,-763.6370823024772,-372.87363543221727,-5.703347432427108,0.0,0.0,0.0,0.0,0.0,0.0,0.0,0.0,1750714384.2835665,0.0,left_blink
290.7192516326904,166.0,-2149.619696531445,-492.4531966154464,-227.98617124883455,232.30388574767855,0.0,0.0,0.0,0.0,0.0,0.0,0.0,0.0,1750714384.3899827,0.0,left_blink
290.8201918601989,176.0,-1996.893402040936,-545.1072480916046,-261.8098264480941,185.51399740204212,0.0,0.0,0.0,0.0,0.0,0.0,0.0,0.0,1750714384.4937184,0.0,left_blink
290.9204494953155,185.0,-1572.8149263653904,-783.6268475656398,-372.87363543221727,-36.041415872983634,0.0,0.0,0.0,0.0,0.0,0.0,0.0,0.0,1750714384.5838037,0.0,left_blink
291.0217769145965,196.0,-1357.9576739110053,-823.3296254952438,-334.1843703906052,-17.958999587222934,0.0,0.0,0.0,0.0,0.0,0.0,0.0,0.0,1750714384.690234,0.0,left_blink
291.122165441513,106.0,-493.2984140054323,-1046.410917952191,-554.8272480764426,-249.55043439334256,0.0,0.0,0.0,0.0,0.0,0.0,0.0,0.0,1750714384.795545,0.0,left_blink
291.2229821681976,116.0,-826.5160202574916,-999.0712643130682,-493.5377676025964,-184.9661020585336,0.0,0.0,0.0,0.0,0.0,0.0,0.0,0.0,1750714384.89908,0.0,left_blink
291.3235349655151,125.0,-857.9124803855084,-965.0680939159356,-457.3766749310307,-195.09749103849757,0.0,0.0,0.0,0.0,0.0,0.0,0.0,0.0,1750714384.9886603,0.0,left_blink
291.4243957996368,136.0,-997.7585594286212,-951.9560046712868,-476.2145510078408,-151.97270464943722,0.0,0.0,0.0,0.0,0.0,0.0,0.0,0.0,1750714385.094952,0.0,left_blink
291.52505850791925,146.0,-1466.2072081784718,-782.9013069742359,-420.6994760655798,-12.912004597019404,0.0,0.0,0.0,0.0,0.0,0.0,0.0,0.0,1750714385.1987548,0.0,left_blink
291.62600159645075,157.0,-1063.2909564021977,-556.5326424562372,-265.1009384091012,144.81453613424674,0.0,0.0,0.0,0.0,0.0,0.0,0.0,0.0,1750714385.3051574,0.0,left_blink
291.72703814506525,166.0,-898.151933958754,-667.9667015359737,-322.3363673309796,65.80914957029745,0.0,0.0,0.0,0.0,0.0,0.0,0.0,0.0,1750714385.39556,0.0,left_blink
291.8280341625213,176.0,236.49257369805127,-986.3967433632351,-509.68291571130976,-207.32696389360356,0.0,0.0,0.0,0.0,0.0,0.0,0.0,0.0,1750714385.498755,0.0,left_blink
291.9290673732757,185.0,67.64731039851904,-950.1234536929989,-451.33299660263583,-187.1689031324349,0.0,0.0,0.0,0.0,0.0,0.0,0.0,0.0,1750714385.5888858,0.0,left_blink
292.0298943519592,197.0,26.755244283005595,-924.8716491921804,-413.9377369456925,-126.76203904813156,0.0,0.0,0.0,0.0,0.0,0.0,0.0,0.0,1750714385.7088883,0.0,left_blink
292.1306705474853,106.0,-1051.2914873943664,-950.9742809329182,-446.7927580564283,-151.59123485395685,0.0,0.0,0.0,0.0,0.0,0.0,0.0,0.0,1750714385.8000338,0.0,left_blink
292.2313203811645,116.0,-1130.8428993518464,-920.8606064897032,-441.0108727249317,-133.18718717200682,0.0,0.0,0.0,0.0,0.0,0.0,0.0,0.0,1750714385.9038448,0.0,left_blink
292.33196949958796,125.0,-1153.8732032789849,-861.306439595297,-379.37358155520633,-70.6822392125614,0.0,0.0,0.0,0.0,0.0,0.0,0.0,0.0,1750714385.993738,0.0,left_blink
292.4326961040496,136.0,-1511.7965886383315,-743.5332500906661,-423.3136661346071,-2.5562216197140515,0.0,0.0,0.0,0.0,0.0,0.0,0.0,0.0,1750714386.100274,0.0,left_blink
292.53400373458857,146.0,-184.2405614671297,-554.9300953252241,-291.4859325964935,129.92225451068953,0.0,0.0,0.0,0.0,0.0,0.0,0.0,0.0,1750714386.203873,0.0,left_blink
292.6347844600677,157.0,78.75668321689591,-649.3700490063056,-286.7811384522356,64.84799528168514,0.0,0.0,0.0,0.0,0.0,0.0,0.0,0.0,1750714386.3100717,0.0,left_blink
292.73560380935663,166.0,271.7392608304508,-767.6855240045115,-317.904585883487,-10.978476319927722,0.0,0.0,0.0,0.0,0.0,0.0,0.0,0.0,1750714386.4003167,0.0,left_blink
292.8364033699035,176.0,950.6545194867068,-937.56673959177,-426.98624789109454,-173.42851069523022,0.0,0.0,0.0,0.0,0.0,0.0,0.0,0.0,1750714386.503991,0.0,left_blink
292.9370508193969,185.0,913.3340578288772,-885.451233709231,-384.44862579507753,-97.11585209937766,0.0,0.0,0.0,0.0,0.0,0.0,0.0,0.0,1750714386.5937529,0.0,left_blink
293.0382370948791,197.0,981.4002370224334,-930.8087403718382,-446.96105355443433,-138.47166580939663,0.0,0.0,0.0,0.0,0.0,0.0,0.0,0.0,1750714386.714075,0.0,left_blink
293.1387827396392,106.0,-882.3938654954545,-913.44438487757,-420.07304282300174,-140.6351979337633,0.0,0.0,0.0,0.0,0.0,0.0,0.0,0.0,1750714386.8049076,0.0,left_blink
293.23984980583185,116.0,-1061.4004369745962,-854.7803141726181,-402.62266962975264,-74.81669861357659,0.0,0.0,0.0,0.0,0.0,0.0,0.0,0.0,1750714386.9102185,0.0,left_blink
293.3402409553527,125.0,-2156.985429494176,-586.4724115515128,-284.37451283074915,133.83231991436332,0.0,0.0,0.0,0.0,0.0,0.0,0.0,0.0,1750714386.9991171,0.0,left_blink
293.44068837165827,137.0,-2013.4256297950635,-680.7365899346769,-306.1781295724213,76.5183530934155,0.0,0.0,0.0,0.0,0.0,0.0,0.0,0.0,1750714387.1188517,0.0,left_blink
293.54153585433954,146.0,-869.5286096478812,-850.0942195281386,-406.3363902857527,-119.54964198358356,0.0,0.0,0.0,0.0,0.0,0.0,0.0,0.0,1750714387.2090476,0.0,left_blink
293.6426389217376,157.0,-1039.1368125383742,-952.7769127115608,-456.3837314927951,-162.4462944753468,0.0,0.0,0.0,0.0,0.0,0.0,0.0,0.0,1750714387.3151903,0.0,left_blink
293.7432355880737,166.0,-959.5704409810714,-924.7426226437092,-386.0960517255589,-121.8384607564658,0.0,0.0,0.0,0.0,0.0,0.0,0.0,0.0,1750714387.405188,0.0,left_blink
293.8438580036163,178.0,-996.457074244041,-920.87182618957,-414.69506668671966,-109.21255850605668,0.0,0.0,0.0,0.0,0.0,0.0,0.0,0.0,1750714387.5249324,0.0,left_blink
293.94458699226374,187.0,-1109.899459599983,-926.8145272191614,-445.9868096159771,-137.93873006571084,0.0,0.0,0.0,0.0,0.0,0.0,0.0,0.0,1750714387.6151595,0.0,left_blink
294.0452215671539,197.0,-1153.6974279810674,-934.802953524515,-446.3533198116347,-137.38522487226874,0.0,0.0,0.0,0.0,0.0,0.0,0.0,0.0,1750714387.7186952,0.0,left_blink
294.14594483375544,106.0,-1218.781036959961,-886.6349120452069,-417.36161535512656,-73.16179288318381,0.0,0.0,0.0,0.0,0.0,0.0,0.0,0.0,1750714387.8101964,0.0,left_blink
294.2465085983276,116.0,-1550.1062538344413,-795.3289945269935,-396.8333044983447,-0.5254559437744319,0.0,0.0,0.0,0.0,0.0,0.0,0.0,0.0,1750714387.9136007,0.0,left_blink
294.3471844196319,127.0,-1102.625354186166,-511.1078175944276,-265.2673639571294,162.3546669264324,0.0,0.0,0.0,0.0,0.0,0.0,0.0,0.0,1750714388.020394,0.0,left_blink
294.44829583168024,137.0,-873.4742041011341,-610.2563053197227,-286.4763366058469,78.79408221645281,0.0,0.0,0.0,0.0,0.0,0.0,0.0,0.0,1750714388.12385,0.0,left_blink
294.54925942420954,146.0,-140.70438608294353,-868.0513491653837,-446.5178754096851,-97.62821839330718,0.0,0.0,0.0,0.0,0.0,0.0,0.0,0.0,1750714388.213699,0.0,left_blink
294.64994001388544,157.0,-76.74461704073474,-872.3671937142499,-390.075305278413,-109.59963815147056,0.0,0.0,0.0,0.0,0.0,0.0,0.0,0.0,1750714388.319951,0.0,left_blink
294.7503795623779,167.0,-69.07408223161474,-890.5318877990358,-392.72689434699714,-110.3326585427858,0.0,0.0,0.0,0.0,0.0,0.0,0.0,0.0,1750714388.4234884,0.0,left_blink
294.8537375926971,178.0,-46.23451320221648,-953.1976514565758,-473.32547829207033,-164.86413979670033,0.0,0.0,0.0,0.0,0.0,0.0,0.0,0.0,1750714388.529872,0.0,left_blink
294.95541477203363,187.0,-17.239068845752627,-909.4707411746494,-395.7262941114605,-118.38466314738616,0.0,0.0,0.0,0.0,0.0,0.0,0.0,0.0,1750714388.6201434,0.0,left_blink
295.0561640262603,197.0,-87.63894561165944,-883.9721032767557,-392.8914499450475,-108.93767585931346,0.0,0.0,0.0,0.0,0.0,0.0,0.0,0.0,1750714388.7239106,0.0,left_blink
295.1569051742553,106.0,-1291.1294016027823,-839.658028701786,-444.1355591379106,-96.56982670584694,0.0,0.0,0.0,0.0,0.0,0.0,0.0,0.0,1750714388.8149,0.0,left_blink
295.25795030593866,116.0,-1020.4597521596588,-617.0442237392999,-315.12771016638726,122.44245459930973,0.0,0.0,0.0,0.0,0.0,0.0,0.0,0.0,1750714388.918447,0.0,left_blink
295.3586452007293,127.0,-844.1459086486138,-624.03783665644,-311.7356209065765,75.83582135150209,0.0,0.0,0.0,0.0,0.0,0.0,0.0,0.0,1750714389.025155,0.0,left_blink
295.45953774452204,137.0,-6.516775672789663,-867.7521571689285,-445.41460492275655,-106.7386146853678,0.0,0.0,0.0,0.0,0.0,0.0,0.0,0.0,1750714389.1287007,0.0,left_blink
295.5601353645324,148.0,-2.889072715770453,-902.1405372614972,-414.5080716889352,-146.76676391111687,0.0,0.0,0.0,0.0,0.0,0.0,0.0,0.0,1750714389.2351112,0.0,left_blink
295.66118192672724,157.0,-33.74324735021219,-904.2498408365065,-435.3206149423495,-95.72460931586102,0.0,0.0,0.0,0.0,0.0,0.0,0.0,0.0,1750714389.3251553,0.0,left_blink
295.7621655464172,167.0,-111.87349732453004,-899.6123648914509,-430.5372828990221,-96.42771050753072,0.0,0.0,0.0,0.0,0.0,0.0,0.0,0.0,1750714389.428803,0.0,left_blink
295.8630719184875,178.0,-149.05932258395478,-891.9680093820207,-390.8008458698168,-110.77022683760153,0.0,0.0,0.0,0.0,0.0,0.0,0.0,0.0,1750714389.535272,0.0,left_blink
295.96385812759394,187.0,-139.14484780142084,-915.2975053056144,-408.4868327602744,-101.54015374695882,0.0,0.0,0.0,0.0,0.0,0.0,0.0,0.0,1750714389.625272,0.0,left_blink
296.0645666122436,197.0,-613.4427000819705,-735.8010069322772,-349.84520145505667,46.83663709508255,0.0,0.0,0.0,0.0,0.0,0.0,0.0,0.0,1750714389.728792,0.0,left_blink
296.1650202274322,107.0,-1982.3152720136568,-637.5089562968351,-321.7267636382021,77.58983443072066,0.0,0.0,0.0,0.0,0.0,0.0,0.0,0.0,1750714389.833804,0.0,left_blink
296.2658627033233,118.0,-1694.788023520261,-675.584877745714,-292.963193078991,65.45385907450691,0.0,0.0,0.0,0.0,0.0,0.0,0.0,0.0,1750714389.9402735,0.0,left_blink
296.36682796478266,127.0,-1550.2932488322258,-823.1538501973264,-375.4766058013775,-37.819738301914185,0.0,0.0,0.0,0.0,0.0,0.0,0.0,0.0,1750714390.03005,0.0,left_blink
296.4677169322967,137.0,-1163.856866210699,-927.9271474559793,-433.57969151297584,-109.05735265789554,0.0,0.0,0.0,0.0,0.0,0.0,0.0,0.0,1750714390.1337504,0.0,left_blink
296.56838321685785,147.0,-1067.9546116469428,-942.7932497798464,-473.1740123438649,-152.51125024305657,0.0,0.0,0.0,0.0,0.0,0.0,0.0,0.0,1750714390.2392182,0.0,left_blink
296.66912412643427,158.0,-951.434288627468,-919.1458623600192,-417.49064190359786,-110.9983607348986,0.0,0.0,0.0,0.0,0.0,0.0,0.0,0.0,1750714390.3435788,0.0,left_blink
296.7697134017944,167.0,-955.6753351772204,-984.1004447904417,-484.569487508852,-182.8044398841448,0.0,0.0,0.0,0.0,0.0,0.0,0.0,0.0,1750714390.4334865,0.0,left_blink
296.869990825653,178.0,-991.7017914503812,-922.7623456171714,-404.4346511582844,-112.187648920808,0.0,0.0,0.0,0.0,0.0,0.0,0.0,0.0,1750714390.5401936,0.0,left_blink
296.97057509422297,187.0,-2507.1728317951784,-620.5634695976041,-289.58606341900304,167.70646376302466,0.0,0.0,0.0,0.0,0.0,0.0,0.0,0.0,1750714390.63004,0.0,left_blink
297.07138371467585,199.0,-1863.3303549233824,-615.6866400553845,-323.42093831812963,75.70866475300863,0.0,0.0,0.0,0.0,0.0,0.0,0.0,0.0,1750714390.7500873,0.0,left_blink
297.172325849533,107.0,-1663.5692086401395,-683.0945968567394,-324.959907149896,9.622762585990133,0.0,0.0,0.0,0.0,0.0,0.0,0.0,0.0,1750714390.8387764,0.0,left_blink
297.272946357727,118.0,-990.92202230962,-953.1565125570633,-469.7650935342536,-144.91364348307252,0.0,0.0,0.0,0.0,0.0,0.0,0.0,0.0,1750714390.9452567,0.0,left_blink
297.3738870620727,127.0,-997.3696098332292,-925.8103640810588,-401.7774522397667,-142.2134357150644,0.0,0.0,0.0,0.0,0.0,0.0,0.0,0.0,1750714391.035077,0.0,left_blink
297.4744012355804,137.0,-982.1781362132168,-925.3017376870848,-405.8651628913358,-131.61081934068352,0.0,0.0,0.0,0.0,0.0,0.0,0.0,0.0,1750714391.138805,0.0,left_blink
297.5749232769012,148.0,-1042.659798296634,-962.8091943426988,-467.9998607551679,-155.774312954396,0.0,0.0,0.0,0.0,0.0,0.0,0.0,0.0,1750714391.245159,0.0,left_blink
297.67564177513117,158.0,-1183.5493094273843,-928.1253621536308,-432.85976077150553,-122.12269315309824,0.0,0.0,0.0,0.0,0.0,0.0,0.0,0.0,1750714391.3503797,0.0,left_blink
297.77634096145624,167.0,-2014.820612478536,-565.1119729545899,-280.55981487594545,143.34662540163845,0.0,0.0,0.0,0.0,0.0,0.0,0.0,0.0,1750714391.4387956,0.0,left_blink
297.8769466876983,179.0,-1739.0852685454302,-632.710664653685,-307.363677858375,69.42002297751606,0.0,0.0,0.0,0.0,0.0,0.0,0.0,0.0,1750714391.558877,0.0,left_blink
297.977545261383,188.0,-1723.8713555256836,-720.5085560134612,-363.4546973938122,6.817837619222701,0.0,0.0,0.0,0.0,0.0,0.0,0.0,0.0,1750714391.648782,0.0,left_blink
298.07828116416925,199.0,-1539.509247309994,-764.4336809930392,-304.05760629754514,19.15202767308801,0.0,0.0,0.0,0.0,0.0,0.0,0.0,0.0,1750714391.7553923,0.0,left_blink
298.17897415161127,107.0,-1323.2308328724466,-820.1039617834613,-354.46958775026724,-32.51843011472374,0.0,0.0,0.0,0.0,0.0,0.0,0.0,0.0,1750714391.843742,0.0,left_blink
298.27988457679743,116.0,-1202.117912707385,-929.8401062833144,-421.8925041514449,-118.89141959138216,0.0,0.0,0.0,0.0,0.0,0.0,0.0,0.0,1750714391.935095,0.0,left_blink
298.3804638385772,128.0,-902.4285095580854,-967.6579746352508,-441.9009689143859,-178.3820081865415,0.0,0.0,0.0,0.0,0.0,0.0,0.0,0.0,1750714392.053837,0.0,left_blink
298.48101067543024,137.0,-848.1625612010248,-954.583284390159,-429.7126349587925,-151.67912250291556,0.0,0.0,0.0,0.0,0.0,0.0,0.0,0.0,1750714392.1439164,0.0,left_blink
298.581761598587,148.0,-1052.6771203279495,-649.0633772099391,-268.0816386737861,96.1565677607432,0.0,0.0,0.0,0.0,0.0,0.0,0.0,0.0,1750714392.2502005,0.0,left_blink
298.6822197437286,157.0,-743.1405605953187,-691.047494112514,-311.34106146125123,78.52293946966529,0.0,0.0,0.0,0.0,0.0,0.0,0.0,0.0,1750714392.3404915,0.0,left_blink
298.7831833362579,169.0,-650.1329885972664,-756.1853316407651,-362.42435495601967,20.326356259174645,0.0,0.0,0.0,0.0,0.0,0.0,0.0,0.0,1750714392.460304,0.0,left_blink
298.8839564323425,178.0,-533.0928194839507,-767.5733270058408,-345.49382785661146,-44.38887257408351,0.0,0.0,0.0,0.0,0.0,0.0,0.0,0.0,1750714392.5503411,0.0,left_blink
298.9844896793365,188.0,-468.45612854976207,-810.084769802168,-354.5630852491595,-52.96072327252477,0.0,0.0,0.0,0.0,0.0,0.0,0.0,0.0,1750714392.654349,0.0,left_blink
299.0855388641357,197.0,-337.5110114011913,-840.5387751413509,-350.69228879502043,-33.70771830063313,0.0,0.0,0.0,0.0,0.0,0.0,0.0,0.0,1750714392.7439945,0.0,left_blink
299.1857318878173,109.0,-910.9554814570585,-956.8272243635728,-449.0834467792884,-162.42011517565695,0.0,0.0,0.0,0.0,0.0,0.0,0.0,0.0,1750714392.8651404,0.0,left_blink
299.2864437103271,118.0,-791.6003142711706,-921.911518377252,-434.5614152513445,-146.34228526614606,0.0,0.0,0.0,0.0,0.0,0.0,0.0,0.0,1750714392.9552467,0.0,left_blink
299.3867888450622,128.0,-821.422276517842,-917.749009726569,-423.6184679809958,-141.9927816176787,0.0,0.0,0.0,0.0,0.0,0.0,0.0,0.0,1750714393.060223,0.0,left_blink
299.48729324340815,137.0,-1327.9075777670369,-676.7835156815127,-297.5090414751321,93.30676399450748,0.0,0.0,0.0,0.0,0.0,0.0,0.0,0.0,1750714393.149044,0.0,left_blink
299.58784270286554,149.0,-764.8731192378327,-706.9271093243733,-347.81443577911705,16.02921121008694,0.0,0.0,0.0,0.0,0.0,0.0,0.0,0.0,1750714393.268786,0.0,left_blink
299.68850612640375,158.0,-668.8848469750956,-684.19599739369,-303.2984066065401,50.59336660057306,0.0,0.0,0.0,0.0,0.0,0.0,0.0,0.0,1750714393.359123,0.0,left_blink
299.78921198844904,169.0,-649.2915111072361,-786.2840464841574,-358.49185015261173,-25.88010769337416,0.0,0.0,0.0,0.0,0.0,0.0,0.0,0.0,1750714393.465161,0.0,left_blink
299.8899374008178,178.0,-457.4084640806541,-791.0449391277507,-337.1145820058882,-9.173974591307342,0.0,0.0,0.0,0.0,0.0,0.0,0.0,0.0,1750714393.555308,0.0,left_blink
299.9904630184173,188.0,341.6174215525389,-971.4951119897888,-459.4504494564608,-191.8306884272024,0.0,0.0,0.0,0.0,0.0,0.0,0.0,0.0,1750714393.6589043,0.0,left_blink
300.09140777587885,199.0,86.60486327391118,-965.0699638659136,-459.2896337583661,-194.40747949667275,0.0,0.0,0.0,0.0,0.0,0.0,0.0,0.0,1750714393.765062,0.0,left_blink
300.19190812110895,109.0,-756.4676940874197,-942.0789288883096,-425.9166365037672,-166.821977423504,0.0,0.0,0.0,0.0,0.0,0.0,0.0,0.0,1750714393.8703032,0.0,left_blink
300.29252123832697,118.0,-1050.4500099043362,-922.1078631249256,-480.63137285551056,-128.60019987635314,0.0,0.0,0.0,0.0,0.0,0.0,0.0,0.0,1750714393.9601648,0.0,left_blink
300.39329004287714,128.0,-1021.0263470029458,-649.3793987561949,-319.96901065902784,124.32923412695528,0.0,0.0,0.0,0.0,0.0,0.0,0.0,0.0,1750714394.0640936,0.0,left_blink
300.4943976402282,137.0,-789.4966205460951,-671.9571747886948,-327.022461975459,63.18560975138098,0.0,0.0,0.0,0.0,0.0,0.0,0.0,0.0,1750714394.1541994,0.0,left_blink
300.5949895381927,149.0,-639.246139826253,-722.730056587141,-295.25201185187325,40.96686411462724,0.0,0.0,0.0,0.0,0.0,0.0,0.0,0.0,1750714394.2738187,0.0,left_blink
300.69542551040644,158.0,-641.7331732967868,-777.7701642350294,-366.80377780413255,8.396075400523841,0.0,0.0,0.0,0.0,0.0,0.0,0.0,0.0,1750714394.3642125,0.0,left_blink
300.7964639663696,169.0,206.89874534867704,-918.7307334649375,-435.0345125957392,-145.0707192812115,0.0,0.0,0.0,0.0,0.0,0.0,0.0,0.0,1750714394.4701607,0.0,left_blink
300.89727258682245,178.0,-20.348795658908784,-959.6041000806728,-470.3915267768316,-166.10765653196722,0.0,0.0,0.0,0.0,0.0,0.0,0.0,0.0,1750714394.560279,0.0,left_blink
300.99796581268305,188.0,25.81652939412743,-956.8515337132848,-452.7130196862854,-170.33000358194113,0.0,0.0,0.0,0.0,0.0,0.0,0.0,0.0,1750714394.6637125,0.0,left_blink
301.098301410675,199.0,107.3126893285662,-889.2902410137467,-425.4902879088186,-152.31864539533854,0.0,0.0,0.0,0.0,0.0,0.0,0.0,0.0,1750714394.7703493,0.0,left_blink
301.19909787178034,107.0,-1078.9854465662502,-603.4571672002785,-243.6283028135076,158.80737181846052,0.0,0.0,0.0,0.0,0.0,0.0,0.0,0.0,1750714394.858708,0.0,left_blink
301.2997598648071,118.0,-830.6822688081302,-678.9320882060565,-347.0926350876689,48.929111120291054,0.0,0.0,0.0,0.0,0.0,0.0,0.0,0.0,1750714394.9654372,0.0,left_blink
301.4001483917236,128.0,-664.7279481743462,-766.400868369732,-357.6615923624486,-5.370496336370707,0.0,0.0,0.0,0.0,0.0,0.0,0.0,0.0,1750714395.0686045,0.0,left_blink
301.5011036396026,139.0,-546.259137277957,-786.7683635284193,-358.9780371468514,-1.9671873766928911,0.0,0.0,0.0,0.0,0.0,0.0,0.0,0.0,1750714395.1753287,0.0,left_blink
301.60175538063044,148.0,-472.6915652495809,-817.5365204638802,-369.9471637168899,-48.83561362139881,0.0,0.0,0.0,0.0,0.0,0.0,0.0,0.0,1750714395.265124,0.0,left_blink
301.70242094993586,158.0,293.6438548709266,-972.6563509260304,-513.1367133203894,-237.89877608139068,0.0,0.0,0.0,0.0,0.0,0.0,0.0,0.0,1750714395.368601,0.0,left_blink
301.80297517776484,168.0,171.86523251375183,-955.8305410253816,-491.7968441732228,-214.34488616045564,0.0,0.0,0.0,0.0,0.0,0.0,0.0,0.0,1750714395.4742403,0.0,left_blink
301.90317440032953,179.0,36.88102341303602,-943.0587826767004,-459.45418935641646,-150.64691011514515,0.0,0.0,0.0,0.0,0.0,0.0,0.0,0.0,1750714395.5785525,0.0,left_blink
302.0037505626678,188.0,58.96139275142923,-978.6327110552228,-449.1208457788453,-200.8475872203708,0.0,0.0,0.0,0.0,0.0,0.0,0.0,0.0,1750714395.6685145,0.0,left_blink
302.1045131683349,198.0,23.447302772197872,-942.931626078207,-438.884739600122,-183.5094110257924,0.0,0.0,0.0,0.0,0.0,0.0,0.0,0.0,1750714395.774268,0.0,left_blink
302.2056274414062,109.0,-1207.9072778387929,-843.7476093033329,-451.1796607044525,-124.82664082106204,0.0,0.0,0.0,0.0,0.0,0.0,0.0,0.0,1750714395.8799517,0.0,left_blink
302.3065359592437,118.0,-1249.221952649299,-784.541253104806,-364.0287720370106,-62.205755962990224,0.0,0.0,0.0,0.0,0.0,0.0,0.0,0.0,1750714395.9700353,0.0,left_blink
302.4071948528289,128.0,-1318.499859428499,-760.7068706871942,-358.54607870196924,-43.81292798090726,0.0,0.0,0.0,0.0,0.0,0.0,0.0,0.0,1750714396.0737698,0.0,left_blink
302.50807476043695,139.0,-1359.0889936476017,-860.9623687993735,-412.9391836575232,-91.40689481701702,0.0,0.0,0.0,0.0,0.0,0.0,0.0,0.0,1750714396.180242,0.0,left_blink
302.608852148056,148.0,-1281.796481263358,-803.6558817783371,-360.4870867789723,-50.122139206156135,0.0,0.0,0.0,0.0,0.0,0.0,0.0,0.0,1750714396.2703023,0.0,left_blink
302.7097721099853,159.0,-1235.5189592116512,-898.6044618533924,-435.4533813907765,-119.70671778172256,0.0,0.0,0.0,0.0,0.0,0.0,0.0,0.0,1750714396.3893583,0.0,left_blink
302.8104090690612,169.0,-1146.9992671604268,-917.1618454335256,-460.7201454914175,-151.53326640464363,0.0,0.0,0.0,0.0,0.0,0.0,0.0,0.0,1750714396.4804509,0.0,left_blink
302.91090011596674,179.0,-1234.61764332233,-883.0726573374122,-450.9552667071112,-121.81976125668734,0.0,0.0,0.0,0.0,0.0,0.0,0.0,0.0,1750714396.583964,0.0,left_blink
303.0113804340362,188.0,-1336.754311112221,-780.3413454545662,-369.8031775685959,-18.96877257525921,0.0,0.0,0.0,0.0,0.0,0.0,0.0,0.0,1750714396.6767385,0.0,left_blink
303.1119055747985,0.0,-1909.168438730296,-688.6483482909389,-333.5579371480271,58.18162361066789,0.0,0.0,0.0,0.0,0.0,0.0,0.0,0.0,1750714396.795195,0.0,left_blink
303.2127392292022,108.0,-1777.1350106946193,-677.5184060228057,-346.2361979978159,64.15050393994898,0.0,0.0,0.0,0.0,0.0,0.0,0.0,0.0,1750714396.884205,0.0,left_blink
303.31335330009455,119.0,-1465.926715681795,-737.1585906161927,-325.9061018386856,-0.9162754891440272,0.0,0.0,0.0,0.0,0.0,0.0,0.0,0.0,1750714396.989002,0.0,left_blink
303.4144897460937,128.0,-1492.7829372636045,-798.313434691634,-388.9234160920605,-22.446879534050822,0.0,0.0,0.0,0.0,0.0,0.0,0.0,0.0,1750714397.07887,0.0,left_blink
303.51531457900995,140.0,-760.3945890408941,-996.0756044485606,-526.4357975628227,-215.07790655177087,0.0,0.0,0.0,0.0,0.0,0.0,0.0,0.0,1750714397.1991649,0.0,left_blink
303.6166746616363,149.0,-752.230387437623,-955.8417607252486,-440.2311035841704,-200.41001892555505,0.0,0.0,0.0,0.0,0.0,0.0,0.0,0.0,1750714397.2893207,0.0,left_blink
303.7185328006744,158.0,-925.795404481236,-946.2563971388154,-471.35829091537744,-163.13069616723806,0.0,0.0,0.0,0.0,0.0,0.0,0.0,0.0,1750714397.3790298,0.0,left_blink
303.81933450698847,169.0,-963.3963586357422,-879.8619532254525,-406.6804610816762,-124.29931492730977,0.0,0.0,0.0,0.0,0.0,0.0,0.0,0.0,1750714397.4851837,0.0,left_blink
303.9207754135131,179.0,-1058.2701407116838,-872.1390598169528,-400.54328525438905,-108.9395458092913,0.0,0.0,0.0,0.0,0.0,0.0,0.0,0.0,1750714397.5892308,0.0,left_blink
304.0218393802642,190.0,-1372.6835299865345,-818.9726420468651,-440.1637853849679,-80.407849047333,0.0,0.0,0.0,0.0,0.0,0.0,0.0,0.0,1750714397.6953363,0.0,left_blink
304.1227211952209,199.0,-1228.8077087411657,-493.1974367066287,-245.4533739918843,210.9191378010437,0.0,0.0,0.0,0.0,0.0,0.0,0.0,0.0,1750714397.785221,0.0,left_blink
304.22347998619074,109.0,-2001.055910691619,-594.1859552101232,-339.51185787748545,204.234066630248,0.0,0.0,0.0,0.0,0.0,0.0,0.0,0.0,1750714397.8901815,0.0,left_blink
304.32411146163935,118.0,-1872.825960910879,-680.3682097890414,-364.6589451795444,73.5731818783097,0.0,0.0,0.0,0.0,0.0,0.0,0.0,0.0,1750714397.9802735,0.0,left_blink
304.4251313209533,130.0,-1612.5326638948172,-725.9725498487242,-335.4278871258721,17.51208154251799,0.0,0.0,0.0,0.0,0.0,0.0,0.0,0.0,1750714398.1003745,0.0,left_blink
304.5258598327636,140.0,-901.8768743146212,-914.6841617128812,-456.7876406880096,-161.84978043241426,0.0,0.0,0.0,0.0,0.0,0.0,0.0,0.0,1750714398.2045815,0.0,left_blink
304.62711167335505,149.0,-1055.6204215930777,-900.4987211809494,-429.5723887104541,-122.10212370334192,0.0,0.0,0.0,0.0,0.0,0.0,0.0,0.0,1750714398.2941551,0.0,left_blink
304.7276344299316,160.0,-1001.728463231586,-907.0472860033624,-417.1970597570762,-135.5321044442244,0.0,0.0,0.0,0.0,0.0,0.0,0.0,0.0,1750714398.4003568,0.0,left_blink
304.82866692543024,169.0,-991.2754428554326,-934.1952197817154,-420.3909343192354,-126.60870314994828,0.0,0.0,0.0,0.0,0.0,0.0,0.0,0.0,1750714398.490178,0.0,left_blink
304.92913961410517,179.0,-1284.7753115780652,-827.054565851111,-399.253019769676,-57.38315497012809,0.0,0.0,0.0,0.0,0.0,0.0,0.0,0.0,1750714398.5939972,0.0,left_blink
305.02959132194513,190.0,-2397.212293297984,-603.7600990966894,-228.994074286893,154.67291241744533,0.0,0.0,0.0,0.0,0.0,0.0,0.0,0.0,1750714398.7004268,0.0,left_blink
305.13039946556086,199.0,-1865.0581887029111,-636.039175614249,-305.1758363842964,118.15652925008908,0.0,0.0,0.0,0.0,0.0,0.0,0.0,0.0,1750714398.7902052,0.0,left_blink
305.23082709312433,109.0,-1695.764137408696,-722.8011146862991,-376.55369698861614,17.84493263857439,0.0,0.0,0.0,0.0,0.0,0.0,0.0,0.0,1750714398.8967147,0.0,left_blink
305.33147001266474,119.0,-1596.0995434895158,-756.1647621910088,-389.2843164377846,-29.22170830378309,0.0,0.0,0.0,0.0,0.0,0.0,0.0,0.0,1750714398.9990294,0.0,left_blink
305.43765521049494,130.0,-1403.0459077768028,-782.2954431814142,-342.4458093927242,-17.11565214721486,0.0,0.0,0.0,0.0,0.0,0.0,0.0,0.0,1750714399.105746,0.0,left_blink
305.5380682945251,140.0,-1152.524969344959,-853.5704565369524,-379.1716269575991,-88.03911490691826,0.0,0.0,0.0,0.0,0.0,0.0,0.0,0.0,1750714399.2089293,0.0,left_blink
305.63870263099665,149.0,-598.6233465075493,-1070.0957043715753,-529.7586986734532,-307.76945700356737,0.0,0.0,0.0,0.0,0.0,0.0,0.0,0.0,1750714399.2989523,0.0,left_blink
305.73936605453486,160.0,-803.704500477761,-954.3084017434156,-443.3370904973708,-183.0325737814419,0.0,0.0,0.0,0.0,0.0,0.0,0.0,0.0,1750714399.4052565,0.0,left_blink
305.84075975418085,170.0,-956.8534036632628,-922.0816838252358,-405.55662114499137,-142.2751440643333,0.0,0.0,0.0,0.0,0.0,0.0,0.0,0.0,1750714399.508984,0.0,left_blink
305.9422552585601,181.0,-1038.1326494002717,-930.9527265201324,-414.01627484476194,-171.52864151773974,0.0,0.0,0.0,0.0,0.0,0.0,0.0,0.0,1750714399.6152756,0.0,left_blink
306.04350137710566,191.0,-1637.7882082955912,-733.8712185551412,-393.9330120827072,7.141338965389878,0.0,0.0,0.0,0.0,0.0,0.0,0.0,0.0,1750714399.7190614,0.0,left_blink
306.14429593086237,0.0,-1948.964714158792,-712.8997295536101,-334.68551698466763,61.472735571675,0.0,0.0,0.0,0.0,0.0,0.0,0.0,0.0,1750714399.8102777,0.0,left_blink
306.24495744705195,110.0,-1818.674079502467,-739.6923728361726,-349.8470714050345,40.26002302300185,0.0,0.0,0.0,0.0,0.0,0.0,0.0,0.0,1750714399.9140651,0.0,left_blink
306.34570527076716,121.0,-1560.3778890627436,-729.9200142519549,-329.9582834406756,40.069288125261664,0.0,0.0,0.0,0.0,0.0,0.0,0.0,0.0,1750714400.0205593,0.0,left_blink
306.44678282737726,130.0,-1496.5677160187624,-811.9995985794812,-408.56350070936605,-22.97046552784741,0.0,0.0,0.0,0.0,0.0,0.0,0.0,0.0,1750714400.110325,0.0,left_blink
306.54834556579584,140.0,-1041.8108410066925,-904.5359431831166,-495.6508110775612,-137.98360886517912,0.0,0.0,0.0,0.0,0.0,0.0,0.0,0.0,1750714400.2138,0.0,left_blink
306.6491565704345,149.0,-1000.6382823945024,-896.7831305749714,-412.6138123613782,-134.46436300687492,0.0,0.0,0.0,0.0,0.0,0.0,0.0,0.0,1750714400.3038924,0.0,left_blink
306.7499890327453,161.0,-904.9379824283532,-922.2593290731312,-414.8166134352796,-125.45868391357362,0.0,0.0,0.0,0.0,0.0,0.0,0.0,0.0,1750714400.4238946,0.0,left_blink
306.85083699226374,170.0,-1053.5503869676031,-954.7740192878993,-469.5837083864026,-174.49999203253537,0.0,0.0,0.0,0.0,0.0,0.0,0.0,0.0,1750714400.5137804,0.0,left_blink
306.9517345428466,181.0,-1517.124076125212,-558.5428386824206,-221.67322012363,182.13686774205416,0.0,0.0,0.0,0.0,0.0,0.0,0.0,0.0,1750714400.6199071,0.0,left_blink
307.0520741939544,191.0,-902.202245610766,-626.945608871989,-288.5762904309668,124.97249691933392,0.0,0.0,0.0,0.0,0.0,0.0,0.0,0.0,1750714400.723784,0.0,left_blink
307.15326571464533,101.0,-1612.6504707434217,-779.269864117261,-380.79287358839065,21.859715241007507,0.0,0.0,0.0,0.0,0.0,0.0,0.0,0.0,1750714400.829285,0.0,left_blink
307.25461935997004,110.0,-1479.5698707201518,-787.5387829192914,-362.55712140444666,-34.47065789159387,0.0,0.0,0.0,0.0,0.0,0.0,0.0,0.0,1750714400.9189088,0.0,left_blink
307.35541605949396,121.0,-1068.3790902919136,-897.1963895200752,-478.8343509268016,-128.74605597462505,0.0,0.0,0.0,0.0,0.0,0.0,0.0,0.0,1750714401.0252223,0.0,left_blink
307.4558188915252,130.0,-1020.9384593539872,-927.9234075560234,-407.1928273756057,-180.61098856013268,0.0,0.0,0.0,0.0,0.0,0.0,0.0,0.0,1750714401.1150603,0.0,left_blink
307.5568599700927,141.0,-1077.9233149788342,-923.8244772045872,-464.4506956972182,-147.05286625772715,0.0,0.0,0.0,0.0,0.0,0.0,0.0,0.0,1750714401.2348528,0.0,left_blink
307.6577007770538,152.0,-932.6282017002814,-904.2498408365065,-411.05988392978907,-136.68586358055472,0.0,0.0,0.0,0.0,0.0,0.0,0.0,0.0,1750714401.3391695,0.0,left_blink
307.7587041854858,161.0,-1015.88585451385,-926.7490789699368,-476.9943201486021,-164.43592125177383,0.0,0.0,0.0,0.0,0.0,0.0,0.0,0.0,1750714401.4287064,0.0,left_blink
307.85973310470575,170.0,-1232.134349751752,-786.88056052709,-448.85531288199127,-81.1483492385596,0.0,0.0,0.0,0.0,0.0,0.0,0.0,0.0,1750714401.5187647,0.0,left_blink
307.96048998832697,181.0,-1382.0183202759365,-782.2468244819902,-450.2914344649762,-32.754043811932206,0.0,0.0,0.0,0.0,0.0,0.0,0.0,0.0,1750714401.625376,0.0,left_blink
308.0615766048431,191.0,-1499.4212596849538,-774.2434385768138,-423.7157053798437,-7.562077710404992,0.0,0.0,0.0,0.0,0.0,0.0,0.0,0.0,1750714401.7292523,0.0,left_blink
308.1625158786773,101.0,-1394.7152806255035,-785.4893177435733,-423.3716345839202,-59.61026539374143,0.0,0.0,0.0,0.0,0.0,0.0,0.0,0.0,1750714401.8339913,0.0,left_blink
308.2630915641784,112.0,-1346.5341494963504,-812.5512338229455,-403.3108112215996,-50.08474020659924,0.0,0.0,0.0,0.0,0.0,0.0,0.0,0.0,1750714401.9403293,0.0,left_blink
308.36390066146845,121.0,-1285.2521488224156,-861.076435748022,-412.43242721352726,-102.00203139148653,0.0,0.0,0.0,0.0,0.0,0.0,0.0,0.0,1750714402.030077,0.0,left_blink
308.4642431735992,131.0,-1268.6021142196842,-879.517882429529,-413.5282179005444,-106.13088094256818,0.0,0.0,0.0,0.0,0.0,0.0,0.0,0.0,1750714402.1337297,0.0,left_blink
308.56517052650446,142.0,-1105.6958120497875,-915.7911720997654,-401.1940278466791,-124.81916102115063,0.0,0.0,0.0,0.0,0.0,0.0,0.0,0.0,1750714402.2403176,0.0,left_blink
308.6657938957214,152.0,-1096.0506100640632,-925.4849927849136,-419.2278254330158,-129.89420526102185,0.0,0.0,0.0,0.0,0.0,0.0,0.0,0.0,1750714402.344036,0.0,left_blink
308.76672005653376,160.0,-1227.092964611482,-791.2300641755573,-396.6762287002057,-39.04829543735832,0.0,0.0,0.0,0.0,0.0,0.0,0.0,0.0,1750714402.4202793,0.0,left_blink
308.867672920227,170.0,-1811.8712014830671,-646.2565822931938,-324.6644550533965,85.9279413819313,0.0,0.0,0.0,0.0,0.0,0.0,0.0,0.0,1750714402.523794,0.0,left_blink
308.96924948692316,182.0,-974.8236229503528,-643.8929655211978,-309.4094031341374,102.7126123830676,0.0,0.0,0.0,0.0,0.0,0.0,0.0,0.0,1750714402.644396,0.0,left_blink
309.06983089447016,191.0,-786.4972207816318,-702.1531270309351,-343.087202235125,23.77454401832074,0.0,0.0,0.0,0.0,0.0,0.0,0.0,0.0,1750714402.7336123,0.0,left_blink
309.170539855957,101.0,-1603.742029048968,-719.0930038802326,-301.7351284250617,35.177498983219266,0.0,0.0,0.0,0.0,0.0,0.0,0.0,0.0,1750714402.838606,0.0,left_blink
309.27084565162653,110.0,-741.5417533642612,-957.683661453426,-526.6751511599869,-207.4672101419419,0.0,0.0,0.0,0.0,0.0,0.0,0.0,0.0,1750714402.9286745,0.0,left_blink
309.3716347217559,122.0,-880.1461856220849,-967.5195983368905,-487.7727118209005,-212.9947822764516,0.0,0.0,0.0,0.0,0.0,0.0,0.0,0.0,1750714403.0486677,0.0,left_blink
309.4719867706298,131.0,-980.958928827662,-897.2132190698758,-387.1881025126204,-130.94137724861503,0.0,0.0,0.0,0.0,0.0,0.0,0.0,0.0,1750714403.1385868,0.0,left_blink
309.57251191139216,142.0,-1061.8417451693676,-975.5603832416236,-435.74322363734245,-190.76855683978647,0.0,0.0,0.0,0.0,0.0,0.0,0.0,0.0,1750714403.2450492,0.0,left_blink
309.67302942275995,151.0,-1093.9338266891427,-889.8568358570337,-376.9482564339414,-106.36649463977665,0.0,0.0,0.0,0.0,0.0,0.0,0.0,0.0,1750714403.336495,0.0,left_blink
309.7740485668182,163.0,-1170.1342882863246,-826.1476401118562,-412.8176369089633,-44.68058477062732,0.0,0.0,0.0,0.0,0.0,0.0,0.0,0.0,1750714403.4553108,0.0,left_blink
309.87462782859797,172.0,-2189.649715707172,-629.1371902460232,-284.1052400339395,130.51502865366638,0.0,0.0,0.0,0.0,0.0,0.0,0.0,0.0,1750714403.544982,0.0,left_blink
309.97523999214167,182.0,-1877.2708320082163,-650.0918496977538,-355.82530148420483,42.814374692738056,0.0,0.0,0.0,0.0,0.0,0.0,0.0,0.0,1750714403.648591,0.0,left_blink
310.07562398910517,191.0,-1619.9432756570168,-678.3093948634341,-320.2064943062141,36.76321656443179,0.0,0.0,0.0,0.0,0.0,0.0,0.0,0.0,1750714403.738577,0.0,left_blink
310.17595911025995,101.0,-1299.093518558424,-851.8257932076231,-415.0391374826431,-50.51295875152573,0.0,0.0,0.0,0.0,0.0,0.0,0.0,0.0,1750714403.843555,0.0,left_blink
310.27634549140924,112.0,-782.3515416807495,-901.7384980162606,-472.8205917980522,-160.90358574362472,0.0,0.0,0.0,0.0,0.0,0.0,0.0,0.0,1750714403.9500642,0.0,left_blink
310.3769857883453,121.0,-933.331302891951,-934.0138346338643,-484.3133043618873,-158.18093857588246,0.0,0.0,0.0,0.0,0.0,0.0,0.0,0.0,1750714404.040021,0.0,left_blink
310.47741103172297,131.0,-1000.5148656959644,-932.4804756520316,-463.5157207082957,-149.63900707708672,0.0,0.0,0.0,0.0,0.0,0.0,0.0,0.0,1750714404.1435256,0.0,left_blink
310.57792854309076,140.0,-1030.0002369466238,-925.4831228349358,-436.9586911229417,-172.2803614088334,0.0,0.0,0.0,0.0,0.0,0.0,0.0,0.0,1750714404.233539,0.0,left_blink
310.6784799098968,152.0,-1146.2064083698206,-888.0280247787014,-378.34323911741376,-107.87554427189752,0.0,0.0,0.0,0.0,0.0,0.0,0.0,0.0,1750714404.353674,0.0,left_blink
310.7788205146789,161.0,-1507.5892011881806,-774.4136040247977,-393.343977839686,-15.268141569104046,0.0,0.0,0.0,0.0,0.0,0.0,0.0,0.0,1750714404.44371,0.0,left_blink
310.8799974918365,172.0,-959.0375052373856,-593.2416304713115,-267.1597533347085,125.3371371650137,0.0,0.0,0.0,0.0,0.0,0.0,0.0,0.0,1750714404.549939,0.0,left_blink
310.9817175865173,181.0,-819.636474289,-689.5216149305925,-337.84012259729207,70.46906491508707,0.0,0.0,0.0,0.0,0.0,0.0,0.0,0.0,1750714404.6400323,0.0,left_blink
311.08238029479975,193.0,-387.8837239043787,-862.6228843796998,-423.40903358347714,-76.0938744484447,0.0,0.0,0.0,0.0,0.0,0.0,0.0,0.0,1750714404.760131,0.0,left_blink
311.1829359531402,101.0,-982.3670011609792,-921.8161509283818,-470.2475406285376,-129.41923796664923,0.0,0.0,0.0,0.0,0.0,0.0,0.0,0.0,1750714404.8486276,0.0,left_blink
311.28380537033075,112.0,-1021.9014835925772,-880.4191983188502,-446.11396621447057,-109.99793749675156,0.0,0.0,0.0,0.0,0.0,0.0,0.0,0.0,1750714404.9551947,0.0,left_blink
311.3847079277038,121.0,-1022.858897981234,-940.990618001204,-462.3002532226965,-166.16001513134688,0.0,0.0,0.0,0.0,0.0,0.0,0.0,0.0,1750714405.045138,0.0,left_blink
311.4858276844024,133.0,-1003.3515798123552,-928.159021253232,-407.20778697542846,-152.64027679152787,0.0,0.0,0.0,0.0,0.0,0.0,0.0,0.0,1750714405.1655486,0.0,left_blink
311.58675408363337,142.0,-1107.2422606814653,-898.9653621991165,-421.3558285078034,-89.82491713576019,0.0,0.0,0.0,0.0,0.0,0.0,0.0,0.0,1750714405.2553132,0.0,left_blink
311.68789339065546,152.0,-1259.94611577224,-850.7692714701407,-425.0209304643795,-49.48261631373316,0.0,0.0,0.0,0.0,0.0,0.0,0.0,0.0,1750714405.3589923,0.0,left_blink
311.7888529300689,161.0,-2218.95370180998,-661.1226846170612,-339.059329982847,81.09599063917994,0.0,0.0,0.0,0.0,0.0,0.0,0.0,0.0,1750714405.448958,0.0,left_blink
311.889419555664,173.0,-1837.64846192766,-663.3741043903865,-293.8401996186003,84.9293880937621,0.0,0.0,0.0,0.0,0.0,0.0,0.0,0.0,1750714405.5692422,0.0,left_blink
311.9901130199432,182.0,-1709.863560241647,-704.374627604615,-327.09539002459496,44.17569827660918,0.0,0.0,0.0,0.0,0.0,0.0,0.0,0.0,1750714405.6590002,0.0,left_blink
312.09054756164545,191.0,-1636.1276927152649,-767.8519495525397,-373.9114576699212,-14.970819522626698,0.0,0.0,0.0,0.0,0.0,0.0,0.0,0.0,1750714405.748726,0.0,left_blink
312.19100904464716,101.0,-1069.033572784159,-824.9976208754815,-383.7642241031863,-83.10244696540758,0.0,0.0,0.0,0.0,0.0,0.0,0.0,0.0,1750714405.8537445,0.0,left_blink
312.29187107086176,113.0,-828.0755585390143,-902.047039762605,-443.8868557908572,-160.66797204641625,0.0,0.0,0.0,0.0,0.0,0.0,0.0,0.0,1750714405.9741893,0.0,left_blink
312.39319515228266,122.0,-948.335781514179,-962.121052750852,-490.9160977336578,-197.15817591408268,0.0,0.0,0.0,0.0,0.0,0.0,0.0,0.0,1750714406.0637095,0.0,left_blink
312.49423074722284,133.0,-1045.3899252642875,-866.1103410883807,-412.9915422569029,-93.81352043850347,0.0,0.0,0.0,0.0,0.0,0.0,0.0,0.0,1750714406.170293,0.0,left_blink
312.5953388214111,142.0,-1168.8814218011685,-905.727101319004,-455.7872174498625,-131.1526815961115,0.0,0.0,0.0,0.0,0.0,0.0,0.0,0.0,1750714406.260383,0.0,left_blink
312.69595694541925,154.0,-1244.988385899458,-863.5335500189103,-420.67329676589,-105.2501345030032,0.0,0.0,0.0,0.0,0.0,0.0,0.0,0.0,1750714406.3800704,0.0,left_blink
312.79683518409723,163.0,-2260.1954485713504,-544.9950510929339,-250.30215428443623,177.49378194706514,0.0,0.0,0.0,0.0,0.0,0.0,0.0,0.0,1750714406.4703808,0.0,left_blink
312.8978221416473,173.0,-1756.7039372366853,-658.0784060531296,-319.2359902677126,87.87829920882359,0.0,0.0,0.0,0.0,0.0,0.0,0.0,0.0,1750714406.574016,0.0,left_blink
312.99855351448053,182.0,-1592.2418366852216,-786.4205528325401,-395.33547456609085,-35.13075023377314,0.0,0.0,0.0,0.0,0.0,0.0,0.0,0.0,1750714406.6667504,0.0,left_blink
313.0991377830505,191.0,-1304.7557270913385,-792.5315493601374,-354.7126812473871,-33.399176554288715,0.0,0.0,0.0,0.0,0.0,0.0,0.0,0.0,1750714406.7537963,0.0,left_blink
313.1999104022979,103.0,-1025.1645463039167,-957.82764760172,-472.7588834487833,-163.5271255625412,0.0,0.0,0.0,0.0,0.0,0.0,0.0,0.0,1750714406.875128,0.0,left_blink
313.300440788269,113.0,-1075.1221299120225,-943.088701876346,-455.3085102555342,-151.42854920588434,0.0,0.0,0.0,0.0,0.0,0.0,0.0,0.0,1750714406.9790154,0.0,left_blink
313.4022679328918,122.0,-1085.272218391765,-906.1422302140854,-406.00914903962985,-137.1757904747501,0.0,0.0,0.0,0.0,0.0,0.0,0.0,0.0,1750714407.0686662,0.0,left_blink
313.503024816513,131.0,-1188.4074394698257,-884.1665780744515,-400.96402399940416,-82.24787982553244,0.0,0.0,0.0,0.0,0.0,0.0,0.0,0.0,1750714407.1586783,0.0,left_blink
313.60355067253107,143.0,-1283.1054462478496,-892.3606988773681,-431.79949913406745,-99.2270256243646,0.0,0.0,0.0,0.0,0.0,0.0,0.0,0.0,1750714407.2790866,0.0,left_blink
313.7040498256683,152.0,-1273.8005751580931,-794.5062165367417,-374.3134969151579,-40.67141201812774,0.0,0.0,0.0,0.0,0.0,0.0,0.0,0.0,1750714407.368957,0.0,left_blink
313.8048887252807,163.0,44.3009849251248,-715.2876556753181,-337.587679350283,54.01163516007364,0.0,0.0,0.0,0.0,0.0,0.0,0.0,0.0,1750714407.4752824,0.0,left_blink
313.9058067798614,172.0,235.63426665822044,-687.7769516012631,-308.9101264900528,35.10644088406116,0.0,0.0,0.0,0.0,0.0,0.0,0.0,0.0,1750714407.565205,0.0,left_blink
314.0065522193908,184.0,427.1545433891006,-738.2244621035643,-315.88877980737016,17.581269691698253,0.0,0.0,0.0,0.0,0.0,0.0,0.0,0.0,1750714407.68551,0.0,left_blink
314.10697698593134,193.0,428.1493567773141,-815.7039694855921,-388.9552052416839,-37.52989605534822,0.0,0.0,0.0,0.0,0.0,0.0,0.0,0.0,1750714407.776544,0.0,left_blink
314.2079236507415,103.0,-599.9584907917306,-969.3241000655108,-499.0559899872169,-212.57591348141432,0.0,0.0,0.0,0.0,0.0,0.0,0.0,0.0,1750714407.8801908,0.0,left_blink
314.30829715728754,112.0,-864.9715415518731,-906.7555738068186,-446.338360211812,-156.3726969473064,0.0,0.0,0.0,0.0,0.0,0.0,0.0,0.0,1750714407.9700696,0.0,left_blink
314.4091460704803,124.0,-942.0471397386864,-969.2268626666628,-465.5913651837036,-183.98437832016495,0.0,0.0,0.0,0.0,0.0,0.0,0.0,0.0,1750714408.0904305,0.0,left_blink
314.5099186897277,133.0,-1046.2108333045617,-914.2017146185972,-426.88340064231306,-163.10077696759254,0.0,0.0,0.0,0.0,0.0,0.0,0.0,0.0,1750714408.1804674,0.0,left_blink
314.6108436584472,143.0,-1139.966385293752,-905.8355584177187,-412.8475561086088,-135.93040378950536,0.0,0.0,0.0,0.0,0.0,0.0,0.0,0.0,1750714408.2839568,0.0,left_blink
314.71165728569025,152.0,-1237.5740342373028,-831.6097639971413,-387.6294107073918,-64.11684484034777,0.0,0.0,0.0,0.0,0.0,0.0,0.0,0.0,1750714408.3740687,0.0,left_blink
314.8125493526458,164.0,-2095.888553868048,-609.5681637278758,-322.1250629834831,155.90520945284516,0.0,0.0,0.0,0.0,0.0,0.0,0.0,0.0,1750714408.4939897,0.0,left_blink
314.9129121303558,173.0,-1855.5887620151043,-658.8563052439131,-341.28457045648247,75.55719880480319,0.0,0.0,0.0,0.0,0.0,0.0,0.0,0.0,1750714408.584004,0.0,left_blink
315.01342988014216,184.0,-1523.1378352539614,-789.1207606005482,-395.83475121017545,8.141762203536928,0.0,0.0,0.0,0.0,0.0,0.0,0.0,0.0,1750714408.690465,0.0,left_blink
315.11418247222895,193.0,-997.7379899788648,-869.0499024535529,-465.68112278264016,-141.4018774246797,0.0,0.0,0.0,0.0,0.0,0.0,0.0,0.0,1750714408.7802286,0.0,left_blink
315.214672088623,103.0,-888.7666550199501,-888.0298947286792,-418.99969153571874,-154.29518252192065,0.0,0.0,0.0,0.0,0.0,0.0,0.0,0.0,1750714408.8853793,0.0,left_blink
315.31501317024225,113.0,-962.397805347573,-887.5025688349269,-412.9073945078999,-127.1509886435233,0.0,0.0,0.0,0.0,0.0,0.0,0.0,0.0,1750714408.9887488,0.0,left_blink
315.4154651165008,122.0,-1114.035788950976,-914.2054545185528,-466.3917037742213,-150.94797206157818,0.0,0.0,0.0,0.0,0.0,0.0,0.0,0.0,1750714409.0791898,0.0,left_blink
315.51596379280085,133.0,-1080.8254773444496,-874.8766665845178,-382.05321987345815,-102.2507347385399,0.0,0.0,0.0,0.0,0.0,0.0,0.0,0.0,1750714409.1851864,0.0,left_blink
315.6165926456451,142.0,-1350.7789359460585,-815.3411991898902,-465.5277868844569,-56.309803682845086,0.0,0.0,0.0,0.0,0.0,0.0,0.0,0.0,1750714409.2751677,0.0,left_blink
315.717384815216,154.0,-2003.8103470089843,-634.9994834265672,-315.9654477564618,100.86323185497896,0.0,0.0,0.0,0.0,0.0,0.0,0.0,0.0,1750714409.3954127,0.0,left_blink
315.8186721801757,163.0,-1749.1007206267675,-670.423815806862,-298.6646705614403,96.27811450930312,0.0,0.0,0.0,0.0,0.0,0.0,0.0,0.0,1750714409.4853723,0.0,left_blink
315.9193246364593,173.0,-1343.5796285313554,-774.5800295728259,-338.66290058754385,-13.86941898567602,0.0,0.0,0.0,0.0,0.0,0.0,0.0,0.0,1750714409.5886617,0.0,left_blink
316.01988577842707,182.0,-1014.36745513184,-935.623861564789,-491.3817152781412,-170.07008053502068,0.0,0.0,0.0,0.0,0.0,0.0,0.0,0.0,1750714409.679047,0.0,left_blink
316.12085771560663,194.0,-1044.8476397707127,-940.9868781012484,-441.5438084686175,-179.4048708244227,0.0,0.0,0.0,0.0,0.0,0.0,0.0,0.0,1750714409.798663,0.0,left_blink
316.2213857173919,103.0,-1074.7799290660769,-949.796212446876,-428.487817723304,-151.15553650911897,0.0,0.0,0.0,0.0,0.0,0.0,0.0,0.0,1750714409.89078,0.0,left_blink
316.32238650321955,113.0,-1112.8708101147786,-968.5331112248824,-420.5068712178618,-163.63932256121188,0.0,0.0,0.0,0.0,0.0,0.0,0.0,0.0,1750714409.9964817,0.0,left_blink
316.4229624271392,122.0,-1152.883999740705,-894.7074860995635,-393.72170773521066,-142.628564610146,0.0,0.0,0.0,0.0,0.0,0.0,0.0,0.0,1750714410.084115,0.0,left_blink
316.523847579956,134.0,-1225.4343189811334,-847.8577593546361,-357.0258093699813,-60.50784138310701,0.0,0.0,0.0,0.0,0.0,0.0,0.0,0.0,1750714410.2041304,0.0,left_blink
316.6247599124908,143.0,-1584.8873234223574,-815.6721803359687,-393.2766596404836,36.10499417223036,0.0,0.0,0.0,0.0,0.0,0.0,0.0,0.0,1750714410.2941551,0.0,left_blink
316.7253022193908,152.0,-2251.42351322528,-521.1887179249898,-267.8591146264225,283.9406844358891,0.0,0.0,0.0,0.0,0.0,0.0,0.0,0.0,1750714410.3839123,0.0,left_blink
316.825689792633,163.0,-1877.5718939546496,-659.2583444891497,-375.0035084569827,165.95058073382825,0.0,0.0,0.0,0.0,0.0,0.0,0.0,0.0,1750714410.4902775,0.0,left_blink
316.92642450332636,173.0,-1753.235180027783,-774.4846621239558,-323.452727467753,-10.628795674070716,0.0,0.0,0.0,0.0,0.0,0.0,0.0,0.0,1750714410.594118,0.0,left_blink
317.02752971649164,184.0,-662.6279943492264,-929.3202601894736,-458.205062771216,-237.038599091582,0.0,0.0,0.0,0.0,0.0,0.0,0.0,0.0,1750714410.700677,0.0,left_blink
317.12875652313227,193.0,-825.3360818214715,-978.1446541110054,-492.8851550603285,-232.31136554759,0.0,0.0,0.0,0.0,0.0,0.0,0.0,0.0,1750714410.790337,0.0,left_blink
317.22894549369806,103.0,-976.7646310273558,-957.659352103714,-438.8230312508531,-194.3008923479356,0.0,0.0,0.0,0.0,0.0,0.0,0.0,0.0,1750714410.8954906,0.0,left_blink
317.3297843933105,113.0,-1073.1792518850416,-915.7088943007402,-422.9209766392596,-179.65170422149822,0.0,0.0,0.0,0.0,0.0,0.0,0.0,0.0,1750714410.9987388,0.0,left_blink
317.430750131607,124.0,-1157.0053694918752,-892.3644387773238,-422.446009344887,-115.15712948562576,0.0,0.0,0.0,0.0,0.0,0.0,0.0,0.0,1750714411.1068892,0.0,left_blink
317.5312371253967,133.0,-1236.1566121540964,-876.0023764711805,-427.9735814793967,-109.82029224885628,0.0,0.0,0.0,0.0,0.0,0.0,0.0,0.0,1750714411.195346,0.0,left_blink
317.6321592330932,143.0,-1267.4745343830436,-842.6649082661606,-426.4888411969878,-103.72799522103742,0.0,0.0,0.0,0.0,0.0,0.0,0.0,0.0,1750714411.2987816,0.0,left_blink
317.73290228843683,152.0,-1088.178120657336,-548.5703954505734,-279.3723966400139,180.46700241183865,0.0,0.0,0.0,0.0,0.0,0.0,0.0,0.0,1750714411.3890674,0.0,left_blink
317.8331408500671,164.0,-866.0804218887351,-610.349802818615,-365.0871637244709,78.34903412172571,0.0,0.0,0.0,0.0,0.0,0.0,0.0,0.0,1750714411.509219,0.0,left_blink
317.93377852439875,173.0,-684.1829077438451,-709.4908107439987,-370.4240009612404,-17.355005744379014,0.0,0.0,0.0,0.0,0.0,0.0,0.0,0.0,1750714411.5990713,0.0,left_blink
318.03411698341364,184.0,-394.5762748750858,-793.6722188466229,-396.8463941481896,-47.902508582454175,0.0,0.0,0.0,0.0,0.0,0.0,0.0,0.0,1750714411.7054007,0.0,left_blink
318.13518762588495,193.0,304.7887567388825,-954.7422301382758,-526.5423847115599,-251.51762177003548,0.0,0.0,0.0,0.0,0.0,0.0,0.0,0.0,1750714411.7953527,0.0,left_blink
318.23595714569086,104.0,-944.0330266151576,-954.5664548403583,-496.1893566711806,-192.48143101949245,0.0,0.0,0.0,0.0,0.0,0.0,0.0,0.0,1750714411.91484,0.0,left_blink
318.3369853496551,113.0,-988.0366894938052,-885.9018916538917,-404.4496107581072,-128.14393208175898,0.0,0.0,0.0,0.0,0.0,0.0,0.0,0.0,1750714412.0043187,0.0,left_blink
318.43784785270685,124.0,-1113.817004803568,-929.1426149415784,-451.2394991037436,-171.59034986700863,0.0,0.0,0.0,0.0,0.0,0.0,0.0,0.0,1750714412.1103923,0.0,left_blink
318.5383930206298,131.0,-1140.2094787908718,-900.7268550782464,-392.3323349016719,-133.19653692189604,0.0,0.0,0.0,0.0,0.0,0.0,0.0,0.0,1750714412.1840448,0.0,left_blink
318.6394832134246,143.0,-1230.8459542170167,-828.2326343371533,-370.9662864548154,-53.04300107154995,0.0,0.0,0.0,0.0,0.0,0.0,0.0,0.0,1750714412.304116,0.0,left_blink
318.73996615409845,154.0,-1255.807916471269,-565.2391295530833,-318.89565937174484,165.22130024246871,0.0,0.0,0.0,0.0,0.0,0.0,0.0,0.0,1750714412.410728,0.0,left_blink
318.84129953384394,164.0,-930.6759739234112,-633.9560513389297,-362.7871252517216,62.75926115643233,0.0,0.0,0.0,0.0,0.0,0.0,0.0,0.0,1750714412.514243,0.0,left_blink
318.94238138198847,173.0,-632.7031848537736,-682.761745760683,-322.59068052796647,42.21225079987198,0.0,0.0,0.0,0.0,0.0,0.0,0.0,0.0,1750714412.6040502,0.0,left_blink
319.0429601669311,185.0,-107.00414758222178,-861.3756277444772,-421.7616076529957,-82.40121572371572,0.0,0.0,0.0,0.0,0.0,0.0,0.0,0.0,1750714412.7239635,0.0,left_blink
319.1434741020202,194.0,37.16899570962414,-958.9982362878508,-507.21084184059873,-206.03108855895695,0.0,0.0,0.0,0.0,0.0,0.0,0.0,0.0,1750714412.8140533,0.0,left_blink
319.24444532394403,104.0,-988.390110039618,-894.6252083005384,-411.4488335251808,-146.0524430195801,0.0,0.0,0.0,0.0,0.0,0.0,0.0,0.0,1750714412.9187703,0.0,left_blink
319.3450236320495,113.0,-1042.2858083010651,-916.555981640704,-461.12592463660985,-127.56611753860489,0.0,0.0,0.0,0.0,0.0,0.0,0.0,0.0,1750714413.0089087,0.0,left_blink
319.4458723068237,124.0,-1070.8287247628905,-872.1820686664432,-401.3660632446408,-108.06253926968202,0.0,0.0,0.0,0.0,0.0,0.0,0.0,0.0,1750714413.115379,0.0,left_blink
319.54660010337824,134.0,-1140.4694018377922,-859.1672168206424,-391.9153360566124,-100.81461315555498,0.0,0.0,0.0,0.0,0.0,0.0,0.0,0.0,1750714413.2190027,0.0,left_blink
319.64754533767695,145.0,-1263.792602876667,-876.5577516146004,-459.858098551631,-103.56343962298706,0.0,0.0,0.0,0.0,0.0,0.0,0.0,0.0,1750714413.32672,0.0,left_blink
319.74803328514093,154.0,-2197.342689916026,-566.0862168930471,-239.43213506322357,165.32788739120588,0.0,0.0,0.0,0.0,0.0,0.0,0.0,0.0,1750714413.4155805,0.0,left_blink
319.848865032196,164.0,-1842.2130098235796,-625.1915957927704,-287.96855668816715,91.08339347084984,0.0,0.0,0.0,0.0,0.0,0.0,0.0,0.0,1750714413.5189464,0.0,left_blink
319.94928932189936,173.0,-1290.1065389649011,-781.0743658458814,-416.37054186686873,-36.35369751928374,0.0,0.0,0.0,0.0,0.0,0.0,0.0,0.0,1750714413.60879,0.0,left_blink
320.050214767456,185.0,-1048.882991822902,-948.842537958175,-479.0811843238771,-171.39026521937922,0.0,0.0,0.0,0.0,0.0,0.0,0.0,0.0,1750714413.7292309,0.0,left_blink
320.1510174274444,194.0,-1047.6039460380562,-899.176666546613,-384.3382987463847,-128.8077643238939,0.0,0.0,0.0,0.0,0.0,0.0,0.0,0.0,1750714413.8192337,0.0,left_blink
320.2521967887878,104.0,-1152.1565891993232,-884.8135807667859,-398.4190220795572,-89.52946503926069,0.0,0.0,0.0,0.0,0.0,0.0,0.0,0.0,1750714413.9240637,0.0,left_blink
320.35336279869074,113.0,-1210.1512178122066,-906.5872783088124,-427.8744741305709,-138.8026469554752,0.0,0.0,0.0,0.0,0.0,0.0,0.0,0.0,1750714414.0139413,0.0,left_blink
320.4541177749633,125.0,-1226.258966921363,-872.8272014087997,-389.8060324816033,-101.96089249197394,0.0,0.0,0.0,0.0,0.0,0.0,0.0,0.0,1750714414.1348147,0.0,left_blink
320.55517578124994,134.0,-1272.2410368765704,-861.2709105457179,-388.7700801938772,-45.90353205613792,0.0,0.0,0.0,0.0,0.0,0.0,0.0,0.0,1750714414.2246337,0.0,left_blink
320.65597391128534,145.0,-1170.960806176532,-871.6229536230676,-344.96463201288134,-143.61589819844812,0.0,0.0,0.0,0.0,0.0,0.0,0.0,0.0,1750714414.330237,0.0,left_blink
320.7564659118652,152.0,-1321.7460925900375,-768.4690330452286,-345.10300831124187,-44.893759068101645,0.0,0.0,0.0,0.0,0.0,0.0,0.0,0.0,1750714414.4037888,0.0,left_blink
320.85732245445246,166.0,-1898.393786957953,-617.0778828389011,-329.518845195882,48.59626002423465,0.0,0.0,0.0,0.0,0.0,0.0,0.0,0.0,1750714414.5410068,0.0,left_blink
320.9585111141204,175.0,-1739.32836204255,-643.2609224286862,-327.63767551817,15.890834911726415,0.0,0.0,0.0,0.0,0.0,0.0,0.0,0.0,1750714414.630693,0.0,left_blink
321.0590777397155,185.0,-1557.8983353921212,-723.7323497752659,-343.2330583333969,-25.173266601748765,0.0,0.0,0.0,0.0,0.0,0.0,0.0,0.0,1750714414.734098,0.0,left_blink
321.15992784500116,194.0,-1051.272787894588,-864.8125958037563,-436.098514133133,-97.30471704714,0.0,0.0,0.0,0.0,0.0,0.0,0.0,0.0,1750714414.8240154,0.0,left_blink
321.26063370704645,104.0,-877.8349274494685,-974.0270242597908,-519.5038929949515,-215.04424745216969,0.0,0.0,0.0,0.0,0.0,0.0,0.0,0.0,1750714414.9288108,0.0,left_blink
321.3614542484283,115.0,-961.735843055416,-899.4048004439101,-433.4113960149698,-114.07816834840924,0.0,0.0,0.0,0.0,0.0,0.0,0.0,0.0,1750714415.035781,0.0,left_blink
321.46216702461237,125.0,-1066.5502792135812,-880.8249774640426,-421.9972213502042,-83.94953430537134,0.0,0.0,0.0,0.0,0.0,0.0,0.0,0.0,1750714415.1386657,0.0,left_blink
321.56346964836115,134.0,-1089.8573357374407,-940.640937355347,-476.1173136089928,-153.74728717841208,0.0,0.0,0.0,0.0,0.0,0.0,0.0,0.0,1750714415.2291253,0.0,left_blink
321.6639351844787,145.0,-1175.9760120171122,-833.518982924521,-402.23558998433873,-55.55995374172926,0.0,0.0,0.0,0.0,0.0,0.0,0.0,0.0,1750714415.3355725,0.0,left_blink
321.76455831527704,155.0,-1765.0513939377852,-689.1326653352007,-305.9743050248362,63.783993744291365,0.0,0.0,0.0,0.0,0.0,0.0,0.0,0.0,1750714415.4389143,0.0,left_blink
321.8654012680053,166.0,-1871.2533329795117,-666.106101308018,-318.6563057745807,44.89749896805733,0.0,0.0,0.0,0.0,0.0,0.0,0.0,0.0,1750714415.5453825,0.0,left_blink
321.9667332172393,175.0,-1496.0590896247886,-729.6058626556769,-350.20610180078074,-6.234413226135075,0.0,0.0,0.0,0.0,0.0,0.0,0.0,0.0,1750714415.635238,0.0,left_blink
322.06736779212946,185.0,-1269.869940304663,-816.5211376259103,-390.7690567201935,-45.260269263759255,0.0,0.0,0.0,0.0,0.0,0.0,0.0,0.0,1750714415.7390904,0.0,left_blink
322.1691577434539,196.0,-966.436897299718,-927.0464010164142,-463.0575829637237,-177.43207359779626,0.0,0.0,0.0,0.0,0.0,0.0,0.0,0.0,1750714415.8450313,0.0,left_blink
322.26984500885004,106.0,-1076.1749117495492,-833.6237001232803,-429.791172857862,-64.47774518607184,0.0,0.0,0.0,0.0,0.0,0.0,0.0,0.0,1750714415.950492,0.0,left_blink
322.3707726001739,115.0,-1192.8822297668085,-896.7008527759463,-492.9842624091543,-86.32998062716797,0.0,0.0,0.0,0.0,0.0,0.0,0.0,0.0,1750714416.0401733,0.0,left_blink
322.47136020660395,125.0,-1283.4925258932635,-888.1065626777709,-466.9246395179071,-74.67271246528253,0.0,0.0,0.0,0.0,0.0,0.0,0.0,0.0,1750714416.144004,0.0,left_blink
322.57191634178156,134.0,-1299.551656302996,-812.2987905759364,-392.0593222049065,-42.48713344661519,0.0,0.0,0.0,0.0,0.0,0.0,0.0,0.0,1750714416.2339275,0.0,left_blink
322.6729710102081,146.0,-1024.113634416368,-565.906701695174,-271.821538629476,162.79223522124812,0.0,0.0,0.0,0.0,0.0,0.0,0.0,0.0,1750714416.354317,0.0,left_blink
322.77406620979303,155.0,-911.2097946540453,-677.153765777126,-356.46669432660565,44.4468410233967,0.0,0.0,0.0,0.0,0.0,0.0,0.0,0.0,1750714416.4443965,0.0,left_blink
322.8748407363891,166.0,-649.727209452074,-695.3932578610256,-322.0932738338597,30.84482488455251,0.0,0.0,0.0,0.0,0.0,0.0,0.0,0.0,1750714416.5505073,0.0,left_blink
322.9751713275909,173.0,-604.4893795880489,-750.6315802065656,-359.35015719244257,4.358853398356587,0.0,0.0,0.0,0.0,0.0,0.0,0.0,0.0,1750714416.6241195,0.0,left_blink
323.075835943222,185.0,-220.77190423430875,-916.04735524673,-454.2351589682512,-118.33978434791788,0.0,0.0,0.0,0.0,0.0,0.0,0.0,0.0,1750714416.7440088,0.0,left_blink
323.17636418342585,196.0,202.47631365107367,-955.5406987788156,-433.4749743142165,-152.45141184376553,0.0,0.0,0.0,0.0,0.0,0.0,0.0,0.0,1750714416.850283,0.0,left_blink
323.27686119079584,106.0,-1029.1868087062612,-944.5061239595524,-465.8120192810893,-120.54258542181924,0.0,0.0,0.0,0.0,0.0,0.0,0.0,0.0,1750714416.9551144,0.0,left_blink
323.37765693664545,115.0,-1154.2902021240443,-893.4303102646954,-420.95191931258887,-105.93827609485017,0.0,0.0,0.0,0.0,0.0,0.0,0.0,0.0,1750714417.0452192,0.0,left_blink
323.47838902473444,125.0,-1273.548131911084,-823.9953276873566,-384.2111421478912,-60.02352433884517,0.0,0.0,0.0,0.0,0.0,0.0,0.0,0.0,1750714417.148752,0.0,left_blink
323.57898187637323,134.0,-1126.4971356033348,-582.3342122505419,-230.0711654741317,175.41439757170156,0.0,0.0,0.0,0.0,0.0,0.0,0.0,0.0,1750714417.2387192,0.0,left_blink
323.67935323715204,146.0,-929.4492867379448,-690.3013840713538,-325.3077178457752,65.70069247158244,0.0,0.0,0.0,0.0,0.0,0.0,0.0,0.0,1750714417.358744,0.0,left_blink
323.7799034118652,155.0,-752.4884405345656,-701.3490485404618,-317.869056833908,16.434990355279297,0.0,0.0,0.0,0.0,0.0,0.0,0.0,0.0,1750714417.4486787,0.0,left_blink
323.8804950714111,164.0,-583.9161899317987,-723.9941427721642,-331.2691183751449,24.045686765108258,0.0,0.0,0.0,0.0,0.0,0.0,0.0,0.0,1750714417.5388093,0.0,left_blink
323.98093056678766,176.0,-534.3999145184644,-808.3812453723513,-388.0146204028279,-31.34597147861496,0.0,0.0,0.0,0.0,0.0,0.0,0.0,0.0,1750714417.658627,0.0,left_blink
324.081540107727,184.0,-189.68959570256996,-850.4625996737741,-387.0459863143042,-65.30426307627931,0.0,0.0,0.0,0.0,0.0,0.0,0.0,0.0,1750714417.7352548,0.0,left_blink
324.18216419219965,196.0,257.9465097938664,-998.1475090240128,-533.4219306800514,-213.1200689249672,0.0,0.0,0.0,0.0,0.0,0.0,0.0,0.0,1750714417.8553405,0.0,left_blink
324.2825741767883,104.0,-945.2279246510006,-957.2330035087653,-504.577952271793,-174.2737280852161,0.0,0.0,0.0,0.0,0.0,0.0,0.0,0.0,1750714417.9437485,0.0,left_blink
324.3831996917724,116.0,-1108.8186285127886,-920.1406757482328,-448.7898646327667,-130.6702345018275,0.0,0.0,0.0,0.0,0.0,0.0,0.0,0.0,1750714418.0637288,0.0,left_blink
324.4835450649261,125.0,-1158.3610832258128,-837.1410760316066,-385.7912498791702,-60.26287793600932,0.0,0.0,0.0,0.0,0.0,0.0,0.0,0.0,1750714418.1538043,0.0,left_blink
324.5842368602752,136.0,-357.72704061167315,-546.8051626714878,-265.9274562993087,163.78704860946164,0.0,0.0,0.0,0.0,0.0,0.0,0.0,0.0,1750714418.260145,0.0,left_blink
324.68503785133356,145.0,181.487995099742,-626.1471402314492,-292.06935698958114,85.01727574272081,0.0,0.0,0.0,0.0,0.0,0.0,0.0,0.0,1750714418.350356,0.0,left_blink
324.7855641841888,155.0,304.18289294606075,-682.1035233684815,-304.80745623866096,33.60113115189597,0.0,0.0,0.0,0.0,0.0,0.0,0.0,0.0,1750714418.4536653,0.0,left_blink
324.8863608837127,165.0,425.3780909101479,-737.0837926170789,-314.26566322660074,9.85650633322075,0.0,0.0,0.0,0.0,0.0,0.0,0.0,0.0,1750714418.5595045,0.0,left_blink
324.9869198799133,176.0,1451.9095706478693,-1018.9114335780032,-562.4342045863159,-288.21352013526484,0.0,0.0,0.0,0.0,0.0,0.0,0.0,0.0,1750714418.6639109,0.0,left_blink
325.08755993843073,185.0,1228.4131492958404,-932.8376360978,-460.85478188982233,-177.2170293503441,0.0,0.0,0.0,0.0,0.0,0.0,0.0,0.0,1750714418.7537,0.0,left_blink
325.18833160400385,195.0,893.5051082638092,-841.3783826814033,-288.61368943052366,-99.61036536982284,0.0,0.0,0.0,0.0,0.0,0.0,0.0,0.0,1750714418.8591857,0.0,left_blink
325.28905320167536,104.0,-1432.4695706781931,-919.160821959842,-153.4611848318018,277.31545166438445,0.0,0.0,0.0,0.0,0.0,0.0,0.0,0.0,1750714418.9487343,0.0,left_blink
325.3895909786224,116.0,-1189.039482562337,-883.1942040859722,-180.13041141582653,-125.8233241592534,0.0,0.0,0.0,0.0,0.0,0.0,0.0,0.0,1750714419.0688915,0.0,left_blink
325.4899220466613,125.0,-1163.641821963247,-959.7910950784571,-341.3014000062831,-201.9676872570999,0.0,0.0,0.0,0.0,0.0,0.0,0.0,0.0,1750714419.1589372,0.0,left_blink
325.5907247066497,136.0,-1162.411394877825,-824.642330379691,-331.64497832069173,-120.00777972815558,0.0,0.0,0.0,0.0,0.0,0.0,0.0,0.0,1750714419.26555,0.0,left_blink
325.6914455890655,145.0,-1303.43554240698,-813.1309183160774,-451.2843779032119,-99.66272396920247,0.0,0.0,0.0,0.0,0.0,0.0,0.0,0.0,1750714419.3552115,0.0,left_blink
325.79216098785395,156.0,-1372.5077546886168,-707.5348430671729,-403.4847165695392,17.624278541188687,0.0,0.0,0.0,0.0,0.0,0.0,0.0,0.0,1750714419.474986,0.0,left_blink
325.8931694030761,166.0,-1472.7632528007962,-784.2962896577083,-272.0010538273491,150.19251227052882,0.0,0.0,0.0,0.0,0.0,0.0,0.0,0.0,1750714419.5653298,0.0,right_blink
325.99362707138056,175.0,-1554.7942184288986,-935.9380131610668,-225.40938017936423,328.1107728625648,0.0,0.0,0.0,0.0,0.0,0.0,0.0,0.0,1750714419.6552567,0.0,right_blink
326.09412741661066,185.0,-1410.3069235407747,-972.5366741274484,-156.22497089905664,85.0958136417903,0.0,0.0,0.0,0.0,0.0,0.0,0.0,0.0,1750714419.758799,0.0,right_blink
326.19469070434565,196.0,-1293.6706636226736,-866.117820888292,-124.742493072059,-98.6940898806788,0.0,0.0,0.0,0.0,0.0,0.0,0.0,0.0,1750714419.8651116,0.0,right_blink
326.2953205108642,104.0,-1282.0133954607882,-849.6005527339876,-196.3802767232992,-188.84998816251755,0.0,0.0,0.0,0.0,0.0,0.0,0.0,0.0,1750714419.9537652,0.0,right_blink
326.39590692520136,115.0,-1329.0575970034115,-858.5725727276877,-286.8260172517039,-211.4202843951061,0.0,0.0,0.0,0.0,0.0,0.0,0.0,0.0,1750714420.060512,0.0,right_blink
326.4965138435363,125.0,-1203.019228596706,-872.5261394623667,-353.2204611650668,-247.3046244699508,0.0,0.0,0.0,0.0,0.0,0.0,0.0,0.0,1750714420.1639445,0.0,right_blink
326.597165107727,136.0,-1217.623537923675,-825.5492561189458,-414.30798704130575,-177.0842629019171,0.0,0.0,0.0,0.0,0.0,0.0,0.0,0.0,1750714420.270074,0.0,right_blink
326.69767189025873,146.0,-1229.9165890780278,-833.3469475265592,-466.4571520234458,-110.51778359059244,0.0,0.0,0.0,0.0,0.0,0.0,0.0,0.0,1750714420.3743584,0.0,right_blink
326.7985513210296,155.0,-1342.1883857478388,-824.2215916346759,-390.8363749193959,-67.45283560082316,0.0,0.0,0.0,0.0,0.0,0.0,0.0,0.0,1750714420.463904,0.0,right_blink
326.8993301391601,166.0,-1501.2238914635964,-900.1303410353139,-324.1315193097107,212.38517858367413,0.0,0.0,0.0,0.0,0.0,0.0,0.0,0.0,1750714420.5702584,0.0,right_blink
326.99946928024286,175.0,-1486.3390896399503,-898.2155122580007,-316.4198456010781,190.7947361394763,0.0,0.0,0.0,0.0,0.0,0.0,0.0,0.0,1750714420.6600895,0.0,right_blink
327.10009527206415,187.0,-1341.8667543516494,-848.4411837477237,-304.2464712453075,-27.8285955702886,0.0,0.0,0.0,0.0,0.0,0.0,0.0,0.0,1750714420.7801554,0.0,right_blink
327.20037102699274,196.0,-1308.3722103484906,-852.4279171004891,-349.3085258114152,-152.46824139356613,0.0,0.0,0.0,0.0,0.0,0.0,0.0,0.0,1750714420.8701668,0.0,right_blink
327.3010370731353,106.0,-1293.3939110259523,-851.947339956183,-409.734089395497,-192.43094237009063,0.0,0.0,0.0,0.0,0.0,0.0,0.0,0.0,1750714420.975361,0.0,right_blink
327.401626586914,115.0,-1221.711248575244,-784.3449083571322,-385.2078254860826,-136.77001132955775,0.0,0.0,0.0,0.0,0.0,0.0,0.0,0.0,1750714421.065261,0.0,right_blink
327.50224399566645,126.0,-1275.0010830438696,-842.1338424724527,-474.7559900251217,-162.67255842266604,0.0,0.0,0.0,0.0,0.0,0.0,0.0,0.0,1750714421.1848576,0.0,right_blink
327.6029307842254,136.0,-1263.4223527810536,-837.7357201245613,-482.3292874353938,-145.9439859208651,0.0,0.0,0.0,0.0,0.0,0.0,0.0,0.0,1750714421.2753177,0.0,right_blink
327.7035324573516,146.0,-1299.5535262529738,-827.4322957466356,-493.1076791076921,-121.4850402106531,0.0,0.0,0.0,0.0,0.0,0.0,0.0,0.0,1750714421.3788898,0.0,right_blink
327.80495762825007,155.0,-1318.0622911336832,-730.5651469943114,-456.61747524002567,26.996467830147598,0.0,0.0,0.0,0.0,0.0,0.0,0.0,0.0,1750714421.4688675,0.0,right_blink
327.90588498115534,166.0,-1635.8902090680783,-842.3881556694396,-370.9326273552142,353.5944511606358,0.0,0.0,0.0,0.0,0.0,0.0,0.0,0.0,1750714421.5752723,0.0,right_blink
328.00665116310114,176.0,-1574.29031689791,-898.6998293022625,-322.08579403394833,219.83318934543055,0.0,0.0,0.0,0.0,0.0,0.0,0.0,0.0,1750714421.6795356,0.0,right_blink
328.1086122989654,187.0,-1426.4857307490893,-862.0001910370775,-270.50509384507313,20.137491311412305,0.0,0.0,0.0,0.0,0.0,0.0,0.0,0.0,1750714421.7853944,0.0,right_blink
328.20954895019526,196.0,-1407.2177661773749,-887.3978516361676,-319.1424927688204,-175.81456686696038,0.0,0.0,0.0,0.0,0.0,0.0,0.0,0.0,1750714421.8756475,0.0,right_blink
328.3104274272918,106.0,-1289.5100249219686,-802.1917109456845,-317.1304265926592,-173.75388199137524,0.0,0.0,0.0,0.0,0.0,0.0,0.0,0.0,1750714421.9805934,0.0,right_blink
328.41162991523737,116.0,-1303.6655462542549,-787.0151969254948,-362.54403175460175,-116.94106176448986,0.0,0.0,0.0,0.0,0.0,0.0,0.0,0.0,1750714422.0842457,0.0,right_blink
328.512528181076,125.0,-1305.1764658363536,-812.3604989252053,-441.0819308240898,-135.1917735482566,0.0,0.0,0.0,0.0,0.0,0.0,0.0,0.0,1750714422.174559,0.0,right_blink
328.61326956748957,136.0,-1277.3665697658437,-791.282422774937,-411.45070347515866,-105.82607909617946,0.0,0.0,0.0,0.0,0.0,0.0,0.0,0.0,1750714422.2803907,0.0,right_blink
328.7137956619262,146.0,-1322.1481318352744,-749.5937579688616,-382.6123349168338,-53.72179291350767,0.0,0.0,0.0,0.0,0.0,0.0,0.0,0.0,1750714422.384887,0.0,right_blink
328.814824104309,157.0,-1532.3978275442496,-798.8332807854749,-359.6643087887205,120.9240552172996,0.0,0.0,0.0,0.0,0.0,0.0,0.0,0.0,1750714422.4904337,0.0,right_blink
328.9153132438659,166.0,-1510.2314405068755,-806.6085327933542,-302.26058436883613,203.46364723937583,0.0,0.0,0.0,0.0,0.0,0.0,0.0,0.0,1750714422.5804389,0.0,right_blink
329.01617956161493,176.0,-1360.6466619791463,-833.3001987771131,-304.9121734374203,24.71138895722106,0.0,0.0,0.0,0.0,0.0,0.0,0.0,0.0,1750714422.6841009,0.0,right_blink
329.1170833110809,185.0,-1333.307993303053,-874.5699947881512,-337.23612875444815,-126.5600844505243,0.0,0.0,0.0,0.0,0.0,0.0,0.0,0.0,1750714422.7737153,0.0,right_blink
329.21749162673945,197.0,-1315.3527336157858,-877.0383287589066,-397.6990913380869,-198.758853095118,0.0,0.0,0.0,0.0,0.0,0.0,0.0,0.0,1750714422.8943,0.0,right_blink
329.31874847412104,106.0,-1273.6285397601314,-830.6860087080859,-386.3559747724794,-128.83207367360592,0.0,0.0,0.0,0.0,0.0,0.0,0.0,0.0,1750714422.9854856,0.0,right_blink
329.4193336963653,116.0,-1273.8454539575614,-826.0597524628974,-407.60234642075375,-118.169618899934,0.0,0.0,0.0,0.0,0.0,0.0,0.0,0.0,1750714423.0891173,0.0,right_blink
329.520092010498,125.0,-1306.173149174545,-847.4931191089563,-450.9365672073327,-167.51385891530663,0.0,0.0,0.0,0.0,0.0,0.0,0.0,0.0,1750714423.1789813,0.0,right_blink
329.6205477714538,136.0,-1281.6693246648647,-818.6921495501883,-439.5635314420797,-75.82273170165718,0.0,0.0,0.0,0.0,0.0,0.0,0.0,0.0,1750714423.2850826,0.0,right_blink
329.7212874889373,146.0,-1328.062783615198,-788.7467706049792,-439.42889504367486,-14.368695629760625,0.0,0.0,0.0,0.0,0.0,0.0,0.0,0.0,1750714423.3889763,0.0,right_blink
329.82270264625544,157.0,-1461.4949342343025,-745.5135271172039,-376.965085983742,104.11133496649563,0.0,0.0,0.0,0.0,0.0,0.0,0.0,0.0,1750714423.495222,0.0,right_blink
329.9234156608581,166.0,-1424.0921947774475,-822.8396986010484,-377.21939918072894,58.27138120960444,0.0,0.0,0.0,0.0,0.0,0.0,0.0,0.0,1750714423.5854812,0.0,right_blink
330.02430081367487,176.0,-1340.8195823640565,-842.2796985707246,-345.50504755647853,-57.63559821713716,0.0,0.0,0.0,0.0,0.0,0.0,0.0,0.0,1750714423.6888287,0.0,right_blink
330.12515974044794,187.0,-1320.9158347998746,-823.3371052951552,-333.1297186031006,-130.5449478533119,0.0,0.0,0.0,0.0,0.0,0.0,0.0,0.0,1750714423.7953608,0.0,right_blink
330.2259483337402,197.0,-1272.8656001691706,-813.3478325135075,-365.8276639156975,-150.23552112001926,0.0,0.0,0.0,0.0,0.0,0.0,0.0,0.0,1750714423.8996117,0.0,right_blink
330.32674431800837,106.0,-1284.081560136285,-862.8641079268418,-449.9604533188976,-157.58629448292777,0.0,0.0,0.0,0.0,0.0,0.0,0.0,0.0,1750714423.9904037,0.0,right_blink
330.42765116691584,116.0,-1281.448670567479,-861.8767743385397,-459.4448396065272,-152.26067694602534,0.0,0.0,0.0,0.0,0.0,0.0,0.0,0.0,1750714424.0938065,0.0,right_blink
330.52811932563776,127.0,-1250.6318949325942,-797.240083404351,-418.7659477884881,-73.65545967733487,0.0,0.0,0.0,0.0,0.0,0.0,0.0,0.0,1750714424.200548,0.0,right_blink
330.6291089057922,137.0,-1289.5380741716365,-796.9371515079401,-411.6264787730761,-61.50826462125406,0.0,0.0,0.0,0.0,0.0,0.0,0.0,0.0,1750714424.3040264,0.0,right_blink
330.7298758029937,145.0,-1344.3986666216515,-719.8765129209496,-512.0614920831285,99.29621377354488,0.0,0.0,0.0,0.0,0.0,0.0,0.0,0.0,1750714424.3801315,0.0,right_blink
330.8306362628936,158.0,-1501.1116944649257,-841.2998447823338,-327.2431160728447,130.8908885992132,0.0,0.0,0.0,0.0,0.0,0.0,0.0,0.0,1750714424.514151,0.0,right_blink
330.93262147903437,167.0,-1386.966207917314,-853.0992291425355,-295.17347395280376,48.95716036995873,0.0,0.0,0.0,0.0,0.0,0.0,0.0,0.0,1750714424.6045823,0.0,right_blink
331.03301119804377,178.0,-1361.8527797148563,-855.8817147095688,-332.9240241055377,-125.43811446381731,0.0,0.0,0.0,0.0,0.0,0.0,0.0,0.0,1750714424.710487,0.0,right_blink
331.13406372070307,187.0,-1295.7463080980815,-825.4838078697212,-331.5776601214893,-124.84347037086263,0.0,0.0,0.0,0.0,0.0,0.0,0.0,0.0,1750714424.8004808,0.0,right_blink
331.23449373245234,197.0,-1267.5736417318694,-817.5963588631712,-379.1417077579536,-116.5147131695412,0.0,0.0,0.0,0.0,0.0,0.0,0.0,0.0,1750714424.9039996,0.0,right_blink
331.3355240821838,107.0,-1303.8731107017957,-871.6042541232891,-452.9392836336047,-166.62376272585243,0.0,0.0,0.0,0.0,0.0,0.0,0.0,0.0,1750714425.00956,0.0,right_blink
331.436000585556,118.0,-1287.8962580910884,-788.8253085040487,-371.3645858000964,-70.7364677619189,0.0,0.0,0.0,0.0,0.0,0.0,0.0,0.0,1750714425.1153,0.0,right_blink
331.5372993946075,127.0,-1330.1907866899855,-857.3178362925537,-454.9289104100317,-127.7250632867217,0.0,0.0,0.0,0.0,0.0,0.0,0.0,0.0,1750714425.2055535,0.0,right_blink
331.63774538040155,136.0,-1390.8183048716746,-700.7805837471969,-481.9459476899356,54.33326655626297,0.0,0.0,0.0,0.0,0.0,0.0,0.0,0.0,1750714425.2954345,0.0,right_blink
331.7380981445312,147.0,-1593.58820066927,-856.3791214036755,-334.83698293287307,255.13597497716543,0.0,0.0,0.0,0.0,0.0,0.0,0.0,0.0,1750714425.4145584,0.0,right_blink
331.8386967182159,157.0,-1318.7915716250427,-869.1658393521793,-408.87578235566616,-117.45155810844152,0.0,0.0,0.0,0.0,0.0,0.0,0.0,0.0,1750714425.5053518,0.0,right_blink
331.9393007755279,167.0,-1266.504030344542,-874.6485326872207,-408.2773983627558,-174.8926815278828,0.0,0.0,0.0,0.0,0.0,0.0,0.0,0.0,1750714425.6090257,0.0,right_blink
332.0403304100036,178.0,-1214.8709715562873,-813.8265397078358,-360.6759517267346,-124.79298172146082,0.0,0.0,0.0,0.0,0.0,0.0,0.0,0.0,1750714425.7153628,0.0,right_blink
332.14181613922113,187.0,-1225.0434994357638,-849.5051852851175,-480.50234630703926,-163.82631755899638,0.0,0.0,0.0,0.0,0.0,0.0,0.0,0.0,1750714425.8052063,0.0,right_blink
332.24243140220636,197.0,-1273.1460926658474,-856.1285481066443,-495.8022770257666,-158.94948801677674,0.0,0.0,0.0,0.0,0.0,0.0,0.0,0.0,1750714425.90915,0.0,right_blink
332.3433580398559,107.0,-1267.0089168385605,-822.5087174549699,-450.426070863381,-122.9660405931063,0.0,0.0,0.0,0.0,0.0,0.0,0.0,0.0,1750714426.0139685,0.0,right_blink
332.44403791427607,116.0,-1241.925407835748,-803.7755585769191,-443.66807164344937,-73.92847237410024,0.0,0.0,0.0,0.0,0.0,0.0,0.0,0.0,1750714426.1039288,0.0,right_blink
332.5445957183838,127.0,-1328.930440404918,-852.1175054041669,-326.91213492676616,-139.7918504937552,0.0,0.0,0.0,0.0,0.0,0.0,0.0,0.0,1750714426.2104058,0.0,right_blink
332.645101070404,137.0,-1560.5125254611485,-782.129017633386,-310.12372402567416,164.31063460325822,0.0,0.0,0.0,0.0,0.0,0.0,0.0,0.0,1750714426.3138535,0.0,right_blink
332.7460210323333,148.0,-1577.8058228562586,-865.382930546999,-369.1131660267711,245.3991454425268,0.0,0.0,0.0,0.0,0.0,0.0,0.0,0.0,1750714426.4203453,0.0,right_blink
332.8469836711883,158.0,-1406.552063985262,-872.0549120679498,-408.4606534605846,12.474436302203683,0.0,0.0,0.0,0.0,0.0,0.0,0.0,0.0,1750714426.52433,0.0,right_blink
332.94791674613947,167.0,-1352.3983126268722,-842.2067705215886,-349.6469867574051,-122.16944190254436,0.0,0.0,0.0,0.0,0.0,0.0,0.0,0.0,1750714426.613879,0.0,right_blink
333.0481896400451,178.0,-1346.6687858947553,-846.2570821736008,-391.7582602584735,-135.31145034683868,0.0,0.0,0.0,0.0,0.0,0.0,0.0,0.0,1750714426.7201288,0.0,right_blink
333.14895319938654,188.0,-1287.2118563991971,-852.3605989012867,-425.95964535325766,-155.6153672062792,0.0,0.0,0.0,0.0,0.0,0.0,0.0,0.0,1750714426.8237412,0.0,right_blink
333.2494528293609,198.0,-1286.1422450118698,-847.4351506596431,-450.94217705726624,-131.68000748986378,0.0,0.0,0.0,0.0,0.0,0.0,0.0,0.0,1750714426.9299617,0.0,right_blink
333.3506698608398,107.0,-1241.469140041154,-802.8929421873763,-392.5249397493899,-89.32377054169774,0.0,0.0,0.0,0.0,0.0,0.0,0.0,0.0,1750714427.0188975,0.0,right_blink
333.45159029960627,118.0,-1298.39415726671,-843.612972904928,-442.7592759542167,-119.14947268832476,0.0,0.0,0.0,0.0,0.0,0.0,0.0,0.0,1750714427.1252513,0.0,right_blink
333.55254960060114,127.0,-1293.076019529719,-779.5447467640042,-408.1839008638635,-34.003170397132635,0.0,0.0,0.0,0.0,0.0,0.0,0.0,0.0,1750714427.215184,0.0,right_blink
333.65312075614924,137.0,-1453.7383817262016,-760.2506028926,-266.864301238209,75.16076940950006,0.0,0.0,0.0,0.0,0.0,0.0,0.0,0.0,1750714427.319956,0.0,right_blink
333.753611087799,148.0,-1580.1357805286534,-842.3601064197719,-417.223239056766,291.8730122419074,0.0,0.0,0.0,0.0,0.0,0.0,0.0,0.0,1750714427.426807,0.0,right_blink
333.8546481132507,157.0,-1349.155819365289,-847.6670244568959,-302.97303531039506,-24.290650212205943,0.0,0.0,0.0,0.0,0.0,0.0,0.0,0.0,1750714427.5151727,0.0,right_blink
333.9549710750579,168.0,-1297.0477932826616,-873.6256700493395,-374.9810690572485,-182.29020364023745,0.0,0.0,0.0,0.0,0.0,0.0,0.0,0.0,1750714427.634704,0.0,right_blink
334.0559759140014,178.0,-1294.0783127178438,-851.2872476140037,-403.8269174154848,-188.3825006680563,0.0,0.0,0.0,0.0,0.0,0.0,0.0,0.0,1750714427.7254188,0.0,right_blink
334.1563735008239,188.0,-1252.902014205698,-849.6042926339433,-440.234843484126,-152.19522869680077,0.0,0.0,0.0,0.0,0.0,0.0,0.0,0.0,1750714427.8294988,0.0,right_blink
334.25715994834894,197.0,-1205.23698927043,-812.0893561784178,-402.86950302682817,-92.3792688054964,0.0,0.0,0.0,0.0,0.0,0.0,0.0,0.0,1750714427.91912,0.0,right_blink
334.35780453681934,109.0,-1288.141221538186,-847.8783288043924,-469.2882562899031,-127.16407829336822,0.0,0.0,0.0,0.0,0.0,0.0,0.0,0.0,1750714428.0404282,0.0,right_blink
334.4587793350219,118.0,-1249.7212292933837,-790.0295562897809,-416.2003764188848,-64.50205453578383,0.0,0.0,0.0,0.0,0.0,0.0,0.0,0.0,1750714428.1304908,0.0,right_blink
334.55967736244196,128.0,-1317.7126104878262,-768.1848006485961,-370.4240009612404,-7.550858010537922,0.0,0.0,0.0,0.0,0.0,0.0,0.0,0.0,1750714428.233958,0.0,right_blink
334.66075611114496,137.0,-1419.9352959766984,-799.169871781487,-427.20316208852455,2.172881874255836,0.0,0.0,0.0,0.0,0.0,0.0,0.0,0.0,1750714428.323866,0.0,right_blink
334.7612733840942,149.0,-1592.3783430336043,-845.1893407362513,-411.5890797735192,223.2570677548647,0.0,0.0,0.0,0.0,0.0,0.0,0.0,0.0,1750714428.4438972,0.0,right_blink
334.86225199699396,158.0,-1378.7851767642424,-844.542338043917,-305.4133200314827,7.292804913595319,0.0,0.0,0.0,0.0,0.0,0.0,0.0,0.0,1750714428.5340488,0.0,right_blink
334.9630689620971,169.0,-1396.7703556511551,-875.3478939789347,-379.1716269575991,-87.97740655764937,0.0,0.0,0.0,0.0,0.0,0.0,0.0,0.0,1750714428.6404965,0.0,right_blink
335.06452131271357,176.0,-1305.5018371324986,-848.46175319748,-346.7392145418562,-164.69397434871644,0.0,0.0,0.0,0.0,0.0,0.0,0.0,0.0,1750714428.714093,0.0,right_blink
335.16670227050776,190.0,-1265.7953193029389,-836.1687020431273,-382.4141202191822,-126.539515000768,0.0,0.0,0.0,0.0,0.0,0.0,0.0,0.0,1750714428.8502784,0.0,right_blink
335.26845669746393,199.0,-1330.630224934779,-876.5072629651986,-438.46400085510686,-160.61748339701444,0.0,0.0,0.0,0.0,0.0,0.0,0.0,0.0,1750714428.9407854,0.0,right_blink
335.36938929557795,109.0,-1249.7212292933837,-779.0697794696316,-423.18089968618006,-89.77442848635837,0.0,0.0,0.0,0.0,0.0,0.0,0.0,0.0,1750714429.0455365,0.0,right_blink
335.46974253654474,118.0,-1298.3474085172638,-821.7420379640535,-461.9786218265072,-73.9060329743661,0.0,0.0,0.0,0.0,0.0,0.0,0.0,0.0,1750714429.135259,0.0,right_blink
335.57013916969294,128.0,-1297.8574816230685,-818.6379210008308,-452.27358144149184,-60.341415835078806,0.0,0.0,0.0,0.0,0.0,0.0,0.0,0.0,1750714429.2392445,0.0,right_blink
335.6711657047271,137.0,-1373.7811906235293,-768.5232615945861,-502.08156905137,-27.5499730235897,0.0,0.0,0.0,0.0,0.0,0.0,0.0,0.0,1750714429.3291135,0.0,right_blink
335.77279067039484,149.0,-1435.7662924891338,-743.6903258888051,-406.4448473844677,103.00993442954496,0.0,0.0,0.0,0.0,0.0,0.0,0.0,0.0,1750714429.4497209,0.0,right_blink
335.87391018867487,158.0,-1405.1140724522993,-792.114550515078,-452.6513113370165,61.77379751810804,0.0,0.0,0.0,0.0,0.0,0.0,0.0,0.0,1750714429.5390673,0.0,right_blink
335.97447562217707,169.0,-1341.4796747062355,-813.8433692576364,-334.500391936861,-52.47266632830724,0.0,0.0,0.0,0.0,0.0,0.0,0.0,0.0,1750714429.6454132,0.0,right_blink
336.0752243995666,179.0,-1284.124568985775,-826.1214608121663,-337.36889520287514,-119.71980743156746,0.0,0.0,0.0,0.0,0.0,0.0,0.0,0.0,1750714429.7489386,0.0,right_blink
336.17632031440735,190.0,-1312.8993592448533,-885.8177439048886,-412.496005512774,-161.9844168308191,0.0,0.0,0.0,0.0,0.0,0.0,0.0,0.0,1750714429.855193,0.0,right_blink
336.27668881416315,197.0,-1295.8790745465085,-843.3137809084728,-411.31793702673167,-149.5679489779286,0.0,0.0,0.0,0.0,0.0,0.0,0.0,0.0,1750714429.9296467,0.0,right_blink
336.37730216979975,109.0,-1245.410994594451,-814.7933038463816,-404.44026100821793,-80.03946890169755,0.0,0.0,0.0,0.0,0.0,0.0,0.0,0.0,1750714430.050495,0.0,right_blink
336.4780504703521,118.0,-1305.7804596791975,-850.7000833209604,-454.068733420223,-118.24628684902564,0.0,0.0,0.0,0.0,0.0,0.0,0.0,0.0,1750714430.1407108,0.0,right_blink
336.578948020935,128.0,-1331.776504271198,-847.3005142612383,-466.0625925781205,-104.93224300676955,0.0,0.0,0.0,0.0,0.0,0.0,0.0,0.0,1750714430.2441585,0.0,right_blink
336.67963027954096,139.0,-1323.5786435683258,-748.4586983323097,-464.791026593186,58.59862245572731,0.0,0.0,0.0,0.0,0.0,0.0,0.0,0.0,1750714430.3503804,0.0,right_blink
336.780158996582,149.0,-1463.9782278048806,-792.4361819112673,-363.97454348765314,131.87074238760397,0.0,0.0,0.0,0.0,0.0,0.0,0.0,0.0,1750714430.4541807,0.0,right_blink
336.88120937347406,158.0,-1480.5385048086755,-815.0064781438559,-412.7241394100711,25.72864174516872,0.0,0.0,0.0,0.0,0.0,0.0,0.0,0.0,1750714430.5436907,0.0,right_blink
336.9815690517425,169.0,-1389.4345418880694,-808.3980749221519,-359.6886181384325,5.940831079613417,0.0,0.0,0.0,0.0,0.0,0.0,0.0,0.0,1750714430.6504743,0.0,right_blink
337.0826272964477,179.0,-1323.649701667484,-817.9759587086737,-371.7684949953109,-70.28954971721396,0.0,0.0,0.0,0.0,0.0,0.0,0.0,0.0,1750714430.7554505,0.0,right_blink
337.1831393241882,190.0,-1283.427077644039,-842.9210914131254,-359.71105753816664,-130.5655173030682,0.0,0.0,0.0,0.0,0.0,0.0,0.0,0.0,1750714430.8605864,0.0,right_blink
337.28378725051874,199.0,-1265.3297017584557,-829.876320367679,-400.8424772508442,-118.13408985035494,0.0,0.0,0.0,0.0,0.0,0.0,0.0,0.0,1750714430.9506078,0.0,right_blink
337.3843681812286,109.0,-1297.657396975439,-880.0227689235471,-443.75408934243023,-149.16964963264763,0.0,0.0,0.0,0.0,0.0,0.0,0.0,0.0,1750714431.055518,0.0,right_blink
337.48506164550776,119.0,-1295.073126106057,-864.1805527112447,-435.7469635372981,-136.0613002879545,0.0,0.0,0.0,0.0,0.0,0.0,0.0,0.0,1750714431.158806,0.0,right_blink
337.5858476161956,130.0,-1276.553141525481,-816.6352045745589,-397.4391682911664,-52.160384682007134,0.0,0.0,0.0,0.0,0.0,0.0,0.0,0.0,1750714431.2652292,0.0,right_blink
337.6863265037536,139.0,-1441.4490704718046,-811.5339810349979,-428.7870097197592,58.536914106458426,0.0,0.0,0.0,0.0,0.0,0.0,0.0,0.0,1750714431.3553576,0.0,right_blink
337.7866649627685,149.0,-1510.7157575511374,-871.207824727986,-406.1755745876581,130.12607905827463,0.0,0.0,0.0,0.0,0.0,0.0,0.0,0.0,1750714431.4593587,0.0,right_blink
337.88763499259943,158.0,-1387.6618293090723,-844.3478632462211,-330.2256862875074,53.375852167606354,0.0,0.0,0.0,0.0,0.0,0.0,0.0,0.0,1750714431.5490158,0.0,right_blink
337.98836350440973,170.0,-1365.596419570502,-778.0992754311301,-374.82025335915387,-18.08615618571639,0.0,0.0,0.0,0.0,0.0,0.0,0.0,0.0,1750714431.6694715,0.0,right_blink
338.0888383388519,179.0,-1408.4257538630627,-792.3894331618212,-470.7898261221126,-62.81535965576768,0.0,0.0,0.0,0.0,0.0,0.0,0.0,0.0,1750714431.7590842,0.0,right_blink
338.1899542808532,190.0,-1215.802206645254,-818.3181595546193,-373.0101417806,-132.41489783115685,0.0,0.0,0.0,0.0,0.0,0.0,0.0,0.0,1750714431.8655312,0.0,right_blink
338.29079890251154,199.0,-1279.4478240911849,-895.0908258450218,-438.6902648024261,-176.80751030519605,0.0,0.0,0.0,0.0,0.0,0.0,0.0,0.0,1750714431.9556844,0.0,right_blink
338.3915655612945,110.0,-1281.4916794169694,-867.5857316209003,-461.56723283138126,-148.3319120425731,0.0,0.0,0.0,0.0,0.0,0.0,0.0,0.0,1750714432.074326,0.0,right_blink
338.49286866188044,119.0,-1276.756966073066,-820.324615880847,-417.163400657475,-113.52092325501144,0.0,0.0,0.0,0.0,0.0,0.0,0.0,0.0,1750714432.1641707,0.0,right_blink
338.5938234329223,130.0,-1357.9202749114484,-877.189794707112,-388.0744588021189,-110.26347039360552,0.0,0.0,0.0,0.0,0.0,0.0,0.0,0.0,1750714432.2705448,0.0,right_blink
338.6951615810394,139.0,-1434.0571582093835,-773.4599295360968,-382.2177754715085,130.08120025880635,0.0,0.0,0.0,0.0,0.0,0.0,0.0,0.0,1750714432.360592,0.0,right_blink
338.7959933280944,149.0,-1445.0936029786244,-847.7418224560097,-356.3264480782673,97.65626764297484,0.0,0.0,0.0,0.0,0.0,0.0,0.0,0.0,1750714432.4640408,0.0,right_blink
338.8968112468719,160.0,-1404.272594962269,-879.2018608832732,-382.60298516694456,-65.8484185198322,0.0,0.0,0.0,0.0,0.0,0.0,0.0,0.0,1750714432.5704217,0.0,right_blink
338.99779224395746,170.0,-1338.1362041458488,-859.1372976209968,-372.4042779877782,-162.27051917742938,0.0,0.0,0.0,0.0,0.0,0.0,0.0,0.0,1750714432.6739855,0.0,right_blink
339.0986218452453,179.0,-1254.1455309409648,-790.4577748347074,-386.80663271714,-157.4086492350325,0.0,0.0,0.0,0.0,0.0,0.0,0.0,0.0,1750714432.76434,0.0,right_blink
339.19910001754755,190.0,-1262.900636737235,-855.3375592660159,-463.50450100842863,-166.88181582279503,0.0,0.0,0.0,0.0,0.0,0.0,0.0,0.0,1750714432.8703792,0.0,right_blink
339.29997467994684,0.0,-1252.3989976616576,-834.9719340573065,-438.3125349069014,-146.71253536175936,0.0,0.0,0.0,0.0,0.0,0.0,0.0,0.0,1750714432.975688,0.0,right_blink
339.40066432952875,109.0,-1250.3383127860725,-793.3019687510096,-426.5318500464782,-79.5177528578788,0.0,0.0,0.0,0.0,0.0,0.0,0.0,0.0,1750714433.065647,0.0,right_blink
339.50136780738825,119.0,-1285.1306020738557,-796.9334116079845,-400.6592221530154,-59.88327809050679,0.0,0.0,0.0,0.0,0.0,0.0,0.0,0.0,1750714433.16899,0.0,right_blink
339.60234403610224,129.0,-1331.9317101193592,-736.840699119959,-495.1664940332994,53.39081176742911,0.0,0.0,0.0,0.0,0.0,0.0,0.0,0.0,1750714433.2746713,0.0,right_blink
339.70336771011347,140.0,-1515.3064847467467,-808.3251468730159,-338.77883748617023,110.5738820899278,0.0,0.0,0.0,0.0,0.0,0.0,0.0,0.0,1750714433.3793085,0.0,right_blink
339.8038618564605,149.0,-1432.011432933621,-805.9054316016845,-324.40266205649823,61.01272787712514,0.0,0.0,0.0,0.0,0.0,0.0,0.0,0.0,1750714433.4692152,0.0,right_blink
339.90470170974726,160.0,-1423.518120134249,-830.0464858156629,-359.1687720445916,-64.79750663228333,0.0,0.0,0.0,0.0,0.0,0.0,0.0,0.0,1750714433.5753405,0.0,right_blink
340.00527310371393,170.0,-1339.2282549329102,-820.7603142256849,-361.5323888165876,-134.22500940971076,0.0,0.0,0.0,0.0,0.0,0.0,0.0,0.0,1750714433.6789837,0.0,right_blink
340.1066262722014,181.0,-1313.4379048384726,-840.8360971878283,-398.4377215793356,-138.56329335831106,0.0,0.0,0.0,0.0,0.0,0.0,0.0,0.0,1750714433.7858024,0.0,right_blink
340.2077596187591,190.0,-1271.3341111373156,-826.0597524628974,-421.3296492081136,-164.99316634517163,0.0,0.0,0.0,0.0,0.0,0.0,0.0,0.0,1750714433.8755164,0.0,right_blink
340.3094725608825,0.0,-1201.3643228663132,-796.5556817124598,-395.0381525196135,-104.72093865927307,0.0,0.0,0.0,0.0,0.0,0.0,0.0,0.0,1750714433.9806204,0.0,right_blink
340.4103436470031,110.0,-1230.7748961178586,-807.1134192873724,-421.0080178119242,-76.10696409828961,0.0,0.0,0.0,0.0,0.0,0.0,0.0,0.0,1750714434.086804,0.0,right_blink
340.51135134696955,119.0,-1301.3505481816828,-857.0897023952566,-489.9343739952892,-110.4953441908583,0.0,0.0,0.0,0.0,0.0,0.0,0.0,0.0,1750714434.1738183,0.0,right_blink
340.61207199096674,130.0,-1304.555642443709,-782.7404912761413,-365.4742433698848,-51.03467479534447,0.0,0.0,0.0,0.0,0.0,0.0,0.0,0.0,1750714434.2805262,0.0,right_blink
340.71295762062067,140.0,-1423.233887737617,-751.7180211436935,-362.9124119002372,174.91138102766126,0.0,0.0,0.0,0.0,0.0,0.0,0.0,0.0,1750714434.3840656,0.0,right_blink
340.81381297111506,151.0,-1472.1293397583067,-850.1634076773189,-374.82025335915387,51.16557129379362,0.0,0.0,0.0,0.0,0.0,0.0,0.0,0.0,1750714434.4909766,0.0,right_blink
340.9145238399505,160.0,-1375.123814707622,-777.1343812425621,-348.02013027668,54.25098875723779,0.0,0.0,0.0,0.0,0.0,0.0,0.0,0.0,1750714434.5807528,0.0,right_blink
341.01532626152033,170.0,-1332.8891245080158,-780.4105336037464,-382.1167981727049,-7.9472874058410525,0.0,0.0,0.0,0.0,0.0,0.0,0.0,0.0,1750714434.6839385,0.0,right_blink
341.115835905075,180.0,-1247.4548499202356,-823.4829613934271,-356.5321425758302,-107.7539975233376,0.0,0.0,0.0,0.0,0.0,0.0,0.0,0.0,1750714434.7897377,0.0,right_blink
341.21716356277454,191.0,-1291.6417678967118,-853.7013530354016,-430.1707727033645,-152.96938798762858,0.0,0.0,0.0,0.0,0.0,0.0,0.0,0.0,1750714434.8945427,0.0,right_blink
341.3180539608001,0.0,-1266.6068775933236,-857.7666242872365,-446.1607149639167,-123.66727183479816,0.0,0.0,0.0,0.0,0.0,0.0,0.0,0.0,1750714434.9858065,0.0,right_blink
341.4188337326049,110.0,-1284.9922257754952,-842.4891329682432,-455.3795683546923,-102.29000368807463,0.0,0.0,0.0,0.0,0.0,0.0,0.0,0.0,1750714435.0890632,0.0,right_blink
341.5194451808929,118.0,-1273.5182127114383,-799.6448390758596,-423.6652167304419,-67.31071940250695,0.0,0.0,0.0,0.0,0.0,0.0,0.0,0.0,1750714435.1654887,0.0,right_blink
341.62009787559504,130.0,-1336.8122795615343,-830.2596601131372,-451.9276406955905,-77.92081557679921,0.0,0.0,0.0,0.0,0.0,0.0,0.0,0.0,1750714435.285495,0.0,right_blink
341.7207357883453,140.0,-1462.8469080682844,-825.7605604664423,-294.40305456193164,79.4055558592081,0.0,0.0,0.0,0.0,0.0,0.0,0.0,0.0,1750714435.38924,0.0,right_blink
341.82254719734186,151.0,-1450.3780816160142,-807.6070860815234,-312.89311994286254,106.89382053352892,0.0,0.0,0.0,0.0,0.0,0.0,0.0,0.0,1750714435.4957502,0.0,right_blink
341.92306017875666,160.0,-1453.4597591795027,-830.4279556111433,-397.4784372407012,35.27847628202289,0.0,0.0,0.0,0.0,0.0,0.0,0.0,0.0,1750714435.585576,0.0,right_blink
342.0240890979766,170.0,-1380.445692344569,-856.2332653054036,-389.4675715356134,-36.49394376762211,0.0,0.0,0.0,0.0,0.0,0.0,0.0,0.0,1750714435.6888013,0.0,right_blink
342.1249732971191,181.0,-1258.7044689869508,-828.7823996306397,-343.2536277831532,-117.07008831296116,0.0,0.0,0.0,0.0,0.0,0.0,0.0,0.0,1750714435.7955348,0.0,right_blink
342.22588944435114,191.0,-1237.9143651332706,-802.9920495362021,-372.406147937756,-131.2891879444942,0.0,0.0,0.0,0.0,0.0,0.0,0.0,0.0,1750714435.8995657,0.0,right_blink
342.3268110752105,101.0,-1255.2936802273616,-841.6139963786118,-438.0002532606013,-133.28442457085475,0.0,0.0,0.0,0.0,0.0,0.0,0.0,0.0,1750714436.0044067,0.0,right_blink
342.42736339569086,110.0,-1295.9950114451349,-845.7652853294276,-451.8902416960336,-142.18538646539673,0.0,0.0,0.0,0.0,0.0,0.0,0.0,0.0,1750714436.094152,0.0,right_blink
342.5284016132354,121.0,-1295.6771199489012,-823.9766281875782,-445.457613772247,-91.03477477142587,0.0,0.0,0.0,0.0,0.0,0.0,0.0,0.0,1750714436.2005754,0.0,right_blink
342.6293413639068,130.0,-1323.3149806214496,-837.1148967319168,-459.2728042085655,-108.4440090651624,0.0,0.0,0.0,0.0,0.0,0.0,0.0,0.0,1750714436.2920666,0.0,right_blink
342.7301723957061,142.0,-1473.475703742355,-805.9353508013301,-319.5389221641235,118.08547115093096,0.0,0.0,0.0,0.0,0.0,0.0,0.0,0.0,1750714436.4103425,0.0,right_blink
342.83056974411005,151.0,-1466.7999823214486,-869.4425919489004,-317.5044165882282,173.00590200023726,0.0,0.0,0.0,0.0,0.0,0.0,0.0,0.0,1750714436.5006995,0.0,right_blink
342.9321506023406,161.0,-1460.513210495934,-862.1273476355709,-322.33262743102387,89.00774899544194,0.0,0.0,0.0,0.0,0.0,0.0,0.0,0.0,1750714436.6044524,0.0,right_blink
343.032529592514,170.0,-1402.873872378841,-867.2659701746888,-387.18997246259823,-40.15717577422038,0.0,0.0,0.0,0.0,0.0,0.0,0.0,0.0,1750714436.6939588,0.0,right_blink
343.1332635879516,182.0,-1283.017558598891,-822.2525343080051,-346.41758314566687,-143.42703325068578,0.0,0.0,0.0,0.0,0.0,0.0,0.0,0.0,1750714436.814022,0.0,right_blink
343.2339830398559,191.0,-1288.6685474319384,-823.4829613934271,-418.5228542913683,-129.54452461516485,0.0,0.0,0.0,0.0,0.0,0.0,0.0,0.0,1750714436.904698,0.0,right_blink
343.3351967334747,101.0,-1294.7664543096907,-847.6614146069624,-453.3955514281988,-171.33229677006602,0.0,0.0,0.0,0.0,0.0,0.0,0.0,0.0,1750714437.009586,0.0,right_blink
343.4357860088348,110.0,-1256.181906466838,-775.4439464625902,-423.4688719827682,-85.06402449216694,0.0,0.0,0.0,0.0,0.0,0.0,0.0,0.0,1750714437.09909,0.0,right_blink
343.53685283660883,121.0,-1320.3361503067426,-837.1186366318725,-476.7100877519697,-147.23612135555595,0.0,0.0,0.0,0.0,0.0,0.0,0.0,0.0,1750714437.205258,0.0,right_blink
343.6373307704925,131.0,-1364.79982087994,-826.1794292614795,-401.9719270374626,-122.70237764623016,0.0,0.0,0.0,0.0,0.0,0.0,0.0,0.0,1750714437.309268,0.0,right_blink
343.7381279468536,142.0,-1443.6406518458389,-789.2142580994405,-335.66724072303623,75.91996910050511,0.0,0.0,0.0,0.0,0.0,0.0,0.0,0.0,1750714437.4154685,0.0,right_blink
343.8391835689544,151.0,-1466.192248578649,-814.7465550969355,-424.5721424696967,7.670534809119999,0.0,0.0,0.0,0.0,0.0,0.0,0.0,0.0,1750714437.50531,0.0,right_blink
343.9398779869079,161.0,-1404.7157731070183,-825.9438155642711,-473.8640238856897,-17.73086568992585,0.0,0.0,0.0,0.0,0.0,0.0,0.0,0.0,1750714437.6091309,0.0,right_blink
344.0404889583587,171.0,-1395.1266696206294,-836.8605835349299,-405.0573445009068,-82.82756431866437,0.0,0.0,0.0,0.0,0.0,0.0,0.0,0.0,1750714437.7146187,0.0,right_blink
344.14121794700617,182.0,-1297.71723537473,-838.2181672188453,-354.37422030139714,-113.89117335062474,0.0,0.0,0.0,0.0,0.0,0.0,0.0,0.0,1750714437.8195033,0.0,right_blink
344.2419383525848,191.0,-1316.7682857490145,-866.5292098834179,-402.8620232269168,-169.7054402893409,0.0,0.0,0.0,0.0,0.0,0.0,0.0,0.0,1750714437.9091778,0.0,right_blink
344.34257698059076,101.0,-1249.9437533407472,-826.0036539635621,-362.9703803495504,-113.06839536037296,0.0,0.0,0.0,0.0,0.0,0.0,0.0,0.0,1750714438.0141263,0.0,right_blink
344.44328856468195,112.0,-1320.3623296064325,-859.5281171663664,-457.8329427256249,-132.6916504278779,0.0,0.0,0.0,0.0,0.0,0.0,0.0,0.0,1750714438.1202505,0.0,right_blink
344.54447913169855,121.0,-1278.348293504212,-798.0778209944256,-383.5847089053132,-80.44898794684559,0.0,0.0,0.0,0.0,0.0,0.0,0.0,0.0,1750714438.2104714,0.0,right_blink
344.6453831195831,131.0,-1275.8238610341214,-788.9150661029853,-399.9579909113236,-81.49242003448308,0.0,0.0,0.0,0.0,0.0,0.0,0.0,0.0,1750714438.3140864,0.0,right_blink
344.745675086975,140.0,-1400.2914714594372,-781.4315262916498,-447.0171520537697,49.19090411718935,0.0,0.0,0.0,0.0,0.0,0.0,0.0,0.0,1750714438.4041088,0.0,right_blink
344.846206665039,152.0,-1470.4781739278696,-855.2309721172787,-384.17561309831217,5.033905340358615,0.0,0.0,0.0,0.0,0.0,0.0,0.0,0.0,1750714438.523851,0.0,right_blink
344.946566581726,161.0,-1376.5730259404518,-798.8033615858294,-376.3554822909646,50.7280029989779,0.0,0.0,0.0,0.0,0.0,0.0,0.0,0.0,1750714438.6139116,0.0,right_blink
345.0471940040588,172.0,-1404.405361410696,-874.0090097947977,-408.6270790086128,-89.61922263819724,0.0,0.0,0.0,0.0,0.0,0.0,0.0,0.0,1750714438.720272,0.0,right_blink
345.1476242542266,181.0,-1318.0361118339931,-814.9971283939667,-326.79058817820624,-51.56948048900813,0.0,0.0,0.0,0.0,0.0,0.0,0.0,0.0,1750714438.8104808,0.0,right_blink
345.2483451366424,191.0,-1285.3419064213522,-821.4409760176204,-322.6093800277449,-115.86210062727332,0.0,0.0,0.0,0.0,0.0,0.0,0.0,0.0,1750714438.9138732,0.0,right_blink
345.3488988876342,101.0,-1288.756435080897,-836.6717185871676,-359.95976088522,-127.8746592849493,0.0,0.0,0.0,0.0,0.0,0.0,0.0,0.0,1750714439.0191534,0.0,right_blink
345.4494123458862,112.0,-1320.0593977100216,-836.9746504835784,-382.7993299146183,-132.2353826332837,0.0,0.0,0.0,0.0,0.0,0.0,0.0,0.0,1750714439.1253555,0.0,right_blink
345.5501372814178,121.0,-1288.7265158812515,-817.7814839109778,-407.78934141853824,-94.27165818307547,0.0,0.0,0.0,0.0,0.0,0.0,0.0,0.0,1750714439.2154267,0.0,right_blink
345.6509225368499,131.0,-1355.8165811863728,-749.4722112203017,-471.7565902606584,1.61189688090235,0.0,0.0,0.0,0.0,0.0,0.0,0.0,0.0,1750714439.3190053,0.0,right_blink
345.75188136100763,142.0,-1390.1451228796504,-725.3087176065892,-486.3870788873173,25.831488993950188,0.0,0.0,0.0,0.0,0.0,0.0,0.0,0.0,1750714439.425377,0.0,right_blink
345.8525130748748,152.0,-1395.0855307211168,-770.0940195759758,-391.7937893080525,17.573789891786873,0.0,0.0,0.0,0.0,0.0,0.0,0.0,0.0,1750714439.5296593,0.0,right_blink
345.95299386978144,160.0,-1411.787923923228,-859.6234846152365,-349.5104804090224,-42.54510189592838,0.0,0.0,0.0,0.0,0.0,0.0,0.0,0.0,1750714439.6052203,0.0,right_blink
346.053619146347,172.0,-1333.6015754495747,-834.7045312104747,-293.92060746764764,-47.14143894147128,0.0,0.0,0.0,0.0,0.0,0.0,0.0,0.0,1750714439.7252176,0.0,right_blink
346.1545538902282,181.0,-1295.8585050967522,-866.2842464363202,-290.1844474119134,-109.42947270348668,0.0,0.0,0.0,0.0,0.0,0.0,0.0,0.0,1750714439.8151667,0.0,right_blink
346.2553927898406,193.0,-1318.1931876321323,-874.295112141408,-385.37238108413294,-148.20475544407964,0.0,0.0,0.0,0.0,0.0,0.0,0.0,0.0,1750714439.9355423,0.0,right_blink
346.35577464103693,101.0,-1313.1218832922168,-877.1168666579761,-413.34309285273775,-149.8634010744281,0.0,0.0,0.0,0.0,0.0,0.0,0.0,0.0,1750714440.024188,0.0,right_blink
346.4564998149871,110.0,-1259.499197727535,-796.3873862144537,-379.88968774909154,-111.89219682430848,0.0,0.0,0.0,0.0,0.0,0.0,0.0,0.0,1750714440.1138146,0.0,right_blink
346.5574374198913,122.0,-1272.9254385684617,-794.4239387377165,-370.1173291648738,-53.30666401842609,0.0,0.0,0.0,0.0,0.0,0.0,0.0,0.0,1750714440.233846,0.0,right_blink
346.6580827236175,131.0,-1429.5262694130652,-795.9647775194608,-499.4019307331182,11.333766815718263,0.0,0.0,0.0,0.0,0.0,0.0,0.0,0.0,1750714440.323988,0.0,right_blink
346.75872969627375,142.0,-1433.5653613652105,-750.0537656634115,-308.91760628996417,100.11525186384095,0.0,0.0,0.0,0.0,0.0,0.0,0.0,0.0,1750714440.4303963,0.0,right_blink
346.8591213226318,151.0,-1435.281975444872,-818.6248313509859,-436.0816845833324,-32.73347436217591,0.0,0.0,0.0,0.0,0.0,0.0,0.0,0.0,1750714440.5217202,0.0,right_blink
346.9598643779754,161.0,-1366.4678162601776,-852.3101102518849,-427.1470635891892,-116.35015757149084,0.0,0.0,0.0,0.0,0.0,0.0,0.0,0.0,1750714440.6241596,0.0,right_blink
347.0602610111236,171.0,-1332.333749364596,-870.6543195345439,-406.2784218364395,-160.11072695301846,0.0,0.0,0.0,0.0,0.0,0.0,0.0,0.0,1750714440.729655,0.0,right_blink
347.16104578971857,182.0,-1265.9954039505683,-815.6067320867442,-367.43582089664415,-116.65682936785744,0.0,0.0,0.0,0.0,0.0,0.0,0.0,0.0,1750714440.834242,0.0,right_blink
347.26175355911255,191.0,-1310.331917925272,-870.1606527403928,-433.16830251785,-159.53104245988652,0.0,0.0,0.0,0.0,0.0,0.0,0.0,0.0,1750714440.9239724,0.0,right_blink
347.3627903461456,101.0,-1280.3659695303068,-839.0091560594738,-402.22811018442735,-118.36222374765202,0.0,0.0,0.0,0.0,0.0,0.0,0.0,0.0,1750714441.0291584,0.0,right_blink
347.4634821414947,112.0,-1310.5955808721485,-868.602984408848,-457.7506649265997,-129.301431118045,0.0,0.0,0.0,0.0,0.0,0.0,0.0,0.0,1750714441.135351,0.0,right_blink
347.56416225433344,122.0,-1297.610648225993,-856.4034307533875,-455.8807149487548,-111.83235842501745,0.0,0.0,0.0,0.0,0.0,0.0,0.0,0.0,1750714441.238804,0.0,right_blink
347.66466927528376,133.0,-1271.6968814330176,-798.5322188390419,-397.7963287369348,-60.57702953228727,0.0,0.0,0.0,0.0,0.0,0.0,0.0,0.0,1750714441.3455515,0.0,right_blink
347.76536345481867,142.0,-1404.7139031570405,-815.5861626369879,-433.1757823177613,-65.57353587308899,0.0,0.0,0.0,0.0,0.0,0.0,0.0,0.0,1750714441.4352272,0.0,right_blink
347.8658475875854,151.0,-1422.5382663458586,-793.0495255040005,-295.9738125433214,-23.11445167614147,0.0,0.0,0.0,0.0,0.0,0.0,0.0,0.0,1750714441.525663,0.0,right_blink
347.96651172637934,163.0,-1464.9674313431606,-772.6932500451803,-271.0062404391356,58.804316953290254,0.0,0.0,0.0,0.0,0.0,0.0,0.0,0.0,1750714441.645538,0.0,right_blink
348.0669932365417,172.0,-1369.2409520773217,-864.2273014606908,-382.8217693143524,-100.74355505639689,0.0,0.0,0.0,0.0,0.0,0.0,0.0,0.0,1750714441.735504,0.0,right_blink
348.1676769256591,182.0,-1333.442629701458,-878.263145994395,-403.8512267651968,-149.5716888778843,0.0,0.0,0.0,0.0,0.0,0.0,0.0,0.0,1750714441.8389478,0.0,right_blink
348.2682788372039,191.0,-1284.199366984889,-817.3551353160292,-365.32277742167935,-126.66480164928362,0.0,0.0,0.0,0.0,0.0,0.0,0.0,0.0,1750714441.929036,0.0,right_blink
348.36871170997614,101.0,-1280.289301581215,-814.8699717954732,-382.6833930159919,-79.6299498565495,0.0,0.0,0.0,0.0,0.0,0.0,0.0,0.0,1750714442.0342128,0.0,right_blink
348.4694991111755,112.0,-1306.9136493657716,-820.1619302327745,-406.9516038284637,-117.61611370649187,0.0,0.0,0.0,0.0,0.0,0.0,0.0,0.0,1750714442.1407623,0.0,right_blink
348.57036852836603,122.0,-1333.380921352189,-813.3740118131973,-411.7985141710378,-105.54371664952488,0.0,0.0,0.0,0.0,0.0,0.0,0.0,0.0,1750714442.2442043,0.0,right_blink
348.6713962554931,131.0,-1313.05830499297,-787.1872323234566,-432.12487043021247,-46.513135748915374,0.0,0.0,0.0,0.0,0.0,0.0,0.0,0.0,1750714442.3341072,0.0,right_blink
348.77201962471,142.0,-1399.7304864660837,-782.4001603801735,-414.1060324436985,8.283878401853144,0.0,0.0,0.0,0.0,0.0,0.0,0.0,0.0,1750714442.4403217,0.0,right_blink
348.8729090690612,152.0,-1426.7250843462534,-782.8676478746347,-379.6091952524148,7.9884263053536415,0.0,0.0,0.0,0.0,0.0,0.0,0.0,0.0,1750714442.5443003,0.0,right_blink
348.9737117290496,163.0,-1411.533610726241,-836.6436693374999,-377.3615153790452,-26.12694109044969,0.0,0.0,0.0,0.0,0.0,0.0,0.0,0.0,1750714442.6506789,0.0,right_blink
349.0746607780456,172.0,-1352.095380730461,-831.6509028966539,-369.84805636806414,-109.2761368053034,0.0,0.0,0.0,0.0,0.0,0.0,0.0,0.0,1750714442.7421818,0.0,right_blink
349.17519140243525,182.0,-1314.109216880519,-824.2571206842549,-355.87579013360664,-135.92292398959398,0.0,0.0,0.0,0.0,0.0,0.0,0.0,0.0,1750714442.8440256,0.0,right_blink
349.2758038043975,193.0,-1310.1785820270889,-841.8009913763963,-410.1305187908001,-130.92267774883658,0.0,0.0,0.0,0.0,0.0,0.0,0.0,0.0,1750714442.9505684,0.0,right_blink
349.3763787746429,103.0,-1316.7177970996129,-853.4376900885254,-420.4171136189252,-136.35488243447617,0.0,0.0,0.0,0.0,0.0,0.0,0.0,0.0,1750714443.055622,0.0,right_blink
349.47758364677424,112.0,-1262.7846998386085,-802.9378209868446,-386.7580140177161,-83.59985365951434,0.0,0.0,0.0,0.0,0.0,0.0,0.0,0.0,1750714443.1455724,0.0,right_blink
349.57806229591364,122.0,-1273.043245417066,-798.5621380386874,-411.4039547257125,-80.39849929744378,0.0,0.0,0.0,0.0,0.0,0.0,0.0,0.0,1750714443.2490623,0.0,right_blink
349.6787686347961,133.0,-1391.3288012156263,-778.9014839716256,-500.96333896461874,13.300954192411156,0.0,0.0,0.0,0.0,0.0,0.0,0.0,0.0,1750714443.3552525,0.0,right_blink
349.77936410903925,142.0,-1430.227500654757,-737.0258241677657,-388.2577138999477,127.92514793435112,0.0,0.0,0.0,0.0,0.0,0.0,0.0,0.0,1750714443.4454288,0.0,right_blink
349.8803181648254,152.0,-1411.5130412764847,-772.4912954475731,-296.6189452856779,17.624278541188687,0.0,0.0,0.0,0.0,0.0,0.0,0.0,0.0,1750714443.5491157,0.0,right_blink
349.9812219142913,161.0,-1422.437289047055,-846.1074861753732,-403.8381371153519,-60.92858012812212,0.0,0.0,0.0,0.0,0.0,0.0,0.0,0.0,1750714443.6395094,0.0,right_blink
350.0820171833038,172.0,-1299.8134492998945,-810.784131093882,-350.2117116507143,-72.71300488850102,0.0,0.0,0.0,0.0,0.0,0.0,0.0,0.0,1750714443.7458909,0.0,right_blink
350.1829266548156,182.0,-1274.067978004925,-804.7105335658416,-371.4468635991216,-86.44591752579436,0.0,0.0,0.0,0.0,0.0,0.0,0.0,0.0,1750714443.8521268,0.0,right_blink
350.28383851051325,193.0,-1305.3447613343596,-841.9561972245574,-427.6500801332295,-136.5605769320391,0.0,0.0,0.0,0.0,0.0,0.0,0.0,0.0,1750714443.9555051,0.0,right_blink
350.38456702232355,101.0,-1279.855473186355,-817.6898563620634,-425.8006996051408,-122.74351654574276,0.0,0.0,0.0,0.0,0.0,0.0,0.0,0.0,1750714444.0441794,0.0,right_blink
350.4852514266967,113.0,-1234.9953732178546,-791.7087713698857,-397.4597377409227,-88.2616389542818,0.0,0.0,0.0,0.0,0.0,0.0,0.0,0.0,1750714444.164569,0.0,right_blink
350.58583593368525,122.0,-1305.1259771869518,-828.7562203309499,-478.6978445784189,-78.32098487205803,0.0,0.0,0.0,0.0,0.0,0.0,0.0,0.0,1750714444.254424,0.0,right_blink
350.68644905090326,133.0,-1423.0450227898546,-745.7454009144567,-364.1073099360801,39.11561363656074,0.0,0.0,0.0,0.0,0.0,0.0,0.0,0.0,1750714444.362069,0.0,right_blink
350.78712201118464,142.0,-1470.848424023483,-771.75640510628,-483.4624771219678,43.12104648910463,0.0,0.0,0.0,0.0,0.0,0.0,0.0,0.0,1750714444.4510908,0.0,right_blink
350.8877916336059,152.0,-1411.2643379294311,-835.8545504468493,-392.84844109555706,-42.12249320093542,0.0,0.0,0.0,0.0,0.0,0.0,0.0,0.0,1750714444.554463,0.0,right_blink
350.9887118339538,163.0,-1252.008178116288,-792.4904104606248,-367.31614409806207,-99.21580592449754,0.0,0.0,0.0,0.0,0.0,0.0,0.0,0.0,1750714444.660576,0.0,right_blink
351.0897107124328,173.0,-1238.2977048787288,-807.0199217884801,-364.1372291357257,-114.32500174548476,0.0,0.0,0.0,0.0,0.0,0.0,0.0,0.0,1750714444.76409,0.0,right_blink
351.1908326148986,182.0,-1294.4934416129254,-856.6670937002636,-460.3237160961144,-115.37591363303363,0.0,0.0,0.0,0.0,0.0,0.0,0.0,0.0,1750714444.8543644,0.0,right_blink
351.29157781600946,193.0,-1232.758913044352,-799.3194677797146,-395.9787373584695,-92.83179670013487,0.0,0.0,0.0,0.0,0.0,0.0,0.0,0.0,1750714444.960298,0.0,right_blink
351.39198589324945,101.0,-1226.935888813343,-807.1358586871065,-414.42392393993214,-88.0989533062093,0.0,0.0,0.0,0.0,0.0,0.0,0.0,0.0,1750714445.0489476,0.0,right_blink
351.4931168556212,113.0,-1240.829617148731,-843.6036231550388,-458.7828773143701,-109.82777204876766,0.0,0.0,0.0,0.0,0.0,0.0,0.0,0.0,1750714445.169191,0.0,right_blink
351.5935621261596,122.0,-1313.398635888938,-808.7178363683634,-500.6996760177426,-39.80188527842984,0.0,0.0,0.0,0.0,0.0,0.0,0.0,0.0,1750714445.2590604,0.0,right_blink
351.6942336559295,133.0,-1470.979320521932,-816.9979748702608,-357.1697955182753,131.65008829021826,0.0,0.0,0.0,0.0,0.0,0.0,0.0,0.0,1750714445.3657472,0.0,right_blink
351.79498434066767,142.0,-1457.7475544787012,-829.3172053243034,-353.0110267675482,14.142431682441384,0.0,0.0,0.0,0.0,0.0,0.0,0.0,0.0,1750714445.4554615,0.0,right_blink
351.89557504653925,152.0,-1403.159974725451,-842.406855169218,-374.8520425087772,-39.74952667905018,0.0,0.0,0.0,0.0,0.0,0.0,0.0,0.0,1750714445.559013,0.0,right_blink
351.9964036941528,163.0,-1319.7003673142754,-844.3291637464426,-378.0833160704933,-119.09898403892294,0.0,0.0,0.0,0.0,0.0,0.0,0.0,0.0,1750714445.6658266,0.0,right_blink
352.0970602035522,173.0,-1307.7588667557577,-824.3356585833244,-409.6518115964718,-119.36451693577692,0.0,0.0,0.0,0.0,0.0,0.0,0.0,0.0,1750714445.7693472,0.0,right_blink
352.1978185176849,182.0,-1292.544953736011,-826.0709721627645,-439.2045010463335,-151.20976505847648,0.0,0.0,0.0,0.0,0.0,0.0,0.0,0.0,1750714445.8597012,0.0,right_blink
352.29858613014216,193.0,-1256.0996286678128,-828.4271091348492,-448.1615614402108,-128.44125412823632,0.0,0.0,0.0,0.0,0.0,0.0,0.0,0.0,1750714445.9657297,0.0,right_blink
352.3993482589721,0.0,-1250.934826829005,-813.3272630637512,-427.0591759402305,-162.88947262009606,0.0,0.0,0.0,0.0,0.0,0.0,0.0,0.0,1750714446.0407162,0.0,right_blink
352.5004374980926,113.0,-1211.400344397407,-751.566555195488,-374.0610536681488,-600.9215150303207,0.0,0.0,0.0,0.0,0.0,0.0,0.0,0.0,1750714446.1745863,0.0,right_blink
352.6014091968536,122.0,-1220.3237456916831,-676.1439927890897,-301.00958783365786,-434.9896337962709,0.0,0.0,0.0,0.0,0.0,0.0,0.0,0.0,1750714446.264393,0.0,right_blink
352.7022414207458,133.0,-1566.3991279914044,-847.6745042568073,-371.97418949287385,286.35852975724265,0.0,0.0,0.0,0.0,0.0,0.0,0.0,0.0,1750714446.3705096,0.0,right_blink
352.80336761474604,143.0,-1432.6677853758447,-789.436782146804,-310.90162321645766,-265.39265060564503,0.0,0.0,0.0,0.0,0.0,0.0,0.0,0.0,1750714446.4739957,0.0,right_blink
352.90425777435297,152.0,-1303.457981806714,-742.9049468981102,-284.7335432264954,-307.7881565033458,0.0,0.0,0.0,0.0,0.0,0.0,0.0,0.0,1750714446.5642452,0.0,right_blink
353.00541543960566,164.0,-1249.405207747128,-786.0222534872591,-355.26057659089565,-324.1053400100209,0.0,0.0,0.0,0.0,0.0,0.0,0.0,0.0,1750714446.6847703,0.0,right_blink
353.10656142234797,173.0,-1273.6771584595554,-821.7756970636547,-417.0923425583169,-319.81941466080025,0.0,0.0,0.0,0.0,0.0,0.0,0.0,0.0,1750714446.7741585,0.0,right_blink
353.2074563503264,184.0,-1230.0624451762997,-794.0480787921697,-391.0065403673798,-227.1297341589816,0.0,0.0,0.0,0.0,0.0,0.0,0.0,0.0,1750714446.8805,0.0,right_blink
353.30817389488215,193.0,-1283.8347267392091,-838.8408605614677,-433.0205764696002,-250.26475528487936,0.0,0.0,0.0,0.0,0.0,0.0,0.0,0.0,1750714446.9709392,0.0,right_blink
353.40887832641596,104.0,-1295.594842149876,-851.4723726618104,-446.3308804119006,-211.93265068903565,0.0,0.0,0.0,0.0,0.0,0.0,0.0,0.0,1750714447.0901797,0.0,right_blink
353.5097315311432,113.0,-1275.9154885830358,-781.4689252912067,-378.0290875211358,-157.4834472341463,0.0,0.0,0.0,0.0,0.0,0.0,0.0,0.0,1750714447.1820452,0.0,right_blink
353.6110732555389,124.0,-1381.949132126756,-816.7848005727865,-397.3456707922742,-74.92141581233591,0.0,0.0,0.0,0.0,0.0,0.0,0.0,0.0,1750714447.2857008,0.0,right_blink
353.7125134468078,133.0,-1441.5219985209403,-767.6873939544894,-365.2947281720117,116.55398211907595,0.0,0.0,0.0,0.0,0.0,0.0,0.0,0.0,1750714447.3753648,0.0,right_blink
353.81370568275446,145.0,-1398.3485934324565,-809.5406143586151,-320.9469944974408,40.42083872109652,0.0,0.0,0.0,0.0,0.0,0.0,0.0,0.0,1750714447.4953132,0.0,right_blink
353.9146618843078,154.0,-1354.199074455537,-862.8192291273735,-397.9814537847415,-157.65174273215234,0.0,0.0,0.0,0.0,0.0,0.0,0.0,0.0,1750714447.5859668,0.0,right_blink
354.01570034027094,164.0,-1341.0308867115527,-871.8099486208521,-403.1948743229732,-190.15521324705333,0.0,0.0,0.0,0.0,0.0,0.0,0.0,0.0,1750714447.6892805,0.0,right_blink
354.11716389656067,173.0,-1237.8320873342454,-806.1672245985828,-369.78634801879525,-166.231073230505,0.0,0.0,0.0,0.0,0.0,0.0,0.0,0.0,1750714447.7794333,0.0,right_blink
354.2179164886474,184.0,-1316.9721102965996,-854.4979517259635,-452.0417076442391,-167.55499781481922,0.0,0.0,0.0,0.0,0.0,0.0,0.0,0.0,1750714447.8855217,0.0,right_blink
354.31845188140863,194.0,-1320.4202980557457,-853.1515877419151,-455.201923106797,-165.42325484007597,0.0,0.0,0.0,0.0,0.0,0.0,0.0,0.0,1750714447.9899716,0.0,right_blink
354.4192469120025,104.0,-1278.494149602484,-800.1964743193239,-398.1609689826146,-142.58181586069986,0.0,0.0,0.0,0.0,0.0,0.0,0.0,0.0,1750714448.094732,0.0,right_blink
354.52019953727716,113.0,-1349.8140417574905,-766.4700565189123,-408.4868327602744,-6.6626317710615695,0.0,0.0,0.0,0.0,0.0,0.0,0.0,0.0,1750714448.1848192,0.0,right_blink
354.62092137336725,124.0,-1506.9384585958906,-798.0946505442262,-226.85859141219407,56.55663707992062,0.0,0.0,0.0,0.0,0.0,0.0,0.0,0.0,1750714448.290879,0.0,right_blink
354.7219576835632,134.0,-1438.41601160774,-800.5368052152917,-340.2149590691552,16.034821060020477,0.0,0.0,0.0,0.0,0.0,0.0,0.0,0.0,1750714448.394352,0.0,right_blink
354.8240160942077,145.0,-1345.7450306057,-860.6033384036273,-374.2181294662878,-173.0956595991738,0.0,0.0,0.0,0.0,0.0,0.0,0.0,0.0,1750714448.500358,0.0,right_blink
354.92499399185175,154.0,-1269.050902214367,-822.3927805563435,-364.8982987767085,-179.9209770183079,0.0,0.0,0.0,0.0,0.0,0.0,0.0,0.0,1750714448.59088,0.0,right_blink
355.0263278484344,164.0,-1257.0084243570454,-817.272857517004,-388.9234160920605,-174.72251607989892,0.0,0.0,0.0,0.0,0.0,0.0,0.0,0.0,1750714448.6943252,0.0,right_blink
355.1272876262664,175.0,-1293.1246382291429,-857.3047466427088,-454.719476012513,-165.57098088832572,0.0,0.0,0.0,0.0,0.0,0.0,0.0,0.0,1750714448.800996,0.0,right_blink
355.2279934883117,184.0,-1248.4777125581168,-821.2109721703455,-417.4401532541961,-149.6502267769538,0.0,0.0,0.0,0.0,0.0,0.0,0.0,0.0,1750714448.8906147,0.0,right_blink
355.3289651870727,196.0,-1260.6884859134443,-804.1570283723995,-395.7113345116377,-92.17918415786698,0.0,0.0,0.0,0.0,0.0,0.0,0.0,0.0,1750714449.010775,0.0,right_blink
355.4296813011169,104.0,-1285.1829606732354,-795.3981826761737,-411.19265037821606,-73.58066167822108,0.0,0.0,0.0,0.0,0.0,0.0,0.0,0.0,1750714449.0988088,0.0,right_blink
355.53033709526056,113.0,-1470.6632989756763,-811.375035286881,-399.15017252089456,-8.902831844519824,0.0,0.0,0.0,0.0,0.0,0.0,0.0,0.0,1750714449.1891832,0.0,right_blink
355.631504535675,124.0,-1455.1240146597847,-808.3008375233039,-252.6358518567868,64.18229308957234,0.0,0.0,0.0,0.0,0.0,0.0,0.0,0.0,1750714449.295748,0.0,right_blink
355.7325122356414,134.0,-1385.7526103816926,-791.6395832207054,-342.04564009746537,28.01372061809525,0.0,0.0,0.0,0.0,0.0,0.0,0.0,0.0,1750714449.4008408,0.0,right_blink
355.8341870307922,145.0,-1335.7613676739857,-815.6347813364118,-384.80765619082376,-167.2464560684748,0.0,0.0,0.0,0.0,0.0,0.0,0.0,0.0,1750714449.505512,0.0,right_blink
355.9348821640014,155.0,-1289.7119795195758,-818.1105951070786,-389.568548834417,-197.65558260818943,0.0,0.0,0.0,0.0,0.0,0.0,0.0,0.0,1750714449.609468,0.0,right_blink
356.03602790832514,164.0,-1250.2635147869587,-793.2440003016964,-387.1712729628198,-125.76348575996236,0.0,0.0,0.0,0.0,0.0,0.0,0.0,0.0,1750714449.6991477,0.0,right_blink
356.1369738578796,176.0,-1288.010325039737,-822.9575054496527,-438.1573290587403,-147.054736207705,0.0,0.0,0.0,0.0,0.0,0.0,0.0,0.0,1750714449.819361,0.0,right_blink
356.2379374504089,185.0,-1283.7617986900732,-810.0099718030542,-419.491488379892,-167.48206976568326,0.0,0.0,0.0,0.0,0.0,0.0,0.0,0.0,1750714449.9095151,0.0,right_blink
356.33867883682245,196.0,-1297.5358502268791,-848.2093099504709,-398.8696800242178,-167.54938796488568,0.0,0.0,0.0,0.0,0.0,0.0,0.0,0.0,1750714450.0157244,0.0,right_blink
356.4392986297607,104.0,-1387.4561348115094,-839.3120879558846,-408.0866634650156,-102.3872410869226,0.0,0.0,0.0,0.0,0.0,0.0,0.0,0.0,1750714450.1041644,0.0,right_blink
356.5402779579162,115.0,-1470.1079238322563,-779.3091330667958,-292.5873331334442,136.29317408520728,0.0,0.0,0.0,0.0,0.0,0.0,0.0,0.0,1750714450.2105088,0.0,right_blink
356.640837907791,125.0,-1381.5919716809876,-797.313011453487,-309.0690722381696,1.1855482859537003,0.0,0.0,0.0,0.0,0.0,0.0,0.0,0.0,1750714450.3143036,0.0,right_blink
356.7419245243072,136.0,-1365.413164472673,-864.1712029613554,-384.3981371456757,-177.51809129677713,0.0,0.0,0.0,0.0,0.0,0.0,0.0,0.0,1750714450.4205549,0.0,right_blink
356.8429417610168,145.0,-1274.7168506472372,-787.6341503681615,-341.89043424930423,-164.70145414862782,0.0,0.0,0.0,0.0,0.0,0.0,0.0,0.0,1750714450.5107822,0.0,right_blink
356.9436612129211,155.0,-1232.0745113524608,-792.862530506216,-356.4573445767164,-171.4931124681607,0.0,0.0,0.0,0.0,0.0,0.0,0.0,0.0,1750714450.614514,0.0,right_blink
357.04412555694574,164.0,-1272.6898248712532,-860.3452853066847,-451.3498261524365,-197.11516706459224,0.0,0.0,0.0,0.0,0.0,0.0,0.0,0.0,1750714450.7040095,0.0,right_blink
357.14529442787165,176.0,-1277.4544574148022,-831.3610606500879,-449.8276868704706,-206.8015079498291,0.0,0.0,0.0,0.0,0.0,0.0,0.0,0.0,1750714450.8244348,0.0,right_blink
357.2458932399749,185.0,-1264.117974172812,-779.499867964536,-414.39961459022015,-112.08106177207084,0.0,0.0,0.0,0.0,0.0,0.0,0.0,0.0,1750714450.9141505,0.0,right_blink
357.34704804420466,196.0,-1548.0549187087454,-772.8952046427876,-356.21799097955227,8.05948440451175,0.0,0.0,0.0,0.0,0.0,0.0,0.0,0.0,1750714451.0203593,0.0,right_blink
357.4512193202972,104.0,-1529.4470464792105,-784.6758895032108,-309.1195608875714,64.22343198908493,0.0,0.0,0.0,0.0,0.0,0.0,0.0,0.0,1750714451.1088235,0.0,right_blink
357.55196857452387,116.0,-1382.1884857239202,-794.9194754818454,-280.7150207241066,-25.09659865265712,0.0,0.0,0.0,0.0,0.0,0.0,0.0,0.0,1750714451.229015,0.0,right_blink
357.6523194313049,125.0,-1279.109363145195,-844.9443772891536,-382.8928274135105,-170.2495957328938,0.0,0.0,0.0,0.0,0.0,0.0,0.0,0.0,1750714451.3189747,0.0,right_blink
357.7532222270965,136.0,-1197.2878319146112,-814.426793650724,-351.87409718101844,-216.29150408739224,0.0,0.0,0.0,0.0,0.0,0.0,0.0,0.0,1750714451.4258947,0.0,right_blink
357.85433125495905,145.0,-1247.810140416026,-855.8873245595023,-440.46110743144527,-190.882623788435,0.0,0.0,0.0,0.0,0.0,0.0,0.0,0.0,1750714451.5155325,0.0,right_blink
357.95534133911127,155.0,-1248.9134109029546,-855.4310567649081,-449.5004456243478,-175.07406667573375,0.0,0.0,0.0,0.0,0.0,0.0,0.0,0.0,1750714451.6189773,0.0,right_blink
358.0561046600341,166.0,-1226.7507637655362,-785.8614377891645,-406.0689874389209,-132.99645227426663,0.0,0.0,0.0,0.0,0.0,0.0,0.0,0.0,1750714451.7258584,0.0,right_blink
358.1571025848388,175.0,-1279.2589591434223,-833.0066166305915,-462.5302570699714,-145.43161962693557,0.0,0.0,0.0,0.0,0.0,0.0,0.0,0.0,1750714451.8154252,0.0,right_blink
358.25783157348627,185.0,-1307.693418506533,-822.8714877506718,-498.2537814467214,-103.66441692179068,0.0,0.0,0.0,0.0,0.0,0.0,0.0,0.0,1750714451.919211,0.0,right_blink
358.35895037651056,197.0,-1471.6730719637126,-839.0091560594738,-312.6762057454325,95.507695118431,0.0,0.0,0.0,0.0,0.0,0.0,0.0,0.0,1750714452.0389943,0.0,right_blink
358.45955014228815,106.0,-1430.4911636016332,-854.9168205210008,-328.0004458138719,5.82863408094272,0.0,0.0,0.0,0.0,0.0,0.0,0.0,0.0,1750714452.1307132,0.0,right_blink
358.5606787204742,116.0,-1292.6721103345044,-837.788078723941,-395.79735221061856,-159.23185046343133,0.0,0.0,0.0,0.0,0.0,0.0,0.0,0.0,1750714452.2347546,0.0,right_blink
358.6612608432769,125.0,-1307.1530029629355,-837.4664473277517,-422.5413767937571,-198.98698699241504,0.0,0.0,0.0,0.0,0.0,0.0,0.0,0.0,1750714452.3242211,0.0,right_blink
358.76220822334284,136.0,-1274.4999364498071,-811.388124936726,-418.9174137366936,-135.16933414852247,0.0,0.0,0.0,0.0,0.0,0.0,0.0,0.0,1750714452.4306965,0.0,right_blink
358.8627524375915,146.0,-1281.4224912677892,-830.1138040148653,-432.6204071743414,-138.4903653091751,0.0,0.0,0.0,0.0,0.0,0.0,0.0,0.0,1750714452.534515,0.0,right_blink
358.96394467353815,157.0,-1280.689470876474,-795.9909568191506,-396.1975215058774,-150.00177737278864,0.0,0.0,0.0,0.0,0.0,0.0,0.0,0.0,1750714452.6408596,0.0,right_blink
359.06451487541193,166.0,-1293.6706636226736,-812.3006605259143,-411.4787527248264,-112.13903022138402,0.0,0.0,0.0,0.0,0.0,0.0,0.0,0.0,1750714452.7304423,0.0,right_blink
359.16542124748224,176.0,-1308.4208290479146,-795.9124189200811,-437.3364210184664,-73.86489407485351,0.0,0.0,0.0,0.0,0.0,0.0,0.0,0.0,1750714452.8340547,0.0,right_blink
359.2663741111755,185.0,-1461.0947649390437,-818.0526266577654,-292.6209922330454,63.48667169781402,0.0,0.0,0.0,0.0,0.0,0.0,0.0,0.0,1750714452.924014,0.0,right_blink
359.3672361373901,197.0,-1428.1312867295928,-819.552326539997,-324.4924196554348,81.78600218100473,0.0,0.0,0.0,0.0,0.0,0.0,0.0,0.0,1750714453.044968,0.0,right_blink
359.46836900711054,106.0,-1430.4350651022978,-863.5634692185558,-411.1907804282382,-34.796029187738895,0.0,0.0,0.0,0.0,0.0,0.0,0.0,0.0,1750714453.1356664,0.0,right_blink
359.5688092708587,116.0,-1362.0547343124636,-853.7836308344267,-393.2430005408824,-188.5582759659737,0.0,0.0,0.0,0.0,0.0,0.0,0.0,0.0,1750714453.239193,0.0,right_blink
359.6697978973388,126.0,-1322.6324488795362,-852.8897947450168,-403.7259401166812,-221.78728707227856,0.0,0.0,0.0,0.0,0.0,0.0,0.0,0.0,1750714453.3448489,0.0,right_blink
359.7704615592956,136.0,-1246.2749114842154,-849.1087558898143,-480.98479340132326,-243.75545941200107,0.0,0.0,0.0,0.0,0.0,0.0,0.0,0.0,1750714453.4355483,0.0,right_blink
359.8712358474731,146.0,-1278.9541572970338,-834.2688328656368,-494.145501345396,-195.15545948781076,0.0,0.0,0.0,0.0,0.0,0.0,0.0,0.0,1750714453.539072,0.0,right_blink
359.97173428535456,157.0,-1247.1089091743345,-795.1382596292533,-429.3554745130241,-125.29038841556758,0.0,0.0,0.0,0.0,0.0,0.0,0.0,0.0,1750714453.6457448,0.0,right_blink
360.0724408626556,166.0,-1307.8187051550483,-834.8859163583256,-497.6086487043649,-170.7862713765353,0.0,0.0,0.0,0.0,0.0,0.0,0.0,0.0,1750714453.735432,0.0,right_blink
360.17371845245356,176.0,-1444.6616445337422,-784.6964589529671,-431.6368134859949,-4.667395144701004,0.0,0.0,0.0,0.0,0.0,0.0,0.0,0.0,1750714453.84179,0.0,right_blink
360.2746589183807,187.0,-1442.9786895536818,-783.3987136683427,-334.934220331721,61.68964976910502,0.0,0.0,0.0,0.0,0.0,0.0,0.0,0.0,1750714453.9456384,0.0,right_blink
360.37519979476923,196.0,-1457.5306402812712,-831.9313953933306,-361.322954419069,-14.967079622671008,0.0,0.0,0.0,0.0,0.0,0.0,0.0,0.0,1750714454.035529,0.0,right_blink
360.4760735034942,107.0,-1397.9970428366214,-862.2133653345518,-397.3456707922742,-121.06617141561584,0.0,0.0,0.0,0.0,0.0,0.0,0.0,0.0,1750714454.1545682,0.0,right_blink
360.57655262947077,116.0,-1305.9842842267826,-802.3375670439564,-352.3097955258563,-134.7916042529978,0.0,0.0,0.0,0.0,0.0,0.0,0.0,0.0,1750714454.2442589,0.0,right_blink
360.6772751808166,127.0,-1317.2152037937194,-838.3490637172945,-424.29912977293134,-208.80048447614536,0.0,0.0,0.0,0.0,0.0,0.0,0.0,0.0,1750714454.350754,0.0,right_blink
360.77822542190546,136.0,-1235.1206598663705,-819.9225766356103,-413.25894510373473,-169.12762574618682,0.0,0.0,0.0,0.0,0.0,0.0,0.0,0.0,1750714454.4404483,0.0,right_blink
360.8791987895965,146.0,-1255.0169276306406,-798.9080787845887,-410.9439470311627,-150.11023447150365,0.0,0.0,0.0,0.0,0.0,0.0,0.0,0.0,1750714454.5440204,0.0,right_blink
360.9796023368835,157.0,-1311.6315331598744,-847.6015762076713,-463.3736045099795,-171.11351262265816,0.0,0.0,0.0,0.0,0.0,0.0,0.0,0.0,1750714454.6508052,0.0,right_blink
361.0804548263549,167.0,-1314.1484858300537,-836.7109875367023,-526.4245778629556,-120.12745652673766,0.0,0.0,0.0,0.0,0.0,0.0,0.0,0.0,1750714454.754897,0.0,right_blink
361.18143963813776,176.0,-1368.032964391634,-755.2110877023079,-371.3346666004509,25.287333550397307,0.0,0.0,0.0,0.0,0.0,0.0,0.0,0.0,1750714454.8443444,0.0,right_blink
361.28205871582026,187.0,-1494.7819137899205,-816.874558171723,-421.4755053063855,51.90794143499807,0.0,0.0,0.0,0.0,0.0,0.0,0.0,0.0,1750714454.9520648,0.0,right_blink
361.38301086425776,197.0,-1420.0998515747488,-865.8597677913494,-386.4102033218369,-65.10978827858344,0.0,0.0,0.0,0.0,0.0,0.0,0.0,0.0,1750714455.0542288,0.0,right_blink
361.4838201999664,107.0,-1308.862137242686,-838.571587764658,-369.416097923182,-198.41478229919448,0.0,0.0,0.0,0.0,0.0,0.0,0.0,0.0,1750714455.1594312,0.0,right_blink
361.58480095863337,116.0,-1273.5425220611503,-787.761306966655,-376.8771983347833,-145.31568272830918,0.0,0.0,0.0,0.0,0.0,0.0,0.0,0.0,1750714455.2492363,0.0,right_blink
361.6853466033935,127.0,-1276.7775355228223,-822.471318455413,-390.2847396759316,-189.218368308153,0.0,0.0,0.0,0.0,0.0,0.0,0.0,0.0,1750714455.3553884,0.0,right_blink
361.78603124618525,137.0,-1234.5428453232162,-830.7140579577535,-409.3021309506148,-187.09036523336545,0.0,0.0,0.0,0.0,0.0,0.0,0.0,0.0,1750714455.459205,0.0,right_blink
361.88692307472223,148.0,-1215.5553732481785,-864.9416223522276,-466.7469942700118,-174.41958418348804,0.0,0.0,0.0,0.0,0.0,0.0,0.0,0.0,1750714455.5655851,0.0,right_blink
361.9881246089935,157.0,-1232.6579357455485,-839.2260702569038,-424.9199531655759,-160.69789124606177,0.0,0.0,0.0,0.0,0.0,0.0,0.0,0.0,1750714455.6554704,0.0,right_blink
362.08852577209467,167.0,-1319.2029606201686,-748.4886175319552,-480.5285256067291,-49.72383986087516,0.0,0.0,0.0,0.0,0.0,0.0,0.0,0.0,1750714455.7592435,0.0,right_blink
362.1904668807983,176.0,-1464.1166041032411,-743.0844620959833,-322.644909077324,61.82241621753201,0.0,0.0,0.0,0.0,0.0,0.0,0.0,0.0,1750714455.849167,0.0,right_blink
362.29100871086115,188.0,-1463.2900862130336,-819.408340391703,-386.35036492254585,18.30868023307994,0.0,0.0,0.0,0.0,0.0,0.0,0.0,0.0,1750714455.9690769,0.0,right_blink
362.3912847042083,197.0,-1335.2172122304328,-825.8147890157998,-343.6033084290102,-93.77238153899089,0.0,0.0,0.0,0.0,0.0,0.0,0.0,0.0,1750714456.062158,0.0,right_blink
362.4919073581695,107.0,-1238.0209522820078,-815.4720956883393,-344.9758517127484,-143.98427834408358,0.0,0.0,0.0,0.0,0.0,0.0,0.0,0.0,1750714456.1639595,0.0,right_blink
362.59262609481806,116.0,-1293.5958656235598,-863.58590861829,-420.8397223139182,-217.7650246699341,0.0,0.0,0.0,0.0,0.0,0.0,0.0,0.0,1750714456.2539651,0.0,right_blink
362.6931054592132,127.0,-1242.710786826443,-788.4550584084354,-384.0652860496193,-158.77932256879285,0.0,0.0,0.0,0.0,0.0,0.0,0.0,0.0,1750714456.3605044,0.0,right_blink
362.7937676906585,137.0,-1248.6871469556354,-786.7384443287738,-397.39054959174246,-115.57599828066304,0.0,0.0,0.0,0.0,0.0,0.0,0.0,0.0,1750714456.4643896,0.0,right_blink
362.89454507827753,146.0,-1288.0047151898034,-860.5079709547572,-458.5229542674497,-169.66243143985048,0.0,0.0,0.0,0.0,0.0,0.0,0.0,0.0,1750714456.5540493,0.0,right_blink
362.995305776596,157.0,-1236.8915024953894,-787.9576517143287,-388.6504033952952,-142.66783355968073,0.0,0.0,0.0,0.0,0.0,0.0,0.0,0.0,1750714456.6605997,0.0,right_blink
363.09588670730585,167.0,-1378.2298016208224,-795.5571284242906,-271.2736432859674,67.02835695585236,0.0,0.0,0.0,0.0,0.0,0.0,0.0,0.0,1750714456.7641556,0.0,right_blink
363.19647836685175,178.0,-1579.799189532641,-847.1079094135202,-394.5669251251966,314.8341280198656,0.0,0.0,0.0,0.0,0.0,0.0,0.0,0.0,1750714456.870657,0.0,right_blink
363.29735875129694,188.0,-1430.7903555980884,-878.7138039390557,-384.7010690420866,28.185756016056985,0.0,0.0,0.0,0.0,0.0,0.0,0.0,0.0,1750714456.9740324,0.0,right_blink
363.39810657501215,197.0,-1253.7397517957725,-798.9342580842786,-340.192519669421,-174.2138896859251,0.0,0.0,0.0,0.0,0.0,0.0,0.0,0.0,1750714457.0640004,0.0,right_blink
363.4986939430236,105.0,-1241.5682473899797,-790.0089868400246,-372.5594838359393,-214.78058450529352,0.0,0.0,0.0,0.0,0.0,0.0,0.0,0.0,1750714457.1545188,0.0,right_blink
363.59915995597834,118.0,-1249.077966501005,-770.008001876995,-373.8908882201649,-217.1180219775997,0.0,0.0,0.0,0.0,0.0,0.0,0.0,0.0,1750714457.2757366,0.0,right_blink
363.69997072219843,127.0,-1291.5894092973322,-821.3456085687503,-443.87563609099016,-220.00522474339232,0.0,0.0,0.0,0.0,0.0,0.0,0.0,0.0,1750714457.3653605,0.0,right_blink
363.8006150722503,137.0,-1295.9351730458438,-839.7758355503902,-442.8957823025994,-188.1786761204712,0.0,0.0,0.0,0.0,0.0,0.0,0.0,0.0,1750714457.4693484,0.0,right_blink
363.90178108215326,146.0,-1272.2167275268584,-818.5967821013182,-416.1442779195495,-188.3282721186988,0.0,0.0,0.0,0.0,0.0,0.0,0.0,0.0,1750714457.5590177,0.0,right_blink
364.0021214485168,158.0,-1307.5139033086598,-742.1681866068393,-374.9679794074036,-86.0981068299152,0.0,0.0,0.0,0.0,0.0,0.0,0.0,0.0,1750714457.6795144,0.0,right_blink
364.10274672508234,167.0,-1532.5436836425215,-730.739052342251,-415.4972752272152,83.61855315929279,0.0,0.0,0.0,0.0,0.0,0.0,0.0,0.0,1750714457.7693436,0.0,right_blink
364.20345783233637,178.0,-1528.9496397851035,-899.4870782429352,-331.5402611219324,507.89524353249,0.0,0.0,0.0,0.0,0.0,0.0,0.0,0.0,1750714457.875648,0.0,right_blink
364.3039772510528,188.0,-1429.5131797632205,-849.5182749349624,-387.6911190566607,304.7850168389268,0.0,0.0,0.0,0.0,0.0,0.0,0.0,0.0,1750714457.9789755,0.0,right_blink
364.4046213626861,197.0,-1371.7392052477226,-842.0646543232724,-412.086486467626,-95.94526341324672,0.0,0.0,0.0,0.0,0.0,0.0,0.0,0.0,1750714458.0692506,0.0,right_blink
364.505546092987,107.0,-1302.616504316684,-804.85077981418,-387.4517654594965,-243.94058445980767,0.0,0.0,0.0,0.0,0.0,0.0,0.0,0.0,1750714458.1743,0.0,right_blink
364.60594439506525,115.0,-1307.089424663689,-829.1451699263416,-426.6421770951711,-255.3248399249278,0.0,0.0,0.0,0.0,0.0,0.0,0.0,0.0,1750714458.2507205,0.0,right_blink
364.7066459655761,124.0,-1232.010933053214,-786.88056052709,-386.0567827760242,-237.171365540009,0.0,0.0,0.0,0.0,0.0,0.0,0.0,0.0,1750714458.3403847,0.0,right_blink
364.80709218978876,137.0,-1281.452410467435,-828.1166974385269,-431.8593375333585,-234.77034976845607,0.0,0.0,0.0,0.0,0.0,0.0,0.0,0.0,1750714458.473987,0.0,right_blink
364.9081726074218,148.0,-1277.7611292111687,-814.4660626002587,-442.080484112259,-150.88439376233146,0.0,0.0,0.0,0.0,0.0,0.0,0.0,0.0,1750714458.580614,0.0,right_blink
365.00893616676325,158.0,-1332.0046381684951,-754.7660396075808,-509.1181908180006,-40.93133506504819,0.0,0.0,0.0,0.0,0.0,0.0,0.0,0.0,1750714458.683852,0.0,right_blink
365.10946846008295,167.0,-1456.2141954968683,-779.9916648087092,-457.1522809336893,46.32427080115304,0.0,0.0,0.0,0.0,0.0,0.0,0.0,0.0,1750714458.7742856,0.0,right_blink
365.21014213562006,178.0,-1417.3491551573388,-805.4042850076221,-367.7499724929221,-16.898737949784845,0.0,0.0,0.0,0.0,0.0,0.0,0.0,0.0,1750714458.8806224,0.0,right_blink
365.31096553802485,188.0,-1399.9623602633364,-815.1168051925488,-317.1042472929694,-46.47012689942494,0.0,0.0,0.0,0.0,0.0,0.0,0.0,0.0,1750714458.9846773,0.0,right_blink
365.4114925861358,199.0,-1342.1584665481932,-798.2573361922987,-348.78867971757427,-126.72837994853036,0.0,0.0,0.0,0.0,0.0,0.0,0.0,0.0,1750714459.0906112,0.0,right_blink
365.512404680252,107.0,-1293.7099325722083,-773.2448852886446,-347.45727533334866,-130.0587608590722,0.0,0.0,0.0,0.0,0.0,0.0,0.0,0.0,1750714459.1795793,0.0,right_blink
365.61331200599665,118.0,-1329.9944419423118,-846.4496870213188,-435.6254167887382,-208.3573063313961,0.0,0.0,0.0,0.0,0.0,0.0,0.0,0.0,1750714459.2854989,0.0,right_blink
365.7140522003173,125.0,-1283.533664792776,-805.8044543028809,-397.0259093460627,-162.0423852801323,0.0,0.0,0.0,0.0,0.0,0.0,0.0,0.0,1750714459.3590727,0.0,right_blink
365.8145446777343,137.0,-1242.1703712828455,-779.1875863182358,-397.1381063447334,-135.48535569477826,0.0,0.0,0.0,0.0,0.0,0.0,0.0,0.0,1750714459.4793828,0.0,right_blink
365.9154090881347,148.0,-1312.914318844676,-855.1225150185637,-470.3092489778064,-180.06122326664627,0.0,0.0,0.0,0.0,0.0,0.0,0.0,0.0,1750714459.5856712,0.0,right_blink
366.0161969661712,157.0,-1392.892079397105,-732.5136348712258,-301.3368290797807,14.166741032153368,0.0,0.0,0.0,0.0,0.0,0.0,0.0,0.0,1750714459.6755424,0.0,right_blink
366.11690425872797,168.0,-1513.9825601624325,-811.5339810349979,-374.7959440094419,46.434597849845886,0.0,0.0,0.0,0.0,0.0,0.0,0.0,0.0,1750714459.794954,0.0,right_blink
366.2178652286529,178.0,-1443.616342496127,-861.1287943474017,-373.3635623264127,-70.02588677033782,0.0,0.0,0.0,0.0,0.0,0.0,0.0,0.0,1750714459.8859143,0.0,right_blink
366.3182265758514,188.0,-1408.1471313163638,-855.590002513025,-396.5060632522218,-85.80826458334923,0.0,0.0,0.0,0.0,0.0,0.0,0.0,0.0,1750714459.989041,0.0,right_blink
366.41888475418085,197.0,-1278.78399184905,-786.3532346333377,-315.7653631088324,-121.44577126111837,0.0,0.0,0.0,0.0,0.0,0.0,0.0,0.0,1750714460.0792327,0.0,right_blink
366.5199296474456,109.0,-1317.1310560447164,-865.2595138484612,-407.06567077711225,-203.71609048638493,0.0,0.0,0.0,0.0,0.0,0.0,0.0,0.0,1750714460.2006712,0.0,right_blink
366.6208727359771,118.0,-1227.983060800936,-815.5712030371651,-378.6237316140905,-186.0525429956615,0.0,0.0,0.0,0.0,0.0,0.0,0.0,0.0,1750714460.290833,0.0,right_blink
366.72143316268915,128.0,-1179.427939676214,-803.9027151754126,-424.8713344661519,-172.8581759519875,0.0,0.0,0.0,0.0,0.0,0.0,0.0,0.0,1750714460.39404,0.0,right_blink
366.8221814632415,136.0,-1270.3187282993458,-827.8081556921825,-455.8676252989098,-195.4770908840001,0.0,0.0,0.0,0.0,0.0,0.0,0.0,0.0,1750714460.470692,0.0,right_blink
366.9231519699096,149.0,-1382.661583068315,-793.7713261954486,-518.0883408617228,-129.1724045695737,0.0,0.0,0.0,0.0,0.0,0.0,0.0,0.0,1750714460.604939,0.0,right_blink
367.02413082122797,158.0,-1578.5089240479283,-670.2461705589667,-304.8878640877083,93.72937268950044,0.0,0.0,0.0,0.0,0.0,0.0,0.0,0.0,1750714460.6943195,0.0,right_blink
367.124700307846,169.0,-1477.3820292460732,-839.7047774512321,-354.69959159754217,-50.39141200296581,0.0,0.0,0.0,0.0,0.0,0.0,0.0,0.0,1750714460.8005884,0.0,right_blink
367.22551536560053,178.0,-1361.3104942212813,-796.987640157342,-339.5642164768651,-19.31284337118268,0.0,0.0,0.0,0.0,0.0,0.0,0.0,0.0,1750714460.890498,0.0,right_blink
367.32596659660334,185.0,-1251.6902866200544,-822.3441618569195,-345.5779756056145,-117.59367430675776,0.0,0.0,0.0,0.0,0.0,0.0,0.0,0.0,1750714460.964244,0.0,right_blink
367.4269874095916,199.0,-1273.9052923568524,-870.689848584123,-422.88170768972486,-241.87428973428905,0.0,0.0,0.0,0.0,0.0,0.0,0.0,0.0,1750714461.10048,0.0,right_blink
367.52779412269587,109.0,-1247.1388283739798,-826.5515493070707,-392.379083651118,-224.05927629536015,0.0,0.0,0.0,0.0,0.0,0.0,0.0,0.0,1750714461.2062428,0.0,right_blink
367.62878417968744,118.0,-1236.2669392027892,-806.1952738482505,-398.6060170773417,-149.66518637677655,0.0,0.0,0.0,0.0,0.0,0.0,0.0,0.0,1750714461.2957995,0.0,right_blink
367.7295327186584,128.0,-1223.2894863565452,-803.5773438792676,-404.2009074110538,-138.79703710554168,0.0,0.0,0.0,0.0,0.0,0.0,0.0,0.0,1750714461.3993535,0.0,right_blink
367.83007121086115,137.0,-1383.458181758877,-796.6809683609754,-1491.6572273769416,27.445255824830383,0.0,0.0,0.0,0.0,0.0,0.0,0.0,0.0,1750714461.4893568,0.0,right_blink
367.9308402538299,147.0,-1401.6340955435298,-845.4604834830388,-1429.698304811027,-17.029634448233992,0.0,0.0,0.0,0.0,0.0,0.0,0.0,0.0,1750714461.595284,0.0,right_blink
368.03150200843805,158.0,-1373.1734568807296,-824.5469629308209,-1310.2571199261583,-5.342447086703032,0.0,0.0,0.0,0.0,0.0,0.0,0.0,0.0,1750714461.699334,0.0,right_blink
368.13228893280024,169.0,-1354.174765105825,-823.1893792469054,-1319.4348344174214,-121.47756041074172,0.0,0.0,0.0,0.0,0.0,0.0,0.0,0.0,1750714461.8058076,0.0,right_blink
368.23295712471,178.0,-1303.2635070090182,-795.5776978740469,-1373.1622371808626,-126.44414755189791,0.0,0.0,0.0,0.0,0.0,0.0,0.0,0.0,1750714461.8958862,0.0,right_blink
368.33338308334345,188.0,-1270.8011753936298,-807.721153030172,-1339.5031375796534,-172.1793841100298,0.0,0.0,0.0,0.0,0.0,0.0,0.0,0.0,1750714461.9992175,0.0,right_blink
368.43415951728815,199.0,-1267.121113837231,-810.3316031992435,-1388.5257461988367,-199.8546437821351,0.0,0.0,0.0,0.0,0.0,0.0,0.0,0.0,1750714462.1056352,0.0,right_blink
368.53496360778803,109.0,-1190.54666224448,-780.0197140583768,-418.9622925361618,-146.2600074671209,0.0,0.0,0.0,0.0,0.0,0.0,0.0,0.0,1750714462.2106712,0.0,right_blink
368.63570022583,118.0,-1290.989155354444,-839.3569667553529,-480.132096211426,-172.0092186620459,0.0,0.0,0.0,0.0,0.0,0.0,0.0,0.0,1750714462.3006203,0.0,right_blink
368.73621177673334,128.0,-1354.8442071978934,-822.3030229574069,-484.9752666540444,-107.95595212094486,0.0,0.0,0.0,0.0,0.0,0.0,0.0,0.0,1750714462.403914,0.0,right_blink
368.83663463592524,139.0,-1441.1872774749063,-780.9397294474766,-292.00764864031225,91.95292021054776,0.0,0.0,0.0,0.0,0.0,0.0,0.0,0.0,1750714462.5111375,0.0,right_blink
368.93732666969294,148.0,-1449.8937645717524,-873.0422456562519,-420.3310959199444,10.213666778989136,0.0,0.0,0.0,0.0,0.0,0.0,0.0,0.0,1750714462.6010203,0.0,right_blink
369.0381834506988,158.0,-1420.5243302197196,-849.9147043302655,-395.7001148117706,-27.17037317808717,0.0,0.0,0.0,0.0,0.0,0.0,0.0,0.0,1750714462.7044408,0.0,right_blink
369.13878679275507,167.0,-1334.7759040356614,-807.5752969319001,-307.5880718557164,-108.70393211208284,0.0,0.0,0.0,0.0,0.0,0.0,0.0,0.0,1750714462.7939696,0.0,right_blink
369.24021029472345,179.0,-1282.424784455914,-786.4972207816318,-342.33174244407564,-112.21195827051996,0.0,0.0,0.0,0.0,0.0,0.0,0.0,0.0,1750714462.9144268,0.0,right_blink
369.3411297798156,188.0,-1325.4785127458165,-850.2849544258788,-406.3476099856198,-211.45768339466304,0.0,0.0,0.0,0.0,0.0,0.0,0.0,0.0,1750714463.0045433,0.0,right_blink
369.4423773288726,199.0,-1244.0047922111116,-787.0806451747194,-395.0456323195249,-142.38173121307045,0.0,0.0,0.0,0.0,0.0,0.0,0.0,0.0,1750714463.1106513,0.0,right_blink
369.54294133186335,107.0,-1261.535573253408,-802.3600064436905,-417.3410459053703,-147.33896860433742,0.0,0.0,0.0,0.0,0.0,0.0,0.0,0.0,1750714463.1995833,0.0,right_blink
369.64352035522455,119.0,-1258.625931087881,-842.4891329682432,-471.3414613655768,-169.6886107395403,0.0,0.0,0.0,0.0,0.0,0.0,0.0,0.0,1750714463.319722,0.0,right_blink
369.74410080909723,128.0,-1326.5499940831214,-746.4335425063036,-463.78312355512753,-62.63023460796103,0.0,0.0,0.0,0.0,0.0,0.0,0.0,0.0,1750714463.4094143,0.0,right_blink
369.84467625617975,139.0,-1439.3902555461973,-837.8591368230991,-350.83814489329234,-26.27840703865513,0.0,0.0,0.0,0.0,0.0,0.0,0.0,0.0,1750714463.5156674,0.0,right_blink
369.94568777084345,148.0,-1401.5312482947484,-802.8050545384176,-355.9730275324546,-53.71431311359629,0.0,0.0,0.0,0.0,0.0,0.0,0.0,0.0,1750714463.6056604,0.0,right_blink
370.0468688011169,160.0,-1351.5961040863767,-772.5417840969749,-306.9391992134042,-44.51789912255481,0.0,0.0,0.0,0.0,0.0,0.0,0.0,0.0,1750714463.7257507,0.0,right_blink
370.14730334281916,167.0,-1349.5615985104814,-798.4555508899502,-341.93344309879467,-91.94357046065852,0.0,0.0,0.0,0.0,0.0,0.0,0.0,0.0,1750714463.799278,0.0,right_blink
370.24829101562494,179.0,-1355.930648135021,-865.6316338940524,-411.74615557165816,-183.477621876169,0.0,0.0,0.0,0.0,0.0,0.0,0.0,0.0,1750714463.9193394,0.0,right_blink
370.3487849235534,188.0,-1266.2478471975774,-810.2811145498417,-394.3631005776115,-176.19229676248506,0.0,0.0,0.0,0.0,0.0,0.0,0.0,0.0,1750714464.0094748,0.0,right_blink
370.4494836330413,200.0,-1238.344453628175,-800.1123265703209,-380.9405996366404,-145.72707172343507,0.0,0.0,0.0,0.0,0.0,0.0,0.0,0.0,1750714464.129856,0.0,right_blink
370.55013990402216,109.0,-1277.0860772691667,-845.193080636207,-442.5909804562107,-181.40945720067248,0.0,0.0,0.0,0.0,0.0,0.0,0.0,0.0,1750714464.2215123,0.0,right_blink
370.65110039710993,119.0,-1303.4486320568249,-828.1952353375964,-468.45612854976207,-154.1979451230727,0.0,0.0,0.0,0.0,0.0,0.0,0.0,0.0,1750714464.3249855,0.0,right_blink
370.7516560554504,128.0,-1304.222791347653,-751.4973670463078,-442.9574906518683,-31.390850278083235,0.0,0.0,0.0,0.0,0.0,0.0,0.0,0.0,1750714464.4141667,0.0,right_blink
370.8525278568267,139.0,-1488.5961192632094,-798.4518109899946,-389.1852090889588,1.452951132785529,0.0,0.0,0.0,0.0,0.0,0.0,0.0,0.0,1750714464.5208013,0.0,right_blink
370.953336238861,149.0,-1450.3706018161029,-816.9904950703494,-384.9142433395609,-7.171258165035397,0.0,0.0,0.0,0.0,0.0,0.0,0.0,0.0,1750714464.6241283,0.0,right_blink
371.05391049385065,160.0,-1393.5615214891732,-848.3196369991638,-341.95775244850665,-59.82156974123791,0.0,0.0,0.0,0.0,0.0,0.0,0.0,0.0,1750714464.730806,0.0,right_blink
371.15439271926874,169.0,-1384.2229912998157,-811.1076324400492,-406.5046857837588,-104.3637782135047,0.0,0.0,0.0,0.0,0.0,0.0,0.0,0.0,1750714464.820779,0.0,right_blink
371.25481772422785,179.0,-1296.0735493442044,-832.9449082813226,-407.8959285672754,-197.3376911119558,0.0,0.0,0.0,0.0,0.0,0.0,0.0,0.0,1750714464.9242296,0.0,right_blink
371.3559777736663,188.0,-1216.4922181870788,-798.3059548917226,-392.7119347471744,-167.39979196665809,0.0,0.0,0.0,0.0,0.0,0.0,0.0,0.0,1750714465.0144813,0.0,right_blink
371.45701408386225,0.0,-1286.162814461626,-839.9759201980196,-462.4012305215001,-209.46431671828032,0.0,0.0,0.0,0.0,0.0,0.0,0.0,0.0,1750714465.1359284,0.0,right_blink
371.55778503417963,108.0,-1276.5213523758575,-846.3449698225595,-461.63829093053937,-164.89966884627938,0.0,0.0,0.0,0.0,0.0,0.0,0.0,0.0,1750714465.2254634,0.0,right_blink
371.65826678276056,119.0,-1266.419882595539,-777.8823612337001,-416.7520116623491,-125.38014601450412,0.0,0.0,0.0,0.0,0.0,0.0,0.0,0.0,1750714465.329082,0.0,right_blink
371.7589004039764,128.0,-1389.4962502373382,-799.7196370749734,-468.9722347436473,-82.48723342269659,0.0,0.0,0.0,0.0,0.0,0.0,0.0,0.0,1750714465.419352,0.0,right_blink
371.8598260879516,139.0,-1390.2180509287864,-780.07768250769,-381.3949974812567,31.175806030631065,0.0,0.0,0.0,0.0,0.0,0.0,0.0,0.0,1750714465.5258343,0.0,right_blink
371.961370229721,151.0,-1368.1489012902605,-804.5291484179907,-364.5504880808294,22.046710238792,0.0,0.0,0.0,0.0,0.0,0.0,0.0,0.0,1750714465.6454992,0.0,right_blink
372.06254100799555,160.0,-1405.9106711428612,-849.1872937888838,-410.7120732339099,-98.5613234322518,0.0,0.0,0.0,0.0,0.0,0.0,0.0,0.0,1750714465.7355833,0.0,right_blink
372.1639158725738,170.0,-1351.154795891605,-870.1681325403042,-399.0473252721131,-146.5517196636647,0.0,0.0,0.0,0.0,0.0,0.0,0.0,0.0,1750714465.839297,0.0,right_blink
372.2653675079345,179.0,-1244.1038995599374,-818.153603956569,-332.7837778571993,-155.80049225408584,0.0,0.0,0.0,0.0,0.0,0.0,0.0,0.0,1750714465.9290464,0.0,right_blink
372.3662054538726,190.0,-1274.198874503374,-870.4037462375127,-428.8393683191389,-212.9162443773821,0.0,0.0,0.0,0.0,0.0,0.0,0.0,0.0,1750714466.0357518,0.0,right_blink
372.46680140495295,199.0,-1216.7128722844643,-826.198128761258,-375.3924580523744,-147.46051535289735,0.0,0.0,0.0,0.0,0.0,0.0,0.0,0.0,1750714466.126042,0.0,right_blink
372.5677268505096,110.0,-1268.3066621231849,-786.338275033515,-412.8643856584095,-129.92786436062306,0.0,0.0,0.0,0.0,0.0,0.0,0.0,0.0,1750714466.244367,0.0,right_blink
372.66860651969904,119.0,-1479.3604363226332,-751.3702104478143,-365.483593119774,26.62808768451214,0.0,0.0,0.0,0.0,0.0,0.0,0.0,0.0,1750714466.3342216,0.0,right_blink
372.7690227031707,130.0,-1409.6374814487062,-804.1289791227318,-325.5788605925627,9.177714491263032,0.0,0.0,0.0,0.0,0.0,0.0,0.0,0.0,1750714466.4407208,0.0,right_blink
372.86939144134516,139.0,-1360.577473829966,-830.5177132100798,-413.7844010475092,-18.13851478509605,0.0,0.0,0.0,0.0,0.0,0.0,0.0,0.0,1750714466.5304704,0.0,right_blink
372.9698367118835,151.0,-1381.6929489797913,-844.5460779438727,-440.5508650303818,-115.4619313320145,0.0,0.0,0.0,0.0,0.0,0.0,0.0,0.0,1750714466.6509583,0.0,right_blink
373.0707669258117,160.0,-1311.3379510133527,-783.346355068963,-318.66752547444776,-159.28981891274452,0.0,0.0,0.0,0.0,0.0,0.0,0.0,0.0,1750714466.7415934,0.0,right_blink
373.17182040214533,170.0,-1281.2093169703148,-793.9377517434768,-353.7515269587748,-170.50577887985855,0.0,0.0,0.0,0.0,0.0,0.0,0.0,0.0,1750714466.8439069,0.0,right_blink
373.2723369598388,179.0,-1268.523576320615,-830.0277863158844,-406.7608689307235,-165.7822852358222,0.0,0.0,0.0,0.0,0.0,0.0,0.0,0.0,1750714466.934507,0.0,right_blink
373.3731455802917,191.0,-1236.0350654055364,-876.5072629651986,-472.8860400472768,-222.2211154671386,0.0,0.0,0.0,0.0,0.0,0.0,0.0,0.0,1750714467.054677,0.0,right_blink
373.47403526306147,199.0,-1231.0048999651335,-827.8287251419388,-450.4728196128272,-183.0830624308437,0.0,0.0,0.0,0.0,0.0,0.0,0.0,0.0,1750714467.1307583,0.0,right_blink
373.574845790863,107.0,-1394.4273083289154,-772.3416994493455,-514.2661631070077,-46.4308579498902,0.0,0.0,0.0,0.0,0.0,0.0,0.0,0.0,1750714467.219082,0.0,right_blink
373.6756711006164,119.0,-1457.5231604813598,-805.0658240616322,-339.69137307535857,-5.8940823301672935,0.0,0.0,0.0,0.0,0.0,0.0,0.0,0.0,1750714467.3391051,0.0,right_blink
373.7760815620422,130.0,-1387.5720717101358,-813.8134500579908,-390.7933660699055,18.42274718172848,0.0,0.0,0.0,0.0,0.0,0.0,0.0,0.0,1750714467.4455729,0.0,right_blink
373.87677526473993,140.0,-1347.816935181152,-823.0584827484563,-350.70911834482104,-85.62500948552042,0.0,0.0,0.0,0.0,0.0,0.0,0.0,0.0,1750714467.549394,0.0,right_blink
373.9775967597961,149.0,-1335.5126643269325,-863.0230536749586,-370.82604020647705,-238.7103343717754,0.0,0.0,0.0,0.0,0.0,0.0,0.0,0.0,1750714467.6394386,0.0,right_blink
374.0788476467132,160.0,-1300.6455770400353,-805.3051776587963,-383.7960132528096,-149.3641244303435,0.0,0.0,0.0,0.0,0.0,0.0,0.0,0.0,1750714467.7457175,0.0,right_blink
374.17949366569513,170.0,-1270.303768699523,-811.8724419809878,-393.4150359388441,-148.04767964594066,0.0,0.0,0.0,0.0,0.0,0.0,0.0,0.0,1750714467.8490624,0.0,right_blink
374.2800045013427,181.0,-1280.214503582101,-789.0852315509692,-425.050849664025,-166.77335872408003,0.0,0.0,0.0,0.0,0.0,0.0,0.0,0.0,1750714467.955613,0.0,right_blink
374.38118124008173,191.0,-1300.3426451436244,-774.2565282266587,-518.9559976514429,-99.48133882135151,0.0,0.0,0.0,0.0,0.0,0.0,0.0,0.0,1750714468.0593684,0.0,right_blink
374.48216295242304,0.0,-1533.4973581312224,-793.0831846036017,-378.2908805180341,15.140984970610589,0.0,0.0,0.0,0.0,0.0,0.0,0.0,0.0,1750714468.152204,0.0,right_blink
374.5827844142913,110.0,-1459.6492936061695,-856.6652237502858,-386.2007689243183,-29.52090030023828,0.0,0.0,0.0,0.0,0.0,0.0,0.0,0.0,1750714468.254349,0.0,right_blink
374.6835317611694,121.0,-1345.5187666583806,-799.3175978297368,-362.81891440134495,-44.7422931198962,0.0,0.0,0.0,0.0,0.0,0.0,0.0,0.0,1750714468.3604956,0.0,right_blink
374.7847120761871,131.0,-1323.961983313784,-804.8713492639363,-297.5763596743345,-111.53316642856224,0.0,0.0,0.0,0.0,0.0,0.0,0.0,0.0,1750714468.4643912,0.0,right_blink
374.8854267597198,140.0,-1367.236365701072,-873.11330375541,-400.8985757501796,-192.4421620699577,0.0,0.0,0.0,0.0,0.0,0.0,0.0,0.0,1750714468.5542216,0.0,right_blink
374.986676454544,151.0,-1275.2348267911002,-794.6165435854346,-371.7161363959312,-149.92697937367484,0.0,0.0,0.0,0.0,0.0,0.0,0.0,0.0,1750714468.6607428,0.0,right_blink
375.08742141723627,160.0,-1325.7047766931355,-847.7418224560097,-436.4276253292337,-183.9974679700099,0.0,0.0,0.0,0.0,0.0,0.0,0.0,0.0,1750714468.750723,0.0,right_blink
375.1881356239318,172.0,-1285.5045920694247,-831.5293561480939,-417.9001609487459,-192.1467099734582,0.0,0.0,0.0,0.0,0.0,0.0,0.0,0.0,1750714468.8710763,0.0,right_blink
375.28906464576716,181.0,-1260.8885705610735,-803.3716493817046,-391.0439393669367,-118.7773526427336,0.0,0.0,0.0,0.0,0.0,0.0,0.0,0.0,1750714468.9609256,0.0,right_blink
375.3898231983184,191.0,-1322.9222911261022,-735.1109953904524,-485.24453945085406,10.458630226086823,0.0,0.0,0.0,0.0,0.0,0.0,0.0,0.0,1750714469.0643845,0.0,right_blink
375.4907481670379,0.0,-1431.4354883404449,-816.4145504771732,-325.4816231937148,-23.467872221954167,0.0,0.0,0.0,0.0,0.0,0.0,0.0,0.0,1750714469.1557188,0.0,right_blink
375.5913796424865,110.0,-1404.429670760408,-798.9454777841456,-354.4882872500457,-43.25942278746516,0.0,0.0,0.0,0.0,0.0,0.0,0.0,0.0,1750714469.2590232,0.0,right_blink
375.69217729568476,120.0,-1357.22465351969,-822.5031076050363,-357.9289952092804,-108.6814927123487,0.0,0.0,0.0,0.0,0.0,0.0,0.0,0.0,1750714469.3650236,0.0,right_blink
375.7929861545562,131.0,-1350.85560389515,-855.2122726175003,-401.1921578967013,-163.6355826612562,0.0,0.0,0.0,0.0,0.0,0.0,0.0,0.0,1750714469.4693384,0.0,right_blink
375.8936614990234,140.0,-1291.510871398263,-797.2475632042624,-371.9685796429403,-177.85094239283353,0.0,0.0,0.0,0.0,0.0,0.0,0.0,0.0,1750714469.5593596,0.0,right_blink
375.9946205615997,151.0,-1336.0680394703522,-841.8757893755101,-440.150695735123,-166.3806692287326,0.0,0.0,0.0,0.0,0.0,0.0,0.0,0.0,1750714469.6657414,0.0,right_blink
376.09515452384943,161.0,-1322.458543531597,-840.5930036907084,-449.4929658244364,-157.16555573791263,0.0,0.0,0.0,0.0,0.0,0.0,0.0,0.0,1750714469.769467,0.0,right_blink
376.19614410400385,172.0,-1206.6787207033483,-795.3925728262402,-404.4795299577527,-136.24081548582762,0.0,0.0,0.0,0.0,0.0,0.0,0.0,0.0,1750714469.8757727,0.0,right_blink
376.29702877998346,181.0,-1309.4549113856629,-822.9855546993203,-486.0729272910394,-131.82399363815784,0.0,0.0,0.0,0.0,0.0,0.0,0.0,0.0,1750714469.9656668,0.0,right_blink
376.39748382568354,191.0,-1493.3682316066695,-731.2308491864242,-547.9645316577516,12.49874565191567,0.0,0.0,0.0,0.0,0.0,0.0,0.0,0.0,1750714470.0695553,0.0,right_blink
376.49899029731745,101.0,-1474.9043455254289,-793.730187295936,-343.4780217804946,-25.50050784787163,0.0,0.0,0.0,0.0,0.0,0.0,0.0,0.0,1750714470.174323,0.0,right_blink
376.59929537773127,112.0,-1397.33882044442,-850.5018686233088,-357.7008613119833,-45.6323893093504,0.0,0.0,0.0,0.0,0.0,0.0,0.0,0.0,1750714470.2808392,0.0,right_blink
376.70091724395746,121.0,-1351.3417908893898,-862.6752429790795,-356.1301033305936,-131.29479779442772,0.0,0.0,0.0,0.0,0.0,0.0,0.0,0.0,1750714470.3707304,0.0,right_blink
376.8016407489776,131.0,-1330.4918486364186,-839.5813607526943,-378.4647858659737,-159.99852995434776,0.0,0.0,0.0,0.0,0.0,0.0,0.0,0.0,1750714470.4743123,0.0,right_blink
376.9024472236633,140.0,-1251.7407752694562,-802.1636616960168,-373.5318578244187,-136.28756423527375,0.0,0.0,0.0,0.0,0.0,0.0,0.0,0.0,1750714470.5643134,0.0,right_blink
377.00340318679804,152.0,-1284.9062080765143,-840.3779594432563,-445.8690027673729,-147.92239299742505,0.0,0.0,0.0,0.0,0.0,0.0,0.0,0.0,1750714470.684465,0.0,right_blink
377.104254245758,161.0,-1259.9984743716195,-834.0650083180517,-437.2597530693747,-174.66641758056358,0.0,0.0,0.0,0.0,0.0,0.0,0.0,0.0,1750714470.7742329,0.0,right_blink
377.2049040794372,172.0,-1242.7425759760663,-843.6578517043963,-457.1148819341324,-144.33208903996274,0.0,0.0,0.0,0.0,0.0,0.0,0.0,0.0,1750714470.880818,0.0,right_blink
377.3055002689361,181.0,-1234.4699172740802,-835.1121803056449,-439.9375214376487,-176.05018056416884,0.0,0.0,0.0,0.0,0.0,0.0,0.0,0.0,1750714470.9706223,0.0,right_blink
377.4065268039703,191.0,-1283.14845509734,-815.5225843377411,-470.4738045758568,-113.22734110848978,0.0,0.0,0.0,0.0,0.0,0.0,0.0,0.0,1750714471.07411,0.0,right_blink
377.50721788406366,101.0,-1426.6502863471396,-721.8212608979084,-356.7191375736147,81.66445543244481,0.0,0.0,0.0,0.0,0.0,0.0,0.0,0.0,1750714471.1792588,0.0,right_blink
377.6079287528991,110.0,-1448.259428291116,-844.6246158429421,-422.85552839003503,7.169388215057552,0.0,0.0,0.0,0.0,0.0,0.0,0.0,0.0,1750714471.2722228,0.0,right_blink
377.7084567546844,121.0,-1349.9112791563384,-819.2082557440735,-340.6001687645912,-34.422039192169905,0.0,0.0,0.0,0.0,0.0,0.0,0.0,0.0,1750714471.375644,0.0,right_blink
377.8092489242553,131.0,-1292.1560041406192,-813.3665320132859,-323.7369598643854,-100.99973820336164,0.0,0.0,0.0,0.0,0.0,0.0,0.0,0.0,1750714471.4792943,0.0,right_blink
377.91002511978144,140.0,-1334.248578141909,-839.8712029992603,-471.664962711744,-175.61822211928666,0.0,0.0,0.0,0.0,0.0,0.0,0.0,0.0,1750714471.5692906,0.0,right_blink
378.01071715354914,151.0,-1261.5337033034302,-789.7789829927497,-369.4235777230933,-144.57331258710474,0.0,0.0,0.0,0.0,0.0,0.0,0.0,0.0,1750714471.675598,0.0,right_blink
378.11117506027216,161.0,-1216.277173939627,-802.8349737380631,-392.9251090446487,-150.5496727162972,0.0,0.0,0.0,0.0,0.0,0.0,0.0,0.0,1750714471.77937,0.0,right_blink
378.21229481697077,170.0,-1281.9610368614085,-857.7180055878125,-470.24380072858185,-167.7831317121163,0.0,0.0,0.0,0.0,0.0,0.0,0.0,0.0,1750714471.869727,0.0,right_blink
378.3128905296325,182.0,-1440.6562116811983,-785.915666338522,-315.2885258644819,-124.7593226218596,0.0,0.0,0.0,0.0,0.0,0.0,0.0,0.0,1750714471.9893808,0.0,right_blink
378.41360259056086,191.0,-1449.5571735757403,-743.172349744942,-303.7471946012229,52.73632927518338,0.0,0.0,0.0,0.0,0.0,0.0,0.0,0.0,1750714472.0791645,0.0,right_blink
378.5141665935516,101.0,-1403.2890012739226,-861.5906719919294,-307.5095339566469,-51.466633240226656,0.0,0.0,0.0,0.0,0.0,0.0,0.0,0.0,1750714472.184342,0.0,right_blink
378.6147713661193,110.0,-1385.3711405862125,-841.1745581338182,-376.37979164067656,-64.87043468141928,0.0,0.0,0.0,0.0,0.0,0.0,0.0,0.0,1750714472.2742054,0.0,right_blink
378.7156689167022,122.0,-1264.1011446230114,-808.0203450266272,-350.9484719419852,-146.88270080974326,0.0,0.0,0.0,0.0,0.0,0.0,0.0,0.0,1750714472.3944683,0.0,right_blink
378.8159506320953,131.0,-1276.0164658818394,-845.049094487913,-426.2663171496242,-194.67862224346027,0.0,0.0,0.0,0.0,0.0,0.0,0.0,0.0,1750714472.4841504,0.0,right_blink
378.9168176651,142.0,-1233.6433993838727,-786.1718494854867,-416.4079408664256,-140.10226219007745,0.0,0.0,0.0,0.0,0.0,0.0,0.0,0.0,1750714472.5906868,0.0,right_blink
379.0175182819366,151.0,-1297.6405674256384,-832.4344119373709,-448.013835391961,-142.83612905768678,0.0,0.0,0.0,0.0,0.0,0.0,0.0,0.0,1750714472.6805255,0.0,right_blink
379.11841511726374,163.0,-1299.3983204048127,-858.4229767294601,-469.5593990366906,-188.8144591129385,0.0,0.0,0.0,0.0,0.0,0.0,0.0,0.0,1750714472.8004837,0.0,right_blink
379.21888470649714,172.0,-1241.4710099911315,-775.483215412125,-417.0886026583612,-106.38332418957724,0.0,0.0,0.0,0.0,0.0,0.0,0.0,0.0,1750714472.890596,0.0,right_blink
379.31911921501154,182.0,-1366.7875777063891,-756.7201373344287,-265.2337048575282,-53.45626001665369,0.0,0.0,0.0,0.0,0.0,0.0,0.0,0.0,1750714472.9939728,0.0,right_blink
379.42017841339106,191.0,-1437.778358665295,-821.8729344625026,-385.20221563614905,-22.66566368145868,0.0,0.0,0.0,0.0,0.0,0.0,0.0,0.0,1750714473.0844536,0.0,right_blink
379.520616531372,101.0,-1415.610101677943,-828.6645927820355,-373.5374676743522,-94.76532497722656,0.0,0.0,0.0,0.0,0.0,0.0,0.0,0.0,1750714473.1894157,0.0,right_blink
379.6218800544738,112.0,-1367.5935261468403,-808.7047467185184,-380.46376239228994,-85.74094638414681,0.0,0.0,0.0,0.0,0.0,0.0,0.0,0.0,1750714473.2958145,0.0,right_blink
379.72251939773554,121.0,-1381.696688879747,-848.6132191456854,-385.2732737353072,-156.86636374145746,0.0,0.0,0.0,0.0,0.0,0.0,0.0,0.0,1750714473.387143,0.0,right_blink
379.823292016983,131.0,-1325.5869698445313,-842.0534346234053,-426.44209244754165,-180.00138486735523,0.0,0.0,0.0,0.0,0.0,0.0,0.0,0.0,1750714473.4920568,0.0,right_blink
379.92369604110706,142.0,-1288.0271545895375,-836.2416300922632,-424.243031273596,-149.85779122449458,0.0,0.0,0.0,0.0,0.0,0.0,0.0,0.0,1750714473.5957012,0.0,right_blink
380.0246095657348,152.0,-1256.593295461964,-814.1650006538257,-439.4008457940072,-144.91364348307252,0.0,0.0,0.0,0.0,0.0,0.0,0.0,0.0,1750714473.6990907,0.0,right_blink
380.1254124641418,161.0,-1303.6711561041884,-836.4061856903136,-462.15813702438027,-171.42579426895827,0.0,0.0,0.0,0.0,0.0,0.0,0.0,0.0,1750714473.789426,0.0,right_blink
380.22587084770197,172.0,-1320.934534299653,-771.5114416591823,-445.8708727173507,-17.412974193692207,0.0,0.0,0.0,0.0,0.0,0.0,0.0,0.0,1750714473.8954136,0.0,right_blink
380.32657098770136,181.0,-1454.819212813396,-821.7121187644079,-324.65697525348514,-104.04027686733752,0.0,0.0,0.0,0.0,0.0,0.0,0.0,0.0,1750714473.9858255,0.0,right_blink
380.4273037910461,193.0,-1386.337904724758,-813.2973438641056,-348.40533997211605,-55.724509339779615,0.0,0.0,0.0,0.0,0.0,0.0,0.0,0.0,1750714474.105554,0.0,right_blink
380.5282683372497,101.0,-1331.6624373225495,-784.7375978524797,-361.6576754651032,-34.66139278933406,0.0,0.0,0.0,0.0,0.0,0.0,0.0,0.0,1750714474.1944797,0.0,right_blink
380.6287605762481,111.0,-1333.057420006022,-796.600560511928,-322.680438126903,-102.25634458847344,0.0,0.0,0.0,0.0,0.0,0.0,0.0,0.0,1750714474.3002992,0.0,right_blink
380.72968149185175,121.0,-1294.4242534637451,-781.259490893688,-348.08557852590457,-103.58026917278768,0.0,0.0,0.0,0.0,0.0,0.0,0.0,0.0,1750714474.3906748,0.0,right_blink
380.8304200172424,131.0,-1272.3513639252633,-802.2926882444881,-371.2654784512706,-114.2352441465482,0.0,0.0,0.0,0.0,0.0,0.0,0.0,0.0,1750714474.4956002,0.0,right_blink
380.93090939521784,142.0,-1318.2848151810467,-849.703399982769,-458.1732736215927,-169.69796048942953,0.0,0.0,0.0,0.0,0.0,0.0,0.0,0.0,1750714474.6006155,0.0,right_blink
381.0320265293121,152.0,-1307.3456078106535,-858.7988366750069,-465.10330823948607,-180.83912245742977,0.0,0.0,0.0,0.0,0.0,0.0,0.0,0.0,1750714474.704264,0.0,right_blink
381.13262438774103,161.0,-1255.9668622193858,-789.1544197001494,-420.16093047196046,-111.65845307707788,0.0,0.0,0.0,0.0,0.0,0.0,0.0,0.0,1750714474.794371,0.0,right_blink
381.23569607734674,172.0,-1349.531679310836,-811.9865089296363,-514.2680330569856,-120.18916487600654,0.0,0.0,0.0,0.0,0.0,0.0,0.0,0.0,1750714474.901091,0.0,right_blink
381.3368027210235,183.0,-1421.0348265636712,-767.4891792568378,-368.8794222795405,51.2104500932619,0.0,0.0,0.0,0.0,0.0,0.0,0.0,0.0,1750714475.0199168,0.0,right_blink
381.4374139308929,193.0,-1385.2926026871428,-805.9203912015073,-295.70079984655604,-48.74585602246225,0.0,0.0,0.0,0.0,0.0,0.0,0.0,0.0,1750714475.1109784,0.0,right_blink
381.53831863403315,103.0,-1412.4648458152078,-872.3615838643163,-343.48363163042814,-139.02330105286092,0.0,0.0,0.0,0.0,0.0,0.0,0.0,0.0,1750714475.2157197,0.0,right_blink
381.64059734344477,112.0,-1350.3899863506667,-793.5394523981959,-358.9181987475604,-104.61996136046946,0.0,0.0,0.0,0.0,0.0,0.0,0.0,0.0,1750714475.305809,0.0,right_blink
381.74173903465265,122.0,-1322.6062695798464,-805.742745953612,-340.8021233621985,-135.86682549025863,0.0,0.0,0.0,0.0,0.0,0.0,0.0,0.0,1750714475.4090283,0.0,right_blink
381.842583656311,133.0,-1332.150494266767,-842.6555585162714,-449.5920731732622,-189.26137715764344,0.0,0.0,0.0,0.0,0.0,0.0,0.0,0.0,1750714475.5163217,0.0,right_blink
381.9432654380798,143.0,-1286.2095632110722,-853.310533490032,-449.6481716725975,-204.8418003730476,0.0,0.0,0.0,0.0,0.0,0.0,0.0,0.0,1750714475.6192925,0.0,right_blink
382.04408454895014,152.0,-1216.7895402335562,-810.2194062005728,-398.662115576677,-176.60929560754448,0.0,0.0,0.0,0.0,0.0,0.0,0.0,0.0,1750714475.7091432,0.0,right_blink
382.1448092460632,163.0,-1286.9575432022102,-836.256589692086,-488.7937045088038,-175.3788685221225,0.0,0.0,0.0,0.0,0.0,0.0,0.0,0.0,1750714475.8154256,0.0,right_blink
382.24514794349665,173.0,-1355.0199824958108,-791.0748583273962,-501.816036154516,-97.54407064430416,0.0,0.0,0.0,0.0,0.0,0.0,0.0,0.0,1750714475.9199705,0.0,right_blink
382.34570169448847,182.0,-1441.153618375305,-745.7210915647447,-347.15247348695993,98.72213913034648,0.0,0.0,0.0,0.0,0.0,0.0,0.0,0.0,1750714476.009484,0.0,right_blink
382.4465403556823,193.0,-1448.52496118797,-849.0246081408113,-411.07110362965614,-66.74225460924208,0.0,0.0,0.0,0.0,0.0,0.0,0.0,0.0,1750714476.1162317,0.0,right_blink
382.5474169254302,102.0,-1364.2294861366972,-778.6415609247051,-396.6201302008704,-29.2927664029412,0.0,0.0,0.0,0.0,0.0,0.0,0.0,0.0,1750714476.2196994,0.0,right_blink
382.6478700637816,113.0,-1362.7522256541995,-825.1285173739307,-361.8315808130428,-107.5539128757082,0.0,0.0,0.0,0.0,0.0,0.0,0.0,0.0,1750714476.3242724,0.0,right_blink
382.7488045692443,122.0,-1287.441860246472,-798.530348889064,-366.1212460622192,-152.23075774637982,0.0,0.0,0.0,0.0,0.0,0.0,0.0,0.0,1750714476.4141572,0.0,right_blink
382.85080480575556,134.0,-1272.5794978225604,-854.2062395294197,-443.48107664566487,-202.30801815306768,0.0,0.0,0.0,0.0,0.0,0.0,0.0,0.0,1750714476.5341375,0.0,right_blink
382.9517619609832,142.0,-1229.0956810377538,-815.6852699858136,-417.9151205485687,-159.17575196409598,0.0,0.0,0.0,0.0,0.0,0.0,0.0,0.0,1750714476.6110756,0.0,right_blink
383.05225491523737,154.0,-1254.2614678395912,-835.4543811515905,-471.6013844124973,-179.8087800196372,0.0,0.0,0.0,0.0,0.0,0.0,0.0,0.0,1750714476.7306223,0.0,right_blink
383.1528613567352,163.0,-1274.6962811974809,-806.2569821975194,-451.7686949474737,-164.5051094009541,0.0,0.0,0.0,0.0,0.0,0.0,0.0,0.0,1750714476.820676,0.0,right_blink
383.25754332542414,173.0,-1318.3147343806922,-739.4810684886761,-533.1414381833747,-93.360992543865,0.0,0.0,0.0,0.0,0.0,0.0,0.0,0.0,1750714476.9242513,0.0,right_blink
383.3592944145202,182.0,-1478.876119278371,-769.8340965290554,-310.632350419648,11.41604461474344,0.0,0.0,0.0,0.0,0.0,0.0,0.0,0.0,1750714477.0142355,0.0,right_blink
383.46021986007685,193.0,-1393.5353421894831,-791.4955970724113,-417.66454725153744,-15.765548263210803,0.0,0.0,0.0,0.0,0.0,0.0,0.0,0.0,1750714477.12052,0.0,right_blink
383.56099963188166,103.0,-1328.0590437152423,-789.5209298958071,-357.32313141645864,-90.98802602197976,0.0,0.0,0.0,0.0,0.0,0.0,0.0,0.0,1750714477.2256095,0.0,right_blink
383.66202020645136,113.0,-1123.2434226418843,-796.974550507497,-405.8969520409592,-190.31976884510368,0.0,0.0,0.0,0.0,0.0,0.0,0.0,0.0,1750714477.3293417,0.0,right_blink
383.7630243301391,121.0,-1166.6225222279318,-802.6853777398355,-386.0156438765116,-201.3861328139901,0.0,0.0,0.0,0.0,0.0,0.0,0.0,0.0,1750714477.4055908,0.0,right_blink
383.86380958557123,134.0,-1166.0951963341795,-857.157020594459,-466.5431697224267,-234.90311621688303,0.0,0.0,0.0,0.0,0.0,0.0,0.0,0.0,1750714477.5393136,0.0,right_blink
383.9641325473785,143.0,-1145.346231380012,-809.2152430624701,-429.9332890561782,-145.11185818072408,0.0,0.0,0.0,0.0,0.0,0.0,0.0,0.0,1750714477.629559,0.0,right_blink
384.0651447772979,155.0,-1200.6855310243554,-842.8556431639008,-468.4766979995184,-161.2644860893488,0.0,0.0,0.0,0.0,0.0,0.0,0.0,0.0,1750714477.7491803,0.0,right_blink
384.16652226448053,163.0,-1173.848008942325,-790.2389906872995,-445.7119269692339,-106.99479783233257,0.0,0.0,0.0,0.0,0.0,0.0,0.0,0.0,1750714477.8259168,0.0,right_blink
384.26693558692926,175.0,-1263.4634916805662,-797.2737425039522,-516.3212381326593,58.37609840836376,0.0,0.0,0.0,0.0,0.0,0.0,0.0,0.0,1750714477.946248,0.0,right_blink
384.3679873943329,184.0,-1302.5716255172156,-855.1748736179434,-358.7442933996208,-41.03418231382966,0.0,0.0,0.0,0.0,0.0,0.0,0.0,0.0,1750714478.036514,0.0,right_blink
384.4685320854186,193.0,-1286.8303866037168,-805.864292702172,-404.801161353942,-15.453266616910696,0.0,0.0,0.0,0.0,0.0,0.0,0.0,0.0,1750714478.1254735,0.0,right_blink
384.5700244903564,104.0,-1264.5218833680265,-815.3374592899345,-358.2655862052925,-101.53454389702527,0.0,0.0,0.0,0.0,0.0,0.0,0.0,0.0,1750714478.24412,0.0,right_blink
384.6710002422332,115.0,-1346.1078009014018,-835.0841310559772,-432.6559362239204,-152.13913019746542,0.0,0.0,0.0,0.0,0.0,0.0,0.0,0.0,1750714478.3508167,0.0,right_blink
384.7713341712951,124.0,-1383.8620909540914,-797.6215531998314,-287.73481294093654,-61.67469016928226,0.0,0.0,0.0,0.0,0.0,0.0,0.0,0.0,1750714478.4408884,0.0,right_blink
384.87197995185846,134.0,-1354.5824142009951,-781.3866474921815,-348.2987528233789,-88.61318955011666,0.0,0.0,0.0,0.0,0.0,0.0,0.0,0.0,1750714478.5447354,0.0,right_blink
384.9729554653167,143.0,-1397.5763040916063,-848.0690637021326,-409.93604399310425,-150.21308172028512,0.0,0.0,0.0,0.0,0.0,0.0,0.0,0.0,1750714478.6340885,0.0,right_blink
385.07459354400635,155.0,-1397.553864691872,-831.9762741927989,-427.0386064904742,-149.7418543258682,0.0,0.0,0.0,0.0,0.0,0.0,0.0,0.0,1750714478.7544303,0.0,right_blink
385.17640304565424,164.0,-1365.401944772806,-788.1072477125563,-194.5701651447453,-134.61021910514685,0.0,0.0,0.0,0.0,0.0,0.0,0.0,0.0,1750714478.8443856,0.0,right_blink
385.2771322727203,175.0,-1493.4112404561602,-799.001576283481,-460.0058245998807,19.234305472113192,0.0,0.0,0.0,0.0,0.0,0.0,0.0,0.0,1750714478.9506607,0.0,right_blink
385.37860274314875,184.0,-1407.120528778527,-790.6466397824697,-245.77687533805147,-0.602123892866075,0.0,0.0,0.0,0.0,0.0,0.0,0.0,0.0,1750714479.042225,0.0,right_blink
385.47931313514704,196.0,-1354.451517702546,-804.8582596140914,-400.8256477010437,-78.34716417174786,0.0,0.0,0.0,0.0,0.0,0.0,0.0,0.0,1750714479.1604335,0.0,right_blink
385.5811262130737,104.0,-1369.6168120228683,-818.2527113053948,-451.2731582033448,-97.5795996938832,0.0,0.0,0.0,0.0,0.0,0.0,0.0,0.0,1750714479.249258,0.0,right_blink
385.68143773078907,114.0,-1372.2497015916742,-820.6724265767261,-405.3621463472955,-122.16944190254436,0.0,0.0,0.0,0.0,0.0,0.0,0.0,0.0,1750714479.354865,0.0,right_blink
385.7822329998016,124.0,-1315.1489090682007,-838.1190598700196,-434.5632852013223,-152.99743723729625,0.0,0.0,0.0,0.0,0.0,0.0,0.0,0.0,1750714479.4459243,0.0,right_blink
385.88310098648066,134.0,-1315.9081087592058,-831.9557047430426,-431.081438342575,-125.62884936155751,0.0,0.0,0.0,0.0,0.0,0.0,0.0,0.0,1750714479.5491104,0.0,right_blink
385.9834992885589,145.0,-1360.940244125668,-743.7651238879189,-405.9567904402502,-27.830465520266443,0.0,0.0,0.0,0.0,0.0,0.0,0.0,0.0,1750714479.6560812,0.0,right_blink
386.0851562023162,155.0,-1327.1988667254336,-803.2370129832998,-335.60553237376735,-105.44460930069908,0.0,0.0,0.0,0.0,0.0,0.0,0.0,0.0,1750714479.758999,0.0,right_blink
386.18576693534845,164.0,-1288.105692488607,-848.594519645907,-442.286178609822,-117.05325876316056,0.0,0.0,0.0,0.0,0.0,0.0,0.0,0.0,1750714479.8492773,0.0,right_blink
386.2865550518036,176.0,-1299.3141726558097,-856.265054455027,-490.6991835362278,-151.47155805537477,0.0,0.0,0.0,0.0,0.0,0.0,0.0,0.0,1750714479.9693716,0.0,right_blink
386.38723134994495,185.0,-1251.7538649193011,-792.5408991100267,-418.53781389119104,-123.97581358114256,0.0,0.0,0.0,0.0,0.0,0.0,0.0,0.0,1750714480.0593307,0.0,right_blink
386.4886810779571,196.0,-1330.16086749034,-852.0688867047429,-482.8753128289245,-149.55298937810585,0.0,0.0,0.0,0.0,0.0,0.0,0.0,0.0,1750714480.165805,0.0,right_blink
386.5901665687561,104.0,-1373.257604629733,-845.5240617822856,-249.3970984951593,-166.60319327609614,0.0,0.0,0.0,0.0,0.0,0.0,0.0,0.0,1750714480.2543182,0.0,right_blink
386.6906368732452,116.0,-1383.8751806039363,-781.5904720397666,-265.3702112059109,-41.813951454591006,0.0,0.0,0.0,0.0,0.0,0.0,0.0,0.0,1750714480.3745456,0.0,right_blink
386.7918884754181,125.0,-1366.993272203952,-801.5615378031507,-416.7464018124156,-39.76822617882863,0.0,0.0,0.0,0.0,0.0,0.0,0.0,0.0,1750714480.4644053,0.0,right_blink
386.8926584720611,134.0,-1371.986038644798,-851.814573507756,-413.4478100514971,-121.86651000613348,0.0,0.0,0.0,0.0,0.0,0.0,0.0,0.0,1750714480.5549426,0.0,right_blink
386.9935853481292,145.0,-1324.9605366019532,-824.195412334986,-398.3199147307314,-123.0370986922644,0.0,0.0,0.0,0.0,0.0,0.0,0.0,0.0,1750714480.6607723,0.0,right_blink
387.09412121772766,155.0,-1313.83059433382,-823.4175131442025,-419.5438469792716,-120.53510562190786,0.0,0.0,0.0,0.0,0.0,0.0,0.0,0.0,1750714480.7650003,0.0,right_blink
387.195449590683,166.0,-1265.443768707104,-817.6206682128832,-393.9891105820425,-147.00237760832533,0.0,0.0,0.0,0.0,0.0,0.0,0.0,0.0,1750714480.8707676,0.0,right_blink
387.29618334770197,176.0,-1248.0083551136777,-808.637428519316,-420.9276099628769,-143.32231605192646,0.0,0.0,0.0,0.0,0.0,0.0,0.0,0.0,1750714480.974992,0.0,right_blink
387.39708876609797,185.0,-1313.8044150341302,-781.766247337684,-602.8924423069693,-38.72853399114683,0.0,0.0,0.0,0.0,0.0,0.0,0.0,0.0,1750714481.0646324,0.0,right_blink
387.4981343746185,196.0,-1392.3647535033524,-769.151564787142,-395.0624618693255,89.79686788609251,0.0,0.0,0.0,0.0,0.0,0.0,0.0,0.0,1750714481.1706376,0.0,right_blink
387.59925031661976,104.0,-1367.9375969427638,-824.1093946360052,-234.867587167304,-11.03083491930738,0.0,0.0,0.0,0.0,0.0,0.0,0.0,0.0,1750714481.2590468,0.0,right_blink
387.6999773979186,116.0,-1347.6822987827472,-807.2424458358437,-344.78698676498607,-58.46398605732247,0.0,0.0,0.0,0.0,0.0,0.0,0.0,0.0,1750714481.3790934,0.0,right_blink
387.80045747756947,125.0,-1365.147631575819,-848.2093099504709,-423.8409920283593,-195.34432443557307,0.0,0.0,0.0,0.0,0.0,0.0,0.0,0.0,1750714481.469215,0.0,right_blink
387.9008591175079,134.0,-1285.7869545160793,-778.0226074820384,-381.9802918243222,-148.16922639450058,0.0,0.0,0.0,0.0,0.0,0.0,0.0,0.0,1750714481.559156,0.0,right_blink
388.00108933448786,145.0,-1308.7611599438824,-854.503561575897,-458.6145818163641,-208.35169648146257,0.0,0.0,0.0,0.0,0.0,0.0,0.0,0.0,1750714481.665516,0.0,right_blink
389.8887386322021,104.0,37.29428235813975,12.951273546554148,17.958999587222934,14.245278931222856,0.0,0.0,0.0,0.0,0.0,0.0,0.0,0.0,1750714596.41127,0.0,nothing
389.99054336547846,113.0,8.141762203536928,-16.713612901978195,-16.96418619900942,40.12538662459701,0.0,0.0,0.0,0.0,0.0,0.0,0.0,0.0,1750714596.5013392,0.0,nothing
390.09112048149103,123.0,11.174821067601442,-16.14888800866902,-17.558830291964114,28.864547858014703,0.0,0.0,0.0,0.0,0.0,0.0,0.0,0.0,1750714596.604762,0.0,nothing
390.19188213348383,132.0,-17.386794894002378,-34.24626389425248,-19.29788377135992,-10.239846078678966,0.0,0.0,0.0,0.0,0.0,0.0,0.0,0.0,1750714596.694594,0.0,nothing
390.2931292057037,144.0,29.638707148842517,21.79987684171647,36.37426696904004,22.858268529176712,0.0,0.0,0.0,0.0,0.0,0.0,0.0,0.0,1750714596.8148105,0.0,nothing
390.394498348236,153.0,6.327910725027323,-20.030904162675142,-3.321031160652637,15.460746416822076,0.0,0.0,0.0,0.0,0.0,0.0,0.0,0.0,1750714596.9046776,0.0,nothing
390.49523687362665,162.0,-9.817237383686006,-29.37317425198853,-2.7862254669889808,-19.75789146590978,0.0,0.0,0.0,0.0,0.0,0.0,0.0,0.0,1750714596.994682,0.0,nothing
390.5961666107177,174.0,35.69360517710447,6.268072325736284,41.5764678074047,21.216452448628843,0.0,0.0,0.0,0.0,0.0,0.0,0.0,0.0,1750714597.114653,0.0,nothing
390.69683670997614,183.0,18.235752183943987,-8.635428997687995,4.394382447935641,25.27798380050808,0.0,0.0,0.0,0.0,0.0,0.0,0.0,0.0,1750714597.204804,0.0,nothing
390.79739856719965,194.0,45.37246626242995,-18.811696777120236,64.76010763272643,5.710827232338488,0.0,0.0,0.0,0.0,0.0,0.0,0.0,0.0,1750714597.3115509,0.0,nothing
390.89794230461115,102.0,-1275.262876040768,-787.1666628737003,-388.2820232496597,-174.8459327784367,0.0,0.0,0.0,0.0,0.0,0.0,0.0,0.0,1750714597.399888,0.0,nothing
390.9989438056945,114.0,-1290.1962965638377,-799.0146659333259,-420.733135165181,-145.33064232813194,0.0,0.0,0.0,0.0,0.0,0.0,0.0,0.0,1750714597.5199416,0.0,nothing
391.09973454475397,123.0,-1360.685930928681,-846.5749736698344,-478.9147587758489,-219.81448984565213,0.0,0.0,0.0,0.0,0.0,0.0,0.0,0.0,1750714597.6097124,0.0,nothing
391.20052504539484,134.0,-1303.9366890010424,-773.6955432333052,-424.8545049163513,-137.6788070187904,0.0,0.0,0.0,0.0,0.0,0.0,0.0,0.0,1750714597.7163205,0.0,nothing
391.3012280464172,143.0,-1365.3982048728503,-840.7856085384265,-489.3902185517363,-197.42370881093663,0.0,0.0,0.0,0.0,0.0,0.0,0.0,0.0,1750714597.8068676,0.0,nothing
391.4025611877441,153.0,-1373.7082625743933,-837.2588828802109,-490.5196683383547,-226.8268022625707,0.0,0.0,0.0,0.0,0.0,0.0,0.0,0.0,1750714597.9097784,0.0,nothing
391.5040011405944,164.0,-1305.2493938854896,-779.8327190605924,-437.7309804637917,-136.8261098288931,0.0,0.0,0.0,0.0,0.0,0.0,0.0,0.0,1750714598.0162785,0.0,nothing
391.6046571731567,174.0,-1322.1013830858285,-744.801076175645,-477.0784678976052,-109.79411294916645,0.0,0.0,0.0,0.0,0.0,0.0,0.0,0.0,1750714598.119989,0.0,nothing
391.70532536506647,183.0,-1382.6541032684036,-814.3594754515216,-518.4679407072254,-169.59137334069237,0.0,0.0,0.0,0.0,0.0,0.0,0.0,0.0,1750714598.2098672,0.0,nothing
391.8058393001556,194.0,-1313.7763657844623,-774.8661319194362,-439.5036930427887,-119.02792593976484,0.0,0.0,0.0,0.0,0.0,0.0,0.0,0.0,1750714598.3151152,0.0,nothing
391.90639615058893,102.0,-1331.1538109285757,-788.2456240109168,-459.6673636538908,-152.66832604119554,0.0,0.0,0.0,0.0,0.0,0.0,0.0,0.0,1750714598.40486,0.0,both_blink
392.00753641128534,114.0,-1371.9935184447097,-833.2927189772017,-486.4525271365419,-193.8109654537402,0.0,0.0,0.0,0.0,0.0,0.0,0.0,0.0,1750714598.5249124,0.0,both_blink
392.10812687873835,123.0,-1319.4292245674878,-770.6157356197946,-427.8595145307481,-161.3149747387506,0.0,0.0,0.0,0.0,0.0,0.0,0.0,0.0,1750714598.6151528,0.0,both_blink
392.20867395400995,134.0,-1362.8008443536237,-839.4485943042673,-477.39448944386095,-194.83195814164355,0.0,0.0,0.0,0.0,0.0,0.0,0.0,0.0,1750714598.7202294,0.0,both_blink
392.3094670772552,143.0,-1318.7186435759068,-799.267109180335,-418.4162671426311,-171.53612131765112,0.0,0.0,0.0,0.0,0.0,0.0,0.0,0.0,1750714598.811386,0.0,both_blink
392.4100766181945,153.0,-1311.6090937601402,-805.9540503011085,-425.3575214603916,-168.78729485021904,0.0,0.0,0.0,0.0,0.0,0.0,0.0,0.0,1750714598.9148476,0.0,both_blink
392.51072859764093,163.0,-1315.5846074130386,-778.0805759313516,-430.1184141039848,-159.9798304545693,0.0,0.0,0.0,0.0,0.0,0.0,0.0,0.0,1750714599.0206628,0.0,both_blink
392.6116387844085,174.0,-1368.597689284943,-830.7346274075098,-490.3008841909468,-188.35071151843292,0.0,0.0,0.0,0.0,0.0,0.0,0.0,0.0,1750714599.12501,0.0,both_blink
392.71220493316645,185.0,-1221.9936110218987,-707.8826537630521,-399.3764364682138,-80.03198910178617,0.0,0.0,0.0,0.0,0.0,0.0,0.0,0.0,1750714599.2314136,0.0,both_blink
392.8126924037933,194.0,-1659.1430370425803,-644.468910114374,-442.5760208563879,30.09310499345884,0.0,0.0,0.0,0.0,0.0,0.0,0.0,0.0,1750714599.321303,0.0,both_blink
392.9135973453521,104.0,-2045.2783577176745,-586.9772980455309,-211.62784884264693,91.8014542623423,0.0,0.0,0.0,0.0,0.0,0.0,0.0,0.0,1750714599.4249125,0.0,both_blink
393.01446008682245,114.0,-2074.999342665542,-629.6981752393767,-143.44199285050854,47.36022308887914,0.0,0.0,0.0,0.0,0.0,0.0,0.0,0.0,1750714599.5298998,0.0,both_blink
393.1153235435485,123.0,-1776.5179272019304,-673.6494795186445,-151.2022852585651,18.907064225990325,0.0,0.0,0.0,0.0,0.0,0.0,0.0,0.0,1750714599.619898,0.0,both_blink
393.21594476699823,134.0,-1600.4060382884927,-771.6909568570554,-237.8782066316344,-108.6983222621493,0.0,0.0,0.0,0.0,0.0,0.0,0.0,0.0,1750714599.726365,0.0,both_blink
393.31644630432123,143.0,-1388.581844698172,-771.9078710544854,-261.2937202542089,-94.94297022512184,0.0,0.0,0.0,0.0,0.0,0.0,0.0,0.0,1750714599.8163216,0.0,both_blink
393.4172513484954,153.0,-1079.4267547610216,-839.6038001524284,-356.3357978281565,-186.6303575388156,0.0,0.0,0.0,0.0,0.0,0.0,0.0,0.0,1750714599.9198158,0.0,both_blink
393.51795220375055,164.0,-238.1773986280896,-1163.037828120403,-437.46544756693766,-636.0915342136286,0.0,0.0,0.0,0.0,0.0,0.0,0.0,0.0,1750714600.0262916,0.0,both_blink
393.6188459396362,174.0,-477.4150588936173,-1083.4564969632777,-477.33278109459206,-552.7852627006359,0.0,0.0,0.0,0.0,0.0,0.0,0.0,0.0,1750714600.1302202,0.0,both_blink
393.71970033645624,183.0,-687.6348354029469,-979.5732958940788,-476.96627089893445,-385.1704264865257,0.0,0.0,0.0,0.0,0.0,0.0,0.0,0.0,1750714600.2212417,0.0,both_blink
393.8205649852752,195.0,-1098.3169894372113,-806.1616147486493,-583.7591141336598,-118.23506714915855,0.0,0.0,0.0,0.0,0.0,0.0,0.0,0.0,1750714600.3397903,0.0,both_blink
393.9217076301574,104.0,-1161.618536087219,-735.225062339101,-517.42263866961,-51.9883492840454,0.0,0.0,0.0,0.0,0.0,0.0,0.0,0.0,1750714600.4314172,0.0,both_blink
394.02242302894587,114.0,-1294.2540880157612,-733.7964205560274,-461.1633236361668,-55.19344354607165,0.0,0.0,0.0,0.0,0.0,0.0,0.0,0.0,1750714600.5348427,0.0,both_blink
394.1230368614196,123.0,-1731.9308399301954,-758.659275461454,-415.7721578739584,-47.8370603332296,0.0,0.0,0.0,0.0,0.0,0.0,0.0,0.0,1750714600.6249168,0.0,both_blink
394.22396707534784,135.0,-1909.3890928276812,-712.0825614132918,-327.31604412198067,-31.79662942327559,0.0,0.0,0.0,0.0,0.0,0.0,0.0,0.0,1750714600.7450264,0.0,both_blink
394.32475137710566,144.0,-1646.739658839535,-694.8416226175614,-308.16027654893696,-12.270611754618583,0.0,0.0,0.0,0.0,0.0,0.0,0.0,0.0,1750714600.8349712,0.0,both_blink
394.425374507904,155.0,-820.203069132287,-1025.639513598289,-435.96013783477247,-447.68098429590464,0.0,0.0,0.0,0.0,0.0,0.0,0.0,0.0,1750714600.9415083,0.0,both_blink
394.52578854560846,164.0,-798.0441618948244,-956.5411220169626,-412.92609400767833,-397.10631719511,0.0,0.0,0.0,0.0,0.0,0.0,0.0,0.0,1750714601.0313344,0.0,both_blink
394.6262533664703,174.0,-911.056458755862,-929.1089558419771,-412.3725888142362,-355.8365211840719,0.0,0.0,0.0,0.0,0.0,0.0,0.0,0.0,1750714601.1347406,0.0,both_blink
394.72664237022394,185.0,-1159.8794826078229,-820.7528344257735,-539.951796002686,-228.2909730952233,0.0,0.0,0.0,0.0,0.0,0.0,0.0,0.0,1750714601.2413552,0.0,both_blink
394.8272855281829,195.0,-1369.478435724508,-752.3762435358949,-566.8379367841408,-79.67856855597347,0.0,0.0,0.0,0.0,0.0,0.0,0.0,0.0,1750714601.3446736,0.0,both_blink
394.92773556709284,104.0,-1423.2133182878606,-752.1125805890188,-532.1746740448289,-66.24110801517963,0.0,0.0,0.0,0.0,0.0,0.0,0.0,0.0,1750714601.4364223,0.0,both_blink
395.0281498432159,113.0,-1515.629986092914,-751.8657471919432,-437.7347203637473,-65.24629462696612,0.0,0.0,0.0,0.0,0.0,0.0,0.0,0.0,1750714601.5261972,0.0,both_blink
395.1292774677276,125.0,-1599.2055304027162,-700.7824536971748,-300.4579525901936,-50.76166209857911,0.0,0.0,0.0,0.0,0.0,0.0,0.0,0.0,1750714601.6448276,0.0,both_blink
395.22965764999384,134.0,-1510.8391742496751,-767.3152739088982,-412.85690585849807,-108.6104346131906,0.0,0.0,0.0,0.0,0.0,0.0,0.0,0.0,1750714601.7363172,0.0,both_blink
395.33050131797785,144.0,-1144.7141882875003,-886.8836153922603,-453.33384307892993,-224.53611353971064,0.0,0.0,0.0,0.0,0.0,0.0,0.0,0.0,1750714601.839908,0.0,both_blink
395.431261062622,155.0,-931.0462240190244,-940.6708565549924,-370.51375856017694,-382.1579370722175,0.0,0.0,0.0,0.0,0.0,0.0,0.0,0.0,1750714601.946421,0.0,both_blink
395.5317957401275,165.0,-1015.4931650185026,-924.4097715476528,-376.1610074932687,-355.00626339390874,0.0,0.0,0.0,0.0,0.0,0.0,0.0,0.0,1750714602.0501835,0.0,both_blink
395.63261985778803,174.0,-1136.1834764885716,-915.1909181568772,-460.0581831992604,-323.32183096930385,0.0,0.0,0.0,0.0,0.0,0.0,0.0,0.0,1750714602.1400127,0.0,both_blink
395.7335095405578,185.0,-1196.2350500770845,-795.9816070692614,-429.4919808614068,-208.92203122470528,0.0,0.0,0.0,0.0,0.0,0.0,0.0,0.0,1750714602.2464805,0.0,both_blink
395.8344810009002,194.0,-1390.066584980581,-681.8174210218713,-558.9373981277458,-50.55596760101616,0.0,0.0,0.0,0.0,0.0,0.0,0.0,0.0,1750714602.3365307,0.0,both_blink
395.93483161926264,105.0,-1441.781921567861,-692.1732039991766,-505.81398920714855,-10.22301652887836,0.0,0.0,0.0,0.0,0.0,0.0,0.0,0.0,1750714602.455025,0.0,both_blink
396.03528642654413,114.0,-1625.3025522935204,-720.8582366593182,-478.9315883256495,-60.315236535388976,0.0,0.0,0.0,0.0,0.0,0.0,0.0,0.0,1750714602.5450938,0.0,both_blink
396.13584470748896,125.0,-1767.7366421059703,-656.2552048247308,-388.7102417945862,19.22121582226828,0.0,0.0,0.0,0.0,0.0,0.0,0.0,0.0,1750714602.6516173,0.0,both_blink
396.23638296127314,134.0,-1902.6011744081045,-680.8899258328602,-412.62316211126745,-35.07465173443779,0.0,0.0,0.0,0.0,0.0,0.0,0.0,0.0,1750714602.7430067,0.0,both_blink
396.33709192275995,144.0,-1029.7646232494153,-911.3500409023836,-490.9441469833255,-296.3852015384473,0.0,0.0,0.0,0.0,0.0,0.0,0.0,0.0,1750714602.8450408,0.0,both_blink
396.43788218498224,154.0,-936.3681016559711,-1008.927770646289,-456.7876406880096,-448.17278114007786,0.0,0.0,0.0,0.0,0.0,0.0,0.0,0.0,1750714602.9506853,0.0,both_blink
396.5384426116943,165.0,-1008.2601985041985,-916.2231305446476,-444.60304663237184,-325.9865096877329,0.0,0.0,0.0,0.0,0.0,0.0,0.0,0.0,1750714603.055064,0.0,both_blink
396.6389393806457,174.0,-1139.29133335175,-919.3758662072942,-495.1066556340084,-344.5139740682207,0.0,0.0,0.0,0.0,0.0,0.0,0.0,0.0,1750714603.1449206,0.0,both_blink
396.7396824359893,185.0,-1211.617258594837,-801.0192523095757,-458.4444163683802,-183.12981118028983,0.0,0.0,0.0,0.0,0.0,0.0,0.0,0.0,1750714603.251322,0.0,both_blink
396.84044384956354,194.0,-1583.3558343905024,-661.390087463893,-588.8921268228441,5.398545586038381,0.0,0.0,0.0,0.0,0.0,0.0,0.0,0.0,1750714603.3410845,0.0,both_blink
396.94100093841547,105.0,-1691.0556033644823,-680.9235849324614,-484.7564825066365,-7.107679865788668,0.0,0.0,0.0,0.0,0.0,0.0,0.0,0.0,1750714603.459957,0.0,both_blink
397.0416448116302,114.0,-1677.1169962296262,-648.5248316163197,-369.94903366686776,30.055705993901935,0.0,0.0,0.0,0.0,0.0,0.0,0.0,0.0,1750714603.5497096,0.0,both_blink
397.14243221282953,125.0,-1709.8486006418243,-751.024269701913,-416.765101312194,-68.28496334096417,0.0,0.0,0.0,0.0,0.0,0.0,0.0,0.0,1750714603.65614,0.0,both_blink
397.2431066036224,134.0,-1525.0676236310974,-724.7851316127926,-364.0175523371436,-55.094336197245866,0.0,0.0,0.0,0.0,0.0,0.0,0.0,0.0,1750714603.746142,0.0,both_blink
397.34344124794,146.0,-1214.3754348121583,-790.4914339343086,-407.804301018361,-131.4518735925667,0.0,0.0,0.0,0.0,0.0,0.0,0.0,0.0,1750714603.8647993,0.0,both_blink
397.4442870616912,155.0,-830.6467397585511,-1021.097405102104,-458.9362132125534,-459.9721655002795,0.0,0.0,0.0,0.0,0.0,0.0,0.0,0.0,1750714603.9563737,0.0,both_blink
397.54482364654535,165.0,-922.091033575125,-1041.7865316569803,-441.3175445212983,-455.540384052787,0.0,0.0,0.0,0.0,0.0,0.0,0.0,0.0,1750714604.0598032,0.0,both_blink
397.64530467987055,174.0,-981.6863393690436,-920.9728034883738,-401.9326580879279,-349.79845270561054,0.0,0.0,0.0,0.0,0.0,0.0,0.0,0.0,1750714604.149734,0.0,both_blink
397.7461388111114,185.0,-1164.0700405081734,-927.977636105381,-508.3664709269069,-334.86503218254074,0.0,0.0,0.0,0.0,0.0,0.0,0.0,0.0,1750714604.256194,0.0,both_blink
397.8466713428497,195.0,-1334.1232914933937,-744.3074093814939,-606.2658320670016,-113.42181590618566,0.0,0.0,0.0,0.0,0.0,0.0,0.0,0.0,1750714604.3598711,0.0,both_blink
397.9469649791717,105.0,-1375.2266619564034,-710.5828615310602,-535.9744123998098,-77.53373593138531,0.0,0.0,0.0,0.0,0.0,0.0,0.0,0.0,1750714604.4648688,0.0,both_blink
398.0474770069122,114.0,-1383.3946034596302,-699.8343890584074,-497.3973443568684,-37.85713730147109,0.0,0.0,0.0,0.0,0.0,0.0,0.0,0.0,1750714604.5546916,0.0,both_blink
398.1478126049041,125.0,-2004.539627500344,-652.3002606215887,-281.3021850171499,14.250888781156393,0.0,0.0,0.0,0.0,0.0,0.0,0.0,0.0,1750714604.6627295,0.0,both_blink
398.24840974807734,134.0,-2595.12218910316,-550.481484327931,-161.66652533458546,167.93459766032174,0.0,0.0,0.0,0.0,0.0,0.0,0.0,0.0,1750714604.7511995,0.0,both_blink
398.34918045997614,144.0,-2495.7231280808337,-567.8757590218447,-182.93159648263827,171.56230061734095,0.0,0.0,0.0,0.0,0.0,0.0,0.0,0.0,1750714604.8548973,0.0,both_blink
398.4497680664062,154.0,-1387.7815061076544,-782.0112107847817,-421.7354283533059,-77.11860703630373,0.0,0.0,0.0,0.0,0.0,0.0,0.0,0.0,1750714604.9617963,0.0,both_blink
398.55031585693354,165.0,-532.3167902431451,-999.7818453046492,-542.0854089274071,-396.0273560578935,0.0,0.0,0.0,0.0,0.0,0.0,0.0,0.0,1750714605.0650165,0.0,both_blink
398.65078997611994,174.0,-456.0602301466279,-1049.6496713138183,-503.0819922895171,-497.42726355651394,0.0,0.0,0.0,0.0,0.0,0.0,0.0,0.0,1750714605.1547549,0.0,both_blink
398.75112366676325,186.0,-752.1780288382433,-1027.4234458771534,-570.0112418965437,-419.6897030775435,0.0,0.0,0.0,0.0,0.0,0.0,0.0,0.0,1750714605.2746923,0.0,both_blink
398.85212731361383,195.0,-881.567347605247,-916.0567049966194,-542.3060630247928,-309.70298528065905,0.0,0.0,0.0,0.0,0.0,0.0,0.0,0.0,1750714605.3649137,0.0,both_blink
398.95285677909845,105.0,-1315.315334616229,-654.7293256428093,-555.5004300684668,13.807710636407135,0.0,0.0,0.0,0.0,0.0,0.0,0.0,0.0,1750714605.4699476,0.0,both_blink
399.0535721778869,114.0,-1705.6374732917177,-689.611372529529,-534.7514651142992,11.387995365075769,0.0,0.0,0.0,0.0,0.0,0.0,0.0,0.0,1750714605.5596788,0.0,both_blink
399.15396952629084,125.0,-1717.8744259467348,-640.2521729143336,-405.4182448466309,45.07701416593045,0.0,0.0,0.0,0.0,0.0,0.0,0.0,0.0,1750714605.6664016,0.0,both_blink
399.2544009685516,132.0,-1792.8145412588492,-688.1715110465884,-415.3626388288103,36.28824927005917,0.0,0.0,0.0,0.0,0.0,0.0,0.0,0.0,1750714605.7401235,0.0,both_blink
399.3549909591674,146.0,-1520.2805516878143,-755.8524805447087,-452.4250473896973,-102.46203908603638,0.0,0.0,0.0,0.0,0.0,0.0,0.0,0.0,1750714605.8763156,0.0,both_blink
399.4558990001678,155.0,-842.1992907216772,-918.2651159204544,-457.4514729301445,-266.1985990460962,0.0,0.0,0.0,0.0,0.0,0.0,0.0,0.0,1750714605.96616,0.0,both_blink
399.5564439296722,166.0,-816.8539887219667,-1008.217189654708,-456.673573739361,-475.5469788657501,0.0,0.0,0.0,0.0,0.0,0.0,0.0,0.0,1750714606.0740485,0.0,both_blink
399.656965970993,173.0,-881.5430382555351,-948.7976591587068,-412.8082871590741,-383.9044703515247,0.0,0.0,0.0,0.0,0.0,0.0,0.0,0.0,1750714606.1464107,0.0,both_blink
399.7583117485046,186.0,-1077.1098867384717,-927.7869012076408,-484.7003840073012,-340.0541433710605,0.0,0.0,0.0,0.0,0.0,0.0,0.0,0.0,1750714606.279854,0.0,both_blink
399.8594596385955,196.0,-1286.8771353531629,-736.3451623758301,-567.1053396309726,-104.76955735869706,0.0,0.0,0.0,0.0,0.0,0.0,0.0,0.0,1750714606.37404,0.0,both_blink
399.9599797725677,105.0,-1610.5149878687223,-661.2461013155989,-562.8923423308879,34.48748744139448,0.0,0.0,0.0,0.0,0.0,0.0,0.0,0.0,1750714606.474635,0.0,both_blink
400.06032109260553,114.0,-1628.0663383607753,-648.2387292697094,-483.303531373851,16.876298550050706,0.0,0.0,0.0,0.0,0.0,0.0,0.0,0.0,1750714606.5649247,0.0,both_blink
400.1609506607055,125.0,-1594.6316327569075,-737.8803913076408,-497.2234390089288,-29.53212000010535,0.0,0.0,0.0,0.0,0.0,0.0,0.0,0.0,1750714606.6717613,0.0,both_blink
400.2612650394439,135.0,-1599.0484546045773,-731.0288945888169,-474.9635544726625,-46.12605610350147,0.0,0.0,0.0,0.0,0.0,0.0,0.0,0.0,1750714606.7752569,0.0,both_blink
400.36211395263666,146.0,-1429.4477315139957,-713.6907183942385,-401.6989143406972,-57.0091649745591,0.0,0.0,0.0,0.0,0.0,0.0,0.0,0.0,1750714606.8813815,0.0,both_blink
400.4627156257629,155.0,-958.9907564879396,-959.274988884572,-456.9409765861929,-345.5723657556809,0.0,0.0,0.0,0.0,0.0,0.0,0.0,0.0,1750714606.97139,0.0,both_blink
400.56340694427485,165.0,-974.0251543098128,-1023.7209449210204,-413.0008920067921,-434.45856800256297,0.0,0.0,0.0,0.0,0.0,0.0,0.0,0.0,1750714607.074999,0.0,both_blink
400.6642937660217,173.0,-1011.5550503651612,-953.8409142489544,-384.8581448402256,-341.4098571049981,0.0,0.0,0.0,0.0,0.0,0.0,0.0,0.0,1750714607.1513612,0.0,both_blink
400.7649180889129,186.0,-1134.9680090029724,-801.9598371484317,-433.2412305669859,-189.8803306003101,0.0,0.0,0.0,0.0,0.0,0.0,0.0,0.0,1750714607.2848396,0.0,both_blink
400.86562466621393,195.0,-1429.0550420186482,-691.6552278553136,-580.1818998260424,-26.618737934622917,0.0,0.0,0.0,0.0,0.0,0.0,0.0,0.0,1750714607.3751583,0.0,both_blink
400.9661848545074,105.0,-1526.109185768757,-720.4692870639265,-520.040568638593,-45.41547511192039,0.0,0.0,0.0,0.0,0.0,0.0,0.0,0.0,1750714607.4796536,0.0,both_blink
401.0664911270141,114.0,-1565.7932641985826,-678.7020843587816,-401.7400532402098,-2.7207772177644074,0.0,0.0,0.0,0.0,0.0,0.0,0.0,0.0,1750714607.570083,0.0,both_blink
401.16679358482355,126.0,-1528.9215905354358,-742.5309569025412,-460.9950281381607,-44.3720430242829,0.0,0.0,0.0,0.0,0.0,0.0,0.0,0.0,1750714607.6904457,0.0,both_blink
401.267292022705,135.0,-1507.5031834891995,-762.2813685685396,-482.7238468807191,-101.76454774430022,0.0,0.0,0.0,0.0,0.0,0.0,0.0,0.0,1750714607.780044,0.0,both_blink
401.3690817356109,146.0,-1341.2421910590492,-819.8085096869618,-456.8399992873892,-129.11069622030482,0.0,0.0,0.0,0.0,0.0,0.0,0.0,0.0,1750714607.8865235,0.0,both_blink
401.4698591232299,154.0,-979.5676860441454,-915.1946580568328,-368.82145383022726,-320.6496724509634,0.0,0.0,0.0,0.0,0.0,0.0,0.0,0.0,1750714607.9754748,0.0,both_blink
401.5711069107055,165.0,-1078.2860852745362,-1011.3848849171771,-380.3852244932205,-427.23308128817007,0.0,0.0,0.0,0.0,0.0,0.0,0.0,0.0,1750714608.0799265,0.0,both_blink
401.671513557434,174.0,-1105.785569648724,-887.6278554834425,-368.7728351308033,-286.0032392614521,0.0,0.0,0.0,0.0,0.0,0.0,0.0,0.0,1750714608.1702864,0.0,both_blink
401.7729032039642,185.0,-1338.9945111856796,-747.056235848926,-574.5458705928177,-103.09221222857012,0.0,0.0,0.0,0.0,0.0,0.0,0.0,0.0,1750714608.292684,0.0,both_blink
401.87337446212763,195.0,-1505.812748709228,-715.4204221237451,-505.5596760101616,-51.055244245100766,0.0,0.0,0.0,0.0,0.0,0.0,0.0,0.0,1750714608.3800533,0.0,both_blink
401.9740738868713,105.0,-1514.9081854014655,-681.2265168288723,-430.8289950955659,-23.054613276850432,0.0,0.0,0.0,0.0,0.0,0.0,0.0,0.0,1750714608.485232,0.0,both_blink
402.0747907161712,114.0,-1638.0107323429547,-743.14804039523,-432.9906572699547,-49.58920346247032,0.0,0.0,0.0,0.0,0.0,0.0,0.0,0.0,1750714608.574764,0.0,both_blink
402.17528939247126,125.0,-1532.2688009957783,-696.2646545507014,-366.6672714557498,-38.39568289509043,0.0,0.0,0.0,0.0,0.0,0.0,0.0,0.0,1750714608.681492,0.0,both_blink
402.27637147903437,135.0,-1420.4383125207387,-738.8658549459651,-399.9037623619661,-89.41913799056783,0.0,0.0,0.0,0.0,0.0,0.0,0.0,0.0,1750714608.785221,0.0,both_blink
402.3772864341735,146.0,-1012.4301869547926,-963.3122108867392,-451.5368211502209,-387.5976215577684,0.0,0.0,0.0,0.0,0.0,0.0,0.0,0.0,1750714608.8914423,0.0,both_blink
402.47777414321894,156.0,-993.573611378204,-981.5928418701516,-386.7841933174059,-409.3825387996621,0.0,0.0,0.0,0.0,0.0,0.0,0.0,0.0,1750714608.9946384,0.0,both_blink
402.5786066055297,165.0,-1072.4331418438817,-900.4557123314589,-381.8101263763383,-332.75572860753164,0.0,0.0,0.0,0.0,0.0,0.0,0.0,0.0,1750714609.0848956,0.0,both_blink
402.67922759056086,175.0,-1164.0831301580183,-828.6795523818582,-419.6167750284076,-234.7666098685004,0.0,0.0,0.0,0.0,0.0,0.0,0.0,0.0,1750714609.1904693,0.0,both_blink
402.77990722656244,185.0,-1354.93396479683,-664.610141325742,-526.3423000639305,7.702323958743364,0.0,0.0,0.0,0.0,0.0,0.0,0.0,0.0,1750714609.2977414,0.0,both_blink
402.88055133819574,197.0,-1432.4433913785033,-668.9185060746968,-538.5979522187263,-9.549834536854178,0.0,0.0,0.0,0.0,0.0,0.0,0.0,0.0,1750714609.4011595,0.0,both_blink
402.9813508987426,105.0,-1425.633033559192,-703.8248623111285,-526.0992065668106,-45.22848011413589,0.0,0.0,0.0,0.0,0.0,0.0,0.0,0.0,1750714609.4903042,0.0,both_blink
403.08183360099787,116.0,-1401.60791624384,-714.046008890029,-489.3621693020687,-93.42083094315603,0.0,0.0,0.0,0.0,0.0,0.0,0.0,0.0,1750714609.5963116,0.0,both_blink
403.1827909946441,125.0,-1377.6388974278234,-747.1964820972644,-501.5729426573962,-89.62483248813078,0.0,0.0,0.0,0.0,0.0,0.0,0.0,0.0,1750714609.6861317,0.0,both_blink
403.2837386131286,137.0,-1185.759590301197,-925.3877553860656,-456.106978896074,-303.15068055829033,0.0,0.0,0.0,0.0,0.0,0.0,0.0,0.0,1750714609.8064632,0.0,both_blink
403.3855006694793,146.0,-1143.0461929072626,-930.8891482208855,-347.80695597920567,-356.28343922877684,0.0,0.0,0.0,0.0,0.0,0.0,0.0,0.0,1750714609.896612,0.0,both_blink
403.48612618446344,156.0,-1203.9542035856284,-897.4955815165304,-371.1027928031981,-316.88733309553936,0.0,0.0,0.0,0.0,0.0,0.0,0.0,0.0,1750714609.9996307,0.0,both_blink
403.58718085288996,165.0,-1241.5701173399575,-878.1677785455249,-422.1935660978779,-259.53596727503464,0.0,0.0,0.0,0.0,0.0,0.0,0.0,0.0,1750714610.0895944,0.0,both_blink
403.68790054321283,176.0,-1370.394711213652,-662.9888946949504,-537.745255028829,0.2748826467432081,0.0,0.0,0.0,0.0,0.0,0.0,0.0,0.0,1750714610.1962695,0.0,both_blink
403.7887461185455,186.0,-1575.689039481338,-631.9028462632559,-506.2889565015212,14.404224679339675,0.0,0.0,0.0,0.0,0.0,0.0,0.0,0.0,1750714610.3003192,0.0,both_blink
403.8891968727111,197.0,-1467.976180857513,-749.0926113747992,-553.4191757431254,-75.03922266094014,0.0,0.0,0.0,0.0,0.0,0.0,0.0,0.0,1750714610.40607,0.0,both_blink
403.98981118202204,104.0,-1703.8628907627426,-647.279444931075,-384.9965211385861,20.070173112209886,0.0,0.0,0.0,0.0,0.0,0.0,0.0,0.0,1750714610.4814708,0.0,both_blink
404.0902068614959,117.0,-1674.2279235138558,-716.3516572127119,-415.5664633763954,-45.437914511654526,0.0,0.0,0.0,0.0,0.0,0.0,0.0,0.0,1750714610.614757,0.0,both_blink
404.1912765502929,126.0,-1443.0684471526183,-727.6087560793385,-436.96243102289736,-42.98454014072195,0.0,0.0,0.0,0.0,0.0,0.0,0.0,0.0,1750714610.7054036,0.0,both_blink
404.29203867912287,137.0,-982.552126208786,-936.5083479043096,-420.1441009221599,-359.4249551915564,0.0,0.0,0.0,0.0,0.0,0.0,0.0,0.0,1750714610.811447,0.0,both_blink
404.3928673267364,146.0,-915.0057931090704,-984.0761354407296,-343.1283411346376,-419.71214247727767,0.0,0.0,0.0,0.0,0.0,0.0,0.0,0.0,1750714610.9015672,0.0,both_blink
404.49336957931513,155.0,-1096.121668163221,-991.7616298496724,-438.1704187085852,-408.75423560710624,0.0,0.0,0.0,0.0,0.0,0.0,0.0,0.0,1750714610.9912865,0.0,both_blink
404.59477901458735,167.0,-1171.877081665676,-884.0113722262904,-462.1880562240258,-302.47375866631046,0.0,0.0,0.0,0.0,0.0,0.0,0.0,0.0,1750714611.1112385,0.0,both_blink
404.6952638626098,176.0,-1298.9626220599748,-662.8449085466564,-535.5087948553264,32.954128459561616,0.0,0.0,0.0,0.0,0.0,0.0,0.0,0.0,1750714611.2013707,0.0,both_blink
404.796406507492,184.0,-1452.7585279378109,-658.4580058986321,-501.9357129530981,10.997175819706172,0.0,0.0,0.0,0.0,0.0,0.0,0.0,0.0,1750714611.305492,0.0,both_blink
404.89710950851435,197.0,-1466.9963270691223,-723.7304798252881,-501.95441245287657,-70.41670631570742,0.0,0.0,0.0,0.0,0.0,0.0,0.0,0.0,1750714611.411119,0.0,both_blink
404.998377084732,107.0,-1443.096496402286,-700.0756126055494,-430.2586603523232,-43.14722578879446,0.0,0.0,0.0,0.0,0.0,0.0,0.0,0.0,1750714611.516472,0.0,both_blink
405.09894990921015,114.0,-1504.7562269717455,-731.5356510328129,-459.9310266007669,-44.26919577550143,0.0,0.0,0.0,0.0,0.0,0.0,0.0,0.0,1750714611.5895865,0.0,both_blink
405.19950628280634,126.0,-1475.121259722859,-785.565985692665,-499.5590065312572,-116.17999212350696,0.0,0.0,0.0,0.0,0.0,0.0,0.0,0.0,1750714611.7101252,0.0,both_blink
405.30007171630854,136.0,-1169.9828223381191,-914.192364868708,-478.6754051786848,-286.5511346049607,0.0,0.0,0.0,0.0,0.0,0.0,0.0,0.0,1750714611.8155413,0.0,both_blink
405.4005403518676,147.0,-1024.4408756624907,-948.0122801680118,-309.0971214878373,-389.38716368656605,0.0,0.0,0.0,0.0,0.0,0.0,0.0,0.0,1750714611.9199188,0.0,both_blink
405.5012257099151,156.0,-1155.920798504725,-981.5554428705946,-410.6241855849512,-389.38716368656605,0.0,0.0,0.0,0.0,0.0,0.0,0.0,0.0,1750714612.0102632,0.0,both_blink
405.60246920585627,167.0,-1177.1783898528663,-852.3605989012867,-376.2358054923825,-239.5181527622044,0.0,0.0,0.0,0.0,0.0,0.0,0.0,0.0,1750714612.116544,0.0,both_blink
405.7048003673553,177.0,-1339.4302095305177,-670.7772363526747,-521.6169364699163,-10.43806077633053,0.0,0.0,0.0,0.0,0.0,0.0,0.0,0.0,1750714612.220327,0.0,both_blink
405.80554628372187,188.0,-1471.41501886677,-728.0388445742428,-550.5114035275765,-49.751889110542834,0.0,0.0,0.0,0.0,0.0,0.0,0.0,0.0,1750714612.3264868,0.0,both_blink
405.9063122272491,196.0,-1473.3709865435958,-752.856820680201,-546.6593065732159,-64.53571363538504,0.0,0.0,0.0,0.0,0.0,0.0,0.0,0.0,1750714612.415517,0.0,both_blink
406.0075845718383,105.0,-1411.3073467789218,-715.2053778762929,-460.0114344498143,-44.3720430242829,0.0,0.0,0.0,0.0,0.0,0.0,0.0,0.0,1750714612.5049963,0.0,both_blink
406.10874724388117,117.0,-1477.432517895475,-749.3618841716088,-476.0780446594581,-77.2382838348858,0.0,0.0,0.0,0.0,0.0,0.0,0.0,0.0,1750714612.6249087,0.0,both_blink
406.20923638343805,126.0,-1386.9157192679122,-785.4481788440607,-472.6148973004893,-156.2062713992782,0.0,0.0,0.0,0.0,0.0,0.0,0.0,0.0,1750714612.7150435,0.0,both_blink
406.30985760688776,137.0,-1066.286616266705,-982.3763509108684,-373.30185397714376,-405.86329294135794,0.0,0.0,0.0,0.0,0.0,0.0,0.0,0.0,1750714612.821394,0.0,both_blink
406.41074824333185,146.0,-1115.29052538611,-976.2578745833598,-356.9884103704244,-424.749787717592,0.0,0.0,0.0,0.0,0.0,0.0,0.0,0.0,1750714612.9115388,0.0,both_blink
406.5114042758941,157.0,-1210.145607962273,-875.4787904773839,-436.7679562252015,-257.8043935955502,0.0,0.0,0.0,0.0,0.0,0.0,0.0,0.0,1750714613.0303848,0.0,both_blink
406.6124293804168,168.0,-1341.4347959067672,-677.9746738173999,-525.081953778863,-21.798006891738623,0.0,0.0,0.0,0.0,0.0,0.0,0.0,0.0,1750714613.1358123,0.0,both_blink
406.7134454250335,177.0,-1409.9722024947405,-714.4648776850663,-571.430533929728,-44.68993452051655,0.0,0.0,0.0,0.0,0.0,0.0,0.0,0.0,1750714613.2249336,0.0,both_blink
406.8138468265533,186.0,-1388.546315648593,-756.0076863928698,-530.7927810112014,-117.4870871580206,0.0,0.0,0.0,0.0,0.0,0.0,0.0,0.0,1750714613.3162873,0.0,both_blink
406.914677619934,198.0,-1636.4381044115871,-669.0101336236112,-388.085678501986,-8.768195446114987,0.0,0.0,0.0,0.0,0.0,0.0,0.0,0.0,1750714613.4348557,0.0,both_blink
407.01538062095636,105.0,-1629.141559598036,-743.5482096904889,-458.2125425711274,-64.5469333352521,0.0,0.0,0.0,0.0,0.0,0.0,0.0,0.0,1750714613.509925,0.0,both_blink
407.1163485050201,117.0,-1497.1455305619163,-775.9245236068964,-484.5227387594059,-112.08480167202652,0.0,0.0,0.0,0.0,0.0,0.0,0.0,0.0,1750714613.629707,0.0,both_blink
407.21693134307856,128.0,-1406.228562639095,-756.5668014362454,-454.0537738204002,-82.68170822039247,0.0,0.0,0.0,0.0,0.0,0.0,0.0,0.0,1750714613.736447,0.0,both_blink
407.31721138954157,135.0,-1312.6300864480436,-832.7298640338704,-500.1966594737023,-182.33508243970573,0.0,0.0,0.0,0.0,0.0,0.0,0.0,0.0,1750714613.810283,0.0,both_blink
407.4175562858581,146.0,-979.63313429337,-935.0759662212804,-338.54696368891746,-363.7389297904447,0.0,0.0,0.0,0.0,0.0,0.0,0.0,0.0,1750714613.9165108,0.0,both_blink
407.51852726936335,158.0,-1061.177912927233,-970.3394829034804,-342.3018232444301,-385.95019562728703,0.0,0.0,0.0,0.0,0.0,0.0,0.0,0.0,1750714614.0367925,0.0,both_blink
407.6193740367889,167.0,-1239.5412216139955,-879.7254468770698,-489.99421239458025,-255.1584143768996,0.0,0.0,0.0,0.0,0.0,0.0,0.0,0.0,1750714614.1265888,0.0,both_blink
407.7205896377563,177.0,-1365.0373045271265,-774.204169627279,-567.0211918819696,-112.66822606511414,0.0,0.0,0.0,0.0,0.0,0.0,0.0,0.0,1750714614.2300184,0.0,both_blink
407.8214843273162,186.0,-1359.1507019968703,-677.2584829758853,-504.6807995205745,-30.40164673980325,0.0,0.0,0.0,0.0,0.0,0.0,0.0,0.0,1750714614.3199744,0.0,both_blink
407.9220547676086,198.0,-1441.5556576205418,-696.8929577432573,-485.5624309470877,-46.29248165152967,0.0,0.0,0.0,0.0,0.0,0.0,0.0,0.0,1750714614.4403458,0.0,both_blink
408.0227386951446,107.0,-1514.2013443098404,-699.2864937148988,-443.2155437488109,-42.91722194151953,0.0,0.0,0.0,0.0,0.0,0.0,0.0,0.0,1750714614.5313208,0.0,both_blink
408.1235036849975,117.0,-1453.469108929392,-703.9987676590681,-445.2874483242631,-50.19880715524778,0.0,0.0,0.0,0.0,0.0,0.0,0.0,0.0,1750714614.634906,0.0,both_blink
408.22496080398554,126.0,-1432.0918407826684,-766.0324882240966,-479.7431466160342,-99.8422391670756,0.0,0.0,0.0,0.0,0.0,0.0,0.0,0.0,1750714614.7249825,0.0,both_blink
408.32603502273554,138.0,-1113.1643922613002,-965.5000523608178,-438.3200147068128,-369.1112960767932,0.0,0.0,0.0,0.0,0.0,0.0,0.0,0.0,1750714614.8452113,0.0,both_blink
408.4271004199981,146.0,-1068.869017186109,-969.3970281146468,-360.3655400304124,-392.29119600215927,0.0,0.0,0.0,0.0,0.0,0.0,0.0,0.0,1750714614.9214668,0.0,both_blink
408.52820944786066,158.0,-1259.487978027668,-879.6282094782218,-464.8920038919896,-263.2833470306359,0.0,0.0,0.0,0.0,0.0,0.0,0.0,0.0,1750714615.041501,0.0,both_blink
408.6298937797546,168.0,-1497.5887087066658,-786.32518538367,-491.32187687885016,-110.69542883848771,0.0,0.0,0.0,0.0,0.0,0.0,0.0,0.0,1750714615.1455228,0.0,both_blink
408.73130726814264,177.0,-1724.312663720455,-676.5404221843928,-369.5806535212323,6.501816072966904,0.0,0.0,0.0,0.0,0.0,0.0,0.0,0.0,1750714615.2350025,0.0,both_blink
408.8316977024078,188.0,-1682.983029310126,-773.721722532995,-433.0766749689356,-78.18447852367535,0.0,0.0,0.0,0.0,0.0,0.0,0.0,0.0,1750714615.3413117,0.0,both_blink
408.9328641891479,198.0,-1606.0084084221162,-793.887263094075,-444.71898353099823,-103.05855312896892,0.0,0.0,0.0,0.0,0.0,0.0,0.0,0.0,1750714615.44584,0.0,both_blink
409.0341069698333,107.0,-1509.5358191151172,-749.7732731667347,-414.6314883874729,-59.99921498913318,0.0,0.0,0.0,0.0,0.0,0.0,0.0,0.0,1750714615.5364175,0.0,both_blink
409.13537693023676,117.0,-1385.0644687898457,-775.881514757406,-412.44738681335,-96.822269952856,0.0,0.0,0.0,0.0,0.0,0.0,0.0,0.0,1750714615.6397705,0.0,both_blink
409.2358436584472,127.0,-875.7574130240828,-920.6044233427384,-423.43895278312266,-323.16849507112056,0.0,0.0,0.0,0.0,0.0,0.0,0.0,0.0,1750714615.745813,0.0,both_blink
409.3370869159698,138.0,-867.1519032260403,-1008.7052465989254,-366.158645061776,-493.7191527504474,0.0,0.0,0.0,0.0,0.0,0.0,0.0,0.0,1750714615.8504388,0.0,both_blink
409.4378254413604,149.0,-1054.4124339073896,-959.6078399806285,-469.42102273833007,-377.3559055291116,0.0,0.0,0.0,0.0,0.0,0.0,0.0,0.0,1750714615.9566128,0.0,both_blink
409.53871774673456,156.0,-1190.0137265007943,-860.1452006590553,-541.230841787532,-257.637968047522,0.0,0.0,0.0,0.0,0.0,0.0,0.0,0.0,1750714616.0298028,0.0,both_blink
409.6397664546966,168.0,-1429.9582278579471,-693.4989985334687,-541.8591449800879,-59.81221999134869,0.0,0.0,0.0,0.0,0.0,0.0,0.0,0.0,1750714616.1499605,0.0,both_blink
409.74040102958674,178.0,-1479.624099269509,-733.8076402558945,-506.3899338003248,-66.75347430910915,0.0,0.0,0.0,0.0,0.0,0.0,0.0,0.0,1750714616.2558465,0.0,both_blink
409.84102892875666,189.0,-1680.7409592866898,-732.2481019743718,-450.0633005676791,-41.666225406341255,0.0,0.0,0.0,0.0,0.0,0.0,0.0,0.0,1750714616.3601973,0.0,both_blink
409.94152712821955,198.0,-1650.9526561396196,-698.8320958702825,-425.1106880633161,-47.4668102376163,0.0,0.0,0.0,0.0,0.0,0.0,0.0,0.0,1750714616.4499335,0.0,both_blink
410.04221439361567,108.0,-1462.996504066512,-719.4800835256465,-414.88954148441553,-34.034959546756,0.0,0.0,0.0,0.0,0.0,0.0,0.0,0.0,1750714616.55492,0.0,both_blink
410.14260411262507,117.0,-1425.5937646096572,-808.4149044719525,-483.35588997323066,-153.70053842896596,0.0,0.0,0.0,0.0,0.0,0.0,0.0,0.0,1750714616.645061,0.0,both_blink
410.24311494827265,129.0,-954.2953120935708,-992.2197675942444,-416.0227311709896,-416.3200532174669,0.0,0.0,0.0,0.0,0.0,0.0,0.0,0.0,1750714616.765187,0.0,both_blink
410.34404659271235,137.0,-976.098928835243,-1037.2556428606622,-394.2415538290516,-476.9288718993776,0.0,0.0,0.0,0.0,0.0,0.0,0.0,0.0,1750714616.8412097,0.0,both_blink
410.444501876831,149.0,-1197.8899558074772,-807.1433384870179,-530.2542354175821,-176.1025391635485,0.0,0.0,0.0,0.0,0.0,0.0,0.0,0.0,1750714616.9614265,0.0,both_blink
410.5454697608947,158.0,-1256.2249153163284,-729.0691870120354,-499.6468941802159,-83.0575681659393,0.0,0.0,0.0,0.0,0.0,0.0,0.0,0.0,1750714617.0512888,0.0,both_blink
410.6465601921081,170.0,-1426.3417446007952,-744.1933424328454,-489.418267801404,-58.37048855843023,0.0,0.0,0.0,0.0,0.0,0.0,0.0,0.0,1750714617.1711824,0.0,both_blink
410.7478799819946,179.0,-1517.1801746245474,-767.7360126539133,-477.9180754376576,-108.78433996113016,0.0,0.0,0.0,0.0,0.0,0.0,0.0,0.0,1750714617.2613704,0.0,both_blink
410.84862565994257,189.0,-1601.9001283207908,-757.4999064751901,-441.0277022747323,-97.8376527908258,0.0,0.0,0.0,0.0,0.0,0.0,0.0,0.0,1750714617.3649747,0.0,both_blink
410.9490981101989,198.0,-1546.9048994723707,-689.744138977956,-389.4806611854583,-28.49242781242356,0.0,0.0,0.0,0.0,0.0,0.0,0.0,0.0,1750714617.454868,0.0,both_blink
411.04996752738947,108.0,-1465.2909326893275,-794.309871789068,-461.232511785347,-109.82403214881197,0.0,0.0,0.0,0.0,0.0,0.0,0.0,0.0,1750714617.5600014,0.0,both_blink
411.1509366035461,119.0,-1313.0209059934132,-771.949009953998,-386.8234622669406,-123.05579819204286,0.0,0.0,0.0,0.0,0.0,0.0,0.0,0.0,1750714617.6664338,0.0,both_blink
411.2512648105621,128.0,-1028.4145193654113,-965.0811835657804,-438.920268649701,-340.23926841886714,0.0,0.0,0.0,0.0,0.0,0.0,0.0,0.0,1750714617.756245,0.0,both_blink
411.3518574237823,138.0,-1016.394480907824,-978.5672628059984,-390.5297031230293,-428.1194375776686,0.0,0.0,0.0,0.0,0.0,0.0,0.0,0.0,1750714617.8596916,0.0,both_blink
411.4522960186004,147.0,-1077.564284583088,-953.12472340744,-375.5401841006242,-401.74940299009904,0.0,0.0,0.0,0.0,0.0,0.0,0.0,0.0,1750714617.9507616,0.0,both_blink
411.5532619953155,159.0,-1260.220998418983,-665.2160051185638,-511.7361207869835,-65.6071949726902,0.0,0.0,0.0,0.0,0.0,0.0,0.0,0.0,1750714618.0698211,0.0,both_blink
411.6539471149444,168.0,-1393.4811136401258,-742.7216918002814,-559.2627694238909,-83.77188905747607,0.0,0.0,0.0,0.0,0.0,0.0,0.0,0.0,1750714618.1599736,0.0,both_blink
411.7544236183166,177.0,-1489.0879161073826,-714.0553586399183,-505.5503262602724,-58.8604154526256,0.0,0.0,0.0,0.0,0.0,0.0,0.0,0.0,1750714618.2498257,0.0,both_blink
411.8552672863006,189.0,-1538.2563808248378,-679.9474710440263,-400.567594604101,-14.348126180004328,0.0,0.0,0.0,0.0,0.0,0.0,0.0,0.0,1750714618.3702476,0.0,both_blink
411.9558532238006,200.0,-1534.9914481635203,-774.1892100274563,-500.11999152461067,-123.186694690492,0.0,0.0,0.0,0.0,0.0,0.0,0.0,0.0,1750714618.476518,0.0,both_blink
412.0565109252929,108.0,-1456.5152574433014,-787.4209760706872,-475.2533967192285,-152.26628679595888,0.0,0.0,0.0,0.0,0.0,0.0,0.0,0.0,1750714618.5651827,0.0,both_blink
412.1570410728454,119.0,-1064.9664315823466,-887.7437923820689,-429.34986466309056,-268.6033547176048,0.0,0.0,0.0,0.0,0.0,0.0,0.0,0.0,1750714618.671306,0.0,both_blink
412.2573797702789,128.0,-981.5591827705504,-971.7756044864656,-413.4440701515414,-440.9903032751754,0.0,0.0,0.0,0.0,0.0,0.0,0.0,0.0,1750714618.7613473,0.0,both_blink
412.3580155372619,139.0,-1087.6152657140046,-904.9697715779766,-427.3041393873282,-315.6587759600952,0.0,0.0,0.0,0.0,0.0,0.0,0.0,0.0,1750714618.8806517,0.0,both_blink
412.4585216045379,149.0,-1290.216866013594,-714.9828538289294,-558.9747971273027,-45.50710266083479,0.0,0.0,0.0,0.0,0.0,0.0,0.0,0.0,1750714618.971513,0.0,both_blink
412.559355020523,158.0,-1362.146361861378,-777.6186982868239,-590.6554896519519,-125.3539667148143,0.0,0.0,0.0,0.0,0.0,0.0,0.0,0.0,1750714619.0615113,0.0,both_blink
412.66023039817804,168.0,-1422.0333798518404,-766.6720111165196,-534.1306417216547,-99.78053081780672,0.0,0.0,0.0,0.0,0.0,0.0,0.0,0.0,1750714619.164784,0.0,both_blink
412.7608981132507,179.0,-1519.8280237931758,-734.3779749991372,-453.0982293817215,-42.092574001289904,0.0,0.0,0.0,0.0,0.0,0.0,0.0,0.0,1750714619.2711644,0.0,both_blink
412.8619434833526,188.0,-1539.918766355142,-779.0361203700304,-456.43422014219686,-117.13740651216358,0.0,0.0,0.0,0.0,0.0,0.0,0.0,0.0,1750714619.3615825,0.0,both_blink
412.9623227119445,200.0,-1425.0926180155948,-770.3258933732286,-403.6417923676781,-107.42488632723688,0.0,0.0,0.0,0.0,0.0,0.0,0.0,0.0,1750714619.4812355,0.0,both_blink
413.06293916702265,108.0,-1410.1610674425028,-758.4704105136916,-392.9718577940948,-109.57719875173645,0.0,0.0,0.0,0.0,0.0,0.0,0.0,0.0,1750714619.5701344,0.0,both_blink
413.16370749473566,119.0,-1160.2422529035248,-923.8749658539892,-443.2398530985229,-320.1784450565465,0.0,0.0,0.0,0.0,0.0,0.0,0.0,0.0,1750714619.6762695,0.0,both_blink
413.26450228691095,129.0,-1074.041298824828,-1001.2422762373462,-373.0755900298245,-458.2331120208837,0.0,0.0,0.0,0.0,0.0,0.0,0.0,0.0,1750714619.7801764,0.0,both_blink
413.3655369281768,140.0,-1144.3102790922858,-859.8628382124007,-405.59402014454827,-271.98235432757065,0.0,0.0,0.0,0.0,0.0,0.0,0.0,0.0,1750714619.890581,0.0,both_blink
413.46652078628534,149.0,-1329.4540263987146,-761.9896563719958,-609.0034388345666,-142.40978046273813,0.0,0.0,0.0,0.0,0.0,0.0,0.0,0.0,1750714619.976334,0.0,both_blink
413.56717729568476,159.0,-1444.0707403407432,-745.1900257710367,-599.6125500458293,-95.5450941179879,0.0,0.0,0.0,0.0,0.0,0.0,0.0,0.0,1750714620.079805,0.0,both_blink
413.6682956218719,168.0,-1482.367315887008,-676.9892101790756,-487.7745817708783,-8.68591764708981,0.0,0.0,0.0,0.0,0.0,0.0,0.0,0.0,1750714620.1696286,0.0,both_blink
413.7689924240112,179.0,-1694.19898927724,-725.7949046008289,-470.8590142712928,-56.56785677978769,0.0,0.0,0.0,0.0,0.0,0.0,0.0,0.0,1750714620.2764747,0.0,both_blink
413.86969614028925,189.0,-1640.4117481145076,-755.848740644753,-470.41396617656574,-87.88951890869066,0.0,0.0,0.0,0.0,0.0,0.0,0.0,0.0,1750714620.3798318,0.0,both_blink
413.9707849025726,198.0,-1533.405730582308,-713.4083559475839,-363.4640471437015,-61.35866862302646,0.0,0.0,0.0,0.0,0.0,0.0,0.0,0.0,1750714620.4698691,0.0,both_blink
414.0713729858398,108.0,-1439.3902555461973,-762.4421842666343,-437.1064171711914,-93.66205449029805,0.0,0.0,0.0,0.0,0.0,0.0,0.0,0.0,1750714620.575052,0.0,both_blink
414.17209291458124,119.0,-907.8794137435034,-930.0420608809218,-396.2442702553235,-356.63311987463385,0.0,0.0,0.0,0.0,0.0,0.0,0.0,0.0,1750714620.6814656,0.0,both_blink
414.27251100540155,129.0,-933.8829381354152,-985.5272166235372,-346.5596993439831,-438.6005072034896,0.0,0.0,0.0,0.0,0.0,0.0,0.0,0.0,1750714620.7848668,0.0,both_blink
414.3729000091552,138.0,-1020.39804381039,-950.5479323379697,-392.25753690255806,-352.00312372948974,0.0,0.0,0.0,0.0,0.0,0.0,0.0,0.0,1750714620.8747773,0.0,both_blink
414.473506450653,149.0,-1370.538697361946,-701.29855989106,-439.6046703415923,-79.31953816022724,0.0,0.0,0.0,0.0,0.0,0.0,0.0,0.0,1750714620.9812205,0.0,both_blink
414.5743265151977,159.0,-1840.576803592965,-643.8462167717516,-345.7144819539972,11.432874164544046,0.0,0.0,0.0,0.0,0.0,0.0,0.0,0.0,1750714621.085384,0.0,both_blink
414.67506265640253,170.0,-1885.6201586592945,-714.0815379396081,-397.55697513977066,-21.2688110480085,0.0,0.0,0.0,0.0,0.0,0.0,0.0,0.0,1750714621.191266,0.0,both_blink
414.77575111389154,179.0,-1765.6179887810722,-680.6169131360948,-353.4261556626297,-11.855482859537004,0.0,0.0,0.0,0.0,0.0,0.0,0.0,0.0,1750714621.2813604,0.0,both_blink
414.87638592720026,189.0,-1722.7736948886886,-710.2556202849373,-335.42601717589423,-51.18427079357207,0.0,0.0,0.0,0.0,0.0,0.0,0.0,0.0,1750714621.3849397,0.0,both_blink
414.97694683074945,198.0,-1617.6077081346884,-733.4579596100375,-361.407102168072,-70.00344737060368,0.0,0.0,0.0,0.0,0.0,0.0,0.0,0.0,1750714621.4748693,0.0,both_blink
415.0774705410003,108.0,-973.5389673155732,-984.6090711844154,-459.858098551631,-326.06317763682455,0.0,0.0,0.0,0.0,0.0,0.0,0.0,0.0,1750714621.580428,0.0,both_blink
415.17805480957026,119.0,-570.3590525924228,-1045.9022915582173,-381.222962083295,-452.0454475441948,0.0,0.0,0.0,0.0,0.0,0.0,0.0,0.0,1750714621.6866188,0.0,both_blink
415.27903223037714,129.0,-713.9001527917571,-1027.3112488784827,-363.7389297904447,-458.04798697307706,0.0,0.0,0.0,0.0,0.0,0.0,0.0,0.0,1750714621.7901237,0.0,both_blink
415.37954068183893,138.0,-958.2689557964914,-984.1490634898656,-522.0152358151972,-386.0249936264008,0.0,0.0,0.0,0.0,0.0,0.0,0.0,0.0,1750714621.8797777,0.0,both_blink
415.48054504394526,150.0,-1325.007285351399,-756.8304643831216,-589.6999452132732,-130.18217755760998,0.0,0.0,0.0,0.0,0.0,0.0,0.0,0.0,1750714621.999972,0.0,both_blink
415.58191275596613,159.0,-1439.9456306896172,-703.8697411105968,-516.7905955770984,-17.36435549426824,0.0,0.0,0.0,0.0,0.0,0.0,0.0,0.0,1750714622.0900624,0.0,both_blink
415.68253159523005,170.0,-1438.9807365010493,-771.8199834055267,-503.70842553209513,-111.47145807929336,0.0,0.0,0.0,0.0,0.0,0.0,0.0,0.0,1750714622.19638,0.0,both_blink
415.78316640853876,179.0,-1449.3851381777786,-739.9373362832703,-436.7118577258661,-60.33206608518958,0.0,0.0,0.0,0.0,0.0,0.0,0.0,0.0,1750714622.2863543,0.0,both_blink
415.88442325592035,191.0,-1450.9184971596114,-787.3293485217728,-482.47701348364353,-85.0415850924328,0.0,0.0,0.0,0.0,0.0,0.0,0.0,0.0,1750714622.406227,0.0,both_blink
415.9852039813995,200.0,-1317.4190283413045,-819.4812684408389,-510.6534197498113,-166.17123483121395,0.0,0.0,0.0,0.0,0.0,0.0,0.0,0.0,1750714622.4963756,0.0,both_blink
416.08559060096735,108.0,-1041.756612457335,-904.2610605363734,-433.577821562998,-279.1723119923845,0.0,0.0,0.0,0.0,0.0,0.0,0.0,0.0,1750714622.5850444,0.0,both_blink
416.18673443794245,120.0,-926.530294822529,-976.399990781676,-324.7242934526876,-417.00258495938033,0.0,0.0,0.0,0.0,0.0,0.0,0.0,0.0,1750714622.7048051,0.0,both_blink
416.2879371643066,129.0,-1200.3433301784098,-838.4650006159209,-553.7333273394033,-210.8817388014868,0.0,0.0,0.0,0.0,0.0,0.0,0.0,0.0,1750714622.7952793,0.0,both_blink
416.3890125751495,140.0,-1277.6882011620328,-729.8321266029961,-515.5863477913663,-70.48589446488768,0.0,0.0,0.0,0.0,0.0,0.0,0.0,0.0,1750714622.9015155,0.0,both_blink
416.4900953769683,149.0,-1359.7677854895592,-795.7067244225182,-564.784731708467,-112.50741036701947,0.0,0.0,0.0,0.0,0.0,0.0,0.0,0.0,1750714622.9915428,0.0,both_blink
416.59106564521784,159.0,-1373.4165503778495,-775.4514262625016,-256.40380106214434,-54.92791064921767,0.0,0.0,0.0,0.0,0.0,0.0,0.0,0.0,1750714623.09516,0.0,both_blink
416.69256305694574,170.0,-1087.2637151181698,-380.3048166441731,75.94240850023925,245.8797225868329,0.0,0.0,0.0,0.0,0.0,0.0,0.0,0.0,1750714623.201385,0.0,both_blink
416.7936525344848,180.0,-527.4231311511248,-500.6959361177869,-54.63245855271816,140.73991513252258,0.0,0.0,0.0,0.0,0.0,0.0,0.0,0.0,1750714623.305175,0.0,both_blink
416.8945224285125,191.0,649.0110186105594,-818.4527959530242,-397.6299031889066,-221.8807845711708,0.0,0.0,0.0,0.0,0.0,0.0,0.0,0.0,1750714623.4117014,0.0,both_blink
416.9960083961486,200.0,1554.1453457865864,-952.56934826402,-471.3807303151116,-391.60492436029017,0.0,0.0,0.0,0.0,0.0,0.0,0.0,0.0,1750714623.5015163,0.0,both_blink
417.0967049598693,111.0,-217.12363182753325,-1085.7340960362926,-476.4726041047834,-571.1444315831177,0.0,0.0,0.0,0.0,0.0,0.0,0.0,0.0,1750714623.620034,0.0,both_blink
417.19792366027826,120.0,-460.6920962417498,-1066.7503638612106,-551.1397067201324,-494.97762908553705,0.0,0.0,0.0,0.0,0.0,0.0,0.0,0.0,1750714623.7102325,0.0,both_blink
417.29858827590937,129.0,-817.5720495134592,-844.1776977982372,-693.5476172328927,-228.2030854462646,0.0,0.0,0.0,0.0,0.0,0.0,0.0,0.0,1750714623.8009925,0.0,both_blink
417.39914369583124,140.0,-1108.48764736671,-787.3461780715734,-594.1635158103891,-127.13976894365624,0.0,0.0,0.0,0.0,0.0,0.0,0.0,0.0,1750714623.9063368,0.0,both_blink
417.5000405311584,150.0,-1965.2968572652896,-466.9900877671316,-133.90898786345497,244.27717545581984,0.0,0.0,0.0,0.0,0.0,0.0,0.0,0.0,1750714624.010064,0.0,both_blink
417.60139918327326,159.0,-1537.8225524299778,-572.4403069177642,-238.1100804288872,89.63605218799785,0.0,0.0,0.0,0.0,0.0,0.0,0.0,0.0,1750714624.1000135,0.0,both_blink
417.7024195194244,171.0,-1137.0025145788677,-631.7401606151834,-203.8712963345461,44.46554052317515,0.0,0.0,0.0,0.0,0.0,0.0,0.0,0.0,1750714624.2201955,0.0,both_blink
417.802811384201,180.0,-776.3340426520444,-733.1886868132278,-335.8037470714189,-60.84630232909694,0.0,0.0,0.0,0.0,0.0,0.0,0.0,0.0,1750714624.3103645,0.0,both_blink
417.90344595909113,191.0,961.3992520594038,-1088.1051926082,-500.4678022204898,-526.3142508142628,0.0,0.0,0.0,0.0,0.0,0.0,0.0,0.0,1750714624.4165423,0.0,both_blink
418.00437045097345,200.0,867.4529651724733,-1162.6488785250112,-572.4720960673876,-602.6343892100267,0.0,0.0,0.0,0.0,0.0,0.0,0.0,0.0,1750714624.5063128,0.0,both_blink
418.10528373718256,110.0,-421.5970520549454,-1122.2916181031617,-570.6619844888337,-559.9696105155163,0.0,0.0,0.0,0.0,0.0,0.0,0.0,0.0,1750714624.6115887,0.0,both_blink
418.20629739761347,120.0,-727.2740350333042,-960.76907891687,-640.4372979621403,-368.703646981623,0.0,0.0,0.0,0.0,0.0,0.0,0.0,0.0,1750714624.7152677,0.0,both_blink
418.3068339824676,131.0,-1002.680267770309,-729.2804913595319,-692.6126422439702,-62.005671315360814,0.0,0.0,0.0,0.0,0.0,0.0,0.0,0.0,1750714624.8214924,0.0,both_blink
418.4080312252044,140.0,-1215.0841458537616,-759.8130345977843,-653.7850009039976,-95.44411681918427,0.0,0.0,0.0,0.0,0.0,0.0,0.0,0.0,1750714624.9115448,0.0,both_blink
418.50869894027704,150.0,-2923.156294016633,-478.3219846328721,-251.03517467575148,185.9908346463926,0.0,0.0,0.0,0.0,0.0,0.0,0.0,0.0,1750714625.0159528,0.0,both_blink
418.6094951629638,161.0,-2639.9822890716605,-504.2357514258474,-173.68656379217282,195.17602893756705,0.0,0.0,0.0,0.0,0.0,0.0,0.0,0.0,1750714625.1214583,0.0,both_blink
418.71024823188776,171.0,-2240.2730015073903,-594.1466862605885,-236.3934663492255,94.434343831148,0.0,0.0,0.0,0.0,0.0,0.0,0.0,0.0,1750714625.2247636,0.0,both_blink
418.8108644485473,180.0,-1682.0555341211148,-748.4848776319996,-366.83369700377807,-123.4858866869472,0.0,0.0,0.0,0.0,0.0,0.0,0.0,0.0,1750714625.314868,0.0,both_blink
418.9117994308471,191.0,-86.70771052269265,-1087.084199920297,-597.372349972371,-492.1876637185924,0.0,0.0,0.0,0.0,0.0,0.0,0.0,0.0,1750714625.4214835,0.0,both_blink
419.01243615150446,101.0,-331.55896062171087,-1153.08782428829,-543.5159206604585,-598.0268324646167,0.0,0.0,0.0,0.0,0.0,0.0,0.0,0.0,1750714625.5268707,0.0,both_blink
419.1130170822143,111.0,-641.1216996540315,-1035.9578975760378,-556.8187448028475,-473.5218230397441,0.0,0.0,0.0,0.0,0.0,0.0,0.0,0.0,1750714625.6301875,0.0,both_blink
419.213593006134,120.0,-897.8882710118778,-771.4085944104008,-650.0806299978867,-158.92517866706476,0.0,0.0,0.0,0.0,0.0,0.0,0.0,0.0,1750714625.7199085,0.0,both_blink
419.3142948150634,131.0,-1180.7518642605282,-798.9230383844115,-668.372480681166,-135.58446304360405,0.0,0.0,0.0,0.0,0.0,0.0,0.0,0.0,1750714625.8263652,0.0,both_blink
419.41538119316095,140.0,-1118.5124491979368,-455.3795683546923,-93.80791058856994,215.9698726912029,0.0,0.0,0.0,0.0,0.0,0.0,0.0,0.0,1750714625.9163756,0.0,both_blink
419.51588177680964,150.0,-907.7728265947662,-409.9697030927055,-73.3693573307246,215.99979189084843,0.0,0.0,0.0,0.0,0.0,0.0,0.0,0.0,1750714626.019796,0.0,both_blink
419.61690330505365,161.0,-493.2460554060526,-576.0511803249829,-241.9827468330041,50.44190065236762,0.0,0.0,0.0,0.0,0.0,0.0,0.0,0.0,1750714626.1263397,0.0,both_blink
419.7187736034393,171.0,-157.04774888930842,-678.0532117164694,-297.1874100789428,-41.73541355552152,0.0,0.0,0.0,0.0,0.0,0.0,0.0,0.0,1750714626.2301693,0.0,both_blink
419.8205113410949,182.0,1384.0864849514328,-962.3155275485478,-457.3635852811858,-340.9199302108027,0.0,0.0,0.0,0.0,0.0,0.0,0.0,0.0,1750714626.3354597,0.0,both_blink
419.92166948318476,192.0,2029.2267071078527,-1136.6808831826784,-581.7526578074321,-577.1133119123988,0.0,0.0,0.0,0.0,0.0,0.0,0.0,0.0,1750714626.4400277,0.0,both_blink
420.0229249000549,101.0,-338.34687904128805,-1063.9155196947977,-606.6903107119724,-484.0010227155872,0.0,0.0,0.0,0.0,0.0,0.0,0.0,0.0,1750714626.5301745,0.0,both_blink
420.1237032413482,111.0,-646.8362667863257,-877.3580902051181,-715.3044852251187,-251.4951823703013,0.0,0.0,0.0,0.0,0.0,0.0,0.0,0.0,1750714626.6350489,0.0,both_blink
420.2244317531585,120.0,-839.669248401653,-813.6488944599405,-664.935512621887,-164.5462483004667,0.0,0.0,0.0,0.0,0.0,0.0,0.0,0.0,1750714626.7251923,0.0,both_blink
420.3253636360168,132.0,-1573.8882776526734,-615.2771210102364,-407.1928273756057,48.77390527212992,0.0,0.0,0.0,0.0,0.0,0.0,0.0,0.0,1750714626.8459733,0.0,both_blink
420.4263930320739,141.0,-1823.6724557932464,-496.557736816816,-119.91241227928548,171.96620981255546,0.0,0.0,0.0,0.0,0.0,0.0,0.0,0.0,1750714626.935033,0.0,both_blink
420.5268456935882,152.0,-1426.7381739960983,-583.0429232921451,-254.70214658230543,76.35566744534299,0.0,0.0,0.0,0.0,0.0,0.0,0.0,0.0,1750714627.0412304,0.0,both_blink
420.62801408767695,161.0,-1105.18157580588,-653.4764591576532,-259.1264482298866,-11.285148116294296,0.0,0.0,0.0,0.0,0.0,0.0,0.0,0.0,1750714627.1312733,0.0,both_blink
420.72907328605646,173.0,262.96358558442444,-910.2879093149676,-450.45599006302655,-264.0762058212422,0.0,0.0,0.0,0.0,0.0,0.0,0.0,0.0,1750714627.2513063,0.0,both_blink
420.83051180839533,182.0,1023.363784475252,-1145.7707100249827,-676.0504952901974,-607.6682945503853,0.0,0.0,0.0,0.0,0.0,0.0,0.0,0.0,1750714627.3412924,0.0,both_blink
420.93112969398493,192.0,712.2153278617188,-1122.28413830325,-568.9135812595487,-570.5834465897642,0.0,0.0,0.0,0.0,0.0,0.0,0.0,0.0,1750714627.4450457,0.0,both_blink
421.032011270523,101.0,-434.4361286028288,-1025.9143962450323,-502.7641007932834,-455.67689040116966,0.0,0.0,0.0,0.0,0.0,0.0,0.0,0.0,1750714627.5350585,0.0,both_blink
421.13252377510065,113.0,-821.5868321158923,-844.5142887942493,-677.6493025212549,-181.2131124529988,0.0,0.0,0.0,0.0,0.0,0.0,0.0,0.0,1750714627.6568213,0.0,both_blink
421.23335051536554,122.0,-1066.8382515101694,-760.3441003914922,-701.5734425378032,-134.74859540350735,0.0,0.0,0.0,0.0,0.0,0.0,0.0,0.0,1750714627.7466629,0.0,both_blink
421.33372664451593,132.0,-1430.4051459026523,-718.4385213879868,-600.4989063353278,-67.29575980268419,0.0,0.0,0.0,0.0,0.0,0.0,0.0,0.0,1750714627.8506267,0.0,both_blink
421.4346668720245,141.0,-2028.4618975669143,-398.1160901831463,-41.71297415578738,311.814158805646,0.0,0.0,0.0,0.0,0.0,0.0,0.0,0.0,1750714627.9401076,0.0,both_blink
421.53538680076593,152.0,-1559.433564323932,-555.027332724072,-215.8015771931969,99.74687171820553,0.0,0.0,0.0,0.0,0.0,0.0,0.0,0.0,1750714628.0464249,0.0,both_blink
421.636120557785,162.0,-1184.8825837615875,-649.1680944086984,-290.55095760757104,-9.342270089313388,0.0,0.0,0.0,0.0,0.0,0.0,0.0,0.0,1750714628.150018,0.0,both_blink
421.7365431785583,171.0,66.74599450919777,-875.7873322237283,-381.9316731248982,-248.96140015032145,0.0,0.0,0.0,0.0,0.0,0.0,0.0,0.0,1750714628.2402418,0.0,both_blink
421.83776617050165,182.0,887.2875245874748,-1151.2122644605115,-607.6271556508727,-635.1659089745954,0.0,0.0,0.0,0.0,0.0,0.0,0.0,0.0,1750714628.346465,0.0,both_blink
421.93883705139154,192.0,543.7066555581987,-1080.9619836928323,-577.5845393068157,-542.0311803780496,0.0,0.0,0.0,0.0,0.0,0.0,0.0,0.0,1750714628.449784,0.0,both_blink
422.03917860984797,101.0,-763.8726959996857,-882.1096330988221,-701.2237618919462,-265.6076948530972,0.0,0.0,0.0,0.0,0.0,0.0,0.0,0.0,1750714628.5399866,0.0,both_blink
422.1397507190704,112.0,-984.8147656819784,-733.5645467587747,-654.1758204493672,-103.00806447956712,0.0,0.0,0.0,0.0,0.0,0.0,0.0,0.0,1750714628.6606605,0.0,both_blink
422.24039149284357,122.0,-1302.1527567221783,-704.4681251035072,-579.8939275294542,-43.43893798533827,0.0,0.0,0.0,0.0,0.0,0.0,0.0,0.0,1750714628.7513738,0.0,both_blink
422.3413343429565,132.0,-2921.821149732452,-448.55425093555823,-39.91221232712269,253.37448209803551,0.0,0.0,0.0,0.0,0.0,0.0,0.0,0.0,1750714628.85526,0.0,both_blink
422.4420180320739,141.0,-2577.2529471148737,-573.5080483551137,-209.00804892368612,148.68720253836364,0.0,0.0,0.0,0.0,0.0,0.0,0.0,0.0,1750714628.9447565,0.0,both_blink
422.5425553321838,152.0,-2102.397849740926,-614.4038543705828,-219.7340819966048,62.190796363167465,0.0,0.0,0.0,0.0,0.0,0.0,0.0,0.0,1750714629.0515609,0.0,both_blink
422.64327192306513,162.0,-665.9284560601227,-932.9199138968252,-435.45525134075433,-359.1837316444144,0.0,0.0,0.0,0.0,0.0,0.0,0.0,0.0,1750714629.154967,0.0,both_blink
422.7440838813781,173.0,-97.52724109450357,-1177.4046538001858,-577.930480052717,-694.8472324674949,0.0,0.0,0.0,0.0,0.0,0.0,0.0,0.0,1750714629.2615058,0.0,both_blink
422.84436345100397,182.0,-280.76737932348624,-1085.4068547901695,-475.3338045682758,-592.1682791840285,0.0,0.0,0.0,0.0,0.0,0.0,0.0,0.0,1750714629.3512435,0.0,both_blink
422.94539785385126,192.0,-618.99645151617,-889.4211375121959,-568.9285408593714,-338.43102679029107,0.0,0.0,0.0,0.0,0.0,0.0,0.0,0.0,1750714629.455865,0.0,both_blink
423.04657387733454,101.0,-1059.8072395934723,-763.0050392099656,-723.5341350776143,-136.9588762773201,0.0,0.0,0.0,0.0,0.0,0.0,0.0,0.0,1750714629.545171,0.0,both_blink
423.14752030372614,113.0,-1219.590725300368,-712.1797988121398,-591.4558282424696,-52.21648318134248,0.0,0.0,0.0,0.0,0.0,0.0,0.0,0.0,1750714629.6669233,0.0,both_blink
423.24813580512995,122.0,-1362.4923026072793,-744.7917264257558,-586.3770441026427,-54.35570595599711,0.0,0.0,0.0,0.0,0.0,0.0,0.0,0.0,1750714629.7563534,0.0,both_blink
423.34897136688227,132.0,-2203.214332846459,-622.5568362739868,-309.8226620792411,107.98961122054608,0.0,0.0,0.0,0.0,0.0,0.0,0.0,0.0,1750714629.860146,0.0,both_blink
423.44983696937555,141.0,-2514.02619846398,-586.79591289768,-245.33930704323572,87.06861086841673,0.0,0.0,0.0,0.0,0.0,0.0,0.0,0.0,1750714629.9501748,0.0,both_blink
423.55040359497065,153.0,-1720.0342181711458,-680.2298334906809,-336.0730198682286,-36.55004226695746,0.0,0.0,0.0,0.0,0.0,0.0,0.0,0.0,1750714630.07028,0.0,both_blink
423.651578426361,162.0,-333.08857970358804,-1043.0524877919815,-528.7825847850181,-429.9426388060674,0.0,0.0,0.0,0.0,0.0,0.0,0.0,0.0,1750714630.1599865,0.0,both_blink
423.7524511814117,173.0,-562.3444469873793,-1015.4894251185468,-477.8376675886102,-482.1927810870111,0.0,0.0,0.0,0.0,0.0,0.0,0.0,0.0,1750714630.2662976,0.0,both_blink
423.853455543518,183.0,-775.4364666626789,-953.65391925117,-467.878314006608,-423.3791143838316,0.0,0.0,0.0,0.0,0.0,0.0,0.0,0.0,1750714630.369932,0.0,both_blink
423.9544157981872,192.0,-946.1628996399232,-876.683038263116,-551.9101261110045,-278.4579911008477,0.0,0.0,0.0,0.0,0.0,0.0,0.0,0.0,1750714630.460068,0.0,both_blink
424.05514383316034,102.0,-1780.7066151523031,-707.1589831216261,-538.3455089717172,-30.2744901413098,0.0,0.0,0.0,0.0,0.0,0.0,0.0,0.0,1750714630.564798,0.0,both_blink
424.15557694435114,113.0,-1500.3412750740536,-662.8486484466121,-520.3304108851589,28.22876486554742,0.0,0.0,0.0,0.0,0.0,0.0,0.0,0.0,1750714630.671409,0.0,both_blink
424.25592875480646,122.0,-1452.010547946673,-776.5303873997182,-568.7060168120079,-102.80236998200417,0.0,0.0,0.0,0.0,0.0,0.0,0.0,0.0,1750714630.7601745,0.0,both_blink
424.3566992282867,132.0,-1517.858966466505,-762.9433308606967,-526.613442810718,-106.44503253884614,0.0,0.0,0.0,0.0,0.0,0.0,0.0,0.0,1750714630.8648329,0.0,both_blink
424.45705056190485,141.0,-1524.9124177829362,-691.2419689102098,-428.1942355767824,-35.76840317621827,0.0,0.0,0.0,0.0,0.0,0.0,0.0,0.0,1750714630.9550405,0.0,both_blink
424.55766725540155,153.0,-1495.9506325260736,-728.6596679668874,-434.1705957059749,-57.55332041811198,0.0,0.0,0.0,0.0,0.0,0.0,0.0,0.0,1750714631.075286,0.0,both_blink
424.6586756706237,162.0,-1035.8045616778545,-968.6789673231542,-499.1139584365301,-327.7124735172838,0.0,0.0,0.0,0.0,0.0,0.0,0.0,0.0,1750714631.1651225,0.0,both_blink
424.7593681812286,173.0,-897.2786673191004,-926.0179285285994,-398.7163441260345,-344.92723301332444,0.0,0.0,0.0,0.0,0.0,0.0,0.0,0.0,1750714631.2714145,0.0,both_blink
424.8603019714355,182.0,-1046.6315720495768,-996.963830688037,-427.5921116839163,-444.41605163458735,0.0,0.0,0.0,0.0,0.0,0.0,0.0,0.0,1750714631.3613858,0.0,both_blink
424.9615747928619,192.0,-1184.7273779134266,-861.5570128923282,-560.998083003331,-247.82821046374735,0.0,0.0,0.0,0.0,0.0,0.0,0.0,0.0,1750714631.4651113,0.0,both_blink
425.0623123645782,102.0,-1240.8744959481992,-707.0355664230883,-577.3825847092085,-94.67743732826784,0.0,0.0,0.0,0.0,0.0,0.0,0.0,0.0,1750714631.5700235,0.0,both_blink
425.1630578041076,113.0,-1320.6016832035966,-779.0473400698975,-609.5793834277429,-132.47660618042573,0.0,0.0,0.0,0.0,0.0,0.0,0.0,0.0,1750714631.67672,0.0,both_blink
425.2641284465789,122.0,-1330.2057462898083,-729.5535040562972,-510.5430927011184,-100.34712566109374,0.0,0.0,0.0,0.0,0.0,0.0,0.0,0.0,1750714631.7662947,0.0,both_blink
425.36463093757624,132.0,-1864.8394045555035,-631.3212918201461,-386.7748435675167,17.295167345087975,0.0,0.0,0.0,0.0,0.0,0.0,0.0,0.0,1750714631.8698468,0.0,both_blink
425.4652791023254,143.0,-2129.353178671561,-466.6347972713411,-101.31575974961744,206.91183499852195,0.0,0.0,0.0,0.0,0.0,0.0,0.0,0.0,1750714631.9766097,0.0,both_blink
425.5665855407714,153.0,-1552.8438606020063,-583.4617920871824,-216.77769108163196,89.89036538498476,0.0,0.0,0.0,0.0,0.0,0.0,0.0,0.0,1750714632.0802968,0.0,both_blink
425.6677010059356,162.0,-1074.7462699664757,-650.8697488885373,-243.82090766122565,-2.6011004191823304,0.0,0.0,0.0,0.0,0.0,0.0,0.0,0.0,1750714632.169758,0.0,both_blink
425.7686941623687,174.0,449.0572674795985,-980.8299022791908,-444.9003686788492,-361.0368520724587,0.0,0.0,0.0,0.0,0.0,0.0,0.0,0.0,1750714632.2898588,0.0,both_blink
425.86966180801386,183.0,753.9114724677056,-1155.004523015581,-555.3732734699734,-593.6773288161494,0.0,0.0,0.0,0.0,0.0,0.0,0.0,0.0,1750714632.379871,0.0,both_blink
425.97021913528437,194.0,520.0742277381942,-976.6486941287294,-561.9180983924307,-359.5895107896067,0.0,0.0,0.0,0.0,0.0,0.0,0.0,0.0,1750714632.4863927,0.0,both_blink
426.0710890293121,102.0,-785.324762145523,-829.7285943194292,-639.3115880754776,-188.434859267436,0.0,0.0,0.0,0.0,0.0,0.0,0.0,0.0,1750714632.5753098,0.0,both_blink
426.1713886260986,113.0,-1117.6634919079952,-811.6237386339344,-594.1859552101232,-175.64814131893218,0.0,0.0,0.0,0.0,0.0,0.0,0.0,0.0,1750714632.681353,0.0,both_blink
426.272232055664,123.0,-2929.091515246313,-508.751680622343,-111.4434088296257,161.0737511916086,0.0,0.0,0.0,0.0,0.0,0.0,0.0,0.0,1750714632.7851317,0.0,both_blink
426.3730018138885,134.0,-2439.5498307463718,-595.0274327001534,-204.667895025108,91.91178131103516,0.0,0.0,0.0,0.0,0.0,0.0,0.0,0.0,1750714632.891528,0.0,both_blink
426.4737129211425,143.0,-2040.2594119771384,-692.7323190425523,-289.4850861201994,-26.5682492852211,0.0,0.0,0.0,0.0,0.0,0.0,0.0,0.0,1750714632.979779,0.0,both_blink
426.57451319694513,153.0,-823.4044234943576,-978.7860469534062,-448.3448165380396,-360.2795223314315,0.0,0.0,0.0,0.0,0.0,0.0,0.0,0.0,1750714633.0850646,0.0,both_blink
426.67535328865046,162.0,-83.64099255902693,-1066.0865316190757,-571.0509340842254,-504.5611227219924,0.0,0.0,0.0,0.0,0.0,0.0,0.0,0.0,1750714633.175338,0.0,both_blink
426.7763872146606,174.0,-587.4616150897928,-942.7558507802896,-621.7415380836464,-351.5692953346297,0.0,0.0,0.0,0.0,0.0,0.0,0.0,0.0,1750714633.295036,0.0,both_blink
426.87711071968073,183.0,-1276.841113822069,-793.586201147642,-552.9797374983318,-149.9475488234311,0.0,0.0,0.0,0.0,0.0,0.0,0.0,0.0,1750714633.384724,0.0,both_blink
426.9779958724975,194.0,-1311.6708021094091,-774.2060395772569,-560.6876713070087,-90.3073642300442,0.0,0.0,0.0,0.0,0.0,0.0,0.0,0.0,1750714633.4915648,0.0,both_blink
427.0792369842529,102.0,-1523.6277621481568,-779.8794678100385,-521.7627925681882,-105.349241851829,0.0,0.0,0.0,0.0,0.0,0.0,0.0,0.0,1750714633.57976,0.0,both_blink
427.17994999885553,113.0,-2390.6637284755707,-547.5905416621827,-200.43058837531132,147.9616619469598,0.0,0.0,0.0,0.0,0.0,0.0,0.0,0.0,1750714633.6864724,0.0,both_blink
427.28062939643854,123.0,-1737.942729108967,-688.0611839978956,-321.04236194631085,-20.259038059972227,0.0,0.0,0.0,0.0,0.0,0.0,0.0,0.0,1750714633.789881,0.0,both_blink
427.38104987144465,132.0,-1685.658927728422,-783.3800141685642,-400.2796223075129,-122.58644074760376,0.0,0.0,0.0,0.0,0.0,0.0,0.0,0.0,1750714633.8800173,0.0,both_blink
427.481780052185,144.0,-1313.8455539336428,-848.7310259942897,-444.3805225850083,-246.82965717557815,0.0,0.0,0.0,0.0,0.0,0.0,0.0,0.0,1750714633.9998677,0.0,both_blink
427.58214640617365,153.0,-185.6224545007572,-1066.2922261166386,-534.126901821699,-500.9670788645744,0.0,0.0,0.0,0.0,0.0,0.0,0.0,0.0,1750714634.0956025,0.0,both_blink
427.68258404731745,164.0,-506.8013227954507,-1089.8199367378838,-528.4198144893162,-557.6789217926562,0.0,0.0,0.0,0.0,0.0,0.0,0.0,0.0,1750714634.1961982,0.0,both_blink
427.78288602828974,173.0,-796.6772284610197,-793.526362748351,-623.9405992575921,-174.8291032286361,0.0,0.0,0.0,0.0,0.0,0.0,0.0,0.0,1750714634.2860932,0.0,both_blink
427.8835046291351,185.0,-1020.2334882123396,-789.3152353982441,-621.4909647866152,-137.90881086606532,0.0,0.0,0.0,0.0,0.0,0.0,0.0,0.0,1750714634.4066415,0.0,both_blink
427.98404288291925,194.0,-1211.387254747562,-791.2562434752472,-633.1631925483234,-145.60926487483084,0.0,0.0,0.0,0.0,0.0,0.0,0.0,0.0,1750714634.496652,0.0,both_blink
428.0849156379699,102.0,-1734.202829153277,-743.9334193859249,-458.70059951534495,-107.59692172519864,0.0,0.0,0.0,0.0,0.0,0.0,0.0,0.0,1750714634.584972,0.0,both_blink
428.18518638610834,114.0,-1673.0610747276803,-503.6224078331143,-124.0393918803893,197.9042859552428,0.0,0.0,0.0,0.0,0.0,0.0,0.0,0.0,1750714634.705635,0.0,both_blink
428.28624010086054,123.0,-1284.4854693314992,-606.5855935132131,-226.1311808708124,57.9160907138139,0.0,0.0,0.0,0.0,0.0,0.0,0.0,0.0,1750714634.7948012,0.0,both_blink
428.38678359985346,134.0,-826.1420302619226,-696.3394525498152,-284.4810999794863,-76.51461319345981,0.0,0.0,0.0,0.0,0.0,0.0,0.0,0.0,1750714634.901405,0.0,both_blink
428.48734331130976,143.0,266.1742896963842,-984.5436229351908,-464.62086114520207,-393.9498416325077,0.0,0.0,0.0,0.0,0.0,0.0,0.0,0.0,1750714634.9915433,0.0,both_blink
428.5882811546325,153.0,823.8195523894392,-1160.0608677556738,-560.732550106477,-631.4035696191713,0.0,0.0,0.0,0.0,0.0,0.0,0.0,0.0,1750714635.095662,0.0,both_blink
428.6886308193206,163.0,501.7655475051142,-1063.9080398948863,-543.6973058083095,-524.5733273848891,0.0,0.0,0.0,0.0,0.0,0.0,0.0,0.0,1750714635.201,0.0,both_blink
428.7890322208404,174.0,168.74241605075076,-813.9368667565286,-639.0497950785793,-207.42233134247363,0.0,0.0,0.0,0.0,0.0,0.0,0.0,0.0,1750714635.30502,0.0,both_blink
428.8898179531097,183.0,-89.33686019154266,-795.3420841768384,-642.8944122330286,-133.52564811799675,0.0,0.0,0.0,0.0,0.0,0.0,0.0,0.0,1750714635.3949304,0.0,both_blink
428.9908556938171,194.0,-725.9818995986134,-507.6502800853923,-245.23458984447643,150.72170811425894,0.0,0.0,0.0,0.0,0.0,0.0,0.0,0.0,1750714635.4998467,0.0,both_blink
429.0915930271148,102.0,-2673.5497611239552,-478.68849482852966,-135.3656788961962,234.1476564258337,0.0,0.0,0.0,0.0,0.0,0.0,0.0,0.0,1750714635.5900505,0.0,both_blink
429.1923592090606,114.0,-2205.3778649708256,-622.2034157281741,-235.9428084045649,92.53634460363536,0.0,0.0,0.0,0.0,0.0,0.0,0.0,0.0,1750714635.7099648,0.0,both_blink
429.2927629947662,123.0,-2017.571308895945,-719.9419611701742,-333.25500525161624,-46.60289334785193,0.0,0.0,0.0,0.0,0.0,0.0,0.0,0.0,1750714635.8001275,0.0,both_blink
429.39345407485956,134.0,-1672.9993663784117,-729.5722035560757,-330.1247089887038,-57.3625855203718,0.0,0.0,0.0,0.0,0.0,0.0,0.0,0.0,1750714635.9062915,0.0,both_blink
429.4939575195312,143.0,-968.4545733258128,-906.966878154315,-468.4411689499393,-318.6619156245142,0.0,0.0,0.0,0.0,0.0,0.0,0.0,0.0,1750714635.9965448,0.0,both_blink
429.5947966575622,153.0,-87.18080786708742,-1154.0919874263927,-613.8821383267641,-612.3936581443995,0.0,0.0,0.0,0.0,0.0,0.0,0.0,0.0,1750714636.1001053,0.0,both_blink
429.6950440406799,164.0,-309.53655973263085,-1063.2909564021977,-573.4351203059778,-505.4960977109149,0.0,0.0,0.0,0.0,0.0,0.0,0.0,0.0,1750714636.2067456,0.0,both_blink
429.79575371742243,174.0,-710.4500950826332,-824.8536347271875,-701.840845384635,-215.27238134946677,0.0,0.0,0.0,0.0,0.0,0.0,0.0,0.0,1750714636.309716,0.0,both_blink
429.89625501632685,183.0,-956.019405973144,-853.3142733899876,-678.6759050590917,-238.91602886933836,0.0,0.0,0.0,0.0,0.0,0.0,0.0,0.0,1750714636.4001248,0.0,both_blink
429.99667263031,195.0,-2061.488954075612,-695.1875633634627,-415.0017384830862,-58.37609840836376,0.0,0.0,0.0,0.0,0.0,0.0,0.0,0.0,1750714636.5197816,0.0,both_blink
430.0977299213409,104.0,-2655.40189658897,-556.6710187545978,-244.0770908081904,123.34190053865314,0.0,0.0,0.0,0.0,0.0,0.0,0.0,0.0,1750714636.6108649,0.0,both_blink
430.19878077507013,114.0,-2129.347568821628,-667.2336811446585,-347.1375138871372,4.158768750727177,0.0,0.0,0.0,0.0,0.0,0.0,0.0,0.0,1750714636.7153468,0.0,both_blink
430.29953312873835,123.0,-1747.769316242542,-676.658229032997,-354.30316220223904,-25.042370103299618,0.0,0.0,0.0,0.0,0.0,0.0,0.0,0.0,1750714636.8052566,0.0,both_blink
430.4000976085662,134.0,-1356.489763178397,-842.9042618633248,-477.2598530454561,-221.81720627192408,0.0,0.0,0.0,0.0,0.0,0.0,0.0,0.0,1750714636.9113624,0.0,both_blink
430.5005605220794,144.0,-396.1171136568301,-1068.9699944849126,-546.4480022257194,-507.2875097896904,0.0,0.0,0.0,0.0,0.0,0.0,0.0,0.0,1750714637.0158274,0.0,both_blink
430.6012449264526,153.0,-229.56066913018003,-1065.7536805230193,-501.65896035637707,-577.6387678561732,0.0,0.0,0.0,0.0,0.0,0.0,0.0,0.0,1750714637.1052177,0.0,both_blink
430.70196127891535,164.0,-722.1428922940977,-938.7616376276128,-645.8956819474697,-339.010711283423,0.0,0.0,0.0,0.0,0.0,0.0,0.0,0.0,1750714637.2114992,0.0,both_blink
430.80253028869623,173.0,-910.200021666009,-786.7272246289067,-617.3378058858216,-165.49431293923408,0.0,0.0,0.0,0.0,0.0,0.0,0.0,0.0,1750714637.3016744,0.0,both_blink
430.90297436714167,185.0,-1110.669878990855,-744.6122112278827,-590.8144354000688,-113.65929955337197,0.0,0.0,0.0,0.0,0.0,0.0,0.0,0.0,1750714637.4201536,0.0,both_blink
431.0040357112884,194.0,-1333.983045245055,-798.4892099895515,-596.5738813318312,-134.64013830479234,0.0,0.0,0.0,0.0,0.0,0.0,0.0,0.0,1750714637.5113,0.0,both_blink
431.1053755283355,104.0,-2760.120965298265,-506.29643630143255,-197.38069996144625,176.0314810643904,0.0,0.0,0.0,0.0,0.0,0.0,0.0,0.0,1750714637.6164412,0.0,both_blink
431.2060503959655,113.0,-2015.3423285223544,-652.0889562740922,-326.7363596288488,51.31703724199906,0.0,0.0,0.0,0.0,0.0,0.0,0.0,0.0,1750714637.7081752,0.0,both_blink
431.3071455955505,125.0,-1757.7417594743893,-755.6729653468356,-426.5318500464782,-72.14080019528046,0.0,0.0,0.0,0.0,0.0,0.0,0.0,0.0,1750714637.8263648,0.0,both_blink
431.40772867202753,134.0,-948.745300559327,-889.9316338561475,-427.668779633008,-273.1753824134357,0.0,0.0,0.0,0.0,0.0,0.0,0.0,0.0,1750714637.9168708,0.0,both_blink
431.50859045982355,144.0,-569.549364252016,-1038.9853465901688,-472.64855640009046,-484.4348511104472,0.0,0.0,0.0,0.0,0.0,0.0,0.0,0.0,1750714638.0199826,0.0,both_blink
431.6093709468841,153.0,-761.1182596823201,-942.739021230489,-496.8943278128281,-336.56668666237965,0.0,0.0,0.0,0.0,0.0,0.0,0.0,0.0,1750714638.1103773,0.0,both_blink
431.71103453636164,164.0,-1011.7102562133224,-813.0168513674289,-597.6883715186268,-179.43105012411252,0.0,0.0,0.0,0.0,0.0,0.0,0.0,0.0,1750714638.2164795,0.0,both_blink
431.81181645393366,176.0,-1152.1023606499657,-778.9613223709166,-515.8219614885747,-100.07411296432838,0.0,0.0,0.0,0.0,0.0,0.0,0.0,0.0,1750714638.3364394,0.0,both_blink
431.91287469863886,184.0,-2023.9253989206627,-694.9145506666973,-372.15744459070265,-47.01241239299998,0.0,0.0,0.0,0.0,0.0,0.0,0.0,0.0,1750714638.4144597,0.0,both_blink
432.01379156112665,194.0,-2037.669531257823,-657.9082406051457,-308.6614231429994,6.269942275714129,0.0,0.0,0.0,0.0,0.0,0.0,0.0,0.0,1750714638.5181067,0.0,both_blink
432.1145153045654,104.0,-1820.499150680844,-674.8294179546647,-306.1108113732189,9.508695637341589,0.0,0.0,0.0,0.0,0.0,0.0,0.0,0.0,1750714638.6216867,0.0,both_blink
432.21486425399775,114.0,-1638.261305639986,-719.9363513202406,-334.4555131373927,-59.31294334726408,0.0,0.0,0.0,0.0,0.0,0.0,0.0,0.0,1750714638.725968,0.0,both_blink
432.3158898353576,125.0,-817.9441695590504,-946.9445387306624,-522.946470904164,-338.1860633431934,0.0,0.0,0.0,0.0,0.0,0.0,0.0,0.0,1750714638.8303638,0.0,both_blink
432.41650176048273,134.0,-616.4495796463452,-929.8868550327606,-482.5293720830232,-377.3016769797541,0.0,0.0,0.0,0.0,0.0,0.0,0.0,0.0,1750714638.9216168,0.0,both_blink
432.51703834533686,144.0,-823.7484942902811,-902.312572659459,-502.7547510433942,-281.747233111877,0.0,0.0,0.0,0.0,0.0,0.0,0.0,0.0,1750714639.025638,0.0,both_blink
432.61791849136347,155.0,-1302.0667390231974,-781.7007990884595,-578.6036620447412,-169.95788353634998,0.0,0.0,0.0,0.0,0.0,0.0,0.0,0.0,1750714639.13156,0.0,both_blink
432.71865415573114,165.0,-1299.8714177492077,-790.2427305872552,-552.652496252209,-149.76990357553586,0.0,0.0,0.0,0.0,0.0,0.0,0.0,0.0,1750714639.2356591,0.0,both_blink
432.8194468021392,174.0,-1409.3233298524283,-738.3403990021907,-429.4714114116505,-69.22741812979802,0.0,0.0,0.0,0.0,0.0,0.0,0.0,0.0,1750714639.324932,0.0,both_blink
432.91985464096064,185.0,-1626.7087546768598,-735.0979057406075,-481.98708658944815,-96.73438230389728,0.0,0.0,0.0,0.0,0.0,0.0,0.0,0.0,1750714639.43154,0.0,both_blink
433.0209472179412,195.0,-1595.143999050837,-765.2901180828921,-431.1169673921541,-120.65478242048994,0.0,0.0,0.0,0.0,0.0,0.0,0.0,0.0,1750714639.5353737,0.0,both_blink
433.12214303016657,105.0,-1535.9806517018003,-704.3970670043491,-368.04355463944376,-69.76409377343953,0.0,0.0,0.0,0.0,0.0,0.0,0.0,0.0,1750714639.6407616,0.0,both_blink
433.22283053398127,114.0,-1153.8451540293172,-903.6327573438176,-485.0388449532911,-259.7136125229299,0.0,0.0,0.0,0.0,0.0,0.0,0.0,0.0,1750714639.7302763,0.0,both_blink
433.3240664005279,125.0,-962.8858622917904,-861.9253930379637,-446.5889335088432,-260.43541321437806,0.0,0.0,0.0,0.0,0.0,0.0,0.0,0.0,1750714639.8367956,0.0,both_blink
433.4249558448791,135.0,-974.5917491531,-874.8168281852268,-413.1392683051527,-266.164939946495,0.0,0.0,0.0,0.0,0.0,0.0,0.0,0.0,1750714639.939966,0.0,both_blink
433.52633380889887,146.0,-1084.0810602558777,-955.7258238266222,-441.3493336709216,-384.4579755449668,0.0,0.0,0.0,0.0,0.0,0.0,0.0,0.0,1750714640.0459569,0.0,both_blink
433.6271786689758,155.0,-1113.424315308221,-818.0862857573666,-411.4114345256239,-224.7081489376724,0.0,0.0,0.0,0.0,0.0,0.0,0.0,0.0,1750714640.13703,0.0,both_blink
433.7280151844024,165.0,-1318.0230221841484,-686.995312510524,-557.0281792003661,-49.43399761430919,0.0,0.0,0.0,0.0,0.0,0.0,0.0,0.0,1750714640.2401383,0.0,both_blink
433.8288946151733,174.0,-1349.064191816375,-779.0940888193436,-594.2177443597466,-108.05692941974849,0.0,0.0,0.0,0.0,0.0,0.0,0.0,0.0,1750714640.33016,0.0,both_blink
433.92984151840204,186.0,-1643.110085932538,-747.8995832889341,-490.6636544866488,-97.74228534195572,0.0,0.0,0.0,0.0,0.0,0.0,0.0,0.0,1750714640.4504137,0.0,both_blink
434.03079128265375,195.0,-1594.057558113709,-684.9907261342742,-400.72654035221785,-26.373774487525225,0.0,0.0,0.0,0.0,0.0,0.0,0.0,0.0,1750714640.540442,0.0,both_blink
434.13182687759394,105.0,-2227.731247005984,-626.9306492721662,-254.20473988819867,27.447125774808228,0.0,0.0,0.0,0.0,0.0,0.0,0.0,0.0,1750714640.6451075,0.0,both_blink
434.23266911506647,114.0,-2010.8544485755265,-700.6066783992574,-315.2586066648364,-41.49792990833521,0.0,0.0,0.0,0.0,0.0,0.0,0.0,0.0,1750714640.7350154,0.0,both_blink
434.3334107398986,125.0,-1756.5599510883912,-718.1767283910885,-356.7228774735704,-59.1764369988814,0.0,0.0,0.0,0.0,0.0,0.0,0.0,0.0,1750714640.8418102,0.0,both_blink
434.43437290191645,135.0,-1587.0564653966576,-766.6757510164753,-401.5156592428684,-107.9447324210778,0.0,0.0,0.0,0.0,0.0,0.0,0.0,0.0,1750714640.9451504,0.0,both_blink
434.5350041389465,145.0,-579.860268429853,-985.6693328218536,-566.0039390940219,-366.6523118559271,0.0,0.0,0.0,0.0,0.0,0.0,0.0,0.0,1750714641.0378933,0.0,both_blink
434.63590407371515,155.0,-683.9603836964816,-1005.6142192855476,-507.0107571929693,-440.8668865766376,0.0,0.0,0.0,0.0,0.0,0.0,0.0,0.0,1750714641.1412976,0.0,both_blink
434.73699331283564,167.0,-1487.0608903313987,-631.6017843168229,-308.86337774060667,-3.960554053075612,0.0,0.0,0.0,0.0,0.0,0.0,0.0,0.0,1750714641.2617948,0.0,both_blink
434.83783102035517,176.0,-603.4010687009431,-722.2307799430564,-364.2587758842856,-70.40735656581819,0.0,0.0,0.0,0.0,0.0,0.0,0.0,0.0,1750714641.351496,0.0,both_blink
434.93845129013056,185.0,-558.5708879320882,-754.9773439550772,-473.3030388923362,-84.84337039478123,0.0,0.0,0.0,0.0,0.0,0.0,0.0,0.0,1750714641.4418657,0.0,both_blink
435.0395452976226,197.0,-1086.1810140809976,-717.1370362034068,-308.54174634441733,-32.12948051933199,0.0,0.0,0.0,0.0,0.0,0.0,0.0,0.0,1750714641.5623322,0.0,both_blink
435.14107561111445,106.0,-1783.5751184183173,-700.2382982536219,-321.20504759438336,-24.49634470976889,0.0,0.0,0.0,0.0,0.0,0.0,0.0,0.0,1750714641.6659627,0.0,both_blink
435.2420785427093,116.0,-1293.8389591206796,-795.5496486243792,-415.0353975826874,-116.56146191898732,0.0,0.0,0.0,0.0,0.0,0.0,0.0,0.0,1750714641.7569177,0.0,both_blink
435.3429746627807,126.0,-1263.815042276401,-823.6811760910787,-393.2579601407051,-182.054589943029,0.0,0.0,0.0,0.0,0.0,0.0,0.0,0.0,1750714641.8602536,0.0,both_blink
435.4441368579864,135.0,-953.4220454539172,-939.5619762181304,-482.8846625788137,-398.0375522840768,0.0,0.0,0.0,0.0,0.0,0.0,0.0,0.0,1750714641.950091,0.0,both_blink
435.54483270645136,146.0,-258.42521698819473,-1100.8601214070804,-453.3319731289521,-581.2178521137685,0.0,0.0,0.0,0.0,0.0,0.0,0.0,0.0,1750714642.0566175,0.0,both_blink
435.6455221176147,156.0,-899.2383748958819,-798.8071014857851,-591.0837081968784,-208.5480412291363,0.0,0.0,0.0,0.0,0.0,0.0,0.0,0.0,1750714642.1602514,0.0,both_blink
435.74627828598017,167.0,-1035.628786379937,-833.4871937748976,-570.5179983405396,-228.67244289070368,0.0,0.0,0.0,0.0,0.0,0.0,0.0,0.0,1750714642.2666433,0.0,both_blink
435.84765601158136,176.0,-1199.013795744162,-794.5361357363872,-491.1161823812872,-135.6611309926957,0.0,0.0,0.0,0.0,0.0,0.0,0.0,0.0,1750714642.3564513,0.0,both_blink
435.9482595920562,186.0,-1347.1474930890836,-762.2869784184732,-474.6045240769163,-120.86234686803073,0.0,0.0,0.0,0.0,0.0,0.0,0.0,0.0,1750714642.460228,0.0,both_blink
436.04941010475153,195.0,-1415.2884702817537,-810.0380210527219,-501.5617229575291,-159.31973811239004,0.0,0.0,0.0,0.0,0.0,0.0,0.0,0.0,1750714642.5500777,0.0,both_blink
436.1501710414886,107.0,-1435.4596206927672,-728.5923497676849,-405.5678408448584,-69.89312032191083,0.0,0.0,0.0,0.0,0.0,0.0,0.0,0.0,1750714642.6716824,0.0,both_blink
436.2509577274322,116.0,-1477.3801592960954,-777.7009760858491,-512.7945124744438,-118.87459004158154,0.0,0.0,0.0,0.0,0.0,0.0,0.0,0.0,1750714642.7613716,0.0,both_blink
436.35157942771906,126.0,-1285.4110945705324,-864.4703949578106,-482.7144971308298,-231.44183880789203,0.0,0.0,0.0,0.0,0.0,0.0,0.0,0.0,1750714642.8652253,0.0,both_blink
436.4521634578704,136.0,-858.146224132739,-1073.7514565782622,-381.1313345343806,-519.9227617899887,0.0,0.0,0.0,0.0,0.0,0.0,0.0,0.0,1750714642.957874,0.0,both_blink
436.5527396202087,147.0,-858.6847697263584,-962.459513696842,-371.3851552498527,-399.1913114204072,0.0,0.0,0.0,0.0,0.0,0.0,0.0,0.0,1750714643.0754757,0.0,both_blink
436.6535058021545,156.0,-1175.0316872783003,-830.2278709635139,-570.3403530926444,-241.356313590426,0.0,0.0,0.0,0.0,0.0,0.0,0.0,0.0,1750714643.1659184,0.0,both_blink
436.75470566749567,167.0,-1015.693249666132,-896.0388904837891,-407.9538970165886,-323.0170291229151,0.0,0.0,0.0,0.0,0.0,0.0,0.0,0.0,1750714643.2701356,0.0,both_blink
436.8552570343017,176.0,-1547.2302707685158,-690.2658550217748,-599.6873480449431,-58.28073095949367,0.0,0.0,0.0,0.0,0.0,0.0,0.0,0.0,1750714643.3631656,0.0,both_blink
436.9562146663665,186.0,-1796.445984115824,-690.7034233165905,-467.3210689132102,-17.51582144247368,0.0,0.0,0.0,0.0,0.0,0.0,0.0,0.0,1750714643.4652157,0.0,both_blink
437.0565304756164,197.0,-1677.663021623157,-672.7967823287472,-389.5423695347272,-30.130503993015736,0.0,0.0,0.0,0.0,0.0,0.0,0.0,0.0,1750714643.5718737,0.0,both_blink
437.15789175033564,107.0,-1907.5584117993712,-696.5544967972673,-392.4164826506749,-11.558160813059658,0.0,0.0,0.0,0.0,0.0,0.0,0.0,0.0,1750714643.6768093,0.0,both_blink
437.2590990066528,116.0,-1835.0604511583224,-675.8092717430554,-386.2007689243183,-56.87826847610995,0.0,0.0,0.0,0.0,0.0,0.0,0.0,0.0,1750714643.7665193,0.0,both_blink
437.3603107929229,127.0,-1315.7454231111333,-806.9675631891005,-463.6428773067892,-163.40557881398126,0.0,0.0,0.0,0.0,0.0,0.0,0.0,0.0,1750714643.8855703,0.0,both_blink
437.46185803413385,137.0,-1043.4545270372182,-882.7080170917325,-521.0802608262748,-279.9221619335003,0.0,0.0,0.0,0.0,0.0,0.0,0.0,0.0,1750714643.976426,0.0,both_blink
437.5627779960632,147.0,-736.9435463687405,-1064.960821732413,-428.5065172230825,-512.3719037794508,0.0,0.0,0.0,0.0,0.0,0.0,0.0,0.0,1750714644.0802534,0.0,both_blink
437.66372919082636,156.0,-1020.5513797085732,-840.0170590975322,-517.0598683739081,-272.846271217335,0.0,0.0,0.0,0.0,0.0,0.0,0.0,0.0,1750714644.1706233,0.0,both_blink
437.76471233367914,167.0,-1324.2649152101949,-789.4685712964274,-549.0921114943922,-135.7490186416544,0.0,0.0,0.0,0.0,0.0,0.0,0.0,0.0,1750714644.2766173,0.0,both_blink
437.86595296859736,177.0,-1443.3321100994945,-804.054181123618,-482.35359678510576,-129.67916101356968,0.0,0.0,0.0,0.0,0.0,0.0,0.0,0.0,1750714644.380973,0.0,both_blink
437.9665305614471,188.0,-1441.7912713177502,-746.1268707099371,-384.98530143871903,-103.7766139204614,0.0,0.0,0.0,0.0,0.0,0.0,0.0,0.0,1750714644.48656,0.0,both_blink
438.0676033496856,197.0,-2168.734325204976,-677.1780751268379,-331.02976477798074,-36.81744511378929,0.0,0.0,0.0,0.0,0.0,0.0,0.0,0.0,1750714644.5766375,0.0,both_blink
438.1684532165527,107.0,-2252.878334308043,-628.6659628516063,-293.5896263215691,-15.46635626675561,0.0,0.0,0.0,0.0,0.0,0.0,0.0,0.0,1750714644.6819415,0.0,both_blink
438.2696843147277,116.0,-1868.2969420645384,-654.3478558473289,-275.548348935321,-6.404578674118966,0.0,0.0,0.0,0.0,0.0,0.0,0.0,0.0,1750714644.7714596,0.0,both_blink
438.37061572074884,126.0,-1678.0332717187705,-708.4043698068708,-285.5151823172346,-95.27208142122254,0.0,0.0,0.0,0.0,0.0,0.0,0.0,0.0,1750714644.8748417,0.0,both_blink
438.4711642265319,137.0,-288.75019577890635,-1162.3048077290878,-491.58740977570415,-630.7771363765933,0.0,0.0,0.0,0.0,0.0,0.0,0.0,0.0,1750714644.9817915,0.0,both_blink
438.5720610618591,147.0,-870.6000909851864,-858.5389136280864,-647.82173042465,-262.13145784428343,0.0,0.0,0.0,0.0,0.0,0.0,0.0,0.0,1750714645.0854032,0.0,both_blink
438.6730732917785,157.0,-764.9142581373453,-1018.9768818272278,-462.53586691990495,-475.6236468148418,0.0,0.0,0.0,0.0,0.0,0.0,0.0,0.0,1750714645.1795297,0.0,both_blink
438.7736046314239,167.0,-958.0763509487732,-943.2887865239754,-499.4112804830074,-364.42520143231377,0.0,0.0,0.0,0.0,0.0,0.0,0.0,0.0,1750714645.2813623,0.0,both_blink
438.874166727066,177.0,-1545.0536489943042,-686.6418919647112,-564.6613150099292,-36.82492491370067,0.0,0.0,0.0,0.0,0.0,0.0,0.0,0.0,1750714645.3855996,0.0,both_blink
438.9746086597442,188.0,-1584.6180506255478,-666.1547200074419,-535.2395220585167,14.146171582397074,0.0,0.0,0.0,0.0,0.0,0.0,0.0,0.0,1750714645.4901788,0.0,both_blink
439.07557415962214,197.0,-1246.9537033261731,-848.3701256485656,-471.4405687144026,-186.69393583806232,0.0,0.0,0.0,0.0,0.0,0.0,0.0,0.0,1750714645.5815723,0.0,both_blink
439.17633461952204,107.0,-2434.5570643055253,-543.7683639074676,-205.52620206493884,162.85581352049485,0.0,0.0,0.0,0.0,0.0,0.0,0.0,0.0,1750714645.6865492,0.0,both_blink
439.27738833427424,117.0,-1775.2987198163755,-624.9279328458942,-388.1529967011884,34.595944540109485,0.0,0.0,0.0,0.0,0.0,0.0,0.0,0.0,1750714645.7903628,0.0,both_blink
439.3788573741912,126.0,-1510.6409595520236,-783.9821380614303,-471.57146521285176,-127.94758733408526,0.0,0.0,0.0,0.0,0.0,0.0,0.0,0.0,1750714645.8803968,0.0,both_blink
439.47961282730097,138.0,-609.6541814268567,-1078.6638151700608,-532.2588217938319,-541.6254012328573,0.0,0.0,0.0,0.0,0.0,0.0,0.0,0.0,1750714646.0003393,0.0,both_blink
439.58130097389216,147.0,-834.2276939661242,-821.6915493146516,-563.9956128178164,-224.7885567867197,0.0,0.0,0.0,0.0,0.0,0.0,0.0,0.0,1750714646.090268,0.0,both_blink
439.6819093227386,158.0,-1166.4579666298814,-804.3945120195858,-679.5398219488561,-170.08130023488775,0.0,0.0,0.0,0.0,0.0,0.0,0.0,0.0,1750714646.1964903,0.0,both_blink
439.782764673233,167.0,-1352.1776585294865,-742.1999757564627,-488.6067095110193,-105.82233919622377,0.0,0.0,0.0,0.0,0.0,0.0,0.0,0.0,1750714646.2865424,0.0,both_blink
439.8837597370147,179.0,-1413.3867311542854,-557.8303877408616,-228.13763719704,145.37178122764453,0.0,0.0,0.0,0.0,0.0,0.0,0.0,0.0,1750714646.4061463,0.0,both_blink
439.98436474800104,188.0,-1188.570125117898,-649.5215149545111,-346.0866019995883,9.669511335436257,0.0,0.0,0.0,0.0,0.0,0.0,0.0,0.0,1750714646.4966586,0.0,both_blink
440.08534622192377,198.0,-966.9099946441128,-695.5858627087437,-396.79964539874345,-36.7763062142767,0.0,0.0,0.0,0.0,0.0,0.0,0.0,0.0,1750714646.600155,0.0,both_blink
440.1860778331756,107.0,-1733.7278618589044,-742.2785136555322,-364.9207381764427,-72.79341273754835,0.0,0.0,0.0,0.0,0.0,0.0,0.0,0.0,1750714646.691326,0.0,both_blink
440.28694844245905,117.0,-798.4499410400167,-923.9516338030808,-546.0814920300618,-304.2483411952853,0.0,0.0,0.0,0.0,0.0,0.0,0.0,0.0,1750714646.795708,0.0,both_blink
440.38766765594477,128.0,-619.3199528623372,-940.6390674053692,-502.3845009477809,-397.97771388478577,0.0,0.0,0.0,0.0,0.0,0.0,0.0,0.0,1750714646.9014344,0.0,both_blink
440.4882004261016,137.0,-445.6614383198321,-980.81307272939,-585.7767901597545,-430.7766364961863,0.0,0.0,0.0,0.0,0.0,0.0,0.0,0.0,1750714646.9916177,0.0,both_blink
440.58919692039484,147.0,-828.4364588847384,-861.439206043724,-638.969387229532,-229.57001888006928,0.0,0.0,0.0,0.0,0.0,0.0,0.0,0.0,1750714647.0949464,0.0,both_blink
440.6903140544891,158.0,-840.9800833361223,-956.4139654184692,-453.8256399231032,-413.73391239810735,0.0,0.0,0.0,0.0,0.0,0.0,0.0,0.0,1750714647.2012858,0.0,both_blink
440.7911076545715,168.0,-1108.124877071008,-777.5607298375107,-559.1487024752423,-119.96103097870946,0.0,0.0,0.0,0.0,0.0,0.0,0.0,0.0,1750714647.305689,0.0,both_blink
440.8917698860168,178.0,-1350.6835684971884,-755.2597064017318,-502.2049857499078,-90.68509412556888,0.0,0.0,0.0,0.0,0.0,0.0,0.0,0.0,1750714647.3977883,0.0,both_blink
440.9922473430633,188.0,-2739.8058287389576,-490.3251935406588,-194.82260839175436,205.33546716719863,0.0,0.0,0.0,0.0,0.0,0.0,0.0,0.0,1750714647.5014143,0.0,both_blink
441.0932018756866,198.0,-2363.4335168981925,-556.1436928608455,-245.6067098900676,134.79347420297563,0.0,0.0,0.0,0.0,0.0,0.0,0.0,0.0,1750714647.6051047,0.0,both_blink
441.19387269020075,108.0,-2020.7651834581047,-621.0103876423091,-282.5045628529042,38.49292029393837,0.0,0.0,0.0,0.0,0.0,0.0,0.0,0.0,1750714647.7097795,0.0,both_blink
441.29425764083857,117.0,-1230.2213909244165,-884.2320263236761,-430.1782525032759,-270.80054594157264,0.0,0.0,0.0,0.0,0.0,0.0,0.0,0.0,1750714647.8001523,0.0,both_blink
441.39473295211786,128.0,-168.69566730130464,-1108.872857062146,-502.5453166458756,-546.0123038808815,0.0,0.0,0.0,0.0,0.0,0.0,0.0,0.0,1750714647.9065125,0.0,both_blink
441.49553489685053,137.0,-438.40603240579367,-1111.9881937252358,-557.6153434934095,-583.7366747339256,0.0,0.0,0.0,0.0,0.0,0.0,0.0,0.0,1750714647.996653,0.0,both_blink
441.5963037014007,149.0,-1106.0567123955116,-737.2315186653286,-628.9389755483717,-151.81188895134255,0.0,0.0,0.0,0.0,0.0,0.0,0.0,0.0,1750714648.1168156,0.0,both_blink
441.6969799995422,158.0,-1831.52250580024,-626.5865784762427,-418.8687950372696,22.0298806889914,0.0,0.0,0.0,0.0,0.0,0.0,0.0,0.0,1750714648.2062807,0.0,both_blink
441.7976555824279,168.0,-1954.550254742615,-627.162523069419,-371.33840650040656,43.42584833549336,0.0,0.0,0.0,0.0,0.0,0.0,0.0,0.0,1750714648.3100324,0.0,both_blink
441.89833140373224,177.0,-1751.1632754523307,-747.6022612424567,-430.466224799864,-84.6507655470632,0.0,0.0,0.0,0.0,0.0,0.0,0.0,0.0,1750714648.399812,0.0,both_blink
441.99922060966486,189.0,-663.1777596427128,-1004.8475397946312,-500.9371596649289,-459.04093041131273,0.0,0.0,0.0,0.0,0.0,0.0,0.0,0.0,1750714648.5203516,0.0,both_blink
442.0997955799102,198.0,-704.4774748533964,-972.6582208760084,-457.3261862816289,-385.32376238470897,0.0,0.0,0.0,0.0,0.0,0.0,0.0,0.0,1750714648.6100197,0.0,both_blink
442.20057272911066,108.0,-1330.0617601415142,-795.0223227306269,-540.241638249252,-108.1616466185078,0.0,0.0,0.0,0.0,0.0,0.0,0.0,0.0,1750714648.7150028,0.0,both_blink
442.3008966445922,118.0,-2458.71868796926,-601.1346893277951,-310.32754857325926,145.85609827190638,0.0,0.0,0.0,0.0,0.0,0.0,0.0,0.0,1750714648.809194,0.0,both_blink
442.4015114307403,128.0,-2250.840088832192,-666.467001653742,-341.27896060654894,103.8682414693758,0.0,0.0,0.0,0.0,0.0,0.0,0.0,0.0,1750714648.9112732,0.0,both_blink
442.50221443176264,138.0,-1997.8732558293268,-707.0075171734206,-373.29250422725454,-1.933528277091682,0.0,0.0,0.0,0.0,0.0,0.0,0.0,0.0,1750714649.0151243,0.0,both_blink
442.6029934883117,149.0,-1705.0615286985412,-674.2385137616657,-344.42421646928415,-7.23670641425997,0.0,0.0,0.0,0.0,0.0,0.0,0.0,0.0,1750714649.121533,0.0,both_blink
442.7035465240478,158.0,-586.8987601464614,-1003.536704860162,-484.2179369130172,-475.5282793659717,0.0,0.0,0.0,0.0,0.0,0.0,0.0,0.0,1750714649.2098908,0.0,both_blink
442.80455398559565,169.0,79.25595986098051,-1186.8404213883914,-459.8749281014316,-729.9835925512016,0.0,0.0,0.0,0.0,0.0,0.0,0.0,0.0,1750714649.316403,0.0,both_blink
442.9047820568084,178.0,-442.8116345535964,-948.926685707178,-707.2618303704076,-387.6668097069487,0.0,0.0,0.0,0.0,0.0,0.0,0.0,0.0,1750714649.408038,0.0,both_blink
443.0054891109466,190.0,-644.6166361626238,-1024.3342885137536,-548.1926655550487,-521.0840007262304,0.0,0.0,0.0,0.0,0.0,0.0,0.0,0.0,1750714649.5265503,0.0,both_blink
443.1061534881591,199.0,-963.3720492860302,-771.1804605131038,-585.939475807827,-133.33491322025657,0.0,0.0,0.0,0.0,0.0,0.0,0.0,0.0,1750714649.6168823,0.0,both_blink
443.2067785263061,109.0,-924.4696099469438,-961.4478707588278,-488.06442401744425,-392.94006864447147,0.0,0.0,0.0,0.0,0.0,0.0,0.0,0.0,1750714649.7212627,0.0,both_blink
443.3075950145721,118.0,-1029.9048694977537,-927.3699023625812,-449.9211843693629,-324.94494755007327,0.0,0.0,0.0,0.0,0.0,0.0,0.0,0.0,1750714649.8120117,0.0,both_blink
443.4085471630096,128.0,-1139.330602301285,-840.0170590975322,-537.80509342812,-264.3548283679411,0.0,0.0,0.0,0.0,0.0,0.0,0.0,0.0,1750714649.918004,0.0,both_blink
443.50914597511286,139.0,-1170.1361582363024,-917.9752736738884,-449.4574367748573,-307.4870945569128,0.0,0.0,0.0,0.0,0.0,0.0,0.0,0.0,1750714650.0216453,0.0,both_blink
443.6099565029144,149.0,-1214.319336312823,-899.5188673925586,-472.1174906063825,-289.75248896703124,0.0,0.0,0.0,0.0,0.0,0.0,0.0,0.0,1750714650.1254516,0.0,both_blink
443.7117764949798,158.0,-1228.0971277495846,-876.6643387633376,-459.2372751589865,-297.1425312794745,0.0,0.0,0.0,0.0,0.0,0.0,0.0,0.0,1750714650.21501,0.0,both_blink
443.81292319297785,169.0,-1361.1178893735632,-686.3894487177022,-631.6915419157594,2.42345517128706,0.0,0.0,0.0,0.0,0.0,0.0,0.0,0.0,1750714650.321329,0.0,both_blink
443.9137594699859,179.0,-1211.2862774487585,-851.7229459588416,-482.83604387938976,-259.92304692044854,0.0,0.0,0.0,0.0,0.0,0.0,0.0,0.0,1750714650.4249358,0.0,both_blink
444.01413822174067,190.0,-1218.010617569089,-831.9650544929318,-392.4763210499659,-237.73422048334032,0.0,0.0,0.0,0.0,0.0,0.0,0.0,0.0,1750714650.5317106,0.0,both_blink
444.11470031738276,198.0,-1295.6434608493,-858.3612683801912,-442.2020308608189,-267.6833393285051,0.0,0.0,0.0,0.0,0.0,0.0,0.0,0.0,1750714650.6208832,0.0,both_blink
444.2155983448028,109.0,-1311.4407982621342,-871.0544888298027,-477.0784678976052,-266.2023389460519,0.0,0.0,0.0,0.0,0.0,0.0,0.0,0.0,1750714650.7264564,0.0,both_blink
444.3161399364471,118.0,-1301.8255154760554,-678.9096488063224,-506.4516421495937,-27.469565174542367,0.0,0.0,0.0,0.0,0.0,0.0,0.0,0.0,1750714650.8164315,0.0,both_blink
444.41661810874933,130.0,-1688.2319788979366,-618.1512341261841,-534.5719499164261,93.8976681875065,0.0,0.0,0.0,0.0,0.0,0.0,0.0,0.0,1750714650.9364555,0.0,both_blink
444.517463684082,139.0,-1731.296926887706,-656.7844006684609,-539.8115497543477,25.973605192266405,0.0,0.0,0.0,0.0,0.0,0.0,0.0,0.0,1750714651.028048,0.0,both_blink
444.61807751655573,149.0,-1515.1269695488736,-772.2164128008299,-513.1685024700128,-120.38737957365812,0.0,0.0,0.0,0.0,0.0,0.0,0.0,0.0,1750714651.130397,0.0,both_blink
444.7200725078582,158.0,-1145.3593210298568,-874.0576284942217,-322.11571323359385,-277.4594378126785,0.0,0.0,0.0,0.0,0.0,0.0,0.0,0.0,1750714651.2201717,0.0,both_blink
444.82044243812555,170.0,-1338.446615842171,-766.3784289699979,-525.9552204185165,-85.30711798928678,0.0,0.0,0.0,0.0,0.0,0.0,0.0,0.0,1750714651.34045,0.0,both_blink
444.92140483856195,179.0,-1395.6072467649356,-783.1107413717546,-578.594312294852,-132.29896093253046,0.0,0.0,0.0,0.0,0.0,0.0,0.0,0.0,1750714651.4302273,0.0,both_blink
445.02185177803034,190.0,-2402.781004332006,-615.4136273586191,-245.6646783393808,95.4534665690735,0.0,0.0,0.0,0.0,0.0,0.0,0.0,0.0,1750714651.536522,0.0,both_blink
445.12238621711725,199.0,-2208.156610637903,-658.0559666533954,-327.5946666686796,6.593443621881306,0.0,0.0,0.0,0.0,0.0,0.0,0.0,0.0,1750714651.626738,0.0,both_blink
445.22308993339533,109.0,-922.4351043710484,-928.7069165967404,-384.2784603470936,-353.8674638574012,0.0,0.0,0.0,0.0,0.0,0.0,0.0,0.0,1750714651.731671,0.0,both_blink
445.3235075473785,118.0,-1077.1510256379845,-864.7396677546203,-514.9131657993421,-244.55392805254087,0.0,0.0,0.0,0.0,0.0,0.0,0.0,0.0,1750714651.837009,0.0,both_blink
445.4244334697723,130.0,-1367.2438455009833,-795.166308878921,-540.2435081992298,-173.63794509274885,0.0,0.0,0.0,0.0,0.0,0.0,0.0,0.0,1750714651.941754,0.0,both_blink
445.5254004001617,139.0,-1129.7340190149844,-858.1985827321187,-399.1370828710496,-269.8206921531819,0.0,0.0,0.0,0.0,0.0,0.0,0.0,0.0,1750714652.0316677,0.0,both_blink
445.6261467933654,149.0,-1223.9757579984143,-793.2888791011646,-431.06834869273007,-174.08673308743164,0.0,0.0,0.0,0.0,0.0,0.0,0.0,0.0,1750714652.13803,0.0,both_blink
445.72694778442377,158.0,-1582.1497166547924,-708.438028906472,-501.3410688601434,-30.01082719443366,0.0,0.0,0.0,0.0,0.0,0.0,0.0,0.0,1750714652.225042,0.0,both_blink
445.8281998634338,170.0,-1215.0635764040053,-899.8087096391246,-469.3836237387732,-284.7802919759415,0.0,0.0,0.0,0.0,0.0,0.0,0.0,0.0,1750714652.34494,0.0,both_blink
445.9286451339721,179.0,-1115.7056542811915,-882.6949274418876,-335.5363442245871,-330.75114223128185,0.0,0.0,0.0,0.0,0.0,0.0,0.0,0.0,1750714652.435048,0.0,both_blink
446.02934789657587,190.0,-1330.93315683119,-795.7272938722745,-554.90765592549,-152.75060384022072,0.0,0.0,0.0,0.0,0.0,0.0,0.0,0.0,1750714652.5417368,0.0,both_blink
446.13081598281855,199.0,-1285.1455616736785,-772.274381250143,-455.8526656990871,-131.40699479309842,0.0,0.0,0.0,0.0,0.0,0.0,0.0,0.0,1750714652.631349,0.0,both_blink
446.2313601970672,110.0,-2583.264836293645,-525.8916421192698,-219.48537864955145,131.33032684400678,0.0,0.0,0.0,0.0,0.0,0.0,0.0,0.0,1750714652.7506185,0.0,both_blink
446.3320639133453,119.0,-1263.7047152277082,-736.4293101248331,-497.74889495270327,-93.57229689136147,0.0,0.0,0.0,0.0,0.0,0.0,0.0,0.0,1750714652.8406217,0.0,both_blink
446.4330868721008,130.0,-1229.080721437931,-774.5725497729145,-523.875836043153,-189.02202356047928,0.0,0.0,0.0,0.0,0.0,0.0,0.0,0.0,1750714652.946378,0.0,both_blink
446.53374385833735,139.0,-947.0062470799312,-931.2481786166318,-430.2063017529436,-355.23065739125013,0.0,0.0,0.0,0.0,0.0,0.0,0.0,0.0,1750714653.0365653,0.0,both_blink
446.63477563858027,151.0,-1088.2884477060288,-968.8566125710496,-461.1053551868536,-387.7079486064613,0.0,0.0,0.0,0.0,0.0,0.0,0.0,0.0,1750714653.156341,0.0,both_blink
446.73531842231745,160.0,-1232.3774432488715,-648.0554741718806,-368.95048037869856,-9.304871089756489,0.0,0.0,0.0,0.0,0.0,0.0,0.0,0.0,1750714653.2483287,0.0,both_blink
446.836201429367,170.0,-1101.1967124030923,-608.3489563423209,-308.135967199225,44.60578677151352,0.0,0.0,0.0,0.0,0.0,0.0,0.0,0.0,1750714653.3506725,0.0,both_blink
446.9366507530212,179.0,-914.2129343184642,-619.998744704295,-386.1988989743404,45.74645625799894,0.0,0.0,0.0,0.0,0.0,0.0,0.0,0.0,1750714653.4407463,0.0,both_blink
447.0371084213256,190.0,-1089.7787978383712,-630.7247777772136,-331.5028621223755,21.71759904269129,0.0,0.0,0.0,0.0,0.0,0.0,0.0,0.0,1750714653.546697,0.0,both_blink
447.13790988922113,0.0,-1549.2722561443225,-722.5281019895338,-334.9734892812557,-87.02373206894845,0.0,0.0,0.0,0.0,0.0,0.0,0.0,0.0,1750714653.6516628,0.0,both_blink
447.2388703823089,110.0,-308.4744281452149,-1066.602637812961,-478.3500338825397,-535.0300876609981,0.0,0.0,0.0,0.0,0.0,0.0,0.0,0.0,1750714653.755434,0.0,both_blink
447.33945918083185,119.0,-705.1469169454649,-960.8008680664934,-586.8033926975913,-424.0186372762546,0.0,0.0,0.0,0.0,0.0,0.0,0.0,0.0,1750714653.8451416,0.0,both_blink
447.440316915512,131.0,-1109.826531550847,-812.0762665285729,-616.4308801465668,-209.25862222071737,0.0,0.0,0.0,0.0,0.0,0.0,0.0,0.0,1750714653.9650228,0.0,both_blink
447.54112839698786,140.0,-1160.072087455541,-749.9602681645192,-533.958606323693,-106.26925724092872,0.0,0.0,0.0,0.0,0.0,0.0,0.0,0.0,1750714654.0580044,0.0,both_blink
447.6418004035949,151.0,-1290.1944266138598,-789.8238617922179,-541.6665401323698,-163.01101936865598,0.0,0.0,0.0,0.0,0.0,0.0,0.0,0.0,1750714654.1617744,0.0,both_blink
447.7438170909881,160.0,-2550.8885223772377,-528.3337967903353,-230.51434361888096,158.4820005223155,0.0,0.0,0.0,0.0,0.0,0.0,0.0,0.0,1750714654.2515182,0.0,both_blink
447.84469556808466,170.0,-2251.3711546259,-571.2341891820543,-252.55731395771727,106.82276243437082,0.0,0.0,0.0,0.0,0.0,0.0,0.0,0.0,1750714654.3580513,0.0,both_blink
447.9457008838653,181.0,-1784.2838294599203,-711.2074248236604,-408.75049570715055,-69.90620997175574,0.0,0.0,0.0,0.0,0.0,0.0,0.0,0.0,1750714654.4616036,0.0,both_blink
448.04616975784296,191.0,-1154.3874395228922,-882.9249312891625,-496.0622000726871,-248.4677333561704,0.0,0.0,0.0,0.0,0.0,0.0,0.0,0.0,1750714654.565504,0.0,both_blink
448.1471729278564,0.0,-436.0685949334875,-1034.9593442878686,-638.2326269382611,-438.9950666488148,0.0,0.0,0.0,0.0,0.0,0.0,0.0,0.0,1750714654.6565144,0.0,both_blink
448.24817705154413,110.0,-601.14777897764,-1055.0500868498348,-520.0742277381942,-513.1011842708103,0.0,0.0,0.0,0.0,0.0,0.0,0.0,0.0,1750714654.760178,0.0,both_blink
448.34900903701777,119.0,-904.782776580192,-849.6099024838768,-578.8729348415509,-265.658183502499,0.0,0.0,0.0,0.0,0.0,0.0,0.0,0.0,1750714654.8500288,0.0,both_blink
448.4503681659698,131.0,-1127.2918643439189,-767.0628306618892,-530.9573366092518,-151.1611463590525,0.0,0.0,0.0,0.0,0.0,0.0,0.0,0.0,1750714654.9709537,0.0,both_blink
448.5517342090606,140.0,-1374.7273853123188,-794.1509260409512,-612.8873249385506,-129.77265851246193,0.0,0.0,0.0,0.0,0.0,0.0,0.0,0.0,1750714655.060306,0.0,both_blink
448.6527116298675,151.0,-2322.5975492820144,-563.5374750732444,-201.3487338144332,112.3297651191242,0.0,0.0,0.0,0.0,0.0,0.0,0.0,0.0,1750714655.1668084,0.0,both_blink
448.7538213729858,160.0,-2036.887892167084,-672.0544121875428,-363.03956849873066,-2.937691415194422,0.0,0.0,0.0,0.0,0.0,0.0,0.0,0.0,1750714655.2565072,0.0,both_blink
448.85405516624445,172.0,-1465.6181739354506,-813.5647467109375,-458.04424707312137,-190.42261609388515,0.0,0.0,0.0,0.0,0.0,0.0,0.0,0.0,1750714655.376526,0.0,both_blink
448.9549977779388,181.0,-675.2277172999457,-867.5464626713656,-554.2307340335101,-279.06198494369164,0.0,0.0,0.0,0.0,0.0,0.0,0.0,0.0,1750714655.4680643,0.0,both_blink
449.05596160888666,191.0,-750.0481558134779,-918.341783869546,-498.36036859545857,-320.8740664483048,0.0,0.0,0.0,0.0,0.0,0.0,0.0,0.0,1750714655.570053,0.0,both_blink
449.15644741058344,0.0,-928.5217915489338,-984.7960661822,-446.14575536409393,-433.3796068653464,0.0,0.0,0.0,0.0,0.0,0.0,0.0,0.0,1750714655.6618505,0.0,both_blink
449.257441997528,112.0,-1168.9150809007697,-739.361391690094,-571.4772826791741,-122.38448614999652,0.0,0.0,0.0,0.0,0.0,0.0,0.0,0.0,1750714655.7814517,0.0,both_blink
449.35803198814386,121.0,-1303.603837904986,-774.8343427698128,-516.2875790330581,-113.73783745244144,0.0,0.0,0.0,0.0,0.0,0.0,0.0,0.0,1750714655.8716235,0.0,both_blink
449.46026182174677,131.0,-1339.2376046827994,-774.5613300730474,-516.0444855359383,-120.99324336647987,0.0,0.0,0.0,0.0,0.0,0.0,0.0,0.0,1750714655.9753327,0.0,both_blink
449.561338186264,140.0,-1510.4464847543277,-734.3761050491594,-486.2487025889568,-106.06730264332144,0.0,0.0,0.0,0.0,0.0,0.0,0.0,0.0,1750714656.0651748,0.0,both_blink
449.6624009609222,152.0,-2449.6924394262023,-576.9711957140826,-242.88219277234748,67.16860320419073,0.0,0.0,0.0,0.0,0.0,0.0,0.0,0.0,1750714656.1857133,0.0,both_blink
449.7632355690002,161.0,-2301.072555087041,-618.7421383191831,-220.96637903200465,59.374651696532965,0.0,0.0,0.0,0.0,0.0,0.0,0.0,0.0,1750714656.276538,0.0,both_blink
449.8643550872802,172.0,-1745.3757802709006,-732.0723266764544,-267.7113885781728,-130.48510945402086,0.0,0.0,0.0,0.0,0.0,0.0,0.0,0.0,1750714656.381942,0.0,both_blink
449.96523284912104,181.0,-1175.7927569192834,-887.5025688349269,-359.6156900892965,-304.8878640877083,0.0,0.0,0.0,0.0,0.0,0.0,0.0,0.0,1750714656.4717858,0.0,both_blink
450.0666055679321,191.0,-1038.7553427428938,-950.7517568855546,-359.8475638865493,-405.4201147966087,0.0,0.0,0.0,0.0,0.0,0.0,0.0,0.0,1750714656.5780869,0.0,both_blink
450.1673324108123,200.0,-819.3204527427442,-828.0231999396347,-677.3501105247997,-244.54457830265164,0.0,0.0,0.0,0.0,0.0,0.0,0.0,0.0,1750714656.6654844,0.0,both_blink
450.26871681213373,112.0,-973.5034382659942,-794.418328887783,-575.6136120301671,-166.4274179781787,0.0,0.0,0.0,0.0,0.0,0.0,0.0,0.0,1750714656.7865548,0.0,both_blink
450.36985564231867,121.0,-1102.313072539866,-850.6664242213592,-597.0993372756056,-231.6101343058981,0.0,0.0,0.0,0.0,0.0,0.0,0.0,0.0,1750714656.8770945,0.0,both_blink
450.4712924957275,131.0,-1211.903360941447,-827.4453853964806,-593.9054627134465,-211.2314194473438,0.0,0.0,0.0,0.0,0.0,0.0,0.0,0.0,1750714656.9801772,0.0,both_blink
450.5723106861114,142.0,-1990.4682539170608,-611.7204761523753,-358.83779089851305,31.749880673829463,0.0,0.0,0.0,0.0,0.0,0.0,0.0,0.0,1750714657.0863087,0.0,both_blink
450.6735751628875,152.0,-1308.8640071926638,-735.6944197835401,-501.97498190263286,-94.11271243495868,0.0,0.0,0.0,0.0,0.0,0.0,0.0,0.0,1750714657.190554,0.0,both_blink
450.77504491806025,163.0,-2118.945037094876,-653.7045930549502,-314.22826422704384,2.904032315593213,0.0,0.0,0.0,0.0,0.0,0.0,0.0,0.0,1750714657.296816,0.0,both_blink
450.87630629539484,172.0,-1324.6426451057196,-794.5941041857004,-364.3167443335988,-179.71528252074495,0.0,0.0,0.0,0.0,0.0,0.0,0.0,0.0,1750714657.3882265,0.0,both_blink
450.9774312973022,182.0,-649.1194757092744,-999.1329726623372,-470.9824309698306,-431.3694106391631,0.0,0.0,0.0,0.0,0.0,0.0,0.0,0.0,1750714657.4902325,0.0,both_blink
451.07855844497675,191.0,-810.567216896452,-1041.0161122661084,-466.3150358251296,-476.2444702074863,0.0,0.0,0.0,0.0,0.0,0.0,0.0,0.0,1750714657.5800283,0.0,both_blink
451.17954468727106,103.0,-1094.2835073349995,-766.1652546725236,-565.5645008492284,-133.2619851711206,0.0,0.0,0.0,0.0,0.0,0.0,0.0,0.0,1750714657.7018194,0.0,both_blink
451.2801630496978,112.0,-1234.3240611758083,-824.4665550817735,-597.6678020688705,-178.70550953270867,0.0,0.0,0.0,0.0,0.0,0.0,0.0,0.0,1750714657.7914708,0.0,both_blink
451.3809192180633,122.0,-1308.5049767969176,-796.8960126084276,-590.7190679511987,-131.13398209633306,0.0,0.0,0.0,0.0,0.0,0.0,0.0,0.0,1750714657.8950748,0.0,both_blink
451.4816725254058,131.0,-1628.2533333585598,-538.2071326733567,-185.16057685622943,161.9806769308634,0.0,0.0,0.0,0.0,0.0,0.0,0.0,0.0,1750714657.9850128,0.0,both_blink
451.5823638439178,143.0,-374.3695954144932,-832.5746581857093,-324.34095370722935,-181.9966214937158,0.0,0.0,0.0,0.0,0.0,0.0,0.0,0.0,1750714658.105436,0.0,both_blink
451.68317627906794,152.0,179.74894162034616,-1016.177566710394,-480.9193451520987,-437.5140662663616,0.0,0.0,0.0,0.0,0.0,0.0,0.0,0.0,1750714658.1956704,0.0,both_blink
451.7841434478759,163.0,-111.5892649278976,-760.5367052392103,-508.2131350287236,-164.79308169754222,0.0,0.0,0.0,0.0,0.0,0.0,0.0,0.0,1750714658.3017263,0.0,both_blink
451.88556051254267,172.0,18.039407436270267,-1003.0617375657894,-429.95198855595663,-429.2937661637552,0.0,0.0,0.0,0.0,0.0,0.0,0.0,0.0,1750714658.391613,0.0,both_blink
451.9862167835235,182.0,-254.4871023348533,-812.1847236272879,-616.3411225476302,-164.63226599944755,0.0,0.0,0.0,0.0,0.0,0.0,0.0,0.0,1750714658.4954,0.0,both_blink
452.08686852455133,193.0,-121.15592901455238,-851.247978664469,-414.90637103421614,-244.29961485555395,0.0,0.0,0.0,0.0,0.0,0.0,0.0,0.0,1750714658.6020637,0.0,both_blink
452.18778038024897,103.0,-1422.485907746479,-739.3800911898725,-574.9703492377885,-61.190373125020415,0.0,0.0,0.0,0.0,0.0,0.0,0.0,0.0,1750714658.7065892,0.0,both_blink
452.2884273529052,112.0,-1499.576465533115,-725.6135194529779,-528.6741276863031,-73.30390908150002,0.0,0.0,0.0,0.0,0.0,0.0,0.0,0.0,1750714658.7978327,0.0,both_blink
452.3894114494323,122.0,-1541.945792131126,-705.4891177914105,-496.63814466586336,-88.99652929557487,0.0,0.0,0.0,0.0,0.0,0.0,0.0,0.0,1750714658.9001625,0.0,both_blink
452.4905383586883,132.0,-1545.1321868933735,-737.1324113165028,-467.39960681227967,-108.4402691652067,0.0,0.0,0.0,0.0,0.0,0.0,0.0,0.0,1750714659.005838,0.0,both_blink
452.5916635990142,143.0,-1447.5731566492468,-765.9633000749163,-494.4316036920063,-124.53305867454036,0.0,0.0,0.0,0.0,0.0,0.0,0.0,0.0,1750714659.109858,0.0,both_blink
452.69237351417536,152.0,-1072.378913294524,-920.6941809416747,-415.5907727261074,-337.83077284740284,0.0,0.0,0.0,0.0,0.0,0.0,0.0,0.0,1750714659.2004008,0.0,both_blink
452.79313421249384,161.0,-970.5563971009104,-982.1781362132168,-311.6178140579723,-414.0873329439201,0.0,0.0,0.0,0.0,0.0,0.0,0.0,0.0,1750714659.2898922,0.0,both_blink
452.8935756683349,172.0,-1242.3985051801428,-785.4706182437949,-516.2987987329252,-210.1169292605482,0.0,0.0,0.0,0.0,0.0,0.0,0.0,0.0,1750714659.396623,0.0,both_blink
452.9948403835296,184.0,-1433.8252844121307,-694.0973825263791,-451.1647011046298,-73.28520958172157,0.0,0.0,0.0,0.0,0.0,0.0,0.0,0.0,1750714659.516346,0.0,both_blink
453.09563326835627,193.0,-1557.7057305444032,-762.1934809195809,-463.3642547600903,-90.63086557621136,0.0,0.0,0.0,0.0,0.0,0.0,0.0,0.0,1750714659.606512,0.0,both_blink
453.19642376899714,103.0,-1585.9569348096848,-753.1821919763461,-484.1319192140363,-122.5004230486229,0.0,0.0,0.0,0.0,0.0,0.0,0.0,0.0,1750714659.7115357,0.0,both_blink
453.2970283031463,112.0,-1526.4252073150128,-675.6241466952488,-447.65293504623696,-41.07158131338656,0.0,0.0,0.0,0.0,0.0,0.0,0.0,0.0,1750714659.8015163,0.0,both_blink
453.3978962898254,122.0,-1491.195349732414,-703.7631539618596,-418.960422586184,-62.85275865532458,0.0,0.0,0.0,0.0,0.0,0.0,0.0,0.0,1750714659.904824,0.0,both_blink
453.49873495101923,133.0,-1461.5828218832612,-785.4724881937727,-485.00705580366775,-149.83909172471613,0.0,0.0,0.0,0.0,0.0,0.0,0.0,0.0,1750714660.0115972,0.0,both_blink
453.59997200965876,143.0,-1124.1391286812725,-917.4161586305128,-471.0721885687672,-338.1991529930383,0.0,0.0,0.0,0.0,0.0,0.0,0.0,0.0,1750714660.1157515,0.0,both_blink
453.7006666660308,152.0,-925.5728804338725,-959.2805987345056,-337.74849504837766,-388.6728427950293,0.0,0.0,0.0,0.0,0.0,0.0,0.0,0.0,1750714660.205202,0.0,both_blink
453.80151247978205,163.0,-1198.2377665033564,-862.2975130835548,-507.3903570384719,-274.0972677525133,0.0,0.0,0.0,0.0,0.0,0.0,0.0,0.0,1750714660.311498,0.0,both_blink
453.9022793769836,172.0,-1415.645630727522,-675.2950354991481,-485.70641709538177,-35.76840317621827,0.0,0.0,0.0,0.0,0.0,0.0,0.0,0.0,1750714660.4013996,0.0,both_blink
454.0028376579284,184.0,-1455.1614136593416,-736.4087406750768,-515.457321242895,-71.4059098539874,0.0,0.0,0.0,0.0,0.0,0.0,0.0,0.0,1750714660.521572,0.0,both_blink
454.10358500480646,193.0,-1530.3521022684872,-774.1181519282982,-509.510880313348,-143.7318350970745,0.0,0.0,0.0,0.0,0.0,0.0,0.0,0.0,1750714660.611647,0.0,both_blink
454.2041478157043,103.0,-1549.988446985837,-695.9991216538474,-404.6366057558917,-63.01731425337493,0.0,0.0,0.0,0.0,0.0,0.0,0.0,0.0,1750714660.7193947,0.0,both_blink
454.30447626113886,112.0,-1532.7101091905497,-754.6220534592867,-498.7025694414042,-99.32052312325686,0.0,0.0,0.0,0.0,0.0,0.0,0.0,0.0,1750714660.8067431,0.0,both_blink
454.4048025608062,122.0,-1455.3353190072812,-805.6155893551186,-457.3392759314738,-167.3006846178323,0.0,0.0,0.0,0.0,0.0,0.0,0.0,0.0,1750714660.909911,0.0,both_blink
454.5052254199981,131.0,-1090.8446693257429,-917.4423379302024,-437.7048011641018,-335.4465866256505,0.0,0.0,0.0,0.0,0.0,0.0,0.0,0.0,1750714661.0163364,0.0,both_blink
454.606251001358,143.0,-1012.4414066546595,-929.555873886682,-337.2510883542709,-381.3014999823645,0.0,0.0,0.0,0.0,0.0,0.0,0.0,0.0,1750714661.1199863,0.0,both_blink
454.7073090076446,152.0,-1273.5537417610176,-792.3015455128625,-546.4124731761403,-165.10162344388664,0.0,0.0,0.0,0.0,0.0,0.0,0.0,0.0,1750714661.2099895,0.0,both_blink
454.8081834316253,163.0,-1399.2255999720655,-726.9093947876245,-453.6479946752079,-80.67712184414268,0.0,0.0,0.0,0.0,0.0,0.0,0.0,0.0,1750714661.3165169,0.0,both_blink
454.90885663032526,173.0,-1384.96536144102,-717.1893948027864,-489.9923424446024,-84.79849159531295,0.0,0.0,0.0,0.0,0.0,0.0,0.0,0.0,1750714661.4201736,0.0,both_blink
455.0096280574798,184.0,-1434.8369273501448,-814.0715031549335,-503.9197298795916,-154.82811826560646,0.0,0.0,0.0,0.0,0.0,0.0,0.0,0.0,1750714661.526703,0.0,both_blink
455.1105723381042,194.0,-1764.3221134464256,-767.4686098070815,-441.5082794190384,-111.30316258128732,0.0,0.0,0.0,0.0,0.0,0.0,0.0,0.0,1750714661.6303504,0.0,both_blink
455.21268391609186,103.0,-1407.275734626688,-756.138582891319,-458.3583986693993,-109.17141960654408,0.0,0.0,0.0,0.0,0.0,0.0,0.0,0.0,1750714661.7217896,0.0,both_blink
455.31361889839167,113.0,-1398.8011213270947,-769.175874136854,-446.41315821092576,-128.33092707954347,0.0,0.0,0.0,0.0,0.0,0.0,0.0,0.0,1750714661.8267105,0.0,both_blink
455.4141244888305,122.0,-1426.2931259013712,-817.8693715599366,-481.0446318006143,-206.30410125572237,0.0,0.0,0.0,0.0,0.0,0.0,0.0,0.0,1750714661.9148078,0.0,both_blink
455.5145647525787,134.0,-1043.5218452364206,-873.4667243012227,-446.5777138089761,-327.2001072233543,0.0,0.0,0.0,0.0,0.0,0.0,0.0,0.0,1750714662.035838,0.0,both_blink
455.61543416976923,143.0,-996.9825301878154,-925.8776822802612,-430.1782525032759,-364.494389581494,0.0,0.0,0.0,0.0,0.0,0.0,0.0,0.0,1750714662.1265302,0.0,both_blink
455.7162256240844,154.0,-1320.4801364550367,-725.793034650851,-548.7480406984687,-123.06514794193208,0.0,0.0,0.0,0.0,0.0,0.0,0.0,0.0,1750714662.231645,0.0,both_blink
455.81681108474726,163.0,-1357.0413984218612,-738.3142197025008,-513.8659938117489,-77.67772207967937,0.0,0.0,0.0,0.0,0.0,0.0,0.0,0.0,1750714662.3213391,0.0,both_blink
455.91787528991694,175.0,-2826.552808211185,-567.9505570209585,-194.37382039707157,143.08109250478446,0.0,0.0,0.0,0.0,0.0,0.0,0.0,0.0,1750714662.4416995,0.0,both_blink
456.019270658493,184.0,-2227.3759565101936,-626.3715342287906,-228.3321119947359,13.489819140173497,0.0,0.0,0.0,0.0,0.0,0.0,0.0,0.0,1750714662.531542,0.0,both_blink
456.11995959281916,194.0,-1192.220267474651,-899.9040770879947,-324.79535155184567,-354.5462556993589,0.0,0.0,0.0,0.0,0.0,0.0,0.0,0.0,1750714662.6352427,0.0,both_blink
456.22152352333063,103.0,-1181.9411524464376,-889.2285326644778,-462.487248220481,-309.8675408787094,0.0,0.0,0.0,0.0,0.0,0.0,0.0,0.0,1750714662.7268002,0.0,both_blink
456.32211518287653,115.0,-1431.0745879947208,-723.5360050275922,-525.9458706686273,-118.01441305177286,0.0,0.0,0.0,0.0,0.0,0.0,0.0,0.0,1750714662.8469875,0.0,both_blink
456.4236907958984,124.0,-2104.3986962172203,-667.4524652920663,-197.96412435453385,101.70096944505347,0.0,0.0,0.0,0.0,0.0,0.0,0.0,0.0,1750714662.9367216,0.0,both_blink
456.5244977474212,133.0,-2145.3543406319804,-619.757521157153,-458.0928657725453,501.49253480834886,0.0,0.0,0.0,0.0,0.0,0.0,0.0,0.0,1750714663.026693,0.0,both_blink
456.62528729438776,143.0,-1749.2615363248624,-723.188194331713,-423.6857861801982,-62.7162523069419,0.0,0.0,0.0,0.0,0.0,0.0,0.0,0.0,1750714663.1303835,0.0,both_blink
456.72588825225824,154.0,-1217.4627222255804,-849.4659163355827,-303.1001919088885,-389.0636623403989,0.0,0.0,0.0,0.0,0.0,0.0,0.0,0.0,1750714663.237958,0.0,both_blink
456.82648205757135,164.0,-805.1985905100591,-920.052788099274,-378.436736616306,-429.7575137582608,0.0,0.0,0.0,0.0,0.0,0.0,0.0,0.0,1750714663.3401823,0.0,both_blink
456.92744445800776,173.0,-1198.2396364533342,-791.0262396279722,-618.5308339716867,-242.97943017119545,0.0,0.0,0.0,0.0,0.0,0.0,0.0,0.0,1750714663.4298966,0.0,both_blink
457.0278131961822,184.0,-1430.5435222010128,-703.1984290685505,-436.5435622278601,-101.77950734412298,0.0,0.0,0.0,0.0,0.0,0.0,0.0,0.0,1750714663.5367937,0.0,both_blink
457.12851691246027,193.0,-1899.13428714918,-675.8448007926345,-403.3257708214224,-77.92642542673275,0.0,0.0,0.0,0.0,0.0,0.0,0.0,0.0,1750714663.6265805,0.0,both_blink
457.22944521903986,104.0,-1712.2215671637096,-766.5242850682698,-399.2324503199197,-95.23094252170996,0.0,0.0,0.0,0.0,0.0,0.0,0.0,0.0,1750714663.7451508,0.0,both_blink
457.3297531604766,113.0,-1625.4558881917037,-743.0751123460941,-392.7624233965762,-60.04970363853499,0.0,0.0,0.0,0.0,0.0,0.0,0.0,0.0,1750714663.8351948,0.0,both_blink
457.4307534694671,124.0,-1609.5351340803318,-796.2938887155615,-417.71877580089495,-124.33110407693312,0.0,0.0,0.0,0.0,0.0,0.0,0.0,0.0,1750714663.9413407,0.0,both_blink
457.53137755393976,132.0,-1081.9736266308464,-874.2857623915188,-415.897444522474,-301.29569018026814,0.0,0.0,0.0,0.0,0.0,0.0,0.0,0.0,1750714664.0304985,0.0,both_blink
457.63205265998835,145.0,-696.292703800369,-985.3084324761294,-397.0146896461956,-473.847194335889,0.0,0.0,0.0,0.0,0.0,0.0,0.0,0.0,1750714664.1517024,0.0,both_blink
457.73292016983027,154.0,-956.1933113210836,-839.983399997931,-655.5390139832161,-265.48988800449297,0.0,0.0,0.0,0.0,0.0,0.0,0.0,0.0,1750714664.241671,0.0,both_blink
457.8338277339935,164.0,-1098.96025222959,-787.6659395177849,-648.8670324622653,-197.83883770601824,0.0,0.0,0.0,0.0,0.0,0.0,0.0,0.0,1750714664.346501,0.0,both_blink
457.9342241287231,172.0,-1134.5566200078465,-763.4201681050472,-588.8790371729992,-139.61233529588208,0.0,0.0,0.0,0.0,0.0,0.0,0.0,0.0,1750714664.4213235,0.0,both_blink
458.03471231460566,185.0,-1262.4424989926629,-737.0950123169459,-512.4280022787862,-117.37489015934987,0.0,0.0,0.0,0.0,0.0,0.0,0.0,0.0,1750714664.5549755,0.0,both_blink
458.13538408279413,194.0,-1317.01511914609,-822.9144966001622,-526.347909913864,-201.17856836644933,0.0,0.0,0.0,0.0,0.0,0.0,0.0,0.0,1750714664.6449275,0.0,both_blink
458.23576092720026,103.0,-961.4403909589164,-1005.6029995856808,-218.54666376067323,-475.1299800206907,0.0,0.0,0.0,0.0,0.0,0.0,0.0,0.0,1750714664.7367308,0.0,both_blink
458.3363518714904,115.0,-571.9672095733695,-1061.114334627986,-414.2967673414387,-541.5954820332117,0.0,0.0,0.0,0.0,0.0,0.0,0.0,0.0,1750714664.8566418,0.0,both_blink
458.43690919876093,124.0,-657.3266861620359,-1022.6232842840254,-494.1810303949751,-518.9204686018638,0.0,0.0,0.0,0.0,0.0,0.0,0.0,0.0,1750714664.946637,0.0,both_blink
458.53740501403803,134.0,-901.6206911676564,-848.377605448477,-630.466724680271,-259.9623158699833,0.0,0.0,0.0,0.0,0.0,0.0,0.0,0.0,1750714665.0500631,0.0,both_blink
458.6380927562713,143.0,-869.0386827536859,-892.0932960305363,-444.3468634854071,-303.734104951378,0.0,0.0,0.0,0.0,0.0,0.0,0.0,0.0,1750714665.1401703,0.0,both_blink
458.73903656005854,154.0,-1067.335658204276,-899.5207373425364,-460.2638776968233,-362.4505342557095,0.0,0.0,0.0,0.0,0.0,0.0,0.0,0.0,1750714665.2465618,0.0,both_blink
458.83991312980646,164.0,-1153.5366122829728,-883.6037231311202,-457.6683871275745,-309.77778327977285,0.0,0.0,0.0,0.0,0.0,0.0,0.0,0.0,1750714665.3502848,0.0,both_blink
458.94050836563105,175.0,-1184.757297113072,-850.4719494236633,-453.8985679722391,-231.34086150908843,0.0,0.0,0.0,0.0,0.0,0.0,0.0,0.0,1750714665.4565594,0.0,both_blink
459.04128408432,184.0,-1265.456858356949,-783.2360280202702,-523.5579445469193,-172.26166190905496,0.0,0.0,0.0,0.0,0.0,0.0,0.0,0.0,1750714665.5462687,0.0,both_blink
459.1420505046844,194.0,-1368.491102136206,-739.65123393666,-575.3779983329587,-65.98492486821488,0.0,0.0,0.0,0.0,0.0,0.0,0.0,0.0,1750714665.6502624,0.0,both_blink
459.24321985244745,103.0,-1524.8488394836895,-692.904354440514,-591.0369594474323,28.585925311315805,0.0,0.0,0.0,0.0,0.0,0.0,0.0,0.0,1750714665.7414527,0.0,both_blink
459.34414815902704,115.0,-1570.1726870466955,-731.3243466853164,-565.2129502533935,-44.12520962720737,0.0,0.0,0.0,0.0,0.0,0.0,0.0,0.0,1750714665.8617504,0.0,both_blink
459.44468736648554,124.0,-1371.554080199916,-762.2196602192707,-453.9284871718846,-94.56898022955284,0.0,0.0,0.0,0.0,0.0,0.0,0.0,0.0,1750714665.953012,0.0,both_blink
459.545598745346,134.0,-1206.179444059264,-857.5571898897178,-367.5741971950047,-258.82912618340924,0.0,0.0,0.0,0.0,0.0,0.0,0.0,0.0,1750714666.0577607,0.0,both_blink
459.64622068405146,145.0,-1306.9136493657716,-917.4180285804904,-429.9258092562668,-321.5322888405062,0.0,0.0,0.0,0.0,0.0,0.0,0.0,0.0,1750714666.1614957,0.0,both_blink
459.74741125106806,154.0,-1366.7146496572532,-678.4047623123042,-535.0394374108873,-50.75231234868989,0.0,0.0,0.0,0.0,0.0,0.0,0.0,0.0,1750714666.251387,0.0,both_blink
459.8482091426849,165.0,-1455.133364409674,-746.8000527019612,-580.692396169994,-117.9994534519501,0.0,0.0,0.0,0.0,0.0,0.0,0.0,0.0,1750714666.371029,0.0,both_blink
459.9489991664886,175.0,-1464.311078900937,-759.3399372533895,-554.3485408821143,-128.81150422384962,0.0,0.0,0.0,0.0,0.0,0.0,0.0,0.0,1750714666.461486,0.0,both_blink
460.0495977401733,185.0,-1476.058104661759,-772.6502411956899,-529.9681330709718,-132.33448998210952,0.0,0.0,0.0,0.0,0.0,0.0,0.0,0.0,1750714666.5679624,0.0,both_blink
460.14997744560236,194.0,-1417.936319450382,-714.046008890029,-456.8493490372784,-65.24442467698827,0.0,0.0,0.0,0.0,0.0,0.0,0.0,0.0,1750714666.655194,0.0,both_blink
460.2507548332214,105.0,-1300.1930491453968,-811.2329190885648,-424.1476638247259,-211.56614049337804,0.0,0.0,0.0,0.0,0.0,0.0,0.0,0.0,1750714666.7759695,0.0,both_blink
460.3518245220184,115.0,-1056.8489787285216,-961.1019300129263,-270.4976140451617,-444.60304663237184,0.0,0.0,0.0,0.0,0.0,0.0,0.0,0.0,1750714666.866479,0.0,both_blink
460.45237088203424,125.0,-1154.5501251709647,-848.919890942052,-374.0217847186141,-285.11875292193145,0.0,0.0,0.0,0.0,0.0,0.0,0.0,0.0,1750714666.970292,0.0,both_blink
460.553349494934,134.0,-1355.1246996945702,-748.9785444261506,-541.3037698366679,-82.95472091715783,0.0,0.0,0.0,0.0,0.0,0.0,0.0,0.0,1750714667.0602489,0.0,both_blink
460.65416693687433,145.0,-1369.9234838192351,-730.3949815463275,-497.56937975483015,-94.7503653774038,0.0,0.0,0.0,0.0,0.0,0.0,0.0,0.0,1750714667.166577,0.0,both_blink
460.7554106712341,155.0,-1392.9463079464622,-753.6646390706301,-467.8446549070068,-110.7982760872692,0.0,0.0,0.0,0.0,0.0,0.0,0.0,0.0,1750714667.2704844,0.0,both_blink
460.8560841083526,166.0,-1157.8711563316174,-939.470348669216,-396.8239547484554,-404.39538220874965,0.0,0.0,0.0,0.0,0.0,0.0,0.0,0.0,1750714667.3765523,0.0,both_blink
460.95701742172236,175.0,-1093.799190290738,-931.1154121682048,-309.2467174860649,-428.368140924722,0.0,0.0,0.0,0.0,0.0,0.0,0.0,0.0,1750714667.466643,0.0,both_blink
461.0576059818267,185.0,-1210.7458619051613,-829.7603834690526,-380.439453042578,-279.14987259265035,0.0,0.0,0.0,0.0,0.0,0.0,0.0,0.0,1750714667.5702178,0.0,both_blink
461.15838098525995,196.0,-1423.4564117849804,-772.8952046427876,-591.3959898431785,-101.5644630966708,0.0,0.0,0.0,0.0,0.0,0.0,0.0,0.0,1750714667.6765337,0.0,both_blink
461.2589251995086,106.0,-1423.267546837218,-762.5431615654379,-493.6817537508905,-98.37245848448948,0.0,0.0,0.0,0.0,0.0,0.0,0.0,0.0,1750714667.7816305,0.0,both_blink
461.35955882072443,115.0,-1382.4465388208628,-755.2428768519312,-472.6560362000018,-79.58320110710338,0.0,0.0,0.0,0.0,0.0,0.0,0.0,0.0,1750714667.8716657,0.0,both_blink
461.4607052803039,124.0,-1228.3065621471033,-907.6101409466936,-429.0450628167018,-327.9910960639827,0.0,0.0,0.0,0.0,0.0,0.0,0.0,0.0,1750714667.9615412,0.0,both_blink
461.5611691474914,135.0,-1139.6073548980055,-889.7034999588504,-346.9841779889539,-336.1702572670765,0.0,0.0,0.0,0.0,0.0,0.0,0.0,0.0,1750714668.0809717,0.0,both_blink
461.6622161865234,145.0,-1183.8129723742604,-864.7845465540886,-383.68381625413895,-294.0103650665842,0.0,0.0,0.0,0.0,0.0,0.0,0.0,0.0,1750714668.1714413,0.0,both_blink
461.7626719474792,155.0,-1220.808062735945,-859.1746966205537,-410.36426253803074,-266.1555901966058,0.0,0.0,0.0,0.0,0.0,0.0,0.0,0.0,1750714668.27529,0.0,nothing
461.8633253574371,164.0,-1302.9100864632055,-877.8480170993134,-453.53766762651503,-303.8201226503588,0.0,0.0,0.0,0.0,0.0,0.0,0.0,0.0,1750714668.3650987,0.0,nothing
461.9638493061065,173.0,-1245.9327106382698,-803.5100256800652,-412.2042933162302,-198.72519399551675,0.0,0.0,0.0,0.0,0.0,0.0,0.0,0.0,1750714668.455232,0.0,nothing
462.06554603576654,185.0,-1253.158197352663,-809.8940349044278,-424.2243317738176,-203.91617513401437,0.0,0.0,0.0,0.0,0.0,0.0,0.0,0.0,1750714668.5756469,0.0,nothing
462.1667988300323,196.0,-1290.6245151087642,-814.8980210451409,-462.1095183249563,-258.83286608336493,0.0,0.0,0.0,0.0,0.0,0.0,0.0,0.0,1750714668.681523,0.0,nothing
462.26746034622187,103.0,-1281.7310330141336,-810.0922496020794,-458.9979215618223,-185.37188120372596,0.0,0.0,0.0,0.0,0.0,0.0,0.0,0.0,1750714668.7568643,0.0,nothing
462.3680324554443,116.0,-1302.0274700736627,-652.0515572745353,-544.7014689464122,-14.361215829849243,0.0,0.0,0.0,0.0,0.0,0.0,0.0,0.0,1750714668.8907113,0.0,nothing
462.4688758850097,125.0,-1273.319998013787,-859.96755541116,-495.3572289310396,-257.92220044415444,0.0,0.0,0.0,0.0,0.0,0.0,0.0,0.0,1750714668.9803932,0.0,nothing
462.5695259571075,136.0,-1261.5280934534967,-790.5138733340427,-415.6038623759523,-202.67265839874744,0.0,0.0,0.0,0.0,0.0,0.0,0.0,0.0,1750714669.086459,0.0,nothing
462.66986250877375,145.0,-1311.6801518592983,-849.6828305330127,-488.9171212073416,-254.61612888332456,0.0,0.0,0.0,0.0,0.0,0.0,0.0,0.0,1750714669.1766984,0.0,nothing
462.77086353301996,157.0,-1333.1135185053572,-841.455050630495,-482.0955436881632,-253.1126891011372,0.0,0.0,0.0,0.0,0.0,0.0,0.0,0.0,1750714669.2963712,0.0,nothing
462.8725361824035,166.0,-1272.8188514197243,-767.4349507074803,-424.40010707173496,-170.8236703760922,0.0,0.0,0.0,0.0,0.0,0.0,0.0,0.0,1750714669.3868716,0.0,nothing
462.97316265106195,176.0,-1277.261852567084,-759.973850295879,-421.58770230505615,-166.0777373323217,0.0,0.0,0.0,0.0,0.0,0.0,0.0,0.0,1750714669.489864,0.0,nothing
463.0739533901214,185.0,-1334.3289859909564,-847.4613299593329,-504.34046862460673,-238.01471298001707,0.0,0.0,0.0,0.0,0.0,0.0,0.0,0.0,1750714669.580503,0.0,nothing
463.1746888160705,196.0,-1267.1304635871202,-777.6448775865138,-421.92055340111256,-163.6318427613005,0.0,0.0,0.0,0.0,0.0,0.0,0.0,0.0,1750714669.6865816,0.0,nothing
463.27571105957026,105.0,-1313.3649767893369,-808.493442371022,-464.49557449668646,-232.61803734395653,0.0,0.0,0.0,0.0,0.0,0.0,0.0,0.0,1750714669.790701,0.0,nothing
463.37621378898615,116.0,-1315.616396562662,-833.2852391772904,-472.7345740990713,-202.6165598994121,0.0,0.0,0.0,0.0,0.0,0.0,0.0,0.0,1750714669.898682,0.0,nothing
463.47690701484674,125.0,-1321.8844688883985,-820.2629075315781,-467.8652243567631,-219.18805660307407,0.0,0.0,0.0,0.0,0.0,0.0,0.0,0.0,1750714669.9851089,0.0,nothing
463.5776906013488,136.0,-1328.1375816143118,-818.4640156528912,-475.2403070693836,-198.74202354531732,0.0,0.0,0.0,0.0,0.0,0.0,0.0,0.0,1750714670.0915194,0.0,nothing
463.6793572902679,145.0,-1326.192833637353,-805.4304643073119,-458.9268634626642,-225.91613662336025,0.0,0.0,0.0,0.0,0.0,0.0,0.0,0.0,1750714670.1815703,0.0,nothing
463.77991867065424,157.0,-1278.7073238999585,-762.3767360174097,-427.7959362315014,-172.4131278572604,0.0,0.0,0.0,0.0,0.0,0.0,0.0,0.0,1750714670.3015888,0.0,nothing
463.88096880912775,166.0,-1311.274372714106,-841.7635923768394,-480.65942210517824,-189.399753456004,0.0,0.0,0.0,0.0,0.0,0.0,0.0,0.0,1750714670.3916717,0.0,nothing
463.9819989204406,176.0,-1312.3140649017878,-821.4035770180635,-478.58003772981465,-191.63995352946225,0.0,0.0,0.0,0.0,0.0,0.0,0.0,0.0,1750714670.4953177,0.0,nothing
464.0831267833709,185.0,-1324.8240302535703,-828.8048390303738,-460.5911189429462,-227.91698309965432,0.0,0.0,0.0,0.0,0.0,0.0,0.0,0.0,1750714670.5853205,0.0,nothing
464.18424272537226,196.0,-1330.172087190207,-810.4269706481136,-472.0426926072687,-194.9048861907795,0.0,0.0,0.0,0.0,0.0,0.0,0.0,0.0,1750714670.6914072,0.0,nothing
464.28487205505365,106.0,-1341.554472705349,-829.2237078254111,-481.24284649826586,-237.29104233859107,0.0,0.0,0.0,0.0,0.0,0.0,0.0,0.0,1750714670.7968433,0.0,nothing
464.38652110099787,116.0,-1347.960921329446,-841.3596831816249,-485.7793451445177,-231.41939940815791,0.0,0.0,0.0,0.0,0.0,0.0,0.0,0.0,1750714670.9003708,0.0,nothing
464.4874503612518,125.0,-1287.479259246029,-762.4066552170552,-417.21575925685465,-157.00660998979583,0.0,0.0,0.0,0.0,0.0,0.0,0.0,0.0,1750714670.990171,0.0,nothing
464.5879299640655,136.0,-1342.2126950975507,-867.5838616709225,-448.3018076885492,-252.0973062631674,0.0,0.0,0.0,0.0,0.0,0.0,0.0,0.0,1750714671.0966673,0.0,nothing
464.68894100189203,146.0,-1343.6787358801812,-829.320945224259,-474.1445163823664,-234.56465527089316,0.0,0.0,0.0,0.0,0.0,0.0,0.0,0.0,1750714671.2002966,0.0,nothing
464.78952097892756,157.0,-1315.1881780177357,-802.4422842427157,-450.4784294627607,-181.0616465047933,0.0,0.0,0.0,0.0,0.0,0.0,0.0,0.0,1750714671.3070536,0.0,nothing
464.89014339447016,166.0,-1357.3667697180065,-844.8602295401506,-485.21088035125285,-239.7219773097895,0.0,0.0,0.0,0.0,0.0,0.0,0.0,0.0,1750714671.3968096,0.0,nothing
464.99171519279474,176.0,-1349.5279394108802,-839.9198216986842,-487.3127041263506,-234.78156946832317,0.0,0.0,0.0,0.0,0.0,0.0,0.0,0.0,1750714671.5002942,0.0,nothing
465.0928456783294,185.0,-1291.8624219940975,-777.3512954399921,-426.9544587414712,-163.2485030158423,0.0,0.0,0.0,0.0,0.0,0.0,0.0,0.0,1750714671.590294,0.0,nothing
465.1938812732696,197.0,-1313.6548190359026,-788.5410761074163,-457.0980523843318,-174.68885698029771,0.0,0.0,0.0,0.0,0.0,0.0,0.0,0.0,1750714671.7106955,0.0,nothing
465.2951571941375,107.0,-1363.014018651098,-825.9606451140717,-500.6043085688725,-215.15644445084035,0.0,0.0,0.0,0.0,0.0,0.0,0.0,0.0,1750714671.8152845,0.0,nothing
465.3957796096801,116.0,-1296.2081857426092,-768.0595140000805,-432.8036622721702,-171.51555186789483,0.0,0.0,0.0,0.0,0.0,0.0,0.0,0.0,1750714671.905394,0.0,nothing
465.4968209266662,127.0,-1372.7938570352271,-796.0938040679321,-546.6200376236811,-178.06411669030786,0.0,0.0,0.0,0.0,0.0,0.0,0.0,0.0,1750714672.0116315,0.0,nothing
465.5975403785705,134.0,-1350.773326096125,-788.3222919600084,-507.605401285924,-191.9840243253857,0.0,0.0,0.0,0.0,0.0,0.0,0.0,0.0,1750714672.0858316,0.0,nothing
465.6983602046966,148.0,-1300.696065689437,-762.4010453671217,-461.7766672288999,-141.53277392312884,0.0,0.0,0.0,0.0,0.0,0.0,0.0,0.0,1750714672.2218845,0.0,nothing
465.7993416786193,157.0,-1370.5499170618132,-842.0833538230509,-508.92932587023824,-207.62802584003657,0.0,0.0,0.0,0.0,0.0,0.0,0.0,0.0,1750714672.3117712,0.0,nothing
465.8998174667358,167.0,-1369.9814522685483,-842.382545819506,-506.0870019039139,-210.89669840130955,0.0,0.0,0.0,0.0,0.0,0.0,0.0,0.0,1750714672.4151597,0.0,nothing
466.00147151947016,176.0,-1311.1864850651473,-763.1004066588357,-440.6350127793849,-154.53266616910696,0.0,0.0,0.0,0.0,0.0,0.0,0.0,0.0,1750714672.5052884,0.0,nothing
466.10228705406183,188.0,-1284.5322180809453,-783.0789522221312,-443.00236945133656,-143.1371910041198,0.0,0.0,0.0,0.0,0.0,0.0,0.0,0.0,1750714672.6254756,0.0,nothing
466.2031199932098,197.0,-1358.4588205050677,-835.2692561037838,-514.1614459082484,-213.21917627379295,0.0,0.0,0.0,0.0,0.0,0.0,0.0,0.0,1750714672.7157009,0.0,nothing
466.30403470993036,107.0,-1319.3375970185734,-799.5719110267237,-462.4012305215001,-199.61155028501528,0.0,0.0,0.0,0.0,0.0,0.0,0.0,0.0,1750714672.8201077,0.0,nothing
466.4047124385833,115.0,-1355.693164487835,-841.5560279292986,-503.8767210301012,-230.21141172247007,0.0,0.0,0.0,0.0,0.0,0.0,0.0,0.0,1750714672.8968272,0.0,nothing
466.50596880912775,128.0,-1358.3784126560204,-836.0957739939913,-504.6882793204859,-211.50069224415347,0.0,0.0,0.0,0.0,0.0,0.0,0.0,0.0,1750714673.0304887,0.0,nothing
466.60830354690546,137.0,-1322.983999475371,-798.8762896349654,-452.9841624330729,-186.7350747375749,0.0,0.0,0.0,0.0,0.0,0.0,0.0,0.0,1750714673.120372,0.0,nothing
466.7092621326446,148.0,-1362.567100606393,-834.5549352122471,-495.84715582523495,-201.07011126773432,0.0,0.0,0.0,0.0,0.0,0.0,0.0,0.0,1750714673.2280183,0.0,nothing
466.8099818229675,157.0,-1328.0328644155525,-797.855296947062,-451.4695029510185,-203.51600583875552,0.0,0.0,0.0,0.0,0.0,0.0,0.0,0.0,1750714673.316677,0.0,nothing
466.9107522964477,168.0,-1373.0388204823248,-832.082861341536,-498.80915659014136,-213.2921043229289,0.0,0.0,0.0,0.0,0.0,0.0,0.0,0.0,1750714673.4360647,0.0,nothing
467.01202678680414,178.0,-1364.2276161867194,-829.7005450697616,-497.462792606093,-199.61155028501528,0.0,0.0,0.0,0.0,0.0,0.0,0.0,0.0,1750714673.526678,0.0,nothing
467.11296296119684,187.0,-1331.8101633707993,-792.1295101149008,-464.01686730235815,-201.86297005834055,0.0,0.0,0.0,0.0,0.0,0.0,0.0,0.0,1750714673.6169524,0.0,nothing
467.21366047859186,197.0,-1332.0644765677862,-796.7108875606209,-460.26948754675686,-200.0378988799639,0.0,0.0,0.0,0.0,0.0,0.0,0.0,0.0,1750714673.7202969,0.0,nothing
467.31483292579645,107.0,-1298.852295011282,-794.0536886421032,-429.0637623164803,-138.77085780585185,0.0,0.0,0.0,0.0,0.0,0.0,0.0,0.0,1750714673.8259096,0.0,nothing
467.41601920127863,118.0,-1351.6821217853576,-820.6331576271914,-475.042092371732,-219.05529015464708,0.0,0.0,0.0,0.0,0.0,0.0,0.0,0.0,1750714673.9320512,0.0,nothing
467.51690626144403,127.0,-1304.0881549492478,-772.5305643971078,-434.5127965519205,-148.6404537889175,0.0,0.0,0.0,0.0,0.0,0.0,0.0,0.0,1750714674.0216172,0.0,nothing
467.6174139976501,137.0,-1303.1008213609457,-771.0533039146103,-437.77772921323776,-162.5379220242612,0.0,0.0,0.0,0.0,0.0,0.0,0.0,0.0,1750714674.1252997,0.0,nothing
467.71855926513666,148.0,-1353.5632914630696,-814.6156585984863,-479.6720885168761,-211.36979574570432,0.0,0.0,0.0,0.0,0.0,0.0,0.0,0.0,1750714674.2315085,0.0,nothing
467.8190281391143,158.0,-1353.3949959650636,-805.6735578044318,-485.25201925076544,-211.6353286425583,0.0,0.0,0.0,0.0,0.0,0.0,0.0,0.0,1750714674.335142,0.0,eyebrow_raise
467.9193875789642,167.0,-1319.3132876688614,-772.6577209956013,-449.3901185756549,-155.36479390924796,0.0,0.0,0.0,0.0,0.0,0.0,0.0,0.0,1750714674.4255483,0.0,eyebrow_raise
468.0201020240783,178.0,-1360.661621578969,-816.1527574802749,-487.9634467186406,-221.62460142420605,0.0,0.0,0.0,0.0,0.0,0.0,0.0,0.0,1750714674.5317378,0.0,eyebrow_raise
468.12104701995844,188.0,-1348.5630452223122,-814.8550121956505,-485.2781985504553,-217.75754487002268,0.0,0.0,0.0,0.0,0.0,0.0,0.0,0.0,1750714674.6356273,0.0,eyebrow_raise
468.22249555587763,197.0,-1292.958212681115,-775.8179364581592,-450.2241162657738,-155.13666001195088,0.0,0.0,0.0,0.0,0.0,0.0,0.0,0.0,1750714674.7253144,0.0,eyebrow_raise
468.32361292839045,107.0,-1343.74044422945,-827.42855584668,-512.7739430246875,-200.45489772502333,0.0,0.0,0.0,0.0,0.0,0.0,0.0,0.0,1750714674.830212,0.0,eyebrow_raise
468.4245452880859,118.0,-1283.8758656387215,-770.7952508176677,-436.8764133239165,-158.29126562457532,0.0,0.0,0.0,0.0,0.0,0.0,0.0,0.0,1750714674.9365823,0.0,eyebrow_raise
468.52532529830927,128.0,-1291.954049543012,-769.3815686344169,-435.60110743902624,-151.8922968003899,0.0,0.0,0.0,0.0,0.0,0.0,0.0,0.0,1750714675.040934,0.0,eyebrow_raise
468.6260828971862,139.0,-1342.4426989448257,-897.4058239175938,-486.5834236349911,-274.51613654755056,0.0,0.0,0.0,0.0,0.0,0.0,0.0,0.0,1750714675.1467016,0.0,eyebrow_raise
468.7271583080291,148.0,-1391.068878168706,-271.4625082337297,-552.8656705496833,94.58954967930912,0.0,0.0,0.0,0.0,0.0,0.0,0.0,0.0,1750714675.2367642,0.0,eyebrow_raise
468.8276624679565,158.0,-1718.2054070928134,-335.5363442245871,-877.0401987088844,141.83570581953973,0.0,0.0,0.0,0.0,0.0,0.0,0.0,0.0,1750714675.3401225,0.0,eyebrow_raise
468.928548336029,166.0,-1611.7977735535242,-1292.5991822853684,-766.0736271236092,268.52107691857964,0.0,0.0,0.0,0.0,0.0,0.0,0.0,0.0,1750714675.416819,0.0,eyebrow_raise
469.02961730957026,179.0,-1575.7189586809836,-1731.1061919899655,-740.7881635231897,691.058713812381,0.0,0.0,0.0,0.0,0.0,0.0,0.0,0.0,1750714675.5502024,0.0,eyebrow_raise
469.13009619712824,188.0,-1553.126223048661,-1547.7912557618693,-720.8507568594068,742.6207145014778,0.0,0.0,0.0,0.0,0.0,0.0,0.0,0.0,1750714675.6431148,0.0,eyebrow_raise
469.2308135032653,199.0,-1610.544907068368,-1586.8245915994048,-767.2516956096515,511.18448554351926,0.0,0.0,0.0,0.0,0.0,0.0,0.0,0.0,1750714675.746664,0.0,eyebrow_raise
469.33192515373224,107.0,-1546.502860227134,-404.5879870564677,-758.4797602635808,436.6819385262206,0.0,0.0,0.0,0.0,0.0,0.0,0.0,0.0,1750714675.8352585,0.0,eyebrow_raise
469.4330043792724,119.0,-1479.495072721038,-41.15946896234527,-776.1021688547917,222.4380296645686,0.0,0.0,0.0,0.0,0.0,0.0,0.0,0.0,1750714675.9553647,0.0,eyebrow_raise
469.5337991714477,128.0,-1594.9906631526535,659.002161342185,-876.2305103684776,-205.33172726724297,0.0,0.0,0.0,0.0,0.0,0.0,0.0,0.0,1750714676.0454853,0.0,eyebrow_raise
469.6346657276153,139.0,-1739.9267460354604,1434.9528642487712,-914.3513106168248,-614.6114188181236,0.0,0.0,0.0,0.0,0.0,0.0,0.0,0.0,1750714676.1519823,0.0,eyebrow_raise
469.7351875305175,146.0,-1676.9169115819968,1102.0232302933,-834.0406989683397,-594.5543353557587,0.0,0.0,0.0,0.0,0.0,0.0,0.0,0.0,1750714676.2253752,0.0,eyebrow_raise
469.8354349136352,158.0,-1604.224476143252,580.0379136777483,-763.1770746079274,-571.5053319288418,0.0,0.0,0.0,0.0,0.0,0.0,0.0,0.0,1750714676.3453138,0.0,eyebrow_raise
469.936422586441,167.0,-1550.8411441757344,196.081084726844,-690.7464321660809,-537.6704570297152,0.0,0.0,0.0,0.0,0.0,0.0,0.0,0.0,1750714676.435125,0.0,eyebrow_raise
470.03729510307306,179.0,-1377.7062156270258,-587.7645469862036,-512.9029695731588,-185.8992070974782,0.0,0.0,0.0,0.0,0.0,0.0,0.0,0.0,1750714676.5571997,0.0,eyebrow_raise
470.1378817558288,188.0,-1395.2613060190342,-819.8851776360534,-544.9539121934213,48.80943432170898,0.0,0.0,0.0,0.0,0.0,0.0,0.0,0.0,1750714676.6453652,0.0,eyebrow_raise
470.2383742332458,199.0,-1306.1507097748108,-2232.591246998403,-442.3048781096004,1415.3015599315986,0.0,0.0,0.0,0.0,0.0,0.0,0.0,0.0,1750714676.7516208,0.0,eyebrow_raise
470.3388366699218,107.0,-1420.4439223706722,-2463.470230862964,-557.0954973995686,1837.8971652747127,0.0,0.0,0.0,0.0,0.0,0.0,0.0,0.0,1750714676.8402529,0.0,eyebrow_raise
470.43988204002375,119.0,-1520.452587085776,-1830.1667920663024,-669.6328269662336,1609.931563475635,0.0,0.0,0.0,0.0,0.0,0.0,0.0,0.0,1750714676.962865,0.0,eyebrow_raise
470.54092192649836,128.0,-1621.025976694189,-1433.8608134617098,-755.5009299488738,1332.0831760675646,0.0,0.0,0.0,0.0,0.0,0.0,0.0,0.0,1750714677.050522,0.0,eyebrow_raise
470.6414663791656,139.0,-1578.1480237022042,-973.1051389207132,-728.3679557703435,987.0026071560568,0.0,0.0,0.0,0.0,0.0,0.0,0.0,0.0,1750714677.1568615,0.0,eyebrow_raise
470.74211335182184,148.0,-1630.4056457830593,-835.9106489461847,-762.0756740709767,747.5368129932322,0.0,0.0,0.0,0.0,0.0,0.0,0.0,0.0,1750714677.2466924,0.0,eyebrow_raise
470.8429608345031,157.0,-1541.7662769332528,-541.1354743386619,-680.2504029404372,512.6411765762605,0.0,0.0,0.0,0.0,0.0,0.0,0.0,0.0,1750714677.3365495,0.0,eyebrow_raise
470.9438321590423,169.0,-1557.2793819494543,-125.52787206275389,-684.8990985853598,122.72668699594216,0.0,0.0,0.0,0.0,0.0,0.0,0.0,0.0,1750714677.456807,0.0,eyebrow_raise
471.0448434352874,179.0,-1779.78098991327,1373.532487276476,-934.5187211278826,-484.7826618063264,0.0,0.0,0.0,0.0,0.0,0.0,0.0,0.0,1750714677.560513,0.0,eyebrow_raise
471.14571523666376,188.0,-1806.988762090914,1268.0149499266408,-927.9851159052924,-706.9775979737751,0.0,0.0,0.0,0.0,0.0,0.0,0.0,0.0,1750714677.6501577,0.0,eyebrow_raise
471.2465345859527,199.0,-1693.9278465304524,1181.3876472529955,-826.4543119082227,-709.7713032406755,0.0,0.0,0.0,0.0,0.0,0.0,0.0,0.0,1750714677.7566469,0.0,eyebrow_raise
471.3473176956176,109.0,-1634.9907631287351,609.6579213268124,-781.0799756958149,-615.7184292050079,0.0,0.0,0.0,0.0,0.0,0.0,0.0,0.0,1750714677.861585,0.0,eyebrow_raise
471.44844269752497,119.0,-1521.021051879041,-515.5732581415214,-669.3542044195347,73.13000373356044,0.0,0.0,0.0,0.0,0.0,0.0,0.0,0.0,1750714677.9654193,0.0,eyebrow_raise
471.54919552803034,127.0,-1366.8698555054143,-1262.936165786814,-528.3824154897593,478.6136968294159,0.0,0.0,0.0,0.0,0.0,0.0,0.0,0.0,1750714678.041719,0.0,eyebrow_raise
471.64966177940363,137.0,-1339.0038609355688,-1858.5601125299,-495.6545509775169,914.0988673698156,0.0,0.0,0.0,0.0,0.0,0.0,0.0,0.0,1750714678.1452968,0.0,eyebrow_raise
471.7508218288421,149.0,-1473.5916406409815,-1790.6958879339509,-630.3395680817775,15.182123870123178,0.0,0.0,0.0,0.0,0.0,0.0,0.0,0.0,1750714678.2654953,0.0,eyebrow_raise
471.8515424728393,160.0,-1496.5882854685187,-1290.787200756837,-648.1751509704627,315.41007261304185,0.0,0.0,0.0,0.0,0.0,0.0,0.0,0.0,1750714678.3714707,0.0,eyebrow_raise
471.9518570899963,167.0,-1543.572648611851,-1195.879759581294,-695.690579907503,118.83345114206897,0.0,0.0,0.0,0.0,0.0,0.0,0.0,0.0,1750714678.4451792,0.0,eyebrow_raise
472.05272388458246,178.0,-1542.8919868199157,-1082.497212624643,-667.8806838369928,-143.21759885316715,0.0,0.0,0.0,0.0,0.0,0.0,0.0,0.0,1750714678.5516696,0.0,eyebrow_raise
472.15378332138056,188.0,-1541.9607517309487,-812.2370822266676,-663.0487330942415,-317.66523228632286,0.0,0.0,0.0,0.0,0.0,0.0,0.0,0.0,1750714678.654951,0.0,eyebrow_raise
472.25472521781916,0.0,-1539.9692550045438,-442.2001609108411,-707.0093871233985,180.91766035649923,0.0,0.0,0.0,0.0,0.0,0.0,0.0,0.0,1750714678.7782896,0.0,eyebrow_raise
472.3556566238403,109.0,-1525.7576351729222,-40.50124657014385,-682.5392217133194,-160.65862229652703,0.0,0.0,0.0,0.0,0.0,0.0,0.0,0.0,1750714678.8668208,0.0,eyebrow_raise
472.45629763603205,119.0,-1603.259581954684,373.5580371241085,-740.3393755285069,-321.20130769442767,0.0,0.0,0.0,0.0,0.0,0.0,0.0,0.0,1750714678.9705205,0.0,eyebrow_raise
472.5566582679748,128.0,-1550.620490078349,385.44717908324674,-700.64781729877,-462.53960681986064,0.0,0.0,0.0,0.0,0.0,0.0,0.0,0.0,1750714679.060212,0.0,eyebrow_raise
472.6574668884277,140.0,-1461.0685856393538,-727.3787522320636,-625.9096565842628,253.39692149776965,0.0,0.0,0.0,0.0,0.0,0.0,0.0,0.0,1750714679.1803916,0.0,eyebrow_raise
472.7584059238433,149.0,-1394.468447228428,-1308.7088013445027,-535.7444085525349,452.78594773542136,0.0,0.0,0.0,0.0,0.0,0.0,0.0,0.0,1750714679.270526,0.0,eyebrow_raise
472.8591163158416,160.0,-1399.0348650743254,-1896.284483382944,-556.6579291047528,1030.140483194962,0.0,0.0,0.0,0.0,0.0,0.0,0.0,0.0,1750714679.376638,0.0,eyebrow_raise
472.9597561359405,169.0,-1499.37264098553,-1280.0462080840953,-631.2464938210323,1021.1647233013064,0.0,0.0,0.0,0.0,0.0,0.0,0.0,0.0,1750714679.4668117,0.0,eyebrow_raise
473.0608611106872,178.0,-1418.9685318381526,-967.4691096874884,-566.4527270887047,458.0031081736088,0.0,0.0,0.0,0.0,0.0,0.0,0.0,0.0,1750714679.5568645,0.0,eyebrow_raise
473.16142344474787,188.0,-1383.1889089620672,-706.7195448768325,-533.3172134812921,121.3560136621818,0.0,0.0,0.0,0.0,0.0,0.0,0.0,0.0,1750714679.6601071,0.0,eyebrow_raise
473.2620999813079,0.0,-1451.0026449086145,-664.2286715302616,-578.0052780518308,55.35612919414416,0.0,0.0,0.0,0.0,0.0,0.0,0.0,0.0,1750714679.7820106,0.0,eyebrow_raise
473.3624417781829,107.0,-1410.162937392481,-775.8534655077383,-532.0680868960917,-76.89421303896233,0.0,0.0,0.0,0.0,0.0,0.0,0.0,0.0,1750714679.8553183,0.0,eyebrow_raise
473.4632983207702,119.0,-1289.685800219886,-974.4907718542964,-420.058083223179,-69.96791832102463,0.0,0.0,0.0,0.0,0.0,0.0,0.0,0.0,1750714679.975485,0.0,eyebrow_raise
473.56373667716974,128.0,-1328.8126335563138,-1010.988455521874,-484.5227387594059,-192.65159646747637,0.0,0.0,0.0,0.0,0.0,0.0,0.0,0.0,1750714680.0650964,0.0,eyebrow_raise
473.6643209457397,140.0,-1533.2916636336597,115.3497343333438,-699.2565745152533,-294.1861403645016,0.0,0.0,0.0,0.0,0.0,0.0,0.0,0.0,1750714680.185176,0.0,eyebrow_raise
473.76504540443415,149.0,-1606.709639663808,876.3782364167273,-779.5821457635611,-517.5778445177712,0.0,0.0,0.0,0.0,0.0,0.0,0.0,0.0,1750714680.274957,0.0,eyebrow_raise
473.86558794975275,160.0,-1815.5718324892223,1305.9618448270485,-963.977913078852,-553.3948663934134,0.0,0.0,0.0,0.0,0.0,0.0,0.0,0.0,1750714680.3816452,0.0,eyebrow_raise
473.966515302658,169.0,-1746.5220596073195,340.28601716831326,-894.1278016064316,-486.3702493375167,0.0,0.0,0.0,0.0,0.0,0.0,0.0,0.0,1750714680.471628,0.0,eyebrow_raise
474.06738257408136,181.0,-1617.3085161382332,-295.2613616017625,-759.128632905893,-676.671318682842,0.0,0.0,0.0,0.0,0.0,0.0,0.0,0.0,1750714680.5915575,0.0,eyebrow_raise
474.1681058406829,188.0,-1304.364907545969,-1299.79100990016,-437.1419462207705,211.13044214854017,0.0,0.0,0.0,0.0,0.0,0.0,0.0,0.0,1750714680.6651564,0.0,eyebrow_raise
474.2686614990234,0.0,-1258.715688686818,-1139.313772751484,-353.4149359627627,-85.76712568383664,0.0,0.0,0.0,0.0,0.0,0.0,0.0,0.0,1750714680.7868285,0.0,eyebrow_raise
474.36908125877375,109.0,-1342.7736800909042,-1023.6012681224385,-460.4882716941647,62.08981906436384,0.0,0.0,0.0,0.0,0.0,0.0,0.0,0.0,1750714680.8764403,0.0,eyebrow_raise
474.4698162078857,118.0,-1280.399628629908,-1081.8988286317326,-390.21555152675137,-323.1535354712978,0.0,0.0,0.0,0.0,0.0,0.0,0.0,0.0,1750714680.9664464,0.0,eyebrow_raise
474.57060670852655,130.0,-1293.7884704712778,-841.9393676747568,-412.4492567633279,-196.56914167106152,0.0,0.0,0.0,0.0,0.0,0.0,0.0,0.0,1750714681.0866385,0.0,eyebrow_raise
474.67094969749445,139.0,-1333.4949883008376,-812.5549737229012,-467.1004148158245,-260.32321621570736,0.0,0.0,0.0,0.0,0.0,0.0,0.0,0.0,1750714681.1766033,0.0,eyebrow_raise
474.7718636989593,148.0,-1190.294218997471,-1281.7254231642,-315.77284290874377,-306.1108113732189,0.0,0.0,0.0,0.0,0.0,0.0,0.0,0.0,1750714681.266363,0.0,eyebrow_raise
474.8728799819946,158.0,-1173.9022374916822,-1468.593264350202,-328.5408613574691,-32.96347820945084,0.0,0.0,0.0,0.0,0.0,0.0,0.0,0.0,1750714681.3701746,0.0,eyebrow_raise
474.9740312099456,170.0,-1494.2620676960796,346.0136739504524,-655.3669785852544,-365.30594787187874,0.0,0.0,0.0,0.0,0.0,0.0,0.0,0.0,1750714681.4902985,0.0,eyebrow_raise
475.0749640464782,179.0,-1707.9973501637578,585.1054781177081,-878.3996523427777,-35.95913807395846,0.0,0.0,0.0,0.0,0.0,0.0,0.0,0.0,1750714681.5799613,0.0,eyebrow_raise
475.1759757995605,190.0,-1667.0940643483773,-44.95546741737053,-819.9487559353001,845.482922882773,0.0,0.0,0.0,0.0,0.0,0.0,0.0,0.0,1750714681.686679,0.0,eyebrow_raise
475.27694082260126,199.0,-1498.308639448136,-310.89601336652413,-652.3825384206139,-334.186240340583,0.0,0.0,0.0,0.0,0.0,0.0,0.0,0.0,1750714681.7764611,0.0,eyebrow_raise
475.3774180412292,110.0,-1158.4601905746383,-1550.7756959265098,-298.8310961094685,-111.77065007574856,0.0,0.0,0.0,0.0,0.0,0.0,0.0,0.0,1750714681.8952837,0.0,eyebrow_raise
475.4780480861663,119.0,-1212.318489836529,-2167.273894272279,-350.24350080033764,-380.3515653936192,0.0,0.0,0.0,0.0,0.0,0.0,0.0,0.0,1750714681.9850214,0.0,eyebrow_raise
475.5783333778381,128.0,-1207.2845844961705,-2857.5528389438987,-342.8384988880716,-119.04849538952112,0.0,0.0,0.0,0.0,0.0,0.0,0.0,0.0,1750714682.075061,0.0,eyebrow_raise
475.67901563644403,139.0,-1269.5426990585402,-3202.3155163591728,-393.9479716825299,-220.9158903826028,0.0,0.0,0.0,0.0,0.0,0.0,0.0,0.0,1750714682.181642,0.0,eyebrow_raise
475.7795267105102,149.0,-1286.0132184633983,-2959.749345133081,-405.343446847517,-334.3994146380573,0.0,0.0,0.0,0.0,0.0,0.0,0.0,0.0,1750714682.2851443,0.0,eyebrow_raise
475.87997174262995,160.0,-1208.615988880396,-3015.129783676937,-357.94769470905885,-344.3662480199709,0.0,0.0,0.0,0.0,0.0,0.0,0.0,0.0,1750714682.3915198,0.0,eyebrow_raise
475.9808003902435,170.0,-1247.0920796245337,-2910.506082416512,-378.2815307681449,-299.0274408571422,0.0,0.0,0.0,0.0,0.0,0.0,0.0,0.0,1750714682.495376,0.0,eyebrow_raise
476.0816714763641,179.0,-1324.081660112366,-2725.4333932092413,-460.88844098942354,-365.8370136655867,0.0,0.0,0.0,0.0,0.0,0.0,0.0,0.0,1750714682.585105,0.0,eyebrow_raise
476.1820645332336,190.0,-1469.257096592337,-2035.115179588087,-622.1604068786837,-280.4663173770532,0.0,0.0,0.0,0.0,0.0,0.0,0.0,0.0,1750714682.691481,0.0,eyebrow_raise
476.2823204994201,199.0,-1490.27907424327,-2271.3646597890183,-634.4534580330364,-191.1986453346908,0.0,0.0,0.0,0.0,0.0,0.0,0.0,0.0,1750714682.781851,0.0,eyebrow_raise
476.38364076614374,109.0,-1473.8366040880792,-420.73874501511455,-615.9353434024379,-265.36834125593305,0.0,0.0,0.0,0.0,0.0,0.0,0.0,0.0,1750714682.887117,0.0,eyebrow_raise
476.4844760894775,119.0,-1393.600790438708,-329.83299679216,-527.337113452144,-1150.662499167025,0.0,0.0,0.0,0.0,0.0,0.0,0.0,0.0,1750714682.9914703,0.0,eyebrow_raise
476.5851242542266,130.0,-1501.646500158589,-667.1719727953896,-640.5139659112319,-884.0562510257587,0.0,0.0,0.0,0.0,0.0,0.0,0.0,0.0,1750714683.0966792,0.0,eyebrow_raise
476.6862821578979,139.0,-1430.8576737972908,-639.3097181254998,-558.0267324885353,-761.0659010829404,0.0,0.0,0.0,0.0,0.0,0.0,0.0,0.0,1750714683.1866848,0.0,eyebrow_raise
476.7868642807006,151.0,-1395.0182125219144,-710.0013070879504,-544.5855320477858,-2069.1276997351088,0.0,0.0,0.0,0.0,0.0,0.0,0.0,0.0,1750714683.3068514,0.0,eyebrow_raise
476.8872759342193,160.0,-1459.3519715596922,-538.5194143196568,-620.4494026489556,-2013.380750995595,0.0,0.0,0.0,0.0,0.0,0.0,0.0,0.0,1750714683.3965032,0.0,eyebrow_raise
477.01172113418573,173.0,-1233.1553424396552,-1369.6673006722704,-388.2651936998591,-2049.8821745631285,0.0,0.0,0.0,0.0,0.0,0.0,0.0,0.0,1750714683.5299585,0.0,eyebrow_raise
477.1128425598144,182.0,-1233.2637995383702,-1223.6952655017376,-366.67849115561694,-2212.0217972421087,0.0,0.0,0.0,0.0,0.0,0.0,0.0,0.0,1750714683.620119,0.0,eyebrow_raise
477.21377015113825,192.0,-1290.6899633579887,-821.300729769282,-476.9831004487351,-2105.6478228024207,0.0,0.0,0.0,0.0,0.0,0.0,0.0,0.0,1750714683.7259188,0.0,eyebrow_raise
477.31449842453,103.0,-1244.784561351873,-775.664600559976,-470.0156668312848,-334.0235546925105,0.0,0.0,0.0,0.0,0.0,0.0,0.0,0.0,1750714683.831534,0.0,eyebrow_raise
477.41575884819025,112.0,-1309.3950729863718,-328.144431962166,-490.7945509850979,-448.4158746371977,0.0,0.0,0.0,0.0,0.0,0.0,0.0,0.0,1750714683.9217963,0.0,eyebrow_raise
477.5162372589111,122.0,-1296.4587590396404,312.28164630010724,-459.8767980514094,-2295.960111847613,0.0,0.0,0.0,0.0,0.0,0.0,0.0,0.0,1750714684.0253468,0.0,eyebrow_raise
477.6173524856567,133.0,-1474.9043455254289,302.8383989119902,-627.4093564664945,-1789.476680548396,0.0,0.0,0.0,0.0,0.0,0.0,0.0,0.0,1750714684.131468,0.0,eyebrow_raise
477.7177565097808,143.0,-1574.87187134102,-115.00753348739818,-719.1491023795679,-1820.4580117813312,0.0,0.0,0.0,0.0,0.0,0.0,0.0,0.0,1750714684.235356,0.0,eyebrow_raise
477.8181624412536,152.0,-1434.629362902604,-581.9340429552831,-581.7825770070776,-1691.319266311359,0.0,0.0,0.0,0.0,0.0,0.0,0.0,0.0,1750714684.3280036,0.0,eyebrow_raise
477.91865420341486,163.0,-1422.4559885468334,-1859.95696516335,-562.2341199386865,-1954.462367093656,0.0,0.0,0.0,0.0,0.0,0.0,0.0,0.0,1750714684.4316216,0.0,eyebrow_raise
478.01987910270685,173.0,-1401.2993744974956,-1814.7714938987049,-548.9312957962975,-2162.0455141342245,0.0,0.0,0.0,0.0,0.0,0.0,0.0,0.0,1750714684.5349538,0.0,eyebrow_raise
478.12032914161676,182.0,-1135.7515180436894,-2688.356025048532,-280.4999764766544,-2013.05537969945,0.0,0.0,0.0,0.0,0.0,0.0,0.0,0.0,1750714684.6251438,0.0,eyebrow_raise
478.22165894508356,193.0,-1127.2806446440518,-2636.4424737636,-277.8259480083361,-2182.3943097931333,0.0,0.0,0.0,0.0,0.0,0.0,0.0,0.0,1750714684.731697,0.0,eyebrow_raise
478.3221669197082,103.0,-1185.9802443985827,-958.7888018903324,-337.9504496459849,-267.76374717755243,0.0,0.0,0.0,0.0,0.0,0.0,0.0,0.0,1750714684.8368328,0.0,eyebrow_raise
478.4230949878692,113.0,-1402.138982037548,148.2702036933042,-552.0559822092764,-625.4290794399567,0.0,0.0,0.0,0.0,0.0,0.0,0.0,0.0,1750714684.940498,0.0,eyebrow_raise
478.52356648445124,124.0,-1550.9570810743608,71.80046929931268,-683.9360743467696,-414.3005072413944,0.0,0.0,0.0,0.0,0.0,0.0,0.0,0.0,1750714685.0467408,0.0,eyebrow_raise
478.62456750869745,133.0,-1463.5369196101092,-296.3777217385359,-589.5484792650677,-131.27609829464927,0.0,0.0,0.0,0.0,0.0,0.0,0.0,0.0,1750714685.1381311,0.0,eyebrow_raise
478.7252988815307,143.0,-1208.95070992643,-1695.4593355623074,-316.9621310946532,-1618.7165884715505,0.0,0.0,0.0,0.0,0.0,0.0,0.0,0.0,1750714685.240257,0.0,eyebrow_raise
478.82605433464045,152.0,-1331.46235267492,-1388.7688396959566,-469.5986679862253,-1710.044945389498,0.0,0.0,0.0,0.0,0.0,0.0,0.0,0.0,1750714685.332866,0.0,eyebrow_raise
478.9268553256988,164.0,-1320.97193329921,-2347.501543086953,-460.6154282926582,-2963.384527890012,0.0,0.0,0.0,0.0,0.0,0.0,0.0,0.0,1750714685.4502473,0.0,eyebrow_raise
479.02761220932,173.0,-1273.0638148668222,-1925.640828085132,-397.0894876453094,-4066.855099466164,0.0,0.0,0.0,0.0,0.0,0.0,0.0,0.0,1750714685.5403657,0.0,eyebrow_raise
479.12882494926447,182.0,-1310.634849821683,-2087.66077396553,-453.18424708070233,-3904.992229383905,0.0,0.0,0.0,0.0,0.0,0.0,0.0,0.0,1750714685.630214,0.0,eyebrow_raise
479.22934246063227,193.0,-1315.25362626696,-1802.527061443776,-446.2691720626317,-3976.6300130351447,0.0,0.0,0.0,0.0,0.0,0.0,0.0,0.0,1750714685.736708,0.0,eyebrow_raise
479.3302829265594,103.0,-1218.6594902114011,-1286.2993208100088,-369.0851167771034,-118.60905714472756,0.0,0.0,0.0,0.0,0.0,0.0,0.0,0.0,1750714685.8414786,0.0,eyebrow_raise
479.43097639083857,113.0,-1281.4299710677003,-799.435404678341,-435.3785833916627,-268.68002266669646,0.0,0.0,0.0,0.0,0.0,0.0,0.0,0.0,1750714685.9452724,0.0,eyebrow_raise
479.5318303108215,124.0,-1373.4202902778052,-236.00825665378943,-529.6726809744723,-430.8233852456324,0.0,0.0,0.0,0.0,0.0,0.0,0.0,0.0,1750714686.0517116,0.0,eyebrow_raise
479.63244056701654,133.0,-1530.8214597129263,577.1095720124431,-687.6273556030355,-701.8913340340368,0.0,0.0,0.0,0.0,0.0,0.0,0.0,0.0,1750714686.1415443,0.0,eyebrow_raise
479.73323059082026,141.0,-1503.8193820328452,445.8203840679489,-640.657952059526,-455.009318259079,0.0,0.0,0.0,0.0,0.0,0.0,0.0,0.0,1750714686.2312005,0.0,eyebrow_raise
479.83379125595087,154.0,-1340.8158424641006,-1894.7604741510004,-488.0176752679981,171.08733332296833,0.0,0.0,0.0,0.0,0.0,0.0,0.0,0.0,1750714686.3514085,0.0,eyebrow_raise
479.9342341423034,163.0,-1325.878682041075,-3191.2959011397325,-477.7965286890976,202.0013463567011,0.0,0.0,0.0,0.0,0.0,0.0,0.0,0.0,1750714686.4417284,0.0,eyebrow_raise
480.0346491336822,173.0,-1293.0199210303836,-4118.774260601029,-447.77635174477473,182.6024852865376,0.0,0.0,0.0,0.0,0.0,0.0,0.0,0.0,1750714686.5449889,0.0,eyebrow_raise
480.13546943664545,184.0,-1314.0306789814497,-4856.699530708138,-465.3538815365173,988.6425532866268,0.0,0.0,0.0,0.0,0.0,0.0,0.0,0.0,1750714686.651722,0.0,eyebrow_raise
480.2367827892303,193.0,-1331.9971583685838,-4894.753012757283,-491.1479715309106,996.2083708969876,0.0,0.0,0.0,0.0,0.0,0.0,0.0,0.0,1750714686.741505,0.0,eyebrow_raise
480.33753466606134,104.0,-1277.1833146680146,-864.5227535571903,-434.39124980336055,-1109.1664392086675,0.0,0.0,0.0,0.0,0.0,0.0,0.0,0.0,1750714686.8602884,0.0,eyebrow_raise
480.4391694068908,113.0,-1370.6097554611042,-1900.794802729506,-517.5217460184358,-2162.339096280746,0.0,0.0,0.0,0.0,0.0,0.0,0.0,0.0,1750714686.950091,0.0,eyebrow_raise
480.53962349891657,122.0,-1272.572018022649,-1862.561805482488,-409.3900185995735,-2142.289492618293,0.0,0.0,0.0,0.0,0.0,0.0,0.0,0.0,1750714687.0406158,0.0,eyebrow_raise
480.64097642898554,133.0,-1256.086539017968,-2085.9535096357577,-415.37759842863306,-2320.951993301511,0.0,0.0,0.0,0.0,0.0,0.0,0.0,0.0,1750714687.1466353,0.0,eyebrow_raise
480.74173474311823,145.0,-1349.6588359093294,-1402.1801209370606,-501.4177368092351,-2405.054863505065,0.0,0.0,0.0,0.0,0.0,0.0,0.0,0.0,1750714687.2668023,0.0,eyebrow_raise
480.84338355064386,153.0,-1459.7016522055492,-1117.483976710122,-607.9188678474165,-2512.397472033277,0.0,0.0,0.0,0.0,0.0,0.0,0.0,0.0,1750714687.3575103,0.0,eyebrow_raise
480.9437808990478,164.0,-1534.4809518195689,-552.1270403084345,-691.7001066547818,-2501.319888364524,0.0,0.0,0.0,0.0,0.0,0.0,0.0,0.0,1750714687.4601128,0.0,eyebrow_raise
481.04432964324945,173.0,-1334.2579278917983,-715.5288792224601,-495.48999537946656,-4025.680670903996,0.0,0.0,0.0,0.0,0.0,0.0,0.0,0.0,1750714687.5504272,0.0,eyebrow_raise
481.1447346210479,181.0,-1261.9843612480909,-1148.4185591936111,-415.08962613204494,-4107.962209829129,0.0,0.0,0.0,0.0,0.0,0.0,0.0,0.0,1750714687.6265695,0.0,eyebrow_raise
481.2456562519073,194.0,-1289.7755578188226,-887.1080093896016,-441.16794852307066,-3944.726796463132,0.0,0.0,0.0,0.0,0.0,0.0,0.0,0.0,1750714687.76047,0.0,eyebrow_raise
481.3459796905517,103.0,-1359.5228220424617,-890.2719647521153,-489.1901339041069,79.49531345814466,0.0,0.0,0.0,0.0,0.0,0.0,0.0,0.0,1750714687.8518867,0.0,eyebrow_raise
481.4465186595916,113.0,-1325.0372045510449,-825.2351045226678,-473.4900338901207,-7.019792216829956,0.0,0.0,0.0,0.0,0.0,0.0,0.0,0.0,1750714687.9552045,0.0,eyebrow_raise
481.5471036434173,123.0,-1352.461890926119,-1652.480405271519,-483.91313506662846,-971.1828303434886,0.0,0.0,0.0,0.0,0.0,0.0,0.0,0.0,1750714688.0608728,0.0,eyebrow_raise
481.6473438739776,134.0,-1373.55492667621,-1845.6948566823264,-519.7376367421821,-1047.6974435369484,0.0,0.0,0.0,0.0,0.0,0.0,0.0,0.0,1750714688.1655316,0.0,eyebrow_raise
481.7479104995727,143.0,-1283.1465851473622,-2094.12519103894,-422.3917807955295,-972.8994444231504,0.0,0.0,0.0,0.0,0.0,0.0,0.0,0.0,1750714688.2560446,0.0,eyebrow_raise
481.8486375808715,154.0,-1248.19722006144,-2227.478803758975,-402.28233873378485,-1211.0076549020596,0.0,0.0,0.0,0.0,0.0,0.0,0.0,0.0,1750714688.3619144,0.0,eyebrow_raise
481.949092388153,164.0,-1331.0360040799717,-1815.8953338353892,-506.532049998641,-1160.0066392063163,0.0,0.0,0.0,0.0,0.0,0.0,0.0,0.0,1750714688.4652345,0.0,eyebrow_raise
482.0499227046966,175.0,-1302.3397517199628,-1544.06818535598,-485.28567835036665,-1245.5044920933433,0.0,0.0,0.0,0.0,0.0,0.0,0.0,0.0,1750714688.5718813,0.0,eyebrow_raise
482.1509819030761,184.0,-1373.0911790817045,-1367.7468620450236,-608.7397758876905,-926.8201370690948,0.0,0.0,0.0,0.0,0.0,0.0,0.0,0.0,1750714688.6617465,0.0,eyebrow_raise
482.25124573707575,194.0,-1168.0698635107838,-2793.5369714023545,-453.7770212236792,-1424.6120408712886,0.0,0.0,0.0,0.0,0.0,0.0,0.0,0.0,1750714688.7681715,0.0,eyebrow_raise
482.3522861003875,103.0,-1251.020844527986,-547.7345278104767,-458.5622232169844,-255.46134627331048,0.0,0.0,0.0,0.0,0.0,0.0,0.0,0.0,1750714688.8567977,0.0,eyebrow_raise
482.45268893241877,115.0,-1436.1421524346806,-229.94774877559396,-604.9867862821557,96.75869165360928,0.0,0.0,0.0,0.0,0.0,0.0,0.0,0.0,1750714688.976642,0.0,eyebrow_raise
482.5540237426757,124.0,-1425.318881962914,-323.8977755624801,-566.533134937752,-112.9075796622783,0.0,0.0,0.0,0.0,0.0,0.0,0.0,0.0,1750714689.0667691,0.0,eyebrow_raise
482.654663324356,134.0,-1418.396327144932,-397.0502186957747,-554.1054473849945,-185.33074230421332,0.0,0.0,0.0,0.0,0.0,0.0,0.0,0.0,1750714689.170339,0.0,eyebrow_raise
482.7554626464843,143.0,-1346.347154498566,-436.78665572498,-497.93588995048776,-252.83593650441617,0.0,0.0,0.0,0.0,0.0,0.0,0.0,0.0,1750714689.2604172,0.0,eyebrow_raise
482.8564503192901,155.0,-1328.7359656072222,-713.6439696447924,-495.0524270846509,-322.0839240839705,0.0,0.0,0.0,0.0,0.0,0.0,0.0,0.0,1750714689.3801038,0.0,eyebrow_raise
482.9576914310455,164.0,-1262.9548652865924,-1147.4125261055306,-389.7555438322015,-331.6206689709797,0.0,0.0,0.0,0.0,0.0,0.0,0.0,0.0,1750714689.4704435,0.0,eyebrow_raise
483.0586042404174,175.0,-1245.5905097923242,-1183.1734494818377,-374.95301980758086,-225.66930322628468,0.0,0.0,0.0,0.0,0.0,0.0,0.0,0.0,1750714689.5767157,0.0,eyebrow_raise
483.15938591957087,184.0,-1345.4869775087573,-704.350318254903,-469.0638622925617,-291.9253708412871,0.0,0.0,0.0,0.0,0.0,0.0,0.0,0.0,1750714689.6669855,0.0,eyebrow_raise
483.26046848297113,194.0,-1423.400313285645,-312.8052322939038,-552.1382600083016,-410.1510882405564,0.0,0.0,0.0,0.0,0.0,0.0,0.0,0.0,1750714689.7703524,0.0,eyebrow_raise
483.36102247238153,101.0,-1397.1967042461038,-306.89058051398024,-533.7398221762851,-361.9269482619129,0.0,0.0,0.0,0.0,0.0,0.0,0.0,0.0,1750714689.8453145,0.0,eyebrow_raise
483.4617111682891,115.0,-1444.5139184854925,-372.2154130400159,-566.2619921909645,-479.23265027208254,0.0,0.0,0.0,0.0,0.0,0.0,0.0,0.0,1750714689.9815335,0.0,eyebrow_raise
483.5622127056121,124.0,-1307.9851307030767,-822.2188752084039,-441.2371366722509,-170.30943413218483,0.0,0.0,0.0,0.0,0.0,0.0,0.0,0.0,1750714690.071847,0.0,eyebrow_raise
483.66289663314814,134.0,-1341.5507328053936,-593.3332580202259,-471.1974752172828,-1053.8626686139032,0.0,0.0,0.0,0.0,0.0,0.0,0.0,0.0,1750714690.175982,0.0,eyebrow_raise
483.76394677162165,143.0,-1434.124476408586,-858.0545965838246,-591.704531589523,-1065.407739777118,0.0,0.0,0.0,0.0,0.0,0.0,0.0,0.0,1750714690.2655337,0.0,eyebrow_raise
483.8652529716491,154.0,-1370.7406519595534,-1656.9215364689007,-504.4638853231445,-1975.81345594069,0.0,0.0,0.0,0.0,0.0,0.0,0.0,0.0,1750714690.3714426,0.0,eyebrow_raise
483.96557164192194,164.0,-1361.518058668822,-1581.9702014569193,-495.6115421280265,-2077.3554796376266,0.0,0.0,0.0,0.0,0.0,0.0,0.0,0.0,1750714690.4761565,0.0,eyebrow_raise
484.06621813774103,175.0,-1421.9473621528596,-1562.9154111826792,-560.0500183645636,-2047.6307547898032,0.0,0.0,0.0,0.0,0.0,0.0,0.0,0.0,1750714690.5815723,0.0,eyebrow_raise
484.16728878021235,184.0,-1282.8268237011507,-1912.038811946288,-432.1416999800131,-2189.2757257116027,0.0,0.0,0.0,0.0,0.0,0.0,0.0,0.0,1750714690.6715949,0.0,eyebrow_raise
484.267805814743,195.0,-1335.0919255819172,-1921.784991230816,-473.4227156909183,-3135.621880449354,0.0,0.0,0.0,0.0,0.0,0.0,0.0,0.0,1750714690.7908647,0.0,eyebrow_raise
484.3686606884002,104.0,-1207.2827145461924,-1274.187654803507,-361.0069328728132,-193.1957519110292,0.0,0.0,0.0,0.0,0.0,0.0,0.0,0.0,1750714690.8804803,0.0,eyebrow_raise
484.4693872928619,115.0,-1273.8791130571626,-691.855312502943,-425.1798762124963,-314.8846166692674,0.0,0.0,0.0,0.0,0.0,0.0,0.0,0.0,1750714690.9870176,0.0,eyebrow_raise
484.5702717304229,124.0,-1380.847731589805,-403.0864172242582,-539.0186909637414,-354.7669097967446,0.0,0.0,0.0,0.0,0.0,0.0,0.0,0.0,1750714691.0769336,0.0,eyebrow_raise
484.6718244552612,134.0,-1380.2680470966734,-476.79610545095056,-531.3593758544885,-362.55338150449097,0.0,0.0,0.0,0.0,0.0,0.0,0.0,0.0,1750714691.1805067,0.0,eyebrow_raise
484.77271294593805,143.0,-1370.226415715646,-764.0204220479354,-509.7913728100248,-115.8695804271847,0.0,0.0,0.0,0.0,0.0,0.0,0.0,0.0,1750714691.2700255,0.0,eyebrow_raise
484.87366724014277,155.0,-1436.583460629452,-483.9692335659638,-573.5641468544491,35.02416308503598,0.0,0.0,0.0,0.0,0.0,0.0,0.0,0.0,1750714691.3904805,0.0,eyebrow_raise
484.9749176502227,164.0,-1401.705153642688,-835.882599696517,-571.1332118832506,-73.39179673045874,0.0,0.0,0.0,0.0,0.0,0.0,0.0,0.0,1750714691.480556,0.0,eyebrow_raise
485.075810432434,175.0,-1389.8197515835054,-586.2667170539498,-535.7500184024684,-69.69303567428142,0.0,0.0,0.0,0.0,0.0,0.0,0.0,0.0,1750714691.5868027,0.0,eyebrow_raise
485.17664813995356,184.0,-1397.602483391296,-713.6140504451469,-558.368933334481,-129.5763137647882,0.0,0.0,0.0,0.0,0.0,0.0,0.0,0.0,1750714691.6767824,0.0,eyebrow_raise
485.2782227993011,196.0,-1248.2645382606424,-367.29370469832793,-407.0750205270015,-596.7533965297043,0.0,0.0,0.0,0.0,0.0,0.0,0.0,0.0,1750714691.7974415,0.0,eyebrow_raise
485.37877178192133,104.0,-1291.6492476966232,-1025.5927648488432,-445.831603767816,-278.0671715554781,0.0,0.0,0.0,0.0,0.0,0.0,0.0,0.0,1750714691.885623,0.0,eyebrow_raise
485.47965407371515,115.0,-1242.7799749756232,-691.5374210067093,-441.73267341637984,-314.8790068193339,0.0,0.0,0.0,0.0,0.0,0.0,0.0,0.0,1750714691.9918833,0.0,eyebrow_raise
485.5810575485229,123.0,-1250.3046536864713,-516.7419768776745,-441.9047088143416,-395.8777600596659,0.0,0.0,0.0,0.0,0.0,0.0,0.0,0.0,1750714692.0809567,0.0,eyebrow_raise
485.68169641494745,136.0,-1303.5009906562043,-588.6639929255471,-459.942246300634,-672.6453163805418,0.0,0.0,0.0,0.0,0.0,0.0,0.0,0.0,1750714692.201652,0.0,eyebrow_raise
485.7828478813171,145.0,-1259.0859387824312,-895.799536886625,-415.0597069323994,-622.2090255781077,0.0,0.0,0.0,0.0,0.0,0.0,0.0,0.0,1750714692.2917063,0.0,eyebrow_raise
485.88377523422236,155.0,-1344.1312637748197,-1654.3952340488322,-499.3757514334284,-1080.4009986994788,0.0,0.0,0.0,0.0,0.0,0.0,0.0,0.0,1750714692.3954408,0.0,eyebrow_raise
485.9845740795135,164.0,-1433.4064156170934,-2157.578203637153,-579.5928655830212,-2246.0361873391084,0.0,0.0,0.0,0.0,0.0,0.0,0.0,0.0,1750714692.485551,0.0,eyebrow_raise
486.08529734611506,176.0,-1366.028378015384,-2484.8830280592665,-519.2645393977873,-3165.3802643967792,0.0,0.0,0.0,0.0,0.0,0.0,0.0,0.0,1750714692.6061225,0.0,eyebrow_raise
486.1859202384948,185.0,-1374.349655416794,-2524.5745862890035,-534.7252858146094,-2997.1820037895814,0.0,0.0,0.0,0.0,0.0,0.0,0.0,0.0,1750714692.6956885,0.0,eyebrow_raise
486.2867414951324,196.0,-1379.5219370555133,-2608.9729085890576,-523.88705574302,-3082.320826280862,0.0,0.0,0.0,0.0,0.0,0.0,0.0,0.0,1750714692.801886,0.0,eyebrow_raise
486.3882067203521,103.0,-1366.811887056101,-819.1222380450927,-520.9231850281358,-103.07912257872522,0.0,0.0,0.0,0.0,0.0,0.0,0.0,0.0,1750714692.876807,0.0,eyebrow_raise
486.4892551898956,116.0,-1217.3131262273528,-1108.788709313143,-362.9236316001043,-132.26156193297356,0.0,0.0,0.0,0.0,0.0,0.0,0.0,0.0,1750714693.0100968,0.0,eyebrow_raise
486.5900552272796,125.0,-1344.39118682174,-851.3826150628738,-502.3134428486228,-169.7129200892523,0.0,0.0,0.0,0.0,0.0,0.0,0.0,0.0,1750714693.1004214,0.0,eyebrow_raise
486.69101166725153,136.0,-1337.434972904157,-631.1847854717635,-486.9424540307373,-142.2770140143111,0.0,0.0,0.0,0.0,0.0,0.0,0.0,0.0,1750714693.2084258,0.0,eyebrow_raise
486.7917916774749,145.0,-1349.0623218663968,-972.8657853235492,-486.61708273459226,-1274.8215678459965,0.0,0.0,0.0,0.0,0.0,0.0,0.0,0.0,1750714693.2968094,0.0,eyebrow_raise
486.892771244049,155.0,-1345.5243765083142,-910.7871859590524,-493.2815844556317,-1228.1251769992523,0.0,0.0,0.0,0.0,0.0,0.0,0.0,0.0,1750714693.4002347,0.0,eyebrow_raise
486.99353575706476,166.0,-1315.231186867226,-636.2448701118119,-459.2372751589865,-2091.800843216479,0.0,0.0,0.0,0.0,0.0,0.0,0.0,0.0,1750714693.5073004,0.0,eyebrow_raise
487.09470605850214,176.0,-1351.6391129358672,-1616.3511017495766,-491.179760680534,-3002.6890064743347,0.0,0.0,0.0,0.0,0.0,0.0,0.0,0.0,1750714693.6104765,0.0,eyebrow_raise
487.1951966285705,185.0,-1361.4264311199076,-1810.855818645097,-503.1474405387417,-3442.3217260655947,0.0,0.0,0.0,0.0,0.0,0.0,0.0,0.0,1750714693.7004647,0.0,eyebrow_raise
487.29630661010737,197.0,-1395.758712713141,-1331.7073161220178,-528.2907879408449,-6281.371409978718,0.0,0.0,0.0,0.0,0.0,0.0,0.0,0.0,1750714693.8203993,0.0,eyebrow_raise
487.3970243930816,106.0,-1393.2660693926737,-791.1197371268645,-551.891426611226,-159.6712887082249,0.0,0.0,0.0,0.0,0.0,0.0,0.0,0.0,1750714693.9124975,0.0,eyebrow_raise
487.4982118606567,116.0,-1396.856373350136,-518.2379368599504,-548.4245393523015,-258.5692031364888,0.0,0.0,0.0,0.0,0.0,0.0,0.0,0.0,1750714694.0158005,0.0,eyebrow_raise
487.5987997055053,125.0,-1249.6838302938268,-1079.9148117052391,-393.89187318319455,-207.6093263402581,0.0,0.0,0.0,0.0,0.0,0.0,0.0,0.0,1750714694.1054,0.0,eyebrow_raise
487.699731349945,136.0,-1345.2195746619254,-724.3139042183757,-526.3030311143957,-280.9824235709384,0.0,0.0,0.0,0.0,0.0,0.0,0.0,0.0,1750714694.2119265,0.0,eyebrow_raise
487.80025386810297,143.0,-1429.7487934604287,-423.4726118827239,-637.3593602986075,-115.06924183666706,0.0,0.0,0.0,0.0,0.0,0.0,0.0,0.0,1750714694.285576,0.0,eyebrow_raise
487.9009823799133,155.0,-1258.8877240847796,-577.9903184520081,-520.655782181304,-355.6794453859329,0.0,0.0,0.0,0.0,0.0,0.0,0.0,0.0,1750714694.4051778,0.0,eyebrow_raise
488.00178527832026,166.0,-1272.463560923934,-772.5212146472186,-472.7476637489162,-426.221438350156,0.0,0.0,0.0,0.0,0.0,0.0,0.0,0.0,1750714694.512306,0.0,eyebrow_raise
488.1024277210235,176.0,-1380.9057000391183,-597.7407301180065,-547.8186755594797,-1088.1556812576018,0.0,0.0,0.0,0.0,0.0,0.0,0.0,0.0,1750714694.6154025,0.0,eyebrow_raise
488.2027444839477,185.0,-1360.2464926838877,-729.8489561527967,-479.685178166721,-1337.4835916035809,0.0,0.0,0.0,0.0,0.0,0.0,0.0,0.0,1750714694.705413,0.0,eyebrow_raise
488.30354666709894,196.0,-1424.74106741976,-625.6777827870101,-560.3286409112625,-2035.0852603884412,0.0,0.0,0.0,0.0,0.0,0.0,0.0,0.0,1750714694.8114984,0.0,eyebrow_raise
488.40399789810175,106.0,-1367.5187281477265,-741.2537810676731,-493.50036860303953,-303.95475904876366,0.0,0.0,0.0,0.0,0.0,0.0,0.0,0.0,1750714694.916509,0.0,eyebrow_raise
488.5046014785766,116.0,-1402.9991590273569,-632.9163591512479,-529.3585293781944,-219.4965983494185,0.0,0.0,0.0,0.0,0.0,0.0,0.0,0.0,1750714695.019982,0.0,eyebrow_raise
488.6052801609039,125.0,-1281.878759062383,-704.2624306059442,-419.41669038077816,-283.4189683920704,0.0,0.0,0.0,0.0,0.0,0.0,0.0,0.0,1750714695.1099336,0.0,eyebrow_raise
488.705848455429,136.0,-1308.701321544591,-708.0322497612797,-450.54761761194095,-374.3172368151136,0.0,0.0,0.0,0.0,0.0,0.0,0.0,0.0,1750714695.2170126,0.0,eyebrow_raise
488.80679345130915,146.0,-1370.8584588081576,-521.3813227727078,-508.23557442845777,-455.7011997508816,0.0,0.0,0.0,0.0,0.0,0.0,0.0,0.0,1750714695.3204055,0.0,eyebrow_raise
488.9074611663818,157.0,-1360.588693529833,-550.7208379250951,-508.4524886258878,-374.6351283113472,0.0,0.0,0.0,0.0,0.0,0.0,0.0,0.0,1750714695.428204,0.0,eyebrow_raise
489.0080459117889,166.0,-1384.2136415499265,-513.1834620698355,-512.0166132836603,-362.4916731552221,0.0,0.0,0.0,0.0,0.0,0.0,0.0,0.0,1750714695.5168576,0.0,eyebrow_raise
489.1087250709533,176.0,-1385.6609828327782,-462.5676560695283,-528.4048548894934,-412.2809612653218,0.0,0.0,0.0,0.0,0.0,0.0,0.0,0.0,1750714695.6202607,0.0,eyebrow_raise
489.20926856994623,185.0,-1280.2219833820127,-831.9164357935078,-455.95925284782425,-1462.0016906782985,0.0,0.0,0.0,0.0,0.0,0.0,0.0,0.0,1750714695.710413,0.0,eyebrow_raise
489.31002664566034,197.0,-1294.257827915717,-551.0761284208857,-466.6628465210088,-249.10538629861549,0.0,0.0,0.0,0.0,0.0,0.0,0.0,0.0,1750714695.8304703,0.0,eyebrow_raise
489.4105479717254,106.0,-1310.7059079208411,-780.0103643084876,-454.8241932112724,-192.97135791368785,0.0,0.0,0.0,0.0,0.0,0.0,0.0,0.0,1750714695.9217649,0.0,eyebrow_raise
489.51099300384516,116.0,-1264.660259666387,-800.134765970055,-426.10924135148525,-490.8244701847434,0.0,0.0,0.0,0.0,0.0,0.0,0.0,0.0,1750714696.025266,0.0,eyebrow_raise
489.61156058311457,125.0,-1359.4143649437465,-660.1390909287147,-514.5803147032857,-1109.4357120054774,0.0,0.0,0.0,0.0,0.0,0.0,0.0,0.0,1750714696.1153505,0.0,eyebrow_raise
489.7121701240539,137.0,-1296.6625835872255,-840.7538193888031,-445.6763979196549,-1508.0716482824646,0.0,0.0,0.0,0.0,0.0,0.0,0.0,0.0,1750714696.23576,0.0,eyebrow_raise
489.81320834159845,146.0,-1280.266862181481,-1855.072655821219,-407.76129216887057,-2117.6622514100745,0.0,0.0,0.0,0.0,0.0,0.0,0.0,0.0,1750714696.3252916,0.0,eyebrow_raise
489.9145066738128,157.0,-1319.6143496152945,-1783.5807282682508,-467.0312266666442,-2335.8854138245806,0.0,0.0,0.0,0.0,0.0,0.0,0.0,0.0,1750714696.4317608,0.0,eyebrow_raise
490.0152490139007,166.0,-1232.1380896517076,-1934.650247078389,-373.6945434724912,-2133.661543420516,0.0,0.0,0.0,0.0,0.0,0.0,0.0,0.0,1750714696.5217988,0.0,eyebrow_raise
490.11584258079523,177.0,-1483.8782354691066,-1866.6551259839907,-684.2595756929368,-1185.8474779501555,0.0,0.0,0.0,0.0,0.0,0.0,0.0,0.0,1750714696.6409843,0.0,eyebrow_raise
490.2165169715881,187.0,-1398.6683548786675,-1781.3741872943938,-656.9171671168879,-1772.1254147039726,0.0,0.0,0.0,0.0,0.0,0.0,0.0,0.0,1750714696.7316315,0.0,eyebrow_raise
490.3170344829559,196.0,-1305.6271237810142,-1772.4059072006494,-494.145501345396,-2048.470362329856,0.0,0.0,0.0,0.0,0.0,0.0,0.0,0.0,1750714696.82203,0.0,eyebrow_raise
490.41752266883844,106.0,-979.9435459896922,-3037.0904762167484,-158.65029602032155,-1431.2260539429262,0.0,0.0,0.0,0.0,0.0,0.0,0.0,0.0,1750714696.926769,0.0,eyebrow_raise
490.5179653167724,116.0,-1069.7460237257185,-2536.280473150313,-216.547687234357,-1484.3588126134127,0.0,0.0,0.0,0.0,0.0,0.0,0.0,0.0,1750714697.0300353,0.0,eyebrow_raise
490.6181919574737,127.0,-1129.8013372141868,-2108.7949486151338,-276.44966482464224,-2527.340242306236,0.0,0.0,0.0,0.0,0.0,0.0,0.0,0.0,1750714697.136412,0.0,eyebrow_raise
490.7188608646392,136.0,-1219.6225144499913,-2003.535464362241,-374.42382396385074,-2359.3551559965126,0.0,0.0,0.0,0.0,0.0,0.0,0.0,0.0,1750714697.2268229,0.0,eyebrow_raise
490.8194918632507,146.0,-1280.2126336321237,-1772.2226521028206,-448.2494490891695,-2259.7391807767563,0.0,0.0,0.0,0.0,0.0,0.0,0.0,0.0,1750714697.3299768,0.0,eyebrow_raise
490.92024016380304,155.0,-1404.298774261959,-1316.1007136069238,-555.6631157165393,-2283.9026743904687,0.0,0.0,0.0,0.0,0.0,0.0,0.0,0.0,1750714697.420008,0.0,eyebrow_raise
491.0204715728759,167.0,-1418.742267890833,-1295.6509406492114,-539.5628464072943,-2247.737841818948,0.0,0.0,0.0,0.0,0.0,0.0,0.0,0.0,1750714697.5400956,0.0,eyebrow_raise
491.12098979949945,175.0,-1752.6255763350057,423.0163440881297,-955.1554890833796,-2254.073232343886,0.0,0.0,0.0,0.0,0.0,0.0,0.0,0.0,1750714697.6173131,0.0,eyebrow_raise
491.22151207923883,185.0,-1760.7748183384538,241.76583263557404,-998.2615759726614,-2282.0589037123136,0.0,0.0,0.0,0.0,0.0,0.0,0.0,0.0,1750714697.7200575,0.0,eyebrow_raise
491.32203054428095,197.0,-1598.193887464702,-466.2907264754176,-793.1093639032915,-2191.407468686346,0.0,0.0,0.0,0.0,0.0,0.0,0.0,0.0,1750714697.8415153,0.0,eyebrow_raise
491.42230629920954,106.0,-1565.5576505013742,48.43918422609568,-733.7122728070244,-338.14305449370295,0.0,0.0,0.0,0.0,0.0,0.0,0.0,0.0,1750714697.9316268,0.0,eyebrow_raise
491.5227923393249,116.0,-1437.7690089154055,-577.8893411532044,-585.3055627653375,-252.42454750929028,0.0,0.0,0.0,0.0,0.0,0.0,0.0,0.0,1750714698.035076,0.0,eyebrow_raise
491.6234993934631,125.0,-1120.3450001762249,-1315.6182665126398,-258.8945744326338,-1110.4380051936023,0.0,0.0,0.0,0.0,0.0,0.0,0.0,0.0,1750714698.125047,0.0,eyebrow_raise
491.7238593101501,136.0,-1032.8238614131697,-2016.662513206713,-149.93258922360835,-1217.5375202246942,0.0,0.0,0.0,0.0,0.0,0.0,0.0,0.0,1750714698.2314944,0.0,eyebrow_raise
491.82433867454523,145.0,-1035.546508580912,-1697.9295394830406,-167.6335357138887,-2311.078657418489,0.0,0.0,0.0,0.0,0.0,0.0,0.0,0.0,1750714698.3372605,0.0,eyebrow_raise
491.92503952980036,157.0,-1185.0340497097932,-1463.1947187641636,-309.1139510376379,-2209.862005017698,0.0,0.0,0.0,0.0,0.0,0.0,0.0,0.0,1750714698.4418142,0.0,eyebrow_raise
492.0258374214172,166.0,-1280.771748675499,-1043.7163200341165,-420.5667096171528,-2237.5185651900247,0.0,0.0,0.0,0.0,0.0,0.0,0.0,0.0,1750714698.5316784,0.0,eyebrow_raise
492.1265168190002,176.0,-1293.992295018863,-872.6832152605057,-425.8250089548528,-2175.249230927788,0.0,0.0,0.0,0.0,0.0,0.0,0.0,0.0,1750714698.6352477,0.0,eyebrow_raise
492.2268924713134,186.0,-1324.9250075523742,-818.9483326971531,-478.7857322273776,-2238.853709474206,0.0,0.0,0.0,0.0,0.0,0.0,0.0,0.0,1750714698.7409935,0.0,eyebrow_raise
492.32751250267023,196.0,-1405.3365964996628,-671.9927038382739,-558.5727578820661,-2086.9464530739933,0.0,0.0,0.0,0.0,0.0,0.0,0.0,0.0,1750714698.831856,0.0,eyebrow_raise
492.42815423011774,106.0,-1297.8182126735337,-340.964809010271,-504.0225771283731,-275.0715116909705,0.0,0.0,0.0,0.0,0.0,0.0,0.0,0.0,1750714698.9367929,0.0,eyebrow_raise
492.528557062149,116.0,-1605.795234124642,759.2875786540098,-773.7479018326849,-496.3539122692309,0.0,0.0,0.0,0.0,0.0,0.0,0.0,0.0,1750714699.0403907,0.0,eyebrow_raise
492.6291716098785,126.0,-1421.3770274096169,-357.13613641867414,-560.1883946629241,-236.44208504864943,0.0,0.0,0.0,0.0,0.0,0.0,0.0,0.0,1750714699.145809,0.0,eyebrow_raise
492.73004198074335,137.0,-1435.629786140751,-560.4109187102877,-556.2988987090066,362.9049321003258,0.0,0.0,0.0,0.0,0.0,0.0,0.0,0.0,1750714699.2503233,0.0,eyebrow_raise
492.8304924964904,146.0,-1161.712033586111,-2439.4656829973683,-270.0918348999694,-1120.4104484254494,0.0,0.0,0.0,0.0,0.0,0.0,0.0,0.0,1750714699.340373,0.0,eyebrow_raise
492.93147420883173,157.0,-1217.619798023719,-2493.5446363566443,-332.9333738554269,-1263.401783331297,0.0,0.0,0.0,0.0,0.0,0.0,0.0,0.0,1750714699.4467742,0.0,eyebrow_raise
493.0322954654693,166.0,-1229.7707329797558,-2101.094494606368,-337.9523195959628,-1115.50743958354,0.0,0.0,0.0,0.0,0.0,0.0,0.0,0.0,1750714699.5366728,0.0,eyebrow_raise
493.13312363624567,178.0,-1286.1684243115596,-1825.501266871579,-393.71796783525497,-2061.2402507285587,0.0,0.0,0.0,0.0,0.0,0.0,0.0,0.0,1750714699.6569345,0.0,eyebrow_raise
493.23444914817804,187.0,-1352.8433607215993,-1951.8612666744737,-464.0206072023138,-2241.2491153958254,0.0,0.0,0.0,0.0,0.0,0.0,0.0,0.0,1750714699.7466516,0.0,eyebrow_raise
493.3352463245391,196.0,-1297.7808136739768,-1725.1784505601972,-412.1182756172493,-2162.07543333387,0.0,0.0,0.0,0.0,0.0,0.0,0.0,0.0,1750714699.836708,0.0,eyebrow_raise
493.43605208396906,106.0,-1388.933395294007,-383.5286104059778,-524.1488487399183,-281.69113461254165,0.0,0.0,0.0,0.0,0.0,0.0,0.0,0.0,1750714699.9416025,0.0,eyebrow_raise
493.53650212287897,116.0,-1487.1805671299808,20.058953412342817,-665.1318573695607,-183.6646168739535,0.0,0.0,0.0,0.0,0.0,0.0,0.0,0.0,1750714700.045464,0.0,eyebrow_raise
493.6371300220489,127.0,-1431.9235452846624,-204.8997688223608,-636.895612704102,-235.78012275649235,0.0,0.0,0.0,0.0,0.0,0.0,0.0,0.0,1750714700.15154,0.0,eyebrow_raise
493.7381913661956,136.0,-1328.4891322101466,-629.5205299914815,-492.2624617177062,-508.3963901265524,0.0,0.0,0.0,0.0,0.0,0.0,0.0,0.0,1750714700.241717,0.0,eyebrow_raise
493.8388791084289,146.0,-1137.5148808727972,-1449.1083855810575,-299.2798841041513,-953.7605063999072,0.0,0.0,0.0,0.0,0.0,0.0,0.0,0.0,1750714700.3453434,0.0,eyebrow_raise
493.93962192535395,157.0,-1214.6428376589902,-1248.5412908573635,-345.8939971518703,-1219.7384513486177,0.0,0.0,0.0,0.0,0.0,0.0,0.0,0.0,1750714700.451693,0.0,eyebrow_raise
494.0401020050048,167.0,-1285.2409291225486,-969.8476860593072,-412.4642163631506,-1126.2858312558385,0.0,0.0,0.0,0.0,0.0,0.0,0.0,0.0,1750714700.5553572,0.0,eyebrow_raise
494.14089179038996,176.0,-1296.4344496899284,-846.0831768256612,-436.4556745789014,-1077.7980283303186,0.0,0.0,0.0,0.0,0.0,0.0,0.0,0.0,1750714700.6452878,0.0,eyebrow_raise
494.24135136604303,187.0,-1326.4658463341184,-749.3132654721849,-452.2193528921344,-1227.2631300594658,0.0,0.0,0.0,0.0,0.0,0.0,0.0,0.0,1750714700.7516353,0.0,eyebrow_raise
494.34200668334955,197.0,-1284.5453077307902,-477.03732899809256,-494.46526279160753,-1178.2031224407256,0.0,0.0,0.0,0.0,0.0,0.0,0.0,0.0,1750714700.8557253,0.0,eyebrow_raise
494.4430291652679,106.0,-1655.098335240502,351.29628263786435,-782.4506490295753,-238.0408922797069,0.0,0.0,0.0,0.0,0.0,0.0,0.0,0.0,1750714700.946602,0.0,eyebrow_raise
494.543561220169,116.0,-1480.8975352044215,-135.66861079260707,-686.5072555663064,-267.96757172513753,0.0,0.0,0.0,0.0,0.0,0.0,0.0,0.0,1750714701.0503805,0.0,eyebrow_raise
494.6440229415893,127.0,-1431.3663001912646,-280.324201178737,-583.0092641925439,-362.1980910087004,0.0,0.0,0.0,0.0,0.0,0.0,0.0,0.0,1750714701.156628,0.0,eyebrow_raise
494.74463772773737,136.0,-1266.0402827500366,-1451.8366425987333,-401.9981063371524,-1899.1473767990249,0.0,0.0,0.0,0.0,0.0,0.0,0.0,0.0,1750714701.2468376,0.0,eyebrow_raise
494.84508395195,146.0,-1247.1388283739798,-1316.291448504664,-385.3779909340665,-2386.729353722185,0.0,0.0,0.0,0.0,0.0,0.0,0.0,0.0,1750714701.3502915,0.0,eyebrow_raise
494.945882320404,157.0,-1234.4007291249,-1098.4385361857712,-356.41620567720383,-2068.5274457922205,0.0,0.0,0.0,0.0,0.0,0.0,0.0,0.0,1750714701.4576995,0.0,eyebrow_raise
495.04695844650263,167.0,-1252.0904559153132,-752.1611992884427,-391.9340355563909,-2000.177034202032,0.0,0.0,0.0,0.0,0.0,0.0,0.0,0.0,1750714701.5618792,0.0,eyebrow_raise
495.14770293235773,176.0,-1336.3803211166523,-920.1163663985208,-480.9922732012346,-3148.776978543494,0.0,0.0,0.0,0.0,0.0,0.0,0.0,0.0,1750714701.6503544,0.0,eyebrow_raise
495.2485251426696,187.0,-1240.3434301544912,-848.3663857486099,-382.1841163719073,-3216.102657545824,0.0,0.0,0.0,0.0,0.0,0.0,0.0,0.0,1750714701.7566507,0.0,eyebrow_raise
495.34898066520685,197.0,-1262.9137263870798,-799.5943504264578,-429.66214630939066,-3159.955539511051,0.0,0.0,0.0,0.0,0.0,0.0,0.0,0.0,1750714701.860856,0.0,eyebrow_raise
495.4497601985931,107.0,-1347.6561194830574,-787.9501719144173,-543.5121807605028,-164.43218135181814,0.0,0.0,0.0,0.0,0.0,0.0,0.0,0.0,1750714701.965616,0.0,eyebrow_raise
495.55042767524714,116.0,-1301.1130645344963,-710.6352201304398,-498.7231388911605,-169.7802382884547,0.0,0.0,0.0,0.0,0.0,0.0,0.0,0.0,1750714702.0552652,0.0,eyebrow_raise
495.6510434150695,127.0,-1344.9259925154038,-862.512557331007,-517.4862169688568,-231.3689107587561,0.0,0.0,0.0,0.0,0.0,0.0,0.0,0.0,1750714702.161444,0.0,eyebrow_raise
495.75226688385004,137.0,-1300.720375039149,-1091.6936266156845,-437.0334891220554,790.5681018834002,0.0,0.0,0.0,0.0,0.0,0.0,0.0,0.0,1750714702.2654088,0.0,eyebrow_raise
495.8531305789947,148.0,-1168.125962010119,-1410.5051382384263,-276.18413192778826,-73.88172362465411,0.0,0.0,0.0,0.0,0.0,0.0,0.0,0.0,1750714702.3724277,0.0,eyebrow_raise
495.9538464546203,157.0,-1188.7814294653945,-1654.0212440532632,-302.79726001247764,-1024.0837152167223,0.0,0.0,0.0,0.0,0.0,0.0,0.0,0.0,1750714702.4618456,0.0,eyebrow_raise
496.0541288852691,167.0,-1143.0443229572847,-1905.125606878195,-244.5202689529397,-1772.411517050583,0.0,0.0,0.0,0.0,0.0,0.0,0.0,0.0,1750714702.5653791,0.0,eyebrow_raise
496.1547207832336,176.0,-1435.04075189773,-303.1245012586005,-509.86617080913857,-3151.0863667661324,0.0,0.0,0.0,0.0,0.0,0.0,0.0,0.0,1750714702.6552238,0.0,eyebrow_raise
496.25548529624933,188.0,-1676.5148723367602,161.32806438859552,-774.0975824785419,-3385.510775788687,0.0,0.0,0.0,0.0,0.0,0.0,0.0,0.0,1750714702.77569,0.0,eyebrow_raise
496.356469631195,197.0,-1874.983883185312,810.7055931948125,-996.7076475410722,-3728.384803726338,0.0,0.0,0.0,0.0,0.0,0.0,0.0,0.0,1750714702.8653457,0.0,eyebrow_raise
496.45699024200434,107.0,-1009.2830611420796,-2472.092570210807,-130.85909944958985,43.34357053646818,0.0,0.0,0.0,0.0,0.0,0.0,0.0,0.0,1750714702.9704676,0.0,eyebrow_raise
496.55796074867243,116.0,-1005.1429918911308,-1990.13914272096,-172.63004205469042,49.68270096136257,0.0,0.0,0.0,0.0,0.0,0.0,0.0,0.0,1750714703.0601456,0.0,eyebrow_raise
496.65860915184015,127.0,-577.4293334586546,-2471.9897229620256,-770.9336271160282,441.5531582185067,0.0,0.0,0.0,0.0,0.0,0.0,0.0,0.0,1750714703.1665633,0.0,eyebrow_raise
496.7592108249664,137.0,-511.4761977400631,-2780.2696763095446,-706.7045852770098,483.41759832249954,0.0,0.0,0.0,0.0,0.0,0.0,0.0,0.0,1750714703.270344,0.0,eyebrow_raise
496.8601651191711,148.0,-286.33422040753067,-4082.925449575763,-456.9017076366581,676.5273325345479,0.0,0.0,0.0,0.0,0.0,0.0,0.0,0.0,1750714703.3773427,0.0,eyebrow_raise
496.96246480941767,158.0,189.833581850864,-6522.19291787548,34.34537124307826,1286.9650230021216,0.0,0.0,0.0,0.0,0.0,0.0,0.0,0.0,1750714703.480314,0.0,eyebrow_raise
497.0631120204925,168.0,637.619283345528,-8453.312699395698,491.2975675291382,221.6601304737851,0.0,0.0,0.0,0.0,0.0,0.0,0.0,0.0,1750714703.5861795,0.0,eyebrow_raise
497.1647152900695,178.0,845.1799909863621,-9608.070389014203,689.7291793781333,811.7228459827602,0.0,0.0,0.0,0.0,0.0,0.0,0.0,0.0,1750714703.67682,0.0,eyebrow_raise
497.26567959785456,188.0,796.2209606664255,-9515.900554606224,655.3819381850772,970.8555890973656,0.0,0.0,0.0,0.0,0.0,0.0,0.0,0.0,1750714703.780538,0.0,eyebrow_raise
497.36628365516657,197.0,1876.5733406664804,-9914.802023780068,1763.4282773570158,14.53325122781098,0.0,0.0,0.0,0.0,0.0,0.0,0.0,0.0,1750714703.8704364,0.0,eyebrow_raise
497.46739792823786,107.0,-402.23558998433873,-5188.516544426791,471.2610535165295,-269.3681642585434,0.0,0.0,0.0,0.0,0.0,0.0,0.0,0.0,1750714703.9757144,0.0,eyebrow_raise
497.5686848163604,118.0,-710.0555356373079,-3852.5420024553314,167.3792225169018,-681.8230308718048,0.0,0.0,0.0,0.0,0.0,0.0,0.0,0.0,1750714704.0815794,0.0,eyebrow_raise
497.6691160202026,127.0,-805.4603835069574,-3138.8082752116024,62.160877163521945,-642.5840005367063,0.0,0.0,0.0,0.0,0.0,0.0,0.0,0.0,1750714704.1719408,0.0,eyebrow_raise
497.76984333992,137.0,-939.2029458223842,-2334.901820136234,-84.17392830271274,-893.2769743665121,0.0,0.0,0.0,0.0,0.0,0.0,0.0,0.0,1750714704.276837,0.0,eyebrow_raise
497.87081861495966,148.0,-1558.708023732528,-1610.363521920517,-796.0320957186632,-1357.501406116411,0.0,0.0,0.0,0.0,0.0,0.0,0.0,0.0,1750714704.381856,0.0,eyebrow_raise
497.9716656208038,158.0,-1646.980882386677,-2136.589885085821,-912.2270474419928,-1547.372386966832,0.0,0.0,0.0,0.0,0.0,0.0,0.0,0.0,1750714704.4859989,0.0,eyebrow_raise
498.0725412368774,169.0,-1300.7484242888168,-3822.8584165070206,-536.9879252878018,-1181.9505021963269,0.0,0.0,0.0,0.0,0.0,0.0,0.0,0.0,1750714704.5918317,0.0,eyebrow_raise
498.17342090606684,178.0,-1057.265977573581,-5341.040884319693,-250.48540938226503,-926.036628028378,0.0,0.0,0.0,0.0,0.0,0.0,0.0,0.0,1750714704.6817932,0.0,eyebrow_raise
498.27399539947504,188.0,-794.5454854862764,-6493.685530463234,47.12086949171498,-884.3928420217708,0.0,0.0,0.0,0.0,0.0,0.0,0.0,0.0,1750714704.7852588,0.0,eyebrow_raise
498.37426161766047,198.0,-368.5634007332847,-8761.27663119696,459.8150897021405,-351.5131968352944,0.0,0.0,0.0,0.0,0.0,0.0,0.0,0.0,1750714704.8913927,0.0,eyebrow_raise
498.475028514862,109.0,-1080.6085631470196,-2078.531678173691,-228.70797194028276,53.86577906180173,0.0,0.0,0.0,0.0,0.0,0.0,0.0,0.0,1750714704.9969208,0.0,eyebrow_raise
498.57550454139704,118.0,-1045.060814068187,-2096.63279395923,-168.86957264924422,15.879615211859344,0.0,0.0,0.0,0.0,0.0,0.0,0.0,0.0,1750714705.086727,0.0,eyebrow_raise
498.67584490776056,127.0,-101.34193904930726,-950.1664625424892,769.5910030319355,1088.8943114988506,0.0,0.0,0.0,0.0,0.0,0.0,0.0,0.0,1750714705.1767852,0.0,eyebrow_raise
498.7767832279205,137.0,-386.40459347190335,433.2674098666757,467.0630158162676,648.2854780191556,0.0,0.0,0.0,0.0,0.0,0.0,0.0,0.0,1750714705.280152,0.0,eyebrow_raise
498.8772821426391,148.0,-686.2323729195632,2048.1337713338435,188.48534791683775,450.0857399674133,0.0,0.0,0.0,0.0,0.0,0.0,0.0,0.0,1750714705.3866327,0.0,eyebrow_raise
498.97778415679926,158.0,-894.2231690553017,3130.5580559093505,-89.50141578959301,396.1077639069408,0.0,0.0,0.0,0.0,0.0,0.0,0.0,0.0,1750714705.4909034,0.0,eyebrow_raise
499.0784757137298,169.0,-1095.6616604686717,3968.834191577509,-319.6922580623068,39.95709112659097,0.0,0.0,0.0,0.0,0.0,0.0,0.0,0.0,1750714705.5975726,0.0,eyebrow_raise
499.17948341369623,178.0,-2493.8569180029444,4549.519107947592,-1693.2864536880516,-1487.3769118776545,0.0,0.0,0.0,0.0,0.0,0.0,0.0,0.0,1750714705.6868012,0.0,eyebrow_raise
499.28035116195673,188.0,-2709.226536751259,5362.966047809925,-1893.1317477202972,-1693.83434903156,0.0,0.0,0.0,0.0,0.0,0.0,0.0,0.0,1750714705.7903965,0.0,eyebrow_raise
499.3812625408172,197.0,-2415.4274760321714,3547.6747078173794,-1613.6602437314575,-1298.369847916998,0.0,0.0,0.0,0.0,0.0,0.0,0.0,0.0,1750714705.8805916,0.0,eyebrow_raise
499.4820959568023,109.0,-1736.878727571573,1199.5616910876706,-864.5956816063263,-678.1691486150958,0.0,0.0,0.0,0.0,0.0,0.0,0.0,0.0,1750714706.002226,0.0,eyebrow_raise
499.58276343345636,118.0,-1395.710094013717,-438.3312344066799,-528.1019229930826,-286.2762519582175,0.0,0.0,0.0,0.0,0.0,0.0,0.0,0.0,1750714706.091817,0.0,eyebrow_raise
499.68383789062494,128.0,-1175.5908023216762,-1610.030670824461,-299.03305070707574,15.08862637123093,0.0,0.0,0.0,0.0,0.0,0.0,0.0,0.0,1750714706.1951156,0.0,eyebrow_raise
499.7847816944122,137.0,-1238.7951115728356,-1465.7976891333235,-362.1625619591214,9.05616774270311,0.0,0.0,0.0,0.0,0.0,0.0,0.0,0.0,1750714706.2854953,0.0,eyebrow_raise
499.88606142997736,149.0,-18.117945335339755,-2517.8296767189167,848.039144502487,1265.3783204578797,0.0,0.0,0.0,0.0,0.0,0.0,0.0,0.0,1750714706.4059348,0.0,eyebrow_raise
499.9869129657745,158.0,-294.7433854578994,-791.0954277771525,520.5061861830764,1015.8596752141602,0.0,0.0,0.0,0.0,0.0,0.0,0.0,0.0,1750714706.4954948,0.0,eyebrow_raise
500.08737468719477,169.0,-641.2114572529681,925.769225181546,145.37178122764453,605.19996057963,0.0,0.0,0.0,0.0,0.0,0.0,0.0,0.0,1750714706.602472,0.0,eyebrow_raise
500.18849229812616,178.0,-1647.6017057793215,2319.75522531569,-858.0041079344228,-573.9063477003947,0.0,0.0,0.0,0.0,0.0,0.0,0.0,0.0,1750714706.6919217,0.0,eyebrow_raise
500.2892649173736,188.0,-1424.8906634179875,626.9643083717674,-608.0665938956663,-399.5522117661312,0.0,0.0,0.0,0.0,0.0,0.0,0.0,0.0,1750714706.7952175,0.0,eyebrow_raise
500.3902685642242,199.0,-1181.972941596061,-644.4558204645291,-326.13423573598266,-118.01628300175072,0.0,0.0,0.0,0.0,0.0,0.0,0.0,0.0,1750714706.9019864,0.0,eyebrow_raise
500.4909727573394,109.0,-1835.318504255265,1628.4010594068095,-970.3563124532812,-579.9425462288782,0.0,0.0,0.0,0.0,0.0,0.0,0.0,0.0,1750714707.006981,0.0,eyebrow_raise
500.5916492938995,118.0,-1441.81745061744,-378.19738301914185,-582.7717805453576,-720.2523728664964,0.0,0.0,0.0,0.0,0.0,0.0,0.0,0.0,1750714707.0967062,0.0,eyebrow_raise
500.69238162040705,128.0,-1055.9944115886465,-2615.128783916123,-154.84120791545138,-110.56266239006072,0.0,0.0,0.0,0.0,0.0,0.0,0.0,0.0,1750714707.2002883,0.0,eyebrow_raise
500.7927274703979,138.0,-1022.3839306868612,-2349.868899758905,-137.36091552255675,24.709519007243216,0.0,0.0,0.0,0.0,0.0,0.0,0.0,0.0,1750714707.3059454,0.0,eyebrow_raise
500.89355325698847,149.0,36.071335072629154,-2977.5587487220764,913.2330805300736,1216.297743389383,0.0,0.0,0.0,0.0,0.0,0.0,0.0,0.0,1750714707.4107149,0.0,eyebrow_raise
500.99382925033564,158.0,-190.0411462984048,-2332.8112160610035,710.367817283608,1115.7935419301502,0.0,0.0,0.0,0.0,0.0,0.0,0.0,0.0,1750714707.5005925,0.0,eyebrow_raise
501.09478235244745,169.0,-459.3588219075464,-2566.4390263929963,318.13458973076195,447.5369981476106,0.0,0.0,0.0,0.0,0.0,0.0,0.0,0.0,1750714707.6069326,0.0,eyebrow_raise
501.19567751884455,178.0,-733.0970592643134,-1344.75582706742,10.86814927123487,354.8660171455704,0.0,0.0,0.0,0.0,0.0,0.0,0.0,0.0,1750714707.6967473,0.0,eyebrow_raise
501.29666399955744,190.0,-1164.3711024546064,-679.5828307983465,-399.8027850631625,-52.689580525737256,0.0,0.0,0.0,0.0,0.0,0.0,0.0,0.0,1750714707.8169224,0.0,eyebrow_raise
501.39710378646845,199.0,-943.6085479701868,-1594.8822060539387,-131.9885492362082,196.38775652321056,0.0,0.0,0.0,0.0,0.0,0.0,0.0,0.0,1750714707.9068844,0.0,eyebrow_raise
501.4982285499572,109.0,-1783.9191892142408,1216.6380742853507,-947.4138961751014,-781.6540503390133,0.0,0.0,0.0,0.0,0.0,0.0,0.0,0.0,1750714708.0116005,0.0,eyebrow_raise
501.5987658500671,118.0,-1492.375288168434,-65.82971902005374,-618.7178289694712,-1339.8883472750897,0.0,0.0,0.0,0.0,0.0,0.0,0.0,0.0,1750714708.1017604,0.0,eyebrow_raise
501.6997051239013,130.0,256.214936114382,-3851.051652322989,1166.7814679760486,-4082.24291783385,0.0,0.0,0.0,0.0,0.0,0.0,0.0,0.0,1750714708.2222245,0.0,eyebrow_raise
501.80066347122187,139.0,70.40548661584035,-2945.977163546253,963.2822916870936,-4697.362963045947,0.0,0.0,0.0,0.0,0.0,0.0,0.0,0.0,1750714708.3119905,0.0,eyebrow_raise
501.9014203548431,149.0,-371.8975215437822,-934.6028688768856,515.6274866908789,-6749.060859037563,0.0,0.0,0.0,0.0,0.0,0.0,0.0,0.0,1750714708.4154344,0.0,eyebrow_raise
502.0018625259399,158.0,-596.0970440874808,225.85068837413564,297.85685217101127,-7051.992755448446,0.0,0.0,0.0,0.0,0.0,0.0,0.0,0.0,1750714708.5052736,0.0,eyebrow_raise
502.10293483734125,170.0,-699.6249546608888,1452.7024294384755,117.97514410223812,-7388.153662965633,0.0,0.0,0.0,0.0,0.0,0.0,0.0,0.0,1750714708.625661,0.0,eyebrow_raise
502.2040576934814,179.0,-908.980814280454,2050.910647050943,-100.91746040433644,-7574.91304705292,0.0,0.0,0.0,0.0,0.0,0.0,0.0,0.0,1750714708.7152064,0.0,eyebrow_raise
502.3044824600219,190.0,-985.8133189701476,2686.6936395182274,-149.34916483052075,-7679.521788713522,0.0,0.0,0.0,0.0,0.0,0.0,0.0,0.0,1750714708.8219626,0.0,eyebrow_raise
502.40534996986383,199.0,-1139.2576742521487,3127.597925094422,-313.7701264824718,-7894.236924969591,0.0,0.0,0.0,0.0,0.0,0.0,0.0,0.0,1750714708.9119773,0.0,eyebrow_raise
502.50595045089716,109.0,-2503.341304290574,-2614.087221778464,-1773.07347934274,-338.1280948938802,0.0,0.0,0.0,0.0,0.0,0.0,0.0,0.0,1750714709.0171883,0.0,eyebrow_raise
502.606966972351,119.0,-2353.588230264839,-3262.2231037993915,-1611.1171117615886,-452.4680562391877,0.0,0.0,0.0,0.0,0.0,0.0,0.0,0.0,1750714709.1206484,0.0,eyebrow_raise
502.70792102813715,130.0,-2022.2031749910675,-5075.352781617548,-1233.435834936332,-132.93848382495344,0.0,0.0,0.0,0.0,0.0,0.0,0.0,0.0,1750714709.2264931,0.0,eyebrow_raise
502.8085031509399,138.0,-1628.298212158028,-5927.558174670674,-812.8279864196666,205.2569292681292,0.0,0.0,0.0,0.0,0.0,0.0,0.0,0.0,1750714709.3164685,0.0,eyebrow_raise
502.9089818000793,148.0,-1134.8689016541466,-6307.963968613651,-255.06865677796304,1951.027268984355,0.0,0.0,0.0,0.0,0.0,0.0,0.0,0.0,1750714709.4069884,0.0,eyebrow_raise
503.0099782943725,159.0,-1457.569909230806,-4796.07949232636,-572.0289179226384,1331.0004750303924,0.0,0.0,0.0,0.0,0.0,0.0,0.0,0.0,1750714709.5260165,0.0,eyebrow_raise
503.1108813285827,170.0,-1726.9025444397705,-3533.369590486865,-855.3973976653069,1200.2947114789858,0.0,0.0,0.0,0.0,0.0,0.0,0.0,0.0,1750714709.630428,0.0,eyebrow_raise
503.21162891387934,179.0,-1852.626761250198,-3024.537502015475,-972.347809179686,1736.7403512732126,0.0,0.0,0.0,0.0,0.0,0.0,0.0,0.0,1750714709.7204149,0.0,eyebrow_raise
503.31265616416925,188.0,-1904.7946257321164,-2548.003189561423,-1035.967247325927,1884.6795738204385,0.0,0.0,0.0,0.0,0.0,0.0,0.0,0.0,1750714709.810438,0.0,eyebrow_raise
503.41493844985956,199.0,-2093.064929401502,-1870.6287696869117,-1226.3019757708537,1975.2001123479567,0.0,0.0,0.0,0.0,0.0,0.0,0.0,0.0,1750714709.9168055,0.0,eyebrow_raise
503.51542091369623,109.0,-1093.4177204952575,-1638.5455380366184,-244.4716502535157,-108.9769448088482,0.0,0.0,0.0,0.0,0.0,0.0,0.0,0.0,1750714710.0217743,0.0,eyebrow_raise
503.61657810211176,119.0,-1135.6187515952624,-1432.7874621744268,-278.8076717467047,-103.08286247868092,0.0,0.0,0.0,0.0,0.0,0.0,0.0,0.0,1750714710.1253958,0.0,eyebrow_raise
503.71731472015375,130.0,-2117.523875111714,-1574.292186847888,-1345.0475392639637,-857.5384903899394,0.0,0.0,0.0,0.0,0.0,0.0,0.0,0.0,1750714710.2317405,0.0,eyebrow_raise
503.8182356357574,139.0,-1576.5286470213905,-4072.818369945511,-828.7206912813708,-576.0474404250272,0.0,0.0,0.0,0.0,0.0,0.0,0.0,0.0,1750714710.3216317,0.0,eyebrow_raise
503.91882896423334,151.0,-1030.7276474880057,-6349.166446425486,-222.4155902648345,168.2225699569099,0.0,0.0,0.0,0.0,0.0,0.0,0.0,0.0,1750714710.4419916,0.0,eyebrow_raise
504.02003765106195,160.0,709.6796756917611,-9014.546396096235,1583.6830756366253,689.3981982320547,0.0,0.0,0.0,0.0,0.0,0.0,0.0,0.0,1750714710.5321493,0.0,eyebrow_raise
504.121063709259,170.0,431.37128058914095,-7619.14858372882,1315.3340341160074,333.3933815499768,0.0,0.0,0.0,0.0,0.0,0.0,0.0,0.0,1750714710.6353908,0.0,eyebrow_raise
504.2215433120727,179.0,290.1489183623344,-6552.3009824687615,1163.4192979158834,-592.3870633314364,0.0,0.0,0.0,0.0,0.0,0.0,0.0,0.0,1750714710.7254813,0.0,eyebrow_raise
504.32223153114313,190.0,46.81980754528195,-6657.165907276329,913.3808065783232,-946.1703794398344,0.0,0.0,0.0,0.0,0.0,0.0,0.0,0.0,1750714710.8318455,0.0,eyebrow_raise
504.42349600791925,0.0,-987.9357121950017,-2235.669184661936,-124.59850692376494,1.7016544798389075,0.0,0.0,0.0,0.0,0.0,0.0,0.0,0.0,1750714710.9368758,0.0,eyebrow_raise
504.52399969100946,109.0,-1079.5146424099803,-1898.408746557776,-227.05680610984564,-55.0251480480656,0.0,0.0,0.0,0.0,0.0,0.0,0.0,0.0,1750714711.026903,0.0,eyebrow_raise
504.624766588211,119.0,-1159.1445922665298,-1609.5613133800216,-311.4850476095453,-829.9903873163275,0.0,0.0,0.0,0.0,0.0,0.0,0.0,0.0,1750714711.1300912,0.0,eyebrow_raise
504.72518754005426,130.0,-1151.5376357566563,-1437.959743813146,-291.01657515205443,-1112.154619273264,0.0,0.0,0.0,0.0,0.0,0.0,0.0,0.0,1750714711.237128,0.0,eyebrow_raise
504.82624959945673,140.0,-1148.3662005942315,-1213.4086706736125,-318.09719073120505,-1138.0571663663725,0.0,0.0,0.0,0.0,0.0,0.0,0.0,0.0,1750714711.340438,0.0,eyebrow_raise
504.92697095870966,149.0,-1288.444153434597,-1049.0849464205094,-481.20544749870896,-951.4885171768256,0.0,0.0,0.0,0.0,0.0,0.0,0.0,0.0,1750714711.430476,0.0,eyebrow_raise
505.0276820659637,160.0,-1783.2684466219507,-1065.9724646704271,-977.9782285629772,-1851.6095084622505,0.0,0.0,0.0,0.0,0.0,0.0,0.0,0.0,1750714711.53666,0.0,eyebrow_raise
505.12816667556757,170.0,-1591.2582429968752,-2141.672409125604,-763.1434155083261,-1628.0644684107974,0.0,0.0,0.0,0.0,0.0,0.0,0.0,0.0,1750714711.640374,0.0,eyebrow_raise
505.2291469573974,181.0,-1623.559758914169,-2322.986498877406,-793.103754053358,-589.484900965821,0.0,0.0,0.0,0.0,0.0,0.0,0.0,0.0,1750714711.746789,0.0,eyebrow_raise
505.3296978473663,190.0,-944.1919723632744,-3632.486289062537,-85.25288943992928,62.013151115272194,0.0,0.0,0.0,0.0,0.0,0.0,0.0,0.0,1750714711.836958,0.0,eyebrow_raise
505.4307088851928,101.0,-1336.8496785610914,-767.4330807575025,-454.8896414604969,-297.0228544808924,0.0,0.0,0.0,0.0,0.0,0.0,0.0,0.0,1750714711.9558568,0.0,eyebrow_raise
505.53159213066095,110.0,-52.27632158063352,915.1722186570988,832.2605065894313,274.8471176936291,0.0,0.0,0.0,0.0,0.0,0.0,0.0,0.0,1750714712.0453613,0.0,eyebrow_raise
505.6322891712188,119.0,-408.57659035921097,2213.901096969843,479.0643547740765,-1165.7455156883225,0.0,0.0,0.0,0.0,0.0,0.0,0.0,0.0,1750714712.1353965,0.0,eyebrow_raise
505.73344063758844,130.0,-615.9764823019505,3578.5120529020205,267.0419464861043,-2440.118295539636,0.0,0.0,0.0,0.0,0.0,0.0,0.0,0.0,1750714712.2418263,0.0,eyebrow_raise
505.8339977264404,139.0,-877.2795523060486,4626.256245188415,-6.045548278372735,-3436.601549083367,0.0,0.0,0.0,0.0,0.0,0.0,0.0,0.0,1750714712.3333335,0.0,eyebrow_raise
505.93468427658075,151.0,-982.007970765233,5336.983092867769,-106.65259698638692,-3790.3325065923855,0.0,0.0,0.0,0.0,0.0,0.0,0.0,0.0,1750714712.451959,0.0,eyebrow_raise
506.03515863418573,160.0,-1038.4056620970368,5777.285254551098,-201.68345486046744,-3861.7197169465935,0.0,0.0,0.0,0.0,0.0,0.0,0.0,0.0,1750714712.5417712,0.0,eyebrow_raise
506.1361942291259,170.0,-1157.7608292829243,6337.750401810743,-362.3271175571717,-3731.103710994125,0.0,0.0,0.0,0.0,0.0,0.0,0.0,0.0,1750714712.6454797,0.0,eyebrow_raise
506.2366437911987,179.0,-1183.625977376476,6421.097812223248,-417.5504803028889,-4002.497031078674,0.0,0.0,0.0,0.0,0.0,0.0,0.0,0.0,1750714712.735804,0.0,eyebrow_raise
506.3375430107116,191.0,-1385.4777277349494,5456.201753705274,-600.0482483906671,-4314.556153331418,0.0,0.0,0.0,0.0,0.0,0.0,0.0,0.0,1750714712.8557775,0.0,eyebrow_raise
506.43806934356684,0.0,-727.3450931324624,-4041.365811318159,110.45607524132356,345.79301985306665,0.0,0.0,0.0,0.0,0.0,0.0,0.0,0.0,1750714712.9468296,0.0,eyebrow_raise
506.5389640331268,110.0,-805.5688406056724,-3755.368181906641,58.740738654043525,-621.3993372377008,0.0,0.0,0.0,0.0,0.0,0.0,0.0,0.0,1750714713.0505104,0.0,eyebrow_raise
506.6400172710418,119.0,-792.7746428572573,-3268.814677471295,67.72771824756637,-762.9208914609626,0.0,0.0,0.0,0.0,0.0,0.0,0.0,0.0,1750714713.140901,0.0,eyebrow_raise
506.74099278450007,130.0,-1011.9215605608188,-3222.0528383753262,-148.84614828648046,-855.6217916626483,0.0,0.0,0.0,0.0,0.0,0.0,0.0,0.0,1750714713.247032,0.0,eyebrow_raise
506.84129810333246,140.0,-1107.5283630280755,-3035.237355788704,-261.24136165482923,-2040.5847832732836,0.0,0.0,0.0,0.0,0.0,0.0,0.0,0.0,1750714713.3509293,0.0,eyebrow_raise
506.9425349235534,151.0,-1092.5126647059806,-2615.0670755668543,-256.30469371331856,-2041.703013360035,0.0,0.0,0.0,0.0,0.0,0.0,0.0,0.0,1750714713.4567895,0.0,eyebrow_raise
507.0429565906524,160.0,-1214.5568199600093,-2415.9697615257464,-368.28477818658575,-2071.667091805022,0.0,0.0,0.0,0.0,0.0,0.0,0.0,0.0,1750714713.546847,0.0,eyebrow_raise
507.1434400081634,170.0,-1229.7295940802433,-2348.6927012228407,-391.7227312088944,-2210.634294358548,0.0,0.0,0.0,0.0,0.0,0.0,0.0,0.0,1750714713.6502175,0.0,eyebrow_raise
507.24394536018366,181.0,-1225.223014633637,-2103.2767262305133,-392.7848627963104,-2055.245191099588,0.0,0.0,0.0,0.0,0.0,0.0,0.0,0.0,1750714713.7565377,0.0,eyebrow_raise
507.34482598304743,191.0,-1219.433649502229,-1977.537549820263,-415.7291490244679,-2060.6530864355154,0.0,0.0,0.0,0.0,0.0,0.0,0.0,0.0,1750714713.8606262,0.0,eyebrow_raise
507.44563174247736,0.0,-1239.369186216034,-1007.794580959715,-464.8097260929644,-19.430650219786912,0.0,0.0,0.0,0.0,0.0,0.0,0.0,0.0,1750714713.9517071,0.0,eyebrow_raise
507.54634904861445,110.0,-1231.8893863046542,-2035.2890849360265,-426.51315054669976,-1235.1019603665918,0.0,0.0,0.0,0.0,0.0,0.0,0.0,0.0,1750714714.0553305,0.0,eyebrow_raise
507.647307395935,119.0,-1165.764215188101,-2050.143967560027,-348.936405765824,-1401.8678392907605,0.0,0.0,0.0,0.0,0.0,0.0,0.0,0.0,1750714714.1466591,0.0,eyebrow_raise
507.74778342247004,131.0,-1293.7435916718096,-2058.682159158867,-441.6784448670224,-85.86249313270673,0.0,0.0,0.0,0.0,0.0,0.0,0.0,0.0,1750714714.2656436,0.0,eyebrow_raise
507.84858846664423,140.0,-1284.4088013824075,-2015.1796428742816,-415.4767057774589,-129.23785281879827,0.0,0.0,0.0,0.0,0.0,0.0,0.0,0.0,1750714714.3551116,0.0,eyebrow_raise
507.9495649337768,151.0,-1341.498374206014,-1990.0961338714696,-490.62625548709184,-1091.4150040689856,0.0,0.0,0.0,0.0,0.0,0.0,0.0,0.0,1750714714.4620285,0.0,eyebrow_raise
508.05005121231073,160.0,-1300.3370352936909,-1877.891655400861,-432.33243487775326,-1083.9875627569854,0.0,0.0,0.0,0.0,0.0,0.0,0.0,0.0,1750714714.5530896,0.0,eyebrow_raise
508.1507220268249,172.0,-1254.119351641275,-1920.2086233994924,-405.633289094083,-1174.7100558821112,0.0,0.0,0.0,0.0,0.0,0.0,0.0,0.0,1750714714.6719909,0.0,eyebrow_raise
508.2513360977172,181.0,-1298.160413519479,-1996.700797193218,-455.575913102366,-1210.7028530556709,0.0,0.0,0.0,0.0,0.0,0.0,0.0,0.0,1750714714.7617905,0.0,eyebrow_raise
508.35247373580927,191.0,-1356.0952037330717,-1794.3460302907042,-514.1090873088688,-1118.3609832497314,0.0,0.0,0.0,0.0,0.0,0.0,0.0,0.0,1750714714.8655038,0.0,eyebrow_raise
508.453587770462,0.0,-1285.188570523169,-851.4144042124972,-434.8063786984421,-183.18777962960303,0.0,0.0,0.0,0.0,0.0,0.0,0.0,0.0,1750714714.956807,0.0,eyebrow_raise
508.5541183948516,112.0,-1334.828262635041,-805.8175439527258,-492.04180762032047,-195.2564367866144,0.0,0.0,0.0,0.0,0.0,0.0,0.0,0.0,1750714715.0769713,0.0,eyebrow_raise
508.6547813415527,121.0,-1356.2803287808783,-742.2429846059531,-553.7875558887608,-82.14690252672881,0.0,0.0,0.0,0.0,0.0,0.0,0.0,0.0,1750714715.166656,0.0,eyebrow_raise
508.755665063858,131.0,-1274.6383127481677,-990.9313720595092,-485.583000396844,-1625.7569501381367,0.0,0.0,0.0,0.0,0.0,0.0,0.0,0.0,1750714715.270403,0.0,eyebrow_raise
508.8563861846923,140.0,-1361.8602595147677,-2105.9544945987877,-543.9067402058281,-3544.710837102495,0.0,0.0,0.0,0.0,0.0,0.0,0.0,0.0,1750714715.3601892,0.0,eyebrow_raise
508.9570043087005,151.0,-1334.9292399338449,-2111.49702633312,-492.5429542143829,-4978.743685962167,0.0,0.0,0.0,0.0,0.0,0.0,0.0,0.0,1750714715.466757,0.0,eyebrow_raise
509.0578718185424,161.0,-1380.4139031949453,-2219.714771450963,-538.7868171664886,-5782.438836690038,0.0,0.0,0.0,0.0,0.0,0.0,0.0,0.0,1750714715.570475,0.0,eyebrow_raise
509.15840029716486,172.0,-1356.527162177954,-1936.458488706965,-520.9512342778035,-8680.290967606474,0.0,0.0,0.0,0.0,0.0,0.0,0.0,0.0,1750714715.676999,0.0,eyebrow_raise
509.25909233093256,181.0,-1394.7900786246173,-1878.0562109989116,-545.0810687919147,-8608.76912085386,0.0,0.0,0.0,0.0,0.0,0.0,0.0,0.0,1750714715.7667792,0.0,eyebrow_raise
509.3596320152282,191.0,-1355.1770582939498,-1989.0601815837435,-500.5725194192492,-8898.940478615928,0.0,0.0,0.0,0.0,0.0,0.0,0.0,0.0,1750714715.8704076,0.0,eyebrow_raise
509.4602386951446,101.0,-1286.379728659056,-863.1184211238287,-431.6031543863937,-140.26494783814996,0.0,0.0,0.0,0.0,0.0,0.0,0.0,0.0,1750714715.9754062,0.0,eyebrow_raise
509.5608932971954,110.0,-1325.349486197345,-822.1104181096889,-480.0797376120463,-274.5684951469302,0.0,0.0,0.0,0.0,0.0,0.0,0.0,0.0,1750714716.0669436,0.0,eyebrow_raise
509.6617176532745,121.0,-1252.4476163610816,-891.7436153846793,-399.7691259635613,-244.08457060810176,0.0,0.0,0.0,0.0,0.0,0.0,0.0,0.0,1750714716.1716304,0.0,eyebrow_raise
509.76199603080744,130.0,-1325.5028220955282,-860.1863395585679,-472.2222078051418,-310.7034085188061,0.0,0.0,0.0,0.0,0.0,0.0,0.0,0.0,1750714716.261752,0.0,eyebrow_raise
509.8629701137542,141.0,-1324.9081780025735,-643.2646623286419,-496.77839091420174,-14.357475929893551,0.0,0.0,0.0,0.0,0.0,0.0,0.0,0.0,1750714716.3811116,0.0,eyebrow_raise
509.96332430839533,151.0,-1224.1777125960216,-816.1602372801863,-453.08513973187655,-1140.9368893322537,0.0,0.0,0.0,0.0,0.0,0.0,0.0,0.0,1750714716.4716597,0.0,eyebrow_raise
510.06417703628534,161.0,-1264.9239226132631,-1091.6674473159949,-435.7095645377413,-1117.2483630129136,0.0,0.0,0.0,0.0,0.0,0.0,0.0,0.0,1750714716.5754051,0.0,eyebrow_raise
510.1647884845733,170.0,-1368.874441881664,-1028.6015143631955,-528.8143739346415,-1786.9054993288592,0.0,0.0,0.0,0.0,0.0,0.0,0.0,0.0,1750714716.6651604,0.0,eyebrow_raise
510.26543998718256,182.0,-1356.428054829128,-1119.3127877884544,-506.7340045962482,-2061.309438877739,0.0,0.0,0.0,0.0,0.0,0.0,0.0,0.0,1750714716.7852445,0.0,eyebrow_raise
510.36604881286615,191.0,-1248.9732493022457,-1212.4288168852215,-402.5478716306389,-3443.8176860478707,0.0,0.0,0.0,0.0,0.0,0.0,0.0,0.0,1750714716.875798,0.0,eyebrow_raise
510.46655154228205,101.0,-1328.1693707639351,-908.3412913880312,-472.003423657734,-1.9559676768258212,0.0,0.0,0.0,0.0,0.0,0.0,0.0,0.0,1750714716.9805362,0.0,eyebrow_raise
510.56741714477533,110.0,-1331.909270719625,-873.0179363065399,-469.4378522881306,-41.72980370558798,0.0,0.0,0.0,0.0,0.0,0.0,0.0,0.0,1750714717.073382,0.0,eyebrow_raise
510.6682934761047,121.0,-1307.1099941134453,-927.14550836524,-464.875174342189,-170.88724867533892,0.0,0.0,0.0,0.0,0.0,0.0,0.0,0.0,1750714717.1767912,0.0,eyebrow_raise
510.76907014846796,131.0,-1298.9308329103517,-853.0880094426684,-445.7007072693668,-305.216975283809,0.0,0.0,0.0,0.0,0.0,0.0,0.0,0.0,1750714717.2806652,0.0,eyebrow_raise
510.8696751594543,142.0,-1284.3265235833824,-676.9649008293636,-443.4455475960858,-375.01846805680543,0.0,0.0,0.0,0.0,0.0,0.0,0.0,0.0,1750714717.3867395,0.0,eyebrow_raise
510.97039508819574,151.0,-1303.4037532573566,-651.6233387296088,-556.3830464580096,-145.45218907669187,0.0,0.0,0.0,0.0,0.0,0.0,0.0,0.0,1750714717.4768603,0.0,eyebrow_raise
511.07132983207697,161.0,-1243.8832454625517,-643.1599451298825,-505.8457783567719,-1420.976858114358,0.0,0.0,0.0,0.0,0.0,0.0,0.0,0.0,1750714717.5804963,0.0,eyebrow_raise
511.17204952239985,170.0,-1220.2470777425915,-1025.740490897093,-386.8384218667634,-2401.767491444014,0.0,0.0,0.0,0.0,0.0,0.0,0.0,0.0,1750714717.6704695,0.0,eyebrow_raise
511.27281212806696,182.0,-1178.812726133503,-1018.75809767982,-345.897737051826,-3560.86346501112,0.0,0.0,0.0,0.0,0.0,0.0,0.0,0.0,1750714717.79032,0.0,eyebrow_raise
511.3733842372894,191.0,-1248.4309638086706,-1217.0064544309862,-410.20157688995823,-3151.247182464227,0.0,0.0,0.0,0.0,0.0,0.0,0.0,0.0,1750714717.880148,0.0,eyebrow_raise
511.4741466045379,101.0,-1334.020444244612,-904.6743194814773,-459.46540905628353,-38.47609074413776,0.0,0.0,0.0,0.0,0.0,0.0,0.0,0.0,1750714717.9853623,0.0,eyebrow_raise
511.5745115280151,111.0,-1306.0235531763174,-881.2475861590356,-444.89475882891566,-95.67038076650353,0.0,0.0,0.0,0.0,0.0,0.0,0.0,0.0,1750714718.0907962,0.0,eyebrow_raise
511.6749465465545,121.0,-1319.9434608113952,-865.2669936483726,-457.5879792785272,-167.7457327125594,0.0,0.0,0.0,0.0,0.0,0.0,0.0,0.0,1750714718.1832695,0.0,eyebrow_raise
511.7754390239715,131.0,-1251.465892622713,-1337.0217139590532,-386.6944357184693,-576.2774442723021,0.0,0.0,0.0,0.0,0.0,0.0,0.0,0.0,1750714718.2866569,0.0,eyebrow_raise
511.8762760162353,140.0,-1260.789463212248,-932.1962432553992,-377.3334661293775,-173.8642090400681,0.0,0.0,0.0,0.0,0.0,0.0,0.0,0.0,1750714718.3753572,0.0,eyebrow_raise
511.97695016860956,152.0,-1261.8777740993537,-731.5393909327686,-463.4446626091376,73.10382443387061,0.0,0.0,0.0,0.0,0.0,0.0,0.0,0.0,1750714718.4953992,0.0,eyebrow_raise
512.0775766372681,161.0,-1365.6824372694828,-813.136528166011,-492.06985686998814,-121.33731416240336,0.0,0.0,0.0,0.0,0.0,0.0,0.0,0.0,1750714718.5854664,0.0,eyebrow_raise
512.1781740188599,172.0,-1168.754265202675,-823.1332807475701,-449.6967903720215,-183.98811822012067,0.0,0.0,0.0,0.0,0.0,0.0,0.0,0.0,1750714718.6917422,0.0,eyebrow_raise
512.2786574363707,181.0,-1251.9707791167311,-835.8003218974918,-486.6096029346809,-426.9021001420915,0.0,0.0,0.0,0.0,0.0,0.0,0.0,0.0,1750714718.7817545,0.0,eyebrow_raise
512.3792326450348,191.0,-1331.3838147758506,-1802.7720248908736,-516.132373184897,-277.9867637064308,0.0,0.0,0.0,0.0,0.0,0.0,0.0,0.0,1750714718.885465,0.0,eyebrow_raise
512.4800269603728,200.0,-1264.3161888704635,-1655.84631523164,-432.04072268120944,-1069.2766662812792,0.0,0.0,0.0,0.0,0.0,0.0,0.0,0.0,1750714718.991907,0.0,eyebrow_raise
512.5805394649506,112.0,-1281.6618448649533,-1031.4774974291213,-447.8474098439328,-427.56593238422647,0.0,0.0,0.0,0.0,0.0,0.0,0.0,0.0,1750714719.0967717,0.0,eyebrow_raise
512.6813151836394,121.0,-1267.8354347287675,-816.4556893766858,-419.38303128117695,-402.63201937964186,0.0,0.0,0.0,0.0,0.0,0.0,0.0,0.0,1750714719.1867962,0.0,eyebrow_raise
512.7820289134978,131.0,-1276.4484243267216,-862.3741810326464,-409.4648165986873,-314.4713577241637,0.0,0.0,0.0,0.0,0.0,0.0,0.0,0.0,1750714719.293126,0.0,eyebrow_raise
512.8825371265411,140.0,-1261.9151730989106,-1979.5327864466235,-415.1083256318234,-356.4554746267386,0.0,0.0,0.0,0.0,0.0,0.0,0.0,0.0,1750714719.3800952,0.0,eyebrow_raise
512.9828307628632,152.0,-1294.594418911729,-1917.087676886469,-487.0340815796517,-228.5658557419665,0.0,0.0,0.0,0.0,0.0,0.0,0.0,0.0,1750714719.50027,0.0,eyebrow_raise
513.0834770202637,161.0,-1316.700967549812,-1763.0673770112917,-447.8287103441544,-169.51657534157857,0.0,0.0,0.0,0.0,0.0,0.0,0.0,0.0,1750714719.5934076,0.0,eyebrow_raise
513.1839518547058,172.0,-1305.8739571780898,-1766.934433565475,-511.24619389278814,-244.9540973477997,0.0,0.0,0.0,0.0,0.0,0.0,0.0,0.0,1750714719.696774,0.0,eyebrow_raise
513.2848467826842,182.0,-1411.1334414309822,-1726.1171654490754,-565.4822230502032,-308.7006920925341,0.0,0.0,0.0,0.0,0.0,0.0,0.0,0.0,1750714719.8000815,0.0,eyebrow_raise
513.3852341175079,193.0,-1214.3025067630224,-1814.4349029026928,-363.6585219413973,-1738.062405907549,0.0,0.0,0.0,0.0,0.0,0.0,0.0,0.0,1750714719.9069748,0.0,eyebrow_raise
513.4858102798462,101.0,-1261.851594799664,-857.6375977387652,-406.2298031370156,-543.3307956126519,0.0,0.0,0.0,0.0,0.0,0.0,0.0,0.0,1750714719.9954977,0.0,eyebrow_raise
513.5862426757811,112.0,-1269.1257002134807,-804.0747505733743,-411.4020847757347,-605.2186600794084,0.0,0.0,0.0,0.0,0.0,0.0,0.0,0.0,1750714720.1031773,0.0,eyebrow_raise
513.6871883869171,121.0,-1245.0818833983503,-865.3230921477079,-423.2575676352717,-1211.5742497453466,0.0,0.0,0.0,0.0,0.0,0.0,0.0,0.0,1750714720.1918085,0.0,eyebrow_raise
513.7881636619568,133.0,-1276.5194824258797,-958.237166646868,-449.0740970293991,-1280.773618625477,0.0,0.0,0.0,0.0,0.0,0.0,0.0,0.0,1750714720.312036,0.0,eyebrow_raise
513.8893358707428,142.0,-1246.8321565776132,-1025.3945501511917,-410.3511728881858,-1338.0539263468236,0.0,0.0,0.0,0.0,0.0,0.0,0.0,0.0,1750714720.403187,0.0,eyebrow_raise
513.9897599220276,150.0,-1290.5254077599384,-986.9820377063006,-452.9448934835382,-1280.7175201261416,0.0,0.0,0.0,0.0,0.0,0.0,0.0,0.0,1750714720.4911785,0.0,eyebrow_raise
514.090544462204,162.0,-1294.7103558103554,-782.9256163239479,-509.4286025143229,-1080.0868471032009,0.0,0.0,0.0,0.0,0.0,0.0,0.0,0.0,1750714720.611,0.0,eyebrow_raise
514.1912858486176,172.0,-1339.7798901763745,-703.011434070766,-540.6418075445108,-1165.509901991114,0.0,0.0,0.0,0.0,0.0,0.0,0.0,0.0,1750714720.7022264,0.0,eyebrow_raise
514.2921798229218,182.0,-1354.7581894989123,-797.4139887522906,-542.2537044254132,-1374.218758918345,0.0,0.0,0.0,0.0,0.0,0.0,0.0,0.0,1750714720.805524,0.0,eyebrow_raise
514.392745256424,191.0,-1321.413241493981,-670.4892640560865,-493.4480100036599,-3089.3854972971603,0.0,0.0,0.0,0.0,0.0,0.0,0.0,0.0,1750714720.8955536,0.0,eyebrow_raise
514.4934508800507,101.0,-1319.535811716225,-789.6742657939903,-496.2267556707375,-410.5998762352392,0.0,0.0,0.0,0.0,0.0,0.0,0.0,0.0,1750714721.000368,0.0,eyebrow_raise
514.5938131809235,112.0,-1174.6782667324878,-1058.049486614298,-346.57839884376153,-840.8417070377618,0.0,0.0,0.0,0.0,0.0,0.0,0.0,0.0,1750714721.1067944,0.0,eyebrow_raise
514.6944410800934,122.0,-1249.9287937409244,-828.7898794305511,-423.9270097273402,-1251.6267083208077,0.0,0.0,0.0,0.0,0.0,0.0,0.0,0.0,1750714721.2134073,0.0,eyebrow_raise
514.7951095104218,131.0,-1321.3234838950448,-860.7024457524531,-482.92767142830417,-2024.116133818403,0.0,0.0,0.0,0.0,0.0,0.0,0.0,0.0,1750714721.3004465,0.0,eyebrow_raise
514.8955852985382,142.0,-1255.1945728785358,-867.6698793699034,-412.2473021657206,-2198.462789952755,0.0,0.0,0.0,0.0,0.0,0.0,0.0,0.0,1750714721.4068472,0.0,eyebrow_raise
514.9963800907135,151.0,-1302.926916013006,-924.2957045990042,-473.3273482420482,-2247.1114085763693,0.0,0.0,0.0,0.0,0.0,0.0,0.0,0.0,1750714721.5126455,0.0,eyebrow_raise
515.0971114635468,163.0,-1310.9190822183157,-898.1949428082444,-488.645978460554,-2262.0971876988187,0.0,0.0,0.0,0.0,0.0,0.0,0.0,0.0,1750714721.6168272,0.0,eyebrow_raise
515.1980776786804,172.0,-1344.9334723153152,-763.7268399014138,-541.2626309371553,-1813.8065997101369,0.0,0.0,0.0,0.0,0.0,0.0,0.0,0.0,1750714721.7068596,0.0,eyebrow_raise
515.2987823486328,181.0,-1316.2334800553508,-824.0888251862489,-563.4290179745294,-2082.884921722114,0.0,0.0,0.0,0.0,0.0,0.0,0.0,0.0,1750714721.796981,0.0,eyebrow_raise
515.399640083313,193.0,-1358.3784126560204,-820.5060010286979,-533.5546971284784,-2208.2014894373715,0.0,0.0,0.0,0.0,0.0,0.0,0.0,0.0,1750714721.9167612,0.0,eyebrow_raise
515.5000724792479,103.0,-1309.9373584799469,-757.4550276757218,-453.4815691271797,-200.40627902559936,0.0,0.0,0.0,0.0,0.0,0.0,0.0,0.0,1750714722.0218868,0.0,eyebrow_raise
515.601050376892,112.0,-1326.385438485071,-840.417228392791,-487.4211612250656,-248.8679026514292,0.0,0.0,0.0,0.0,0.0,0.0,0.0,0.0,1750714722.111926,0.0,eyebrow_raise
515.7014322280884,121.0,-1381.9640917265788,-734.2863474502228,-515.9416382871568,-1133.565546519589,0.0,0.0,0.0,0.0,0.0,0.0,0.0,0.0,1750714722.201778,0.0,eyebrow_raise
515.8023998737335,133.0,-1225.52407658007,-876.5521417646669,-375.6542510492727,-1222.3133724681102,0.0,0.0,0.0,0.0,0.0,0.0,0.0,0.0,1750714722.321689,0.0,eyebrow_raise
515.9031720161438,142.0,-1272.41494222451,-1024.5848618107848,-427.5865018339828,-1325.1606212495826,0.0,0.0,0.0,0.0,0.0,0.0,0.0,0.0,1750714722.411982,0.0,eyebrow_raise
516.0040776729584,152.0,-1294.607508561574,-937.2133190459572,-446.4355976106599,-1260.920359710697,0.0,0.0,0.0,0.0,0.0,0.0,0.0,0.0,1750714722.5154352,0.0,eyebrow_raise
516.1046679019928,160.0,-1235.1505790660158,-982.79147980595,-406.5121655836701,-1185.2098250077106,0.0,0.0,0.0,0.0,0.0,0.0,0.0,0.0,1750714722.5919085,0.0,eyebrow_raise
516.2056365013123,172.0,-1296.6307944376022,-983.6927956952712,-458.9941816618666,-1289.156604376156,0.0,0.0,0.0,0.0,0.0,0.0,0.0,0.0,1750714722.7118852,0.0,eyebrow_raise
516.3065507411957,182.0,-1312.4019525507465,-871.6341733229347,-476.7886256510392,-1142.7806600104086,0.0,0.0,0.0,0.0,0.0,0.0,0.0,0.0,1750714722.815768,0.0,eyebrow_raise
516.4075207710266,193.0,-1292.79739698302,-787.1273939241655,-511.33782144170254,-872.8945196080022,0.0,0.0,0.0,0.0,0.0,0.0,0.0,0.0,1750714722.921996,0.0,eyebrow_raise
516.5081350803375,0.0,-1378.69167926535,-832.7859625332057,-564.1975674154237,-8.089403604157269,0.0,0.0,0.0,0.0,0.0,0.0,0.0,0.0,1750714722.99686,0.0,eyebrow_raise
516.6090581417084,112.0,-1334.4337031897155,-809.591103008017,-533.4294104799628,-190.4170062439516,0.0,0.0,0.0,0.0,0.0,0.0,0.0,0.0,1750714723.117016,0.0,eyebrow_raise
516.7100310325623,122.0,-1381.627500730567,-812.1117955781519,-553.3219383442774,-16.668734102509916,0.0,0.0,0.0,0.0,0.0,0.0,0.0,0.0,1750714723.2208354,0.0,eyebrow_raise
516.8113355636597,133.0,-1285.6242688680068,-988.8856467837468,-465.1425771890208,-254.2346590878442,0.0,0.0,0.0,0.0,0.0,0.0,0.0,0.0,1750714723.3268125,0.0,eyebrow_raise
516.9122848510742,142.0,-1325.5215215953067,-919.0579747110604,-497.3692951072008,-379.3006535060704,0.0,0.0,0.0,0.0,0.0,0.0,0.0,0.0,1750714723.4170508,0.0,eyebrow_raise
517.0140397548676,152.0,-1315.521029113792,-805.9073015516624,-485.6484486460686,-456.02096119709313,0.0,0.0,0.0,0.0,0.0,0.0,0.0,0.0,1750714723.520605,0.0,eyebrow_raise
517.1144504547119,161.0,-1236.0705944551155,-862.428409582004,-393.7067481353879,-339.2687643803656,0.0,0.0,0.0,0.0,0.0,0.0,0.0,0.0,1750714723.6102924,0.0,eyebrow_raise
517.21519780159,173.0,-1254.889771032147,-927.6597446091472,-428.3382217250765,-295.67649049684405,0.0,0.0,0.0,0.0,0.0,0.0,0.0,0.0,1750714723.73362,0.0,eyebrow_raise
517.3158390522003,182.0,-1340.5746189169586,-797.4775670515373,-487.2379061272368,-210.5376680055633,0.0,0.0,0.0,0.0,0.0,0.0,0.0,0.0,1750714723.820737,0.0,eyebrow_raise
517.4167561531066,193.0,-1267.519413182512,-918.1043002223596,-433.0654552690685,-284.56524772848934,0.0,0.0,0.0,0.0,0.0,0.0,0.0,0.0,1750714723.9267423,0.0,eyebrow_raise
517.5172355175018,101.0,-1267.9906405769289,-954.0447387965396,-440.9510343256407,-325.6069098422304,0.0,0.0,0.0,0.0,0.0,0.0,0.0,0.0,1750714724.015309,0.0,eyebrow_raise
517.6185631752014,113.0,-1327.7093630693853,-939.578805767931,-483.0697876266204,-289.2476024730131,0.0,0.0,0.0,0.0,0.0,0.0,0.0,0.0,1750714724.1356564,0.0,eyebrow_raise
517.7190511226654,122.0,-1266.9060695897788,-865.1286173500121,-408.4550436106511,-262.353981891647,0.0,0.0,0.0,0.0,0.0,0.0,0.0,0.0,1750714724.225351,0.0,eyebrow_raise
517.8202664852142,133.0,-1425.6124641094357,-688.4968823427334,-604.1415688921697,-30.97385143302381,0.0,0.0,0.0,0.0,0.0,0.0,0.0,0.0,1750714724.3318117,0.0,eyebrow_raise
517.9205973148346,142.0,-1213.2272855257615,35.68425542721525,-437.05405857181177,-111.32186208106576,0.0,0.0,0.0,0.0,0.0,0.0,0.0,0.0,1750714724.421924,0.0,eyebrow_raise
518.0215837955475,154.0,-1261.3261388558894,-6.703770670574158,-425.15743681276217,98.99515182711184,0.0,0.0,0.0,0.0,0.0,0.0,0.0,0.0,1750714724.5418727,0.0,eyebrow_raise
518.1224989891052,163.0,-1342.0743187991902,-24.939522854518145,-494.0576136964373,-1085.8893018844535,0.0,0.0,0.0,0.0,0.0,0.0,0.0,0.0,1750714724.6323564,0.0,eyebrow_raise
518.2232580184937,173.0,-1333.3005135031417,0.6563524422235787,-477.7366902898066,-1144.680529187899,0.0,0.0,0.0,0.0,0.0,0.0,0.0,0.0,1750714724.7356,0.0,eyebrow_raise
518.3253619670868,182.0,-1304.039536249824,-55.105555897112936,-456.1761670452543,-1328.773364606779,0.0,0.0,0.0,0.0,0.0,0.0,0.0,0.0,1750714724.8416789,0.0,eyebrow_raise
518.4260761737823,193.0,-1341.1879625096915,44.16634852671996,-468.5365363988094,-1244.9023682004772,0.0,0.0,0.0,0.0,0.0,0.0,0.0,0.0,1750714724.9318783,0.0,eyebrow_raise
518.5265340805054,103.0,-1276.1959810797125,-904.8613144792616,-470.7112882230431,6.197014226578176,0.0,0.0,0.0,0.0,0.0,0.0,0.0,0.0,1750714725.0369496,0.0,eyebrow_raise
518.627679347992,113.0,-1316.4896632023156,-932.1962432553992,-378.5788528146222,-134.88697170186788,0.0,0.0,0.0,0.0,0.0,0.0,0.0,0.0,1750714725.140412,0.0,eyebrow_raise
518.7282009124756,122.0,-1268.072918375954,-839.0689944587648,-409.6162825468928,-253.8195301927626,0.0,0.0,0.0,0.0,0.0,0.0,0.0,0.0,1750714725.2302487,0.0,eyebrow_raise
518.828714132309,134.0,-1349.9094092063606,-911.2303641038015,-465.0378599902615,-224.01252754591405,0.0,0.0,0.0,0.0,0.0,0.0,0.0,0.0,1750714725.3503184,0.0,eyebrow_raise
518.929313659668,143.0,-1350.88178319484,-815.3056701403111,-435.832981236279,-221.5815925747156,0.0,0.0,0.0,0.0,0.0,0.0,0.0,0.0,1750714725.4402893,0.0,eyebrow_raise
519.029778957367,152.0,-1886.1998431524264,-1040.0530880275182,-1204.0495710344985,-621.5264938361943,0.0,0.0,0.0,0.0,0.0,0.0,0.0,0.0,1750714725.530192,0.0,eyebrow_raise
519.1305415630341,164.0,-1962.6695775464177,-1569.2190125579946,-1204.0121720349416,-890.8105103457347,0.0,0.0,0.0,0.0,0.0,0.0,0.0,0.0,1750714725.650283,0.0,eyebrow_raise
519.2309186458588,173.0,-1813.3054531160744,-2328.5570798614062,-984.4426456363872,-751.8358279922977,0.0,0.0,0.0,0.0,0.0,0.0,0.0,0.0,1750714725.740888,0.0,eyebrow_raise
519.3322324752808,184.0,-920.0340885994956,-3011.311345822178,-78.24618687294424,201.33751411456612,0.0,0.0,0.0,0.0,0.0,0.0,0.0,0.0,1750714725.8470194,0.0,eyebrow_raise
519.4330413341522,191.0,-1023.7789133703336,-3528.1973088481463,-164.0768908560276,164.8884491464123,0.0,0.0,0.0,0.0,0.0,0.0,0.0,0.0,1750714725.920403,0.0,eyebrow_raise
519.5339665412903,103.0,-1033.059475110378,-1852.5014746016825,-201.95646755723283,38.13762979814783,0.0,0.0,0.0,0.0,0.0,0.0,0.0,0.0,1750714726.0425105,0.0,eyebrow_raise
519.6345858573914,113.0,-1090.9980052239262,-1717.6893008989282,-254.05327393999323,-123.29141188925132,0.0,0.0,0.0,0.0,0.0,0.0,0.0,0.0,1750714726.1457376,0.0,eyebrow_raise
519.735634803772,124.0,-1195.229016989004,-1432.1965579814278,-352.98484746785834,-234.3103420739062,0.0,0.0,0.0,0.0,0.0,0.0,0.0,0.0,1750714726.2518797,0.0,eyebrow_raise
519.8361756801605,133.0,-1196.0031762798317,-1240.2162735559978,-359.47357389098033,-128.68434762535617,0.0,0.0,0.0,0.0,0.0,0.0,0.0,0.0,1750714726.3418465,0.0,eyebrow_raise
519.9368813037872,143.0,-1232.444761448074,-1065.8920568213798,-396.1358131566085,-76.25095024658367,0.0,0.0,0.0,0.0,0.0,0.0,0.0,0.0,1750714726.445856,0.0,eyebrow_raise
520.0382175445557,152.0,-1279.9826297848483,-1062.9524954562075,-499.2785140345805,-179.35625212499872,0.0,0.0,0.0,0.0,0.0,0.0,0.0,0.0,1750714726.5354116,0.0,eyebrow_raise
520.1389610767365,164.0,-1339.555496179033,-946.6490866341628,-505.3446317627095,-108.59360506339,0.0,0.0,0.0,0.0,0.0,0.0,0.0,0.0,1750714726.6552863,0.0,eyebrow_raise
520.2395987510681,172.0,-1376.763760838192,-946.3050158382392,-528.0009456942789,-156.59148109471425,0.0,0.0,0.0,0.0,0.0,0.0,0.0,0.0,1750714726.731969,0.0,eyebrow_raise
520.3402464389801,184.0,-1301.0158271356486,-950.8976129838264,-450.24842561548576,-332.968902905006,0.0,0.0,0.0,0.0,0.0,0.0,0.0,0.0,1750714726.8520234,0.0,eyebrow_raise
520.4408524036407,194.0,-1372.6910097864456,-1744.3753570327535,-510.6627694997005,-2125.7647446640767,0.0,0.0,0.0,0.0,0.0,0.0,0.0,0.0,1750714726.9560149,0.0,eyebrow_raise
520.5419433116913,104.0,-1196.3603367256,-1164.5150886029005,-348.8840471664444,-151.8474180009216,0.0,0.0,0.0,0.0,0.0,0.0,0.0,0.0,1750714727.0607953,0.0,eyebrow_raise
520.6432363986969,113.0,-1297.034703632817,-1083.823007158935,-464.319799198769,-149.02379353437573,0.0,0.0,0.0,0.0,0.0,0.0,0.0,0.0,1750714727.1503568,0.0,eyebrow_raise
520.7440404891968,124.0,-1205.4034148184585,-1026.52399993781,-452.78968763537705,-86.97511336952448,0.0,0.0,0.0,0.0,0.0,0.0,0.0,0.0,1750714727.2569003,0.0,eyebrow_raise
520.8444330692291,133.0,-1236.9906098442152,-1111.0120798368007,-484.8219307558611,-51.07207379490137,0.0,0.0,0.0,0.0,0.0,0.0,0.0,0.0,1750714727.346795,0.0,eyebrow_raise
520.9449322223663,145.0,-1342.474488094449,-775.0456471173093,-523.5111957974732,-321.06293139606714,0.0,0.0,0.0,0.0,0.0,0.0,0.0,0.0,1750714727.467585,0.0,eyebrow_raise
521.0456039905548,154.0,-1303.822622052394,-734.1236618021503,-466.840491768904,-215.7323890440166,0.0,0.0,0.0,0.0,0.0,0.0,0.0,0.0,1750714727.5570643,0.0,eyebrow_raise
521.1466839313507,164.0,-1287.434380446561,-757.2399834282696,-450.7925810590386,-195.2751362863928,0.0,0.0,0.0,0.0,0.0,0.0,0.0,0.0,1750714727.6606278,0.0,eyebrow_raise
521.2476506233215,173.0,-1344.1911021741107,-800.1179364202544,-514.153966108337,-228.86691768839955,0.0,0.0,0.0,0.0,0.0,0.0,0.0,0.0,1750714727.7505856,0.0,eyebrow_raise
521.3482873439789,185.0,-1482.208370138891,-266.7969830390066,-647.7918112250045,-294.3226467128843,0.0,0.0,0.0,0.0,0.0,0.0,0.0,0.0,1750714727.873621,0.0,eyebrow_raise
521.4497971534729,194.0,-1417.3435453074053,-190.5142436427996,-566.4228078890592,-223.45902235247195,0.0,0.0,0.0,0.0,0.0,0.0,0.0,0.0,1750714727.9605737,0.0,eyebrow_raise
521.5508685112,104.0,-1261.139143858105,-1128.135211783927,-426.9282794417813,-179.16551722725853,0.0,0.0,0.0,0.0,0.0,0.0,0.0,0.0,1750714728.0655365,0.0,eyebrow_raise
521.651754617691,113.0,-1222.9136264109984,-1126.493395703379,-380.0673329969868,-173.03208129992709,0.0,0.0,0.0,0.0,0.0,0.0,0.0,0.0,1750714728.1553783,0.0,eyebrow_raise
521.7524466514587,123.0,-1201.786931561306,-2150.992239815183,-391.1224772660062,-230.6863790168427,0.0,0.0,0.0,0.0,0.0,0.0,0.0,0.0,1750714728.2613363,0.0,eyebrow_raise
521.8533506393433,134.0,-1287.1576278498396,-1973.990254712291,-437.5196761162952,-66.15322036622092,0.0,0.0,0.0,0.0,0.0,0.0,0.0,0.0,1750714728.3654895,0.0,eyebrow_raise
521.9540872573853,143.0,-1224.65641979035,-2056.8552180305123,-451.9556899452582,-232.21225819876415,0.0,0.0,0.0,0.0,0.0,0.0,0.0,0.0,1750714728.4553137,0.0,eyebrow_raise
522.0549614429474,153.0,-1271.7305405326188,-2012.2082923594864,-449.6593913724646,-206.54532480286437,0.0,0.0,0.0,0.0,0.0,0.0,0.0,0.0,1750714728.5608292,0.0,eyebrow_raise
522.1555666923523,164.0,-1316.4784435024485,-1861.5052837450055,-495.03933743480593,-99.74874166818336,0.0,0.0,0.0,0.0,0.0,0.0,0.0,0.0,1750714728.665624,0.0,eyebrow_raise
522.2565019130707,175.0,-1313.505223037675,-1691.4782120594757,-474.5933043770492,-238.77952252095565,0.0,0.0,0.0,0.0,0.0,0.0,0.0,0.0,1750714728.771881,0.0,eyebrow_raise
522.3569760322571,184.0,-1305.606554331258,-1787.485183821991,-482.9145817784593,-247.04470142303035,0.0,0.0,0.0,0.0,0.0,0.0,0.0,0.0,1750714728.8617525,0.0,eyebrow_raise
522.4577014446259,193.0,-1335.0171275828034,-1702.6941720265895,-557.8472172906622,-244.3183143553324,0.0,0.0,0.0,0.0,0.0,0.0,0.0,0.0,1750714728.9519072,0.0,eyebrow_raise
522.5586547851561,104.0,-1323.5692938184366,-733.1550277136266,-506.7040853966028,-349.15331996325403,0.0,0.0,0.0,0.0,0.0,0.0,0.0,0.0,1750714729.0707655,0.0,eyebrow_raise
522.6591572761536,115.0,-1222.3825606172904,-960.7129804175348,-393.5646319370717,-152.79361268971115,0.0,0.0,0.0,0.0,0.0,0.0,0.0,0.0,1750714729.1768515,0.0,eyebrow_raise
522.7599472999573,122.0,-1269.5875778580084,-1035.2155274348331,-437.00356992241,-333.02313145436347,0.0,0.0,0.0,0.0,0.0,0.0,0.0,0.0,1750714729.2532716,0.0,eyebrow_raise
522.860734462738,134.0,-1328.689216857776,-925.3634460363536,-462.34887192212045,-232.4946206454188,0.0,0.0,0.0,0.0,0.0,0.0,0.0,0.0,1750714729.3704066,0.0,eyebrow_raise
522.9613292217255,145.0,-1196.723107021302,-926.1151659274474,-307.1280641611665,-1144.7815064867027,0.0,0.0,0.0,0.0,0.0,0.0,0.0,0.0,1750714729.4766178,0.0,eyebrow_raise
523.062109708786,155.0,-1247.23419582285,-925.9693098291756,-385.3705111341551,-1223.0202135597356,0.0,0.0,0.0,0.0,0.0,0.0,0.0,0.0,1750714729.5808933,0.0,eyebrow_raise
523.1629297733307,164.0,-1355.8184511363506,-874.0632383441553,-498.3566286955029,-1266.7321642418392,0.0,0.0,0.0,0.0,0.0,0.0,0.0,0.0,1750714729.6705303,0.0,eyebrow_raise
523.2636308670044,173.0,-1275.4330414887518,-788.3858702592552,-434.9578446466476,-1159.7074472098611,0.0,0.0,0.0,0.0,0.0,0.0,0.0,0.0,1750714729.7604384,0.0,eyebrow_raise
523.3646066188812,185.0,-1327.1483780760318,-749.9434386147186,-486.3365902379155,-1091.9367201128043,0.0,0.0,0.0,0.0,0.0,0.0,0.0,0.0,1750714729.8805091,0.0,eyebrow_raise
523.4654695987701,194.0,-1337.1526104575023,-728.4240542696789,-609.5401144782081,-985.2859930763952,0.0,0.0,0.0,0.0,0.0,0.0,0.0,0.0,1750714729.9705412,0.0,eyebrow_raise
523.5662779808044,103.0,-1335.8716947226785,-587.4765746896155,-572.1916035707109,-166.67425137525424,0.0,0.0,0.0,0.0,0.0,0.0,0.0,0.0,1750714730.061726,0.0,eyebrow_raise
523.6672792434692,113.0,-1286.9575432022102,-723.6313724764623,-474.1314267325215,-1207.31076379586,0.0,0.0,0.0,0.0,0.0,0.0,0.0,0.0,1750714730.1655612,0.0,eyebrow_raise
523.7677867412567,125.0,-1311.3379510133527,-2101.401166402735,-479.2850088714622,-2112.890139066614,0.0,0.0,0.0,0.0,0.0,0.0,0.0,0.0,1750714730.2855325,0.0,eyebrow_raise
523.8687007427216,134.0,-1242.662168127019,-1960.37701887358,-391.823708507698,-2186.539988894016,0.0,0.0,0.0,0.0,0.0,0.0,0.0,0.0,1750714730.3755083,0.0,eyebrow_raise
523.96999168396,145.0,-1309.7522334321402,-2042.808153796941,-456.9802455357276,-2252.6838595103472,0.0,0.0,0.0,0.0,0.0,0.0,0.0,0.0,1750714730.4819565,0.0,eyebrow_raise
524.0710036754608,154.0,-1271.1676855892874,-1942.863067381084,-411.56664037378505,-3173.598694549408,0.0,0.0,0.0,0.0,0.0,0.0,0.0,0.0,1750714730.5719352,0.0,eyebrow_raise
524.1725163459778,164.0,-1294.8188129090704,-1783.505930269137,-418.38073809305206,-3090.5317766335797,0.0,0.0,0.0,0.0,0.0,0.0,0.0,0.0,1750714730.6755836,0.0,eyebrow_raise
524.2735543251038,175.0,-1334.2784973415546,-1839.6829675035551,-480.5827541560866,-3104.571361067239,0.0,0.0,0.0,0.0,0.0,0.0,0.0,0.0,1750714730.7820208,0.0,eyebrow_raise
524.3741545677185,185.0,-1370.903337607626,-1890.1416977057236,-520.7604993800633,-3060.234847092536,0.0,0.0,0.0,0.0,0.0,0.0,0.0,0.0,1750714730.8856416,0.0,eyebrow_raise
524.4747428894043,194.0,-1331.1220217789523,-1811.9179502325128,-475.3057553186081,-3011.919079564977,0.0,0.0,0.0,0.0,0.0,0.0,0.0,0.0,1750714730.9755757,0.0,eyebrow_raise
524.5752904415131,104.0,-1294.7552346098237,-837.0550583326258,-461.4400762328878,-163.32704091491178,0.0,0.0,0.0,0.0,0.0,0.0,0.0,0.0,1750714731.0804403,0.0,eyebrow_raise
524.6755702495575,113.0,-1306.128270375077,-758.2254470665939,-542.580945671536,-223.98821819620207,0.0,0.0,0.0,0.0,0.0,0.0,0.0,0.0,1750714731.1709268,0.0,eyebrow_raise
524.7759184837341,125.0,-1250.5421373336576,-984.3697175872512,-467.6296106595546,-2281.0453908243217,0.0,0.0,0.0,0.0,0.0,0.0,0.0,0.0,1750714731.290429,0.0,eyebrow_raise
524.8765034675598,134.0,-1243.9860927113332,-933.3462624917738,-416.6659939633682,-2227.976210453082,0.0,0.0,0.0,0.0,0.0,0.0,0.0,0.0,1750714731.380364,0.0,eyebrow_raise
524.9772388935089,143.0,-1323.275711671915,-949.5512489997782,-475.838691062294,-3203.448706045747,0.0,0.0,0.0,0.0,0.0,0.0,0.0,0.0,1750714731.470369,0.0,eyebrow_raise
525.0778379440308,155.0,-1311.113557016011,-876.7279170625843,-441.9589373636991,-3048.8337620776147,0.0,0.0,0.0,0.0,0.0,0.0,0.0,0.0,1750714731.5903015,0.0,eyebrow_raise
525.1782698631287,166.0,-1326.0881164385935,-853.7611914346926,-463.5232005082071,-3156.9692293964326,0.0,0.0,0.0,0.0,0.0,0.0,0.0,0.0,1750714731.696875,0.0,eyebrow_raise
525.2788662910461,175.0,-1290.1476778644137,-928.88082194468,-436.2518500313163,-3318.828359578736,0.0,0.0,0.0,0.0,0.0,0.0,0.0,0.0,1750714731.786844,0.0,eyebrow_raise
525.3795771598816,185.0,-1293.809039921034,-1028.0629687695764,-442.8004148537293,-3206.702419007197,0.0,0.0,0.0,0.0,0.0,0.0,0.0,0.0,1750714731.890548,0.0,eyebrow_raise
525.480179309845,195.0,-1297.1113715819083,-912.1709489426576,-445.1266326261684,-3219.8818264510483,0.0,0.0,0.0,0.0,0.0,0.0,0.0,0.0,1750714731.9961956,0.0,eyebrow_raise
525.5807557106018,106.0,-1410.9109173836189,-750.336128110066,-560.8821461047046,-66.514120711945,0.0,0.0,0.0,0.0,0.0,0.0,0.0,0.0,1750714732.1018507,0.0,eyebrow_raise
525.6820435523987,115.0,-1316.302668204531,-716.3179981131107,-486.52545518567786,-156.32781814783812,0.0,0.0,0.0,0.0,0.0,0.0,0.0,0.0,1750714732.1918998,0.0,eyebrow_raise
525.7822110652924,124.0,-1388.4191590500996,-660.473811974749,-552.1195605085231,-280.4588375771418,0.0,0.0,0.0,0.0,0.0,0.0,0.0,0.0,1750714732.2819889,0.0,eyebrow_raise
525.8829731941223,136.0,-1522.5319714611396,-94.44743348099291,-681.2695256783627,-381.64183087833226,0.0,0.0,0.0,0.0,0.0,0.0,0.0,0.0,1750714732.4016306,0.0,eyebrow_raise
525.9832329750061,145.0,-1465.6780123347417,117.06260851304978,-625.14858694328,-598.686924806796,0.0,0.0,0.0,0.0,0.0,0.0,0.0,0.0,1750714732.491785,0.0,eyebrow_raise
526.0838828086853,154.0,-1265.4624682068825,-307.91905300179496,-428.32139217527583,-122.7996150450781,0.0,0.0,0.0,0.0,0.0,0.0,0.0,0.0,1750714732.5825045,0.0,eyebrow_raise
526.1846139431,164.0,-1282.0377048105,-230.3871870203875,-442.8957823025994,-146.91448995936662,0.0,0.0,0.0,0.0,0.0,0.0,0.0,0.0,1750714732.685599,0.0,eyebrow_raise
526.2850162982941,176.0,-1279.1617217445746,-190.24310089601204,-431.0103802434169,-89.46962663996965,0.0,0.0,0.0,0.0,0.0,0.0,0.0,0.0,1750714732.8056176,0.0,eyebrow_raise
526.3854706287384,185.0,-1215.0934956036508,-135.91731413966045,-379.7737508504652,-181.41132715065032,0.0,0.0,0.0,0.0,0.0,0.0,0.0,0.0,1750714732.8953424,0.0,eyebrow_raise
526.4859204292297,196.0,-1313.0152961434796,-14.63235857663676,-473.0954744447954,-64.31879943795502,0.0,0.0,0.0,0.0,0.0,0.0,0.0,0.0,1750714733.002625,0.0,eyebrow_raise
526.5867054462433,104.0,-1301.45713533042,-1034.4750272436067,-456.3612920930609,-310.4079564223066,0.0,0.0,0.0,0.0,0.0,0.0,0.0,0.0,1750714733.0905008,0.0,eyebrow_raise
526.6869869232178,115.0,-1288.28520768648,-972.239352080971,-447.2209766013548,-227.7374679017812,0.0,0.0,0.0,0.0,0.0,0.0,0.0,0.0,1750714733.1970916,0.0,eyebrow_raise
526.7875301837921,125.0,-1346.9118793918751,-803.9625535747036,-503.96647862903774,-148.2197150439024,0.0,0.0,0.0,0.0,0.0,0.0,0.0,0.0,1750714733.300742,0.0,eyebrow_raise
526.8883194923401,134.0,-1356.3775661797265,-679.7978750457987,-507.437105787918,-304.2894800947979,0.0,0.0,0.0,0.0,0.0,0.0,0.0,0.0,1750714733.390232,0.0,eyebrow_raise
526.9893977642059,145.0,-1340.0566427730955,-679.2630693521351,-514.5803147032857,-312.83515149354935,0.0,0.0,0.0,0.0,0.0,0.0,0.0,0.0,1750714733.4967828,0.0,eyebrow_raise
527.0899624824524,155.0,-1477.7298399419524,169.92235448677093,-644.4857396641746,-387.988441103138,0.0,0.0,0.0,0.0,0.0,0.0,0.0,0.0,1750714733.6006248,0.0,eyebrow_raise
527.1905901432037,164.0,-1380.6046380926855,2163.053417172283,-538.6802300177515,-331.87498216796666,0.0,0.0,0.0,0.0,0.0,0.0,0.0,0.0,1750714733.6931846,0.0,eyebrow_raise
527.291374206543,176.0,-1225.1594363343902,1814.0459533073008,-382.2663941709325,-107.25285092927516,0.0,0.0,0.0,0.0,0.0,0.0,0.0,0.0,1750714733.810274,0.0,eyebrow_raise
527.3930871486664,185.0,-1241.7870315373875,1778.23641123157,-413.303823903203,-164.42844145186243,0.0,0.0,0.0,0.0,0.0,0.0,0.0,0.0,1750714733.9003727,0.0,eyebrow_raise
527.4934215545654,194.0,-1271.2312638885342,1698.961751870811,-418.8201763378456,-99.54117722064257,0.0,0.0,0.0,0.0,0.0,0.0,0.0,0.0,1750714733.9906745,0.0,eyebrow_raise
527.5942859649658,106.0,-1199.5018526883796,-1173.6815833942965,-377.9243703223765,-287.73107304098085,0.0,0.0,0.0,0.0,0.0,0.0,0.0,0.0,1750714734.1119697,0.0,eyebrow_raise
527.6950716972351,115.0,-1262.57526544109,-1022.1520568896084,-420.95191931258887,-312.95669824210927,0.0,0.0,0.0,0.0,0.0,0.0,0.0,0.0,1750714734.201799,0.0,eyebrow_raise
527.7964837551117,125.0,-1291.4136339994147,-1029.0185132082552,-439.44572459347546,-318.7311037736945,0.0,0.0,0.0,0.0,0.0,0.0,0.0,0.0,1750714734.306029,0.0,eyebrow_raise
527.8976409435272,134.0,-1259.9348960723728,-887.4034614861012,-413.7787911975756,-179.61056532198563,0.0,0.0,0.0,0.0,0.0,0.0,0.0,0.0,1750714734.395866,0.0,eyebrow_raise
527.9982664585114,146.0,-1294.499051462859,-759.6036002002656,-457.46082268003374,-236.5430623474531,0.0,0.0,0.0,0.0,0.0,0.0,0.0,0.0,1750714734.5157764,0.0,eyebrow_raise
528.098849773407,155.0,-1342.4670082945377,-801.01551240962,-502.4592989468947,-327.00002257572487,0.0,0.0,0.0,0.0,0.0,0.0,0.0,0.0,1750714734.60567,0.0,eyebrow_raise
528.1993730068207,166.0,-1277.3927490655333,-746.0464628608897,-450.4223309634253,-344.932842863258,0.0,0.0,0.0,0.0,0.0,0.0,0.0,0.0,1750714734.712165,0.0,eyebrow_raise
528.300106048584,175.0,-1317.944484285079,-926.0889866277575,-485.57739054691046,-1437.2809519711882,0.0,0.0,0.0,0.0,0.0,0.0,0.0,0.0,1750714734.802148,0.0,eyebrow_raise
528.401469707489,187.0,-1280.844676724635,-761.7727421745658,-440.2086641844362,-1311.7886089580134,0.0,0.0,0.0,0.0,0.0,0.0,0.0,0.0,1750714734.9217365,0.0,eyebrow_raise
528.5019998550415,196.0,-1219.009170857258,-1037.2051542112604,-400.1954745585099,-1046.4427071018144,0.0,0.0,0.0,0.0,0.0,0.0,0.0,0.0,1750714735.0118427,0.0,eyebrow_raise
528.6027193069458,106.0,-1262.6612831400707,-998.2204370731488,-433.734897361137,-391.5581756108441,0.0,0.0,0.0,0.0,0.0,0.0,0.0,0.0,1750714735.1169424,0.0,eyebrow_raise
528.7034986019135,115.0,-1258.498774489388,-964.7333728699014,-421.0080178119242,-188.5526661160402,0.0,0.0,0.0,0.0,0.0,0.0,0.0,0.0,1750714735.2071424,0.0,eyebrow_raise
528.8041019439697,126.0,-1288.3207367360592,-1027.234580929391,-461.4325964329764,-312.4031930486672,0.0,0.0,0.0,0.0,0.0,0.0,0.0,0.0,1750714735.3260062,0.0,eyebrow_raise
528.9089248180389,136.0,-1327.8477393677458,-876.2809990178794,-489.5603839997202,-372.14435494085774,0.0,0.0,0.0,0.0,0.0,0.0,0.0,0.0,1750714735.4166036,0.0,eyebrow_raise
529.0097467899323,146.0,-1361.5143187688664,-841.4438309306279,-524.5209687855095,-183.3018465782516,0.0,0.0,0.0,0.0,0.0,0.0,0.0,0.0,1750714735.5204911,0.0,eyebrow_raise
529.1106679439545,155.0,-1330.2188359396532,-671.3569208458066,-487.17806772794574,-206.1488954075612,0.0,0.0,0.0,0.0,0.0,0.0,0.0,0.0,1750714735.6105964,0.0,eyebrow_raise
529.2112753391266,167.0,-1282.882922200486,-713.6738888444379,-453.2796145295724,-395.1148204687052,0.0,0.0,0.0,0.0,0.0,0.0,0.0,0.0,1750714735.730611,0.0,eyebrow_raise
529.3118352890015,176.0,-1360.179174484685,-752.8643004801124,-534.8617921629921,-284.4810999794863,0.0,0.0,0.0,0.0,0.0,0.0,0.0,0.0,1750714735.82096,0.0,eyebrow_raise
529.4129989147186,185.0,-1283.8440764890984,-1718.8075309856797,-445.9194914167747,-1230.902052716352,0.0,0.0,0.0,0.0,0.0,0.0,0.0,0.0,1750714735.910493,0.0,eyebrow_raise
529.5142102241516,196.0,-1339.822899025865,-1839.2809282583185,-491.7893643733114,-1292.4907251866534,0.0,0.0,0.0,0.0,0.0,0.0,0.0,0.0,1750714736.0174613,0.0,eyebrow_raise
529.6152188777924,107.0,-1256.5222373628058,-981.6208911198192,-423.844731928315,-333.0418309541419,0.0,0.0,0.0,0.0,0.0,0.0,0.0,0.0,1750714736.1357377,0.0,eyebrow_raise
529.7161810398102,116.0,-1285.3007675218396,-862.3816608325578,-441.8673098147847,-342.3205227442086,0.0,0.0,0.0,0.0,0.0,0.0,0.0,0.0,1750714736.226123,0.0,eyebrow_raise
529.8168063163757,127.0,-1247.8942881650291,-1005.971379731316,-413.16357765486464,-392.1771290535107,0.0,0.0,0.0,0.0,0.0,0.0,0.0,0.0,1750714736.33196,0.0,eyebrow_raise
529.9177014827728,136.0,-1321.633895591367,-794.3827998382039,-452.7803378854878,-265.55159635376185,0.0,0.0,0.0,0.0,0.0,0.0,0.0,0.0,1750714736.422057,0.0,eyebrow_raise
