Time,Channel 1,Channel 2,Channel 3,Channel 4,Label,Filtered Channel 1,Filtered Channel 2,Filtered Channel 3,Filtered Channel 4
1.7325663566589355,-13.729172737337649,5.2919584373012185,-22.16638703737408,-16.204986508004367,nothing,8.618422159922602,7.416450838323193,7.569177985708492,15.68257499703978
1.833912372589112,9.476906487718225,36.022716373205185,3.904455553740263,15.150334720499814,nothing,13.519342430837867,17.561323337320985,3.0861759249367076,15.007754393236361
1.934620141983032,-35.831981475465,-7.322724113240838,-55.82174673862755,-45.697837558574975,nothing,33.51276652417542,26.10813131468641,3.4267694727778846,1.1561147268970444
2.035551786422729,-5.475213535130024,10.191227379254997,-28.475598262622952,-10.393181976862252,nothing,76.76223273028529,43.199937224735194,16.51523199382573,-21.302725838408442
2.136258840560913,16.369542106054723,34.48561749141663,-0.3403308959677815,11.795644460245969,nothing,98.71920610253999,56.36348002220542,23.995402366432273,-21.44755846561346
2.237027406692505,-9.843416683375835,14.798784124664962,-34.018129996955395,-16.242385507561266,nothing,67.82913167904512,48.06924931542704,1.5517968845111643,10.434094662939202
2.338141679763794,11.189780667424202,32.27907651755959,-84.09539040364325,3.986733352765441,nothing,84.58087998839468,58.78002870621465,-23.13680366942077,5.2581208998542195
2.4395790100097656,22.016791039146483,35.77962287608534,-41.47175060864538,24.61602150835097,nothing,220.52436048999868,119.918317025956,-7.231180443709844,-80.81156271697436
2.5417516231536865,-24.13731431402266,9.095436692237854,-68.00634079426527,-12.345409753732383,nothing,229.8710823888514,117.83059432180033,12.013362611209784,-93.47582353357151
2.642228603363037,-2.4084955714643,4.398122347891331,-45.68661785870791,-10.83823007158935,nothing,-214.2714898809063,-97.61421370857387,-49.15266591194228,168.14427665572052
2.743585586547852,-1458.8788742152974,-673.5073633203283,-272.10764097608626,903.4382825461216,nothing,-940.7458405420463,-443.81321433005166,-182.23932672779375,595.2913488497481
2.8450729846954346,-1514.7529795533046,-712.2714263610542,-342.4514192426577,848.0354046025313,nothing,-1396.210989824724,-662.1076404925723,-279.75311048332475,853.9814873009776
2.945392608642578,-1507.8154651354998,-714.8070785310119,-339.3435623794794,858.3575284802355,nothing,-1390.857132000899,-664.6323510863798,-284.2448651439411,842.3439736165047
3.046821117401123,-1469.2757960921151,-685.0299950838089,-271.55039588268846,908.3637307877652,nothing,-1245.735855172566,-598.1615326161022,-245.63235587166923,763.7976016183763
3.14732313156128,-1518.077750613913,-723.4948661280796,-330.06113068945706,854.5054315258749,nothing,-1216.6597171153996,-577.5518435298129,-220.49528113663575,769.7812230971708
3.247962713241577,-1467.4395052138716,-671.0801682490855,-269.37377410847694,906.9051698050462,nothing,-1244.7770919603283,-580.0634699292933,-214.19564482874551,805.3437968198126
3.3488168716430664,-1468.78586919792,-674.6517727067694,-271.6102342819795,910.9779208567924,nothing,-1238.5722570492203,-575.5772513414257,-222.559101670491,788.8335045438093
3.449678421020508,-1513.025145773776,-703.4639619654045,-324.9075485505164,856.7418916993774,nothing,-1221.1614641098397,-576.6166565410228,-242.0386174868644,742.5344689716471
3.550495386123657,-1524.5851765368134,-729.8227768531069,-331.51595177222043,858.1630536825396,nothing,-1212.1602883398705,-578.7041448057776,-247.47277419140173,726.3356034983627
3.651454210281372,-1473.5280623417348,-674.1281867129728,-281.97349705919623,896.7476015253924,nothing,-1190.224652731027,-563.5131316692339,-221.75974581940446,745.8007212616596
3.751992464065552,-1482.836673331447,-692.8987445905805,-271.8589376290329,904.9454622282648,nothing,-1159.2671418369373,-540.1566528229988,-188.28384603664213,762.1190947786456
3.85321855545044,-1485.364845701493,-680.3812994388863,-260.27272756630555,915.2862856057473,nothing,-1143.3915936595963,-528.7694017482179,-177.80382659284908,753.3854222468597
3.953895568847656,-1483.435057324357,-679.8838927447796,-262.329672541935,903.2550274482928,nothing,-1140.8507329861015,-529.1351129310442,-188.8208775136516,731.708964507865
4.054396867752075,-1510.3772966051474,-705.9135964363813,-308.2294646981172,876.1183133698069,nothing,-1133.7508274299246,-530.8066660363055,-202.52390352037997,712.035439533635
4.155026435852051,-1483.2892012260854,-686.4773363666609,-274.0692185028456,898.9167434996925,nothing,-1118.2289736694177,-530.1019356645685,-210.67438117447549,695.4873484851636
4.2554192543029785,-1497.9982277518138,-708.6848623035476,-309.160699787084,876.5970205641352,nothing,-1099.9605661215444,-524.5930034146046,-211.2954141940525,684.6614498684613
4.355724573135376,-1500.3992435233667,-702.5364667763934,-306.33707532053813,871.4471783251502,nothing,-1080.9353741562916,-510.8344534122697,-201.89580435936858,685.2050015970826
4.456301689147949,-1471.8937260610985,-673.5335426200181,-272.6630161195062,917.0028996854088,nothing,-1062.5645643673577,-493.79708670161847,-190.7073208701746,686.8630262979102
4.557011604309082,-1482.343006537296,-683.268502204679,-278.99092684453353,899.4029304939322,nothing,-1044.5014046201024,-482.5323630049768,-189.76155131963012,673.5183321242583
4.65835165977478,-1481.991455941461,-687.3674325561151,-309.29907608544454,864.393727008719,nothing,-1022.1444066210706,-478.4225408138959,-195.10934462547593,650.3040308786107
4.759573698043823,-1470.988670271821,-697.5137811359018,-306.15943007264286,868.7619301569648,nothing,-1001.0511334524639,-480.09945421376256,-200.0544523547829,629.9755592740281
4.86084771156311,-1457.5773890307173,-684.8953586854041,-288.368725983426,876.29782856768,nothing,-995.2802465382268,-486.14364067926186,-210.0827310962917,610.2273348652423
4.961339712142944,-1498.8808441413566,-725.0357049098238,-335.25959162786603,842.3619763697498,nothing,-997.0463309815351,-484.9377984608372,-219.0506821484354,593.4048816447396
5.06162166595459,-1510.358597105369,-707.1664629215375,-338.5320040890947,840.4247081927024,nothing,-982.0163282532053,-466.80636651689207,-208.07566755371946,594.1925454255709
5.161953926086426,-1455.0753959603608,-666.3379751052707,-270.2451707981527,900.117251385469,nothing,-953.829485089974,-446.35859223024505,-186.23954634348215,605.4144104269504
5.262716054916382,-1471.4000592669472,-689.8432463267818,-287.41879139468074,885.6961971563287,nothing,-939.2705471681475,-441.868061997949,-182.26612942513256,600.3769355366204
5.3635430335998535,-1517.1801746245474,-712.4359819591045,-339.3099032798782,852.0894561544992,nothing,-939.5427465162079,-443.90337727549706,-192.87422171047322,579.2928384030777
5.463917970657349,-1481.3556729489935,-682.7336965110153,-291.42422424722463,872.2101179161109,nothing,-931.9869589613065,-435.4633040477181,-192.12056099281037,567.7566283969693
5.56436824798584,-1480.3571196608243,-679.1994910528883,-281.9173985598609,896.0033614342101,nothing,-912.274241759394,-422.7264295324766,-180.05843966828732,570.5120620222893
5.665232419967651,-1523.6651611477137,-714.6911416323856,-337.5671099005267,850.9712260677479,nothing,-898.4760889083547,-420.4884524731513,-178.14289724276853,566.2735640929201
5.76606559753418,-1476.445184307173,-688.4800527929328,-281.13762941909954,900.4594522314146,nothing,-899.5749789241762,-427.18394397068283,-191.7606302957384,544.7401904971424
5.867167949676514,-1527.8201899984851,-714.203084688168,-338.0327274450101,839.3420071555302,nothing,-897.9748510789278,-429.135321582657,-203.11689369490983,521.7556229889918
5.968177080154419,-1516.5593512319028,-728.3997449199669,-338.53761393902823,848.2467089500278,nothing,-867.1715246843132,-417.7001964266171,-194.05467686676124,515.7030823969508
6.068841934204102,-1438.5412982562557,-669.4851009179838,-271.4512885338627,896.4876784784719,nothing,-808.3818275253363,-396.48348599712364,-167.8086649511177,524.0685392785879
6.169317007064819,-1426.1809289027003,-694.1160820261575,-290.47615960845724,873.9996600449085,nothing,-758.4243456912694,-375.9385052012909,-146.5456360349599,530.2331188129699
6.269634246826172,-1435.654095490463,-684.2651855428703,-293.7036932702176,880.9970128620043,nothing,-750.9005746610407,-366.21453729728455,-149.0156241401602,521.4071480213896
6.37007474899292,-1454.3311558691785,-674.6910416563042,-286.1191761600785,885.1670013125986,nothing,-778.2362034221662,-372.24427395817344,-172.07877271959867,495.81020238491794
6.470682859420776,-1505.571525162086,-711.8020689166151,-336.94815645786,848.8226535432041,nothing,-799.3157813013881,-384.7318955839128,-189.36599576679455,467.72091420029005
6.571159362792969,-1512.456680980511,-727.0272016362287,-326.6559517798014,835.086001005955,nothing,-785.0040275320765,-384.08435936545595,-176.55339071252845,459.22126690931236
6.671681642532349,-1470.8876929730177,-693.7907107300125,-276.6647090720944,877.8554968992248,nothing,-751.1372932735912,-366.71118027332756,-145.2868204291068,470.0208347425775
6.772297620773315,-1469.230917292647,-687.3823921559379,-269.8637010026723,889.9540732558817,nothing,-732.2800126850892,-350.38308538806996,-129.42945715018325,475.3021333254515
6.873085260391235,-1497.8822908531874,-705.326432143338,-285.0888337222859,870.9815607806668,nothing,-731.2712010011816,-344.2803947255731,-134.2731019296918,465.63894139922735
6.973981857299805,-1496.7603208664805,-692.0348277008161,-294.3974447119981,873.0310259563848,nothing,-724.559842560425,-338.71235149051574,-135.51317643165012,456.9251934173091
7.074430704116821,-1476.045015011914,-683.231103205122,-259.44433972612023,900.0592829361558,nothing,-707.813915680695,-328.5575647370129,-127.64352356378069,454.35459841134826
7.174941778182983,-1505.8557575587183,-695.8383059557527,-292.86034583020955,872.256866665557,nothing,-698.9387308229535,-321.5595847960249,-130.5605564024615,443.63750672906247
7.275445222854614,-1503.6716559845954,-696.6386445462704,-300.12697144411504,870.1849620901048,nothing,-701.6915404068191,-321.95531604059386,-148.09105109049602,421.92877598574813
7.376174688339233,-1524.2298860410228,-697.2781674386933,-314.86965706944466,859.0438001221046,nothing,-698.8334345761241,-323.2297777900573,-158.51922873073374,405.4865046393835
7.477536678314209,-1509.7340338127688,-709.4478018945083,-306.79521306511015,865.1510567497462,nothing,-680.7427749729836,-318.0366990347761,-150.1636298972198,403.0358837563202
7.578122615814209,-1514.206954159774,-704.14462375734,-305.6657632784918,867.4660548223183,nothing,-658.0585072069925,-307.42081791811086,-137.51138767671137,404.7121443989019
7.678565263748169,-1481.1013597520068,-679.1022536540404,-272.37317387294024,897.8826611619443,nothing,-641.8970949508475,-297.52571017143254,-134.13888668799223,401.79812239494476
7.779345273971558,-1523.311740601901,-715.4896102729253,-326.77375862840563,855.2721110167913,nothing,-627.789915169004,-289.6975641211257,-132.13031233252218,398.96773806338496
7.880200386047363,-1479.18092112476,-675.9401682415046,-269.059622512199,910.162622666452,nothing,-607.2872311790521,-279.1759980058039,-120.38106832413284,400.9144667141007
7.9810309410095215,-1471.027939221356,-677.1182367275469,-262.48113849014044,908.8461778820492,nothing,-582.4363200188425,-263.2941229166143,-103.71594387390232,403.9150164312436
8.081598043441772,-1487.902367821429,-683.352649953682,-282.0333354584873,892.4354968764819,nothing,-561.8806070952855,-247.85612670752548,-93.53697537774642,403.2527016960925
8.182234764099121,-1467.385276664514,-663.7555741858669,-262.84016888588667,909.8896099696868,nothing,-552.4280445371234,-244.01530733012987,-96.04728251349653,393.74979541204124
8.282810926437378,-1469.5282393391244,-675.8279712428339,-260.0576833188534,917.4591674800032,nothing,-552.0383376176441,-253.0904547137876,-108.50247229243595,372.58999781534334
8.383680582046509,-1515.749662891496,-721.0134425074793,-320.31121150497347,851.150741265621,nothing,-545.7015979665083,-258.03453891403535,-115.00765081611266,353.25250041579454
8.48447036743164,-1464.0754652037283,-671.2839927966706,-258.2438318403438,903.0306334509514,nothing,-521.9336880756216,-244.2491828508373,-101.01165956620976,353.2700689120957
8.585204124450684,-1463.0956114153378,-677.4473479236476,-260.1137818181887,907.6120108966716,nothing,-493.4058809169478,-222.18739811846348,-78.11899200024943,362.6285144338249
8.685735940933228,-1468.159435955342,-672.570518381428,-256.5384374605492,897.5703795156442,nothing,-482.3350487014894,-213.22263599529788,-73.22424448064085,354.36844958452446
8.786583423614502,-1476.7051073540931,-680.8282174835913,-266.8773908880539,891.2368589406833,nothing,-489.82244214002844,-221.92167039029678,-92.49516106269444,325.6482420176315
8.88700532913208,-1505.233064216096,-701.9960512327962,-307.11123461136594,851.4555431120098,nothing,-497.1024871105982,-234.6489365335955,-115.83768329175257,298.9893928963807
8.987855434417725,-1508.2212442806922,-714.4648776850663,-307.81059590308,862.9594753757119,nothing,-491.42527908550926,-238.26070858400115,-124.79826266579353,287.2310870651827
9.08871293067932,-1497.1661000116728,-708.6942120534368,-299.7137124990113,868.5468859095126,nothing,-475.93742029274165,-231.72992066812338,-119.2772813662921,283.5376393549136
9.18940496444702,-1497.3343955096789,-699.3407222642563,-301.8604150735773,856.7849005488679,nothing,-458.34619901080526,-221.59807481264932,-108.75588075307397,280.5419328504586
9.289984703063965,-1506.8524408969097,-716.8135348572396,-300.1138817942701,857.8881710357964,nothing,-443.1472959560306,-212.00344448732702,-101.17477447486945,276.25422829297526
9.390761137008669,-1468.1930950549431,-676.6170901334845,-266.1855093962513,894.3447158038616,nothing,-430.53243651855416,-201.28522724114953,-97.56702618244287,269.5599129709657
9.49146556854248,-1498.9874312900938,-699.935366357211,-304.0519964476116,848.4561433475465,nothing,-413.51560040247705,-186.4364411859146,-89.91341969551296,266.06448470079346
9.592475175857544,-1476.020705662202,-674.0253394641913,-263.4441627287306,882.7323264414445,nothing,-388.8876921381198,-171.72373159625852,-75.31385875329613,270.57856550223454
9.69350528717041,-1462.0110404281877,-679.6239696978591,-268.1152977733873,892.8861548211426,nothing,-374.25531812344354,-169.73781834908021,-71.17652238965557,268.33619511554883
9.793920516967772,-1484.4691396621056,-694.7051162691787,-283.1534354952164,872.1203603171743,nothing,-386.0913088342614,-183.44471450948376,-91.49923732101334,244.35253667694718
9.895012855529783,-1522.3206671136431,-717.6419226974249,-316.59562089899555,839.4897332037799,nothing,-402.25345982001306,-193.6703022563542,-114.83378531189321,216.9652412325355
9.995619058609009,-1525.4883623761125,-717.6830615969375,-325.7583757904358,845.084623537492,nothing,-387.69408262379756,-183.53752646917135,-111.70794488406206,213.01790527551125
10.09647250175476,-1476.4507941571064,-683.5564745012671,-283.06367789627984,874.1286865933798,nothing,-351.97164737160733,-165.65524539558928,-93.4485630386525,222.2996833680372
10.19675087928772,-1468.350170853082,-699.3725114138797,-285.8274639635347,875.0374822826125,nothing,-332.6862778014702,-160.64479132706805,-91.33769681888168,218.43467684839896
10.297539949417114,-1514.8894859016873,-709.0999911986291,-330.82968013035133,840.8660163874738,nothing,-332.2544906317418,-162.07034291850138,-101.56013447888938,206.2901627479368
10.39828372001648,-1474.2330334833823,-692.5958126941696,-289.1597148240544,882.3078477964737,nothing,-322.88175682058,-151.3675973813984,-97.87126481643841,206.32223440726534
10.498968601226808,-1481.5482777967118,-687.2253163577989,-294.7172061582096,877.3001217558049,nothing,-302.02784033007714,-134.18377976900345,-83.87535692572227,211.44280449914092
10.59970474243164,-1486.7055998356082,-683.2722421046346,-300.46917229006067,866.1888789874502,nothing,-292.25323532483526,-130.65101779018926,-84.19992541716051,200.62824470752562
10.700961112976074,-1472.1835683076642,-694.1329115759581,-283.8901957864873,880.0152891236357,nothing,-294.2626268830771,-138.3581325224015,-94.53879672615986,181.36191614940083
10.801262855529783,-1521.937327368185,-716.4488946115598,-334.10770244151354,839.9441310483962,nothing,-286.4992729984487,-136.85138467659013,-88.99085383187835,178.6967552398268
10.90211033821106,-1473.2887087445706,-684.3194140922278,-272.0104035772383,883.3269705343992,nothing,-269.09068448381805,-125.35056345653301,-73.08630686697875,187.58479824209832
11.002911567687988,-1475.9440377131104,-693.8561589792371,-276.4010461252183,897.5273706661537,nothing,-263.24060438043864,-122.52851803183296,-77.44875108483153,178.77242570913762
11.103806018829346,-1518.8818291043865,-711.5421458696947,-331.7478255694732,836.6006604880095,nothing,-266.5913529156966,-129.2437926509968,-98.02796688517503,152.98488922278463
11.2045419216156,-1511.3795897932723,-720.6862012613565,-332.088156465441,836.099513893947,nothing,-257.03899676335953,-127.24346787716848,-100.45065758972902,140.3943165978897
11.30499267578125,-1471.2654228685424,-687.9396372493356,-271.3933200845495,888.031764678657,nothing,-237.82078084794256,-114.85402955426531,-82.26265849063263,145.6164874282482
11.40582275390625,-1496.1768964733928,-703.5238003646955,-300.5607998389751,852.2895408021286,nothing,-230.0420893817987,-108.60234962585065,-72.32377333752328,144.61722981296344
11.507320880889893,-1530.6363346651196,-719.4445544760674,-325.7789452401921,838.7959817619994,nothing,-231.15439456323827,-110.91346054352135,-77.55809635828587,131.48898755428144
11.60838508605957,-1470.775495974347,-690.4790293192491,-261.47136550210416,884.3591829221696,nothing,-223.11537672811392,-107.26886384844991,-79.87906006767071,123.54528920430258
11.70929193496704,-1521.0696705784649,-717.7092408966273,-328.7820849046111,835.9012991962954,nothing,-205.8343106242424,-94.15914992085405,-72.84497272446792,127.08518861203356
11.809836149215698,-1485.6528179980814,-682.4943429138511,-284.96167712379247,877.7432999005541,nothing,-192.99786354864915,-85.93114438481041,-68.2901607789903,128.14137985660497
11.910605430603027,-1491.000874934718,-707.7611070144922,-287.93489758856595,869.2462472012267,nothing,-188.20552703724655,-90.83662574661375,-73.09888320420444,115.91686170356162
12.011468887329102,-1511.3982892930508,-718.5768976863474,-318.5272792261094,839.6038001524284,nothing,-182.00743900974228,-96.23872395171301,-75.97540901927394,100.49876628690811
12.112468481063845,-1483.5285548232496,-704.1969823567197,-289.97688296437263,856.3435923540965,nothing,-167.67325408739336,-86.50961509081446,-64.2060604219885,97.9523757237699
12.213143110275269,-1492.7287087142467,-696.5451470473781,-273.5736817587167,865.9887943398207,nothing,-151.68470904115856,-66.6519783552166,-46.687841536825815,104.00642421110788
12.313977241516112,-1481.5763270463794,-680.5720343366265,-268.5696956180036,871.1573360785842,nothing,-145.74352149458525,-56.36298300287824,-43.387594889207136,100.08790381185287
12.414642095565796,-1512.1238298844546,-707.4319958183914,-308.0443396503106,839.0091560594738,nothing,-150.8548812885332,-63.34060913609498,-55.9768137448433,82.5786443763894
12.515495538711548,-1498.6190511444584,-697.5250008357689,-275.1406998401508,857.5441002398729,nothing,-152.9157799752063,-71.69568242544965,-65.3234045684624,68.23390372521229
12.616357326507568,-1512.83067097608,-711.3364513721317,-302.4083104170859,844.9219378894195,nothing,-137.1521729412001,-61.2709508150737,-55.376146477834865,70.63592505990283
12.717173099517822,-1487.021621381864,-686.3688792679459,-272.2048783749342,859.7955200131983,nothing,-109.30270751903159,-36.65797857198515,-32.80283561596339,81.58003372163421
12.817667007446287,-1470.6352497260086,-666.7961128498428,-251.9757595146075,877.3880094047636,nothing,-92.07754342423586,-23.560144234819383,-19.812155209480828,81.92576756811866
12.91820740699768,-1466.3680238765664,-670.4013764071278,-241.76209273561835,875.9182287221774,nothing,-91.00397977598493,-29.23168829869114,-22.30511874291199,70.923046741489
13.018953323364258,-1514.145245810505,-718.3207145393826,-294.94347010552883,840.2508028447628,nothing,-86.29292418838986,-31.9303320184475,-22.577156865291972,66.72945537049867
13.11945867538452,-1465.481667587068,-667.8208454377018,-244.53709850274024,879.818944375962,nothing,-73.26349219489569,-23.33187563832874,-17.07250327269867,69.74127613120544
13.220394372940063,-1469.1168503439983,-675.1697488506325,-239.7051477599889,887.5231382846832,nothing,-72.43548977497468,-23.03395674485757,-24.01527445677876,59.51307234771542
13.320942401885986,-1519.366146148648,-720.5870939125307,-307.6553900549188,828.8291483800858,nothing,-83.57359425800587,-35.79170778563812,-39.39938261838527,38.65959140839347
13.421470403671265,-1520.9443839299493,-717.4268784499727,-291.26714844908565,837.861006773077,nothing,-80.55381029656385,-40.30092867534809,-38.97602318390338,32.284659213219506
13.52223515510559,-1466.5026602749713,-680.8207376836799,-235.4117426108569,887.9270474798977,nothing,-63.148068929136485,-30.452747764998712,-29.235618039106072,37.67978667521355
13.622806549072266,-1522.406684812624,-723.2012839815579,-309.65249663125724,826.499190707691,nothing,-59.421063569864245,-23.984261192766585,-36.74226319247812,27.458607607233418
13.723933935165403,-1514.736150003504,-702.9198065218516,-292.6957902321592,838.4780902657658,nothing,-72.21015947682405,-28.256609140002297,-53.096026039844645,2.860074602692002
13.82618498802185,-1521.3595128250308,-711.416859221179,-281.0946205696091,832.0061933924444,nothing,-72.51833452147983,-30.981989141219863,-45.80851517294033,-5.108477123988301
13.927003145217896,-1525.42104417691,-719.6521189236082,-281.6443858630955,829.960468116682,nothing,-49.19478298264339,-22.75281493991263,-14.726613185972154,11.77088543400837
14.02770185470581,-1482.1803208892234,-694.4788523218594,-224.8427853360772,878.6053468403406,nothing,-25.531541544887943,-8.094479486083959,7.403319308748253,25.865307530857514
14.128190517425535,-1481.7689318940977,-683.2067938554101,-230.3890569703653,876.574581164401,nothing,-18.837372694483776,4.440939944783796,7.265283358838278,20.393886355071672
14.228824377059937,-1529.123545133043,-703.3274556170218,-280.4625774770975,822.7200218024664,nothing,-17.643503443091973,11.00070982776841,4.223941110555682,11.954028818027346
14.329710960388184,-1480.0934567139484,-676.5048931348138,-219.0235010050237,883.8636461780407,nothing,-11.081447082556892,11.7722714906552,8.676360399904599,13.048794843035914
14.430323362350464,-1482.449593686033,-684.2876249426045,-221.05800658091903,886.5339347464032,nothing,-5.231166897716442,11.132404237767624,10.546397541605263,13.528602817278916
14.531161069869995,-1530.982275411021,-718.8330808333121,-282.85611344873905,831.4900871985592,nothing,-1.0450260812314127,14.237826613465533,10.115847074050214,10.191796859089564
14.631589651107788,-1487.8687087218275,-671.3101720963605,-219.6368445977569,883.1904641860165,nothing,6.750871477817704,16.552222334920334,14.139499801392938,9.845151102986677
14.732678174972534,-1481.2603055001236,-699.2509646653198,-223.27202735468745,888.0186750288121,nothing,12.192653217388667,10.734393882733322,13.68894740058493,5.997806983366168
14.833707094192505,-1525.735195773188,-727.8985983259045,-269.89923005225137,840.6247928403318,nothing,11.653194526392397,4.717668881176067,4.960416190858079,-6.785519456548549
14.934476137161257,-1501.7624370572155,-698.4730654745363,-252.3964982596226,857.9218301353976,nothing,15.187855067308597,9.43101515928003,1.7470217643159334,-16.08412292961202
15.035329103469849,-1502.5926948473789,-701.3527884404175,-242.9495109715499,859.0662395218387,nothing,23.722629040825687,16.3651008324249,3.9637870929272285,-17.143372629222853
15.135941982269289,-1500.8873004675845,-713.2194909998216,-255.515574822668,861.8449851889163,nothing,25.536027901820106,13.932919592817882,-3.3493855904889394,-22.12749102330823
15.23716688156128,-1526.303660566453,-716.0094563667662,-281.6350361132063,840.3069013440982,nothing,23.65582001862805,11.140240579918427,-13.215737172348662,-30.843663411807352
15.33777141571045,-1503.4079930377193,-706.0201835851185,-257.2508884021081,853.901437683031,nothing,32.96179829029533,20.105210966832825,-5.607791371856768,-30.01109623932769
15.438297033309937,-1505.629493611399,-703.0544429202564,-249.9244243889116,862.3461317829788,nothing,50.16912890307826,31.567577743470395,11.17808484867672,-24.075195224548054
15.53875994682312,-1482.9170811804945,-697.040683791507,-236.7150977454148,868.4758278103545,nothing,59.72441167666807,31.173485305267057,13.698837376564365,-28.406881988459837
15.6396164894104,-1497.996357801836,-707.3515879693441,-251.68591726804152,850.9880556175485,nothing,64.92032597854029,26.956253898095248,9.298248143006946,-35.63062351088793
15.740971088409424,-1494.8548418390565,-716.2637695637532,-248.92213120078668,858.8044465249404,nothing,78.07026867432256,34.671575100994595,21.12248061573547,-29.190918673261802
15.841917037963867,-1475.9664771128446,-687.5076788044535,-223.724555249326,877.5693945526145,nothing,86.68157703906925,44.716202364280015,35.596992306714625,-23.23961221002822
15.94234585762024,-1487.672363974154,-699.7895102589391,-218.3577988129109,871.8735269200988,nothing,71.85101884886852,36.954287553866635,21.057716254978615,-42.30976641158969
16.04316806793213,-1538.793056468479,-727.8537195264362,-283.1366059454158,819.8926574359648,nothing,52.25608261095521,22.49026348151222,-7.324012042903643,-69.821128892842
16.14363694190979,-1530.920567061752,-730.6324651935138,-288.26774868462235,825.775520066265,nothing,59.90176829058287,29.38001075238447,-6.8124060989302,-70.1471101273375
16.244500398635864,-1485.5593204991892,-682.2381597668864,-218.4363367119804,870.5907412352972,nothing,84.13394640877124,52.877034893873386,17.989494133790956,-50.627567783748454
16.345248460769653,-1489.3328795544803,-678.9246084061451,-220.35116548929363,878.7811221382581,nothing,92.79066216608561,64.49080860011846,29.812859217250168,-45.48109440529639
16.44618248939514,-1534.9185201143846,-719.6820381232537,-280.5747744757682,821.2315416201018,nothing,88.25690482198883,59.12272275257515,26.922676520290697,-56.42241822911967
16.547024726867676,-1492.0779661219567,-691.9618996516801,-209.70367031544447,871.364900526125,nothing,92.04960128018664,51.71166012165932,29.55770653184875,-62.46560625156877
16.64775013923645,-1483.7604286205024,-699.4005606635474,-210.96027670055628,867.4043464730494,nothing,102.51664424182584,46.790085157413024,33.59647996301751,-62.46628944133761
16.74828338623047,-1525.6547879241407,-732.3004605737515,-272.5115501713008,829.1002911268733,nothing,107.1752611918866,43.5395225668594,29.372343429677024,-66.09757930277588
16.84911870956421,-1492.5174043667505,-717.2080943025649,-223.55438980134204,859.9021071619354,nothing,105.91873050950142,46.28096563467827,24.490665781822457,-72.28002530805543
16.949963092803955,-1505.6220138114877,-692.3265398973599,-234.7965290681459,849.5874630841427,nothing,101.82570429100358,53.11242964361176,22.25776860996603,-79.28654989020838
17.050699949264526,-1531.247808307875,-724.8374902121723,-266.3650245941244,826.6057778564282,nothing,97.27653482708907,57.53695460323664,17.60115167132846,-87.88056099702062
17.15144419670105,-1509.2908556680195,-698.8339658202603,-232.4852708955296,851.2965973638929,nothing,100.39785398151744,60.82524509227102,15.804185082677744,-90.35149357091443
17.252259016036987,-1526.4756959644146,-709.451541794464,-264.56987261539325,828.5879248329438,nothing,112.02867876140095,64.33318748240805,21.967811757793477,-82.17239330567463
17.35272192955017,-1495.6364809297957,-699.574466011487,-227.98991114879027,868.904046355281,nothing,117.0556278289633,61.650900579376795,23.57273017642991,-78.11644659657048
17.453356742858887,-1527.9866155465131,-731.7338657304645,-260.4298033644445,837.1672553312965,nothing,108.84068892384258,51.68800881325264,11.63959312613033,-91.57606167801298
17.55443501472473,-1526.0680468692444,-719.5230923751369,-262.7074024374597,829.1115108267404,nothing,106.12786079820434,45.53937592151521,4.111755084215767,-107.18581049375598
17.65565776824951,-1519.5942800459452,-728.8915417641401,-257.82309309532866,825.9251160644926,nothing,123.9793237158359,51.29951474629735,19.204471121961852,-102.03861172084073
17.757148504257202,-1486.7392589352094,-714.7958588311449,-222.20802581729367,860.9904180490412,nothing,145.1648666989312,62.29631696884513,39.99778474799447,-85.0976026090735
17.858388423919678,-1492.7343185641805,-705.2759434939362,-219.1020389040932,861.5065242429264,nothing,145.98673658236956,67.08090760065312,38.92637062242926,-83.38565615651585
17.958984851837158,-1521.961636717897,-722.5692408890463,-265.11028815899044,834.4558278634213,nothing,134.24191567957982,65.01814818149053,23.511426176319954,-96.91959803743356
18.05959844589233,-1510.338027655613,-710.6464398303069,-241.95656753331423,842.4218147690408,nothing,134.02857349943216,64.90283084500413,21.570297696890144,-101.69919420671906
18.16043806076049,-1495.9805517257191,-714.2891023871489,-223.9078103471548,860.3022764571942,nothing,147.15763133499837,70.36916481606814,34.66691120672533,-92.07733155847252
18.26153016090393,-1508.041729082819,-710.4744044323452,-246.9081950746477,847.2575054117478,nothing,155.6131634238911,74.80254564108353,40.45624084348438,-87.81247437504793
18.362072229385376,-1494.0806825482289,-707.7068784651347,-225.76280072517693,859.5505565661006,nothing,152.17366888109927,73.07172495990706,30.473315391196856,-99.39078542665726
18.46351408958435,-1515.3008748968132,-716.6302797594108,-259.4219003263861,827.1518032499589,nothing,147.48259640068923,70.55669636528727,18.5108356185443,-112.36672367649017
18.564069747924805,-1510.1024139584042,-720.9386445083655,-256.10834896564484,838.2368667186238,nothing,150.2987877467162,72.96546198894384,15.719994953239743,-112.14319061150822
18.66513395309448,-1503.7445840337314,-707.6919188653119,-252.21511311177164,849.3630690868013,nothing,155.6620413323647,74.5730993532759,16.285133075023463,-105.46053329262254
18.76631140708924,-1507.4844839894213,-715.8972593680955,-255.97371256724,846.6927805184387,nothing,155.30221995571324,69.07178131790546,11.808988308763153,-106.03346781824033
18.867170810699463,-1519.6653381451033,-738.963092344813,-270.56867214431986,837.6029536761343,nothing,149.71619176694279,63.39088012522619,6.446397342141585,-113.08022556185698
18.96817088127136,-1530.0360807222314,-724.09325012099,-272.7415540185757,827.4079863969237,nothing,146.64184911117337,66.46422134591901,9.664357254794355,-116.13571548140168
19.06922912597656,-1481.9521869919265,-699.2191755156964,-210.18050755979493,879.1457623839378,nothing,155.52142474947837,75.71780437477547,24.978167106920512,-109.12281800267439
19.17014145851136,-1539.206315413583,-734.2882174002007,-273.02578641520813,819.3896408919245,nothing,177.52276392492342,84.41805622268173,46.44725647519207,-95.57829898938985
19.2711660861969,-1454.8005133136176,-693.2951739858836,-193.6015310562216,887.212726588361,nothing,193.12466119499388,88.64272609504029,55.42511138975823,-90.68101722104765
19.371899127960205,-1483.4668464739807,-704.8888638485223,-222.55957641312853,861.848725088872,nothing,182.01358106942138,86.57484838703859,37.65339778840494,-106.13635132568089
19.47281551361084,-1532.2987201954238,-718.4048622883856,-277.4164289631881,819.0119109963998,nothing,159.86424745911782,82.17890154037352,11.69665186199671,-126.1157816397562
19.573522090911865,-1533.8358190772124,-729.8788753524423,-283.2207536944188,820.324615880847,nothing,156.97547897057458,80.4769375526166,6.369190950038869,-126.86995534934132
19.67510151863098,-1478.4067618339325,-693.8150200797245,-218.2661712639965,873.8799832463264,nothing,167.5188357649128,78.06285381448035,14.7754564271047,-116.88366498360236
19.77579689025879,-1530.4325101175343,-742.665593300946,-281.5714578139596,826.4094331087545,nothing,168.7209613773258,74.34475950726156,15.578358252192443,-118.06799394240457
19.876909971237183,-1519.0576044023037,-717.3502105008811,-263.6031084768474,831.117967152968,nothing,169.17571624374202,80.55198171956854,17.334565589655003,-123.12935268655258
19.97807168960572,-1481.06396075245,-696.0664398530498,-218.320399813354,866.7143349312246,nothing,186.49025240620998,98.34136833566056,33.805008204672895,-114.08542293624552
20.07853841781616,-1495.3989972826091,-695.4156972607598,-247.33080376964065,841.6869244277477,nothing,203.19646870642902,107.93517410002211,45.776640272595436,-101.93223248187135
20.179299354553223,-1480.3571196608243,-707.6339504159987,-231.346471359022,869.9867473924533,nothing,192.89867244595112,96.61790474730205,31.96652083638471,-108.37942034435436
20.27989506721497,-1513.253279671073,-708.1238773101941,-251.7850246168673,840.864146437496,nothing,169.92777064861923,81.84020883329151,13.12380918241871,-124.41253059254889
20.380746603012085,-1537.9740183781832,-734.2732578003779,-277.104147316888,822.2918032575399,nothing,168.50997422680646,85.68829416895368,22.92331635753379,-124.25843971336013
20.481565952301025,-1490.3426525425166,-698.1308646285906,-212.0224082879722,863.236227972433,nothing,183.95988286105631,98.05758517933523,48.210230909416296,-112.55883916875752
20.58233904838562,-1496.7042223671451,-699.1630770163611,-212.6170523809269,860.3191060069948,nothing,182.72931338913017,92.82051789464948,47.27588268694142,-116.35496652902117
20.68374538421631,-1533.0410903366285,-738.5404836498201,-266.8680411381647,818.0283173080534,nothing,165.94220708066922,74.80724405952306,23.52106061927684,-132.67753060779725
20.784292459487915,-1533.2654843339697,-740.2383982297033,-261.89023429714143,829.4499717727304,nothing,166.92920077209595,72.65267224710014,20.680600233599385,-132.14251330307582
20.88668179512024,-1485.3517560516484,-704.4737349534407,-213.27153487317264,867.1201140764169,nothing,187.70280145961843,87.89432481291564,45.622986600898905,-112.91860846739442
20.98762035369873,-1494.1293012476526,-703.7444544620812,-209.782208214514,861.8917339383624,nothing,196.36448930445786,95.81982306177552,61.710978284246494,-102.04927523521842
21.088300228118896,-1516.8903323779814,-727.8780288761482,-231.1856556609273,850.9113876684569,nothing,183.7313291100544,91.45030320886245,55.40067185500909,-108.73613869711326
21.19049334526062,-1524.6655843858607,-715.7906722193584,-232.6442166436464,845.6418686308898,nothing,170.32992193866255,90.1192075195067,48.24013997635269,-118.79704240415467
21.291544914245605,-1503.942798731383,-693.6205452820286,-194.97220438998195,859.3074630689807,nothing,166.7219136713685,93.1894510938898,51.47382357909248,-124.37980282703901
21.3921811580658,-1546.4131026281975,-736.1581673780456,-250.24792573507875,818.5462934519164,nothing,168.01418892759952,91.44279950198893,56.8482918070744,-127.11634403866105
21.49318027496338,-1503.0414828420617,-702.8169592730701,-191.8456480270252,857.8676015860401,nothing,173.0571295290804,87.51678601646452,59.13939303974708,-126.24024767398058
21.593992471694943,-1523.7119098971598,-732.4220073223114,-234.45058832224456,828.8235385301523,nothing,179.94781033987095,87.1640256422988,56.43987339067277,-124.87673863569493
21.69495391845703,-1506.1942185047085,-710.3341581840068,-222.90551715902984,840.5556046911515,nothing,179.88008066002755,85.81226384715364,45.729831323673686,-131.8228829732322
21.795418977737427,-1508.0230295830406,-722.6907876376063,-226.5519196158275,834.351110664662,nothing,174.76732313878665,82.26081351795233,37.143219159467,-142.52541476915871
21.896211862564087,-1532.6166116916577,-732.7342889686115,-248.3424467076548,809.0058086649515,nothing,180.45246902962415,85.94899187545658,50.1450301717007,-137.6389964628695
21.997287034988403,-1478.5264386325143,-701.3153894408606,-179.4759289235808,863.5709490184672,nothing,198.02328358294426,97.26185920396225,80.64733952430264,-114.527031876911
22.098002672195435,-1487.5059384261258,-701.6183213372715,-176.79816055530682,869.9362587430514,nothing,206.96875893203995,102.19239439783239,98.65650242796157,-97.30599984146039
22.198686361312863,-1484.3719022632577,-710.7773363287561,-176.181077062618,870.8749736319296,nothing,198.36801283604274,95.35265428975528,90.3437304984361,-101.98430435474033
22.299654006958008,-1532.6203515916131,-738.819106196519,-238.1661789282225,820.8014531251974,nothing,185.58466090204183,85.25441724488228,71.24877615486551,-118.04048975458826
22.400436639785767,-1482.4533335859887,-705.0029307971708,-177.2095495504327,866.2973360861652,nothing,177.2050192412455,76.83993909814143,55.64054478971133,-131.42852957709
22.50159883499145,-1528.2297090436332,-742.039160058368,-242.63161947531623,818.9950814465992,nothing,171.79460989245692,72.92430205949,48.444382987118864,-136.6385122210729
22.60268425941468,-1527.3134335544892,-736.623784922529,-235.6492262580432,819.2456547436304,nothing,174.88023908451373,81.42956417856111,56.978047376805776,-129.75076835401632
22.703293561935425,-1486.249332041014,-696.9771054922603,-174.68511708034202,867.8419147678651,nothing,190.18605696637607,99.28097735270994,77.87050041375096,-115.3896295941755
22.80424809455872,-1479.2332797241395,-685.3796757296659,-182.2097957911901,859.8647081623785,nothing,204.74577695556036,108.98147466417299,91.44123091242423,-108.04018958942525
22.904788970947266,-1503.1611596406435,-728.3586060204543,-212.50672533223403,827.4210760467686,nothing,203.37875483063948,103.66724149078765,86.45287258434172,-113.46033219752917
23.005560398101807,-1483.9305940684862,-692.8258165414445,-183.09615208068865,861.5140040428378,nothing,186.82798487155162,93.10464082735515,69.82540071273255,-124.56509256882384
23.10681939125061,-1520.3385201371275,-723.6388522763737,-225.50661757821217,823.0678324983455,nothing,169.79680770577406,85.63142941403939,54.989516042585905,-132.62847323406996
23.207961320877075,-1523.2930411021223,-724.5326883657835,-220.85044213337824,832.2492868895642,nothing,166.92914227496203,83.64961475414269,55.18945652223255,-130.89684275720174
23.308644771575928,-1511.8339876378886,-718.9864167314954,-215.6445013950579,832.7840925832279,nothing,175.856020347987,87.45194070088762,71.80612828203954,-120.49293496550987
23.40978121757508,-1492.6483008651994,-705.5751354903914,-162.69873772235587,867.0303564774804,nothing,177.9505045441624,91.74630009603351,87.30157512495975,-114.39681212073671
23.510583639144897,-1531.1767502087168,-720.7965283100493,-203.62072303751484,824.6610298794694,nothing,164.18641026225953,88.88854513163841,87.96412081985837,-120.89333539717448
23.611475944519043,-1534.673556667287,-726.1894640461542,-198.44470149884,831.3778901998885,nothing,147.24088696120015,78.72651972716038,81.29971141775353,-131.93916717504504
23.71201801300049,-1534.613718267996,-730.3594524967484,-183.6010385747068,825.1285173739307,nothing,141.42060419758496,69.02234438592147,78.41736761324415,-137.41729940263818
23.81274962425232,-1532.8971041883342,-733.9310569544323,-195.5574987330474,829.7472938192077,nothing,146.25144682839607,67.32198369545522,79.31111716291765,-136.52903522003734
23.91358423233032,-1539.699982207734,-743.884800686501,-214.6627776566893,807.6594446809031,nothing,151.41445722048036,72.49446116100552,78.69422646210148,-133.51172002193388
24.01451539993286,-1517.53359517036,-708.1388369100168,-184.5341436136514,840.0058393976651,nothing,147.24361115936492,74.82729978464329,70.41128839612686,-134.31531745622482
24.11528515815735,-1546.6786355250515,-745.0628691725433,-225.94979572296145,813.3702719132416,nothing,135.16737618604196,69.92928077162864,54.901935778758855,-140.75805359811352
24.21645832061768,-1547.5238529150374,-729.7031000545248,-230.37783727049828,810.640144945588,nothing,128.7920909651407,66.01389589177685,46.74355250192294,-143.88019564307237
24.317360639572144,-1547.7519868123345,-740.9527191212401,-227.05306620988995,812.4315570243634,nothing,134.72189061154677,68.7017599071969,56.24119913173345,-136.4006664971746
24.41852235794068,-1513.3561269198544,-712.3275248603895,-182.4921582378447,849.4042079863138,nothing,141.6232963106063,71.83624268251117,70.99277520986728,-126.3798058416729
24.519556045532227,-1548.7019214010795,-742.3851008042693,-218.0174679169432,810.2698948499747,nothing,141.4456975357145,72.63016667708064,77.42525291731889,-122.35056854166848
24.6206328868866,-1516.6023600813933,-715.4204221237451,-180.50253146141768,851.4087943625636,nothing,145.12313034118554,78.36965485708419,83.85026352081837,-116.78681289823614
24.72105646133423,-1508.0492088827305,-706.8373517254367,-175.80147721711546,849.3967281864025,nothing,160.24108489923358,88.88763507943465,98.60050406748663,-102.23996211964382
24.82472586631775,-1513.2925486206077,-717.1519958032295,-187.3465483803302,844.9948659385554,nothing,168.86661056111572,89.6285721382584,104.42205344493425,-92.6247374794834
24.92514491081237,-1495.0156575371511,-714.7678095814772,-160.1873949021101,868.0644388152286,nothing,150.84959088690334,73.36277466860477,84.36512311419598,-106.01116384080946
25.0257260799408,-1550.822444675956,-741.1528037688695,-233.8821235289797,814.4978517498821,nothing,121.54727491366089,56.782235917713095,59.785156501891194,-129.7153062264483
25.126133680343628,-1562.8163038338537,-748.4568283823319,-220.83361258357763,799.8187444237992,nothing,116.20495261718679,60.596917424344724,64.95278907302888,-131.6034052552166
25.2276554107666,-1510.3754266551696,-702.5308569264598,-163.39248916413635,858.7221687259153,nothing,137.03907854353332,79.39192010353233,92.24702550522542,-109.39452048193402
25.32837581634521,-1499.1594666880555,-705.7621304881759,-161.69083468429744,861.837505389005,nothing,150.78094389311408,89.2263695710582,104.42576303375084,-94.74391624612784
25.42899489402771,-1552.942967950832,-728.3548661204986,-226.09191192127764,806.9208144396544,nothing,139.09952029780956,80.831165884564,90.40937692543916,-105.76922458124592
25.52981209754944,-1509.0253227711655,-709.5319496435113,-158.01825292780995,854.9299101708457,nothing,117.67580485709377,66.96957099106046,71.11335337448797,-127.2677693322916
25.63029646873474,-1557.311171099078,-741.2163820681162,-227.68136940244585,796.40795566421,nothing,107.87639703357702,61.10859986920801,65.2899861375716,-136.02261651302743
25.73074960708618,-1557.3523099985905,-733.1494178636931,-220.16791039146483,802.2384596951306,nothing,113.81092769639886,63.536188371305116,73.74502057344458,-125.48868273643394
25.831770420074463,-1497.0277237133123,-710.6838388298638,-150.50479391682893,867.0172668276355,nothing,125.40805287986458,67.36583791446228,85.24619290220522,-107.82701030646257
25.9322292804718,-1540.9603284928016,-733.1456779637374,-214.74879535567013,824.3693176829256,nothing,132.61110655366764,68.93175662320115,90.05451929227408,-97.46201733626319
26.033345460891724,-1514.5977737051437,-724.936597560998,-181.94987274426967,842.5863703670911,nothing,132.08100522613995,67.43774339124982,87.6979701512227,-97.22454692615403
26.134477376937863,-1513.9806902124546,-717.2922420515679,-183.94697932060808,851.9024611567147,nothing,124.00797923930759,61.22453126869479,80.31670403574464,-103.16836298020473
26.23491883277893,-1535.7768271542154,-740.917190071661,-210.915397901088,820.4461626294069,nothing,113.80789902517579,54.07895844306057,69.94080318054942,-110.66998240535577
26.33570694923401,-1540.3843838996254,-735.501814935822,-219.4984682993964,820.5209606285207,nothing,112.34478304314443,55.9838554500607,63.69624442554554,-112.97770386532075
26.436124086380005,-1510.1360730580054,-718.6685252352618,-191.52401663083583,842.1936808717437,nothing,122.58712178408635,67.82890658552705,68.99359236906218,-105.63915862607928
26.536691427230835,-1502.181305852253,-693.820629929658,-194.21300469897687,844.0972899491899,nothing,134.35848499535837,77.83015349952086,84.08705036511039,-92.20306008477763
26.63738775253296,-1518.4049918600358,-735.5616533351131,-194.2092647990212,837.836697423365,nothing,136.48646408782832,76.95766547748784,95.55305524391227,-83.11373758088563
26.73832654953003,-1498.0898553007282,-697.2164590894245,-168.2618389064446,862.9837847254239,nothing,124.9705918672081,65.70479857450006,86.60414394712038,-89.13118759745946
26.839427947998047,-1529.0487471339293,-738.8041465966962,-221.1402843799442,822.024400410708,nothing,105.6953805691621,51.07755936681453,59.70187458529709,-106.66596744509279
26.93992829322815,-1544.6291703493334,-742.1812762566842,-237.2368137892336,813.5535270110704,nothing,94.47994235387601,45.09809092214005,43.16035324743353,-114.466205820357
27.04032754898072,-1535.6571503556331,-729.4394371076487,-225.04847983364016,824.8779440768994,nothing,101.43913676688919,54.25393881676116,55.80875134453727,-100.57974503580816
27.14098143577576,-1488.130501718726,-700.1261012549512,-166.68734102509916,874.6522725871764,nothing,116.69888632479969,67.81465443673038,80.25458035414556,-80.56864551208281
27.24157762527465,-1533.648824079428,-732.607132370118,-222.34827206563205,824.593711680267,nothing,123.11525647954595,68.75949658535636,89.06451091496892,-74.28577920975222
27.3422532081604,-1493.6244147536345,-708.0434694611467,-172.84695625212044,864.2067320109345,nothing,116.35851225100913,56.15520196424695,79.02285910194327,-80.82887886547162
27.44288802146912,-1507.8883931846358,-728.4034848199226,-205.3953055664897,846.4683865210973,nothing,107.68788089815332,48.38878972596031,68.09153258074176,-85.81551691187022
27.544046878814697,-1529.7817675252445,-739.1033385931514,-223.892850747332,825.3828305709176,nothing,110.82779575509252,59.71479997730342,70.76287719758827,-80.74555816778056
27.644497632980347,-1488.418474015314,-679.1116034039296,-178.95047297980636,869.6969051458873,nothing,122.3452709176479,78.31695920689972,82.54376770470938,-70.09140262184751
27.74551558494568,-1484.525238161441,-693.181107037235,-173.4490801449865,868.735750857275,nothing,122.16074218583924,80.94843390380004,89.25831207548447,-62.620197384101104
27.84591007232666,-1530.9635759112423,-732.7081096689217,-223.83675224799663,834.1005373676307,nothing,105.53127639968613,64.88032489807406,84.53782554611377,-62.61121758127174
27.946894884109497,-1491.0326640843414,-706.4334425302222,-180.3379758633673,869.0068936040625,nothing,97.57692420839159,48.52281314440119,68.70348806842591,-73.02082007921425
28.04788494110108,-1521.1126794279553,-725.1965206079185,-230.2469407720492,831.5368359480053,nothing,117.21192537765486,46.301395345766345,46.33429165921,-91.52562234246588
28.148595571517944,-1444.687823833432,-738.0580365555361,-254.2309191878885,805.4547736570239,nothing,144.1834754036136,50.95866264580236,34.9868264007429,-100.64369361724188
28.249547958374023,-1469.8872697348706,-734.886601393111,-218.8327661072836,830.3138886624947,nothing,145.30089855487765,41.638593501332764,50.92755801526069,-85.87356720633817
28.350189924240112,-1475.358743370045,-702.4654086772352,-183.5655095251277,881.471980156377,nothing,121.24885242200108,27.37212291759035,77.50835918581234,-60.37620762959618
28.45108008384705,-1525.5594204752706,-737.8037233585492,-235.2920658122748,838.343453867361,nothing,103.62828926827714,58.07588744343536,73.0159678881561,-48.64727955518853
28.55175876617432,-1447.159897704143,-688.0967130474746,-220.5531200869009,870.689848584123,nothing,118.03317777135447,128.06053141269246,25.541114733015874,-54.6095126941838
28.65252161026001,-1448.1285317926668,-566.4415073888376,-281.07218116987497,871.6921417722479,nothing,170.887895476615,123.01169884071332,-14.816904282982836,-60.75004050167473
28.75306725502014,-1354.3468005037869,-807.2611453356221,-324.260545858182,823.3988136444241,left_blink,249.97677474110637,-21.33656114294875,6.240677793658918,-55.02499126999197
28.853634119033813,-1260.1536802197809,-983.552549446933,-165.6326892375946,879.3402371816337,left_blink,319.7358095475168,-181.1667354256322,60.528688996860616,-53.23845868091142
28.95538306236267,-1247.1874470734035,-958.7027841913514,-210.70596350356936,834.5175362126902,left_blink,347.35771361636665,-203.07872365927244,69.84570035947633,-80.31863701980063
29.056379318237305,-1250.658074232284,-844.5647774436511,-267.58984182961285,774.4248237246647,left_blink,344.07176582672594,-113.1842072481576,25.293783753500744,-126.21939102175725
29.15787625312805,-1250.6356348325498,-825.3678709710948,-284.7709422260523,748.5334963314235,left_blink,347.92935144676557,-37.61445969180335,-7.26361671001488,-152.64656005807984
29.258925199508667,-1196.23878997704,-773.3009837879799,-260.966479008086,772.2818610500544,left_blink,369.1033463983245,-12.165627192608316,1.4022581129904719,-148.9399182661532
29.3600652217865,-1213.4685090729035,-759.9719803459011,-268.70807191636413,759.7905951980501,left_blink,384.7675517313207,8.480003506756624,13.552710358294235,-140.76890777260422
29.460447311401367,-1210.3718719095923,-708.5259165554307,-273.0201765652746,763.3547198558226,left_blink,379.55052293619235,33.7609422477489,4.632716071025641,-141.67555931924983
29.561214208602905,-1190.4793440452777,-735.8122266321443,-278.59262749925256,762.7301565632224,left_blink,364.92473113723275,34.8160154283239,-2.1053348655118906,-138.3253856479179
29.66175746917725,-1241.0614909459837,-742.0428999583237,-268.18448592256755,779.5260472642258,left_blink,357.2626828956448,14.145561124059174,9.278083224845243,-126.34222629102032
29.76270890235901,-1241.4728799411096,-760.4357279404067,-269.4261327078566,776.2050161035731,left_blink,346.9591834674426,5.397651109624896,13.875827437005624,-122.61762913967812
29.86376667022705,-1227.1322335610166,-718.6647853353061,-263.8892108234577,775.2064628154039,left_blink,309.8146407625108,24.56257868186122,-8.840469683838279,-133.01932524718598
29.96509599685669,-1334.7366350861266,-698.3384290761314,-332.2171830139123,754.3677402622998,left_blink,253.40940886178782,59.04084028898106,-35.551150677092146,-138.56993241121918
30.065916776657104,-1391.6392129119486,-688.6857472904958,-329.0981064508669,759.5736810006201,left_blink,210.33877676284322,86.7798268973554,-38.59275359959451,-128.03613877600569
30.16689896583557,-1344.3631375720724,-633.8027154407464,-269.3307652589865,806.6852007424459,left_blink,182.47285280282398,90.7958974737202,-29.43432329078612,-116.00761999785561
30.26773452758789,-1409.4560963008553,-691.7075864546932,-323.11800642171875,768.8411530908197,left_blink,152.00734977578986,75.32535268800898,-24.605529357070665,-111.69543972540228
30.369027614593502,-1476.3142878087235,-691.9918188513257,-302.03619037149474,786.5682788807899,left_blink,132.67105004703916,66.32073971124251,-11.152843328985142,-101.23113256870568
30.470091342926025,-1390.2816292280331,-663.3591447905637,-242.5792608759366,830.4971437603235,left_blink,141.77396704032293,75.04711241452335,16.91886657591008,-78.15680904831295
30.5719051361084,-1388.9128258442506,-684.4409608407877,-236.25882995082063,832.2474169395864,left_blink,155.7258870284414,77.53978204509346,34.86496177268708,-59.652986418680214
30.673203945159912,-1444.641075083986,-681.5986368744634,-282.91408189805225,815.9975516321138,left_blink,150.15339593928843,54.37216493165399,27.850923372961585,-59.0932572342432
30.77434182167053,-1389.9151190323755,-725.9351508491673,-225.2523043812253,848.0821533519775,left_blink,138.88169112351065,28.437383076732406,15.819233340853897,-67.01029815945877
30.87521243095398,-1426.2987357513048,-723.3003913303837,-279.08255439344794,805.9297409513965,left_blink,137.41137107057827,32.878594943653674,21.094728736587257,-67.77814381960147
30.976133346557617,-1421.3732875096612,-675.9607376912609,-250.3077641343698,822.157166859135,left_blink,131.5111507205806,60.65434981769493,34.301820309432856,-62.608742704139274
31.077056407928467,-1439.9194513899274,-656.4197604227811,-229.95148867554963,839.959090648219,left_blink,104.87489194005585,81.34451269555274,27.82807497992497,-65.4116013341693
31.178215503692627,-1475.8748495639302,-669.8123421641067,-288.9820695761591,799.953380822204,left_blink,69.51078041389505,91.1991849134037,0.09627309579145837,-75.33530813233665
31.278807401657104,-1511.250563244801,-630.9323422247544,-304.90656358748674,811.146901389584,left_blink,50.03606999353518,106.0098323398305,-16.889056022286745,-72.43029310766083
31.379456758499146,-1475.6392358667215,-621.7770671332255,-281.22925696801394,833.3170283269137,left_blink,50.104958152221506,120.11070988872265,-5.1502092706125655,-50.951191161811906
31.48071885108948,-1494.2040992467664,-618.8113264683634,-244.6418157014996,867.63809022028,left_blink,51.40093778202646,114.00573117652662,15.068758684765717,-32.605457513556864
31.58129572868347,-1516.0413750880398,-670.2985291583464,-293.5821465216577,819.4120802916586,left_blink,40.16959307199153,89.9719634201916,20.895681376709604,-34.474415283944
31.68206119537353,-1487.9435067209415,-657.1490409141406,-238.2578064771369,863.3110259715468,left_blink,20.069898639530102,68.44359713577379,14.139659871156411,-45.8312175190984
31.783833265304565,-1563.975672820117,-675.1342198010534,-286.1808845093474,818.0844158073887,left_blink,2.797080064253322,61.011303253049,6.730004201526454,-45.75786843193154
31.885651111602783,-1518.1768579627387,-688.5342813422903,-274.0467791031115,853.0001217937097,left_blink,-4.3990298213846515,63.067108481751525,3.767812487720094,-30.767328388708197
31.98650622367859,-1539.9842146043666,-667.6768592894077,-282.181061506737,859.7730806134641,left_blink,-2.766636794518263,61.11619121359964,2.505241431846751,-17.442143388824295
32.08856749534607,-1533.9891549753956,-685.9911493724212,-275.5950976847671,869.253727001138,left_blink,2.8981873290371354,45.93877567153145,-1.629637211022418,-17.677072749309264
32.18989419937134,-1505.9511250075884,-714.5228461343795,-291.190480499994,843.4371976070106,left_blink,10.701992426928875,26.54829653200182,-6.257086372761629,-21.165421910983515
32.29089832305908,-1515.9628371889703,-718.6591754853725,-291.4148744973354,861.3513183947653,left_blink,22.160110683805136,20.208131363510844,-2.511954122041641,-14.036587289095937
32.391878843307495,-1475.4335413691588,-697.0799527410418,-253.1781373503618,888.1851005768403,left_blink,36.115300245931856,27.13576651191338,11.835559763452913,-2.1136687877661657
32.493552923202515,-1498.3516482976263,-699.9447161071002,-274.90321619296446,856.2949736546725,left_blink,42.42031456735925,32.307548281646,26.107773202817516,0.2281385796689932
32.59428858757019,-1472.62113660248,-715.8654702184722,-243.30854136729613,872.739313759841,left_blink,31.04146649926392,27.357810815955986,27.983911521991594,-8.587733262066209
32.69539952278137,-1509.4367117662914,-707.20760182105,-263.15993033209816,852.7233691969886,left_blink,12.845064486510047,15.755804502336193,19.391619186072578,-18.280384619744744
32.79674172401428,-1512.4136721310206,-713.5616918457672,-267.2962596830912,857.6188982389867,left_blink,10.588543511730649,5.962713851450323,13.92425478659679,-19.942568476641426
32.89696550369263,-1506.764553247951,-748.4325190326199,-292.21895298780873,832.9673476810567,left_blink,18.832402656970103,5.020117026767245,13.303247387835363,-16.42334383482202
32.99770402908325,-1475.3082547206432,-702.1475171810016,-242.26136937970296,874.7607296858914,left_blink,8.26080646696117,9.339017327954545,4.843859375106334,-18.81332906974414
33.098559856414795,-1546.1120406817645,-713.7711262432858,-307.10749471141025,837.4103488284163,left_blink,-16.82946985103542,10.127197344130332,-6.214334783517828,-25.56252258294317
33.19905376434326,-1542.764830221422,-724.6991139138117,-297.50717152515426,831.3554508001544,left_blink,-17.312167902993004,11.545454579168009,2.603071909121975,-20.54466928774999
33.299744606018066,-1474.152625634335,-708.8868169011548,-240.11840670509264,874.0277092945762,left_blink,9.239918525709506,21.179020117799062,23.646499942482098,-5.243485234191322
33.40044379234314,-1498.8696244414896,-682.0567746190354,-258.61221198597923,869.1284403526224,left_blink,17.068639065457198,27.171516522807906,21.154840098756463,-4.435066102869172
33.501410722732544,-1517.6588818188757,-717.3651701007038,-314.85656741959974,822.8022996014915,left_blink,-12.27140252737729,15.269983357151348,-8.565759571817996,-25.022054895710614
33.60217213630676,-1546.0035835830497,-728.8429230647162,-302.129687870387,831.8042387948371,left_blink,-41.85240765448002,-1.6462419827794097,-29.755927450254372,-42.080276726967384
33.70264935493469,-1543.9690780071542,-714.7921189311892,-304.8635547379963,827.8960433411412,left_blink,-41.14684744629008,-0.605368424944924,-22.87443349794932,-37.30071111053316
33.80347919464111,-1525.0414443314075,-712.937128553167,-304.7476178393699,828.7898794305511,left_blink,-25.697568592813134,16.032327943122244,-4.002609817334603,-22.043207789959652
33.90468239784241,-1503.8044224330224,-689.1719342847355,-253.46797959692776,868.2233845633455,left_blink,-19.136316396961767,25.560691690128472,9.68832782033533,-13.465958418137056
34.00532960891724,-1540.4180429992266,-705.0216302969493,-290.1451784623787,831.9313953933306,left_blink,-17.469755445609906,18.165958637134537,19.350927863006003,-10.423570903362833
34.10627484321594,-1486.5896629369818,-709.3150354460813,-248.77066525258124,862.1722264350392,left_blink,-11.946920775876471,7.803331959636568,27.11014276885775,-4.206515634693126
34.20695877075195,-1515.1288394988514,-714.311541786883,-259.3433624273166,866.7723033805378,left_blink,-12.06857454370396,9.684438365431143,25.750406279497263,2.7959777402573405
34.30786776542664,-1498.591001894791,-689.8226768770255,-271.11656748782843,861.1699332469143,left_blink,-23.992724980187642,19.359845794160943,13.319501226612426,2.6840113348208394
34.408935546875,-1565.0752034070902,-702.7627307237126,-312.53221959713846,839.018505809363,left_blink,-35.606537434525286,21.220582065033597,-1.19780472070508,-4.29522146449705
34.5096709728241,-1477.385769146029,-700.8815610460006,-260.2783374162391,871.6229536230676,left_blink,-35.95474102808299,11.218966147069894,-9.07499614388475,-9.453280117613552
34.610576152801514,-1540.9752880926244,-715.0258626784198,-317.0387990437448,839.3513569054194,left_blink,-25.528287832781768,2.356886692157037,-4.2260691923456495,-1.8479803319412156
34.711121559143066,-1496.7397514167242,-704.060476008337,-276.26640972681344,874.0725880940445,left_blink,-10.363036531814503,6.8124261038934275,13.31455206092918,19.87569509420743
34.81191277503967,-1478.2197668361478,-706.3455548812635,-252.83593650441617,899.320652694907,left_blink,-2.5240036092518316,17.274706573822122,25.951775708052978,37.37998561905451
34.91249990463257,-1484.4691396621056,-687.9059781497344,-272.3301650234498,889.1013760659844,left_blink,-10.424820561149893,15.637815327602878,15.371306542620259,32.408816924000085
35.01274538040161,-1529.1385047328658,-706.2352278325707,-305.8022696268745,865.4839078458026,left_blink,-25.078330289026276,3.6509171795549076,-6.82705974648853,16.573151944109412
35.113794803619385,-1509.5189895653166,-716.4937734110281,-307.4216463076882,862.9968743752688,left_blink,-34.24558206600067,4.796894857742505,-14.683014859923897,15.987389004994412
35.21467423439026,-1481.4772196975537,-692.6369515936822,-277.3378910641186,899.453419143334,left_blink,-37.144263565200646,22.426424278827767,-6.546255257199771,31.288588661107028
35.31591844558716,-1567.9661460728385,-666.0911417081952,-316.55822189943865,877.9228150984272,left_blink,-36.171156151927,27.0287646011009,-1.0628534108250451,40.21739334081927
35.41662883758545,-1480.7105402066372,-707.7648469144478,-279.16296224249527,894.1240617064759,left_blink,-37.313868488631904,7.007074542971614,-6.640154484200414,33.44668138240296
35.51800084114075,-1515.7870618910529,-732.0367976268753,-315.6905651097186,868.2364742131904,left_blink,-50.043225702305094,-7.396153791629383,-15.743392485145087,23.483179513235722
35.61891317367554,-1565.486592402216,-688.754935439676,-312.29473594995216,874.4708874393255,left_blink,-66.66666943453394,3.604875494055076,-20.52794161641577,22.03363324476351
35.71980404853821,-1532.8372657890432,-696.4553894484416,-313.177352339495,874.2577131418511,left_blink,-67.53612882360632,17.129792189711086,-19.788879812712956,28.147530444650275
35.82124662399292,-1505.1545263170265,-684.0987599948421,-290.7529122051783,901.9591521136464,left_blink,-54.08642739523786,11.134864358564556,-14.317742833828602,37.29028108186866
35.921648263931274,-1542.7910095211118,-737.3773747636005,-335.5400841245428,861.523353792727,left_blink,-45.44935073028137,-4.060516104379762,-8.656699420785664,43.89850803102733
36.0223183631897,-1494.8417521892115,-695.6363513581455,-274.8302881438285,913.3658469785004,left_blink,-48.57256243110122,-14.286773023884876,-14.308390269657615,37.58253022300412
36.12332057952881,-1537.9067001789808,-728.4726729691029,-336.8565289089456,860.5846389038488,left_blink,-56.8828982448282,-20.467422815820832,-32.71052216913396,18.6672956777552
36.2238233089447,-1522.902221556753,-736.5770361730829,-342.6421541403979,847.1060394635424,left_blink,-65.1310250354435,-22.4050739043065,-43.84146813830016,8.703278021237074
36.32468581199646,-1536.7548109926283,-725.5892101032659,-339.24632498063147,858.942822823301,left_blink,-68.52515774413035,-16.98163526935896,-34.37066319144302,20.818763435418077
36.42552256584168,-1516.8884624280035,-681.7688023224473,-275.765263132751,918.5680478168651,left_blink,-61.062692686236204,-7.118850467594653,-18.03836825909693,38.90339775570905
36.52616333961487,-1530.7073927642778,-727.0664705857635,-345.10300831124187,858.3743580300361,left_blink,-48.27230065760817,5.659212300599746,-9.909625585095586,46.421108081868994
36.627150535583496,-1483.6482316218317,-679.9886099435389,-291.323246948421,896.0127111840993,left_blink,-47.68751489156387,17.8521712631742,-9.61701116921396,45.47434028639543
36.72826266288757,-1532.4988048430532,-669.5393294673413,-300.8562519354746,899.3412221446633,left_blink,-63.09104776905152,13.44567405824758,-16.25457740529815,38.64043729888849
36.82936334609985,-1546.6543261753395,-730.110749149695,-337.4698725016788,858.2659009313211,left_blink,-76.38692300969262,-11.876556894479563,-27.142968340871114,27.475085120717594
36.9299590587616,-1523.8521561454982,-722.4626537403092,-322.54019187856466,867.553942471277,left_blink,-76.76138223028292,-29.567220928517223,-27.83488207077608,25.487407736966574
37.03079009056091,-1521.0098321791738,-723.6893409257755,-303.7658941010013,890.1990367029794,left_blink,-72.84356110147567,-14.664644587984714,-10.20967196694884,42.089810546062694
37.13130974769592,-1547.0208363709971,-669.4084329688922,-286.2145436089486,909.9980670684016,left_blink,-70.85655671229253,15.297520748256243,10.68997851747118,63.82415043045898
37.23208022117615,-1512.7446532770991,-685.5161820780486,-292.662131132558,899.0775591977872,left_blink,-70.02490296724373,24.878414893216753,12.822488962164726,69.60247008667186
37.33312439918518,-1530.957966061309,-687.8910185499117,-299.0386605570093,909.9120493694209,left_blink,-74.61214820880217,6.615202757364091,-8.619369067099642,55.17600404481548
37.43428063392639,-1525.6248687244952,-712.0096333641559,-334.5564904361963,876.0659547704272,left_blink,-82.93580654966793,-16.721655705354404,-37.213088340799864,36.65236825865324
37.535151720047,-1557.8441068427635,-727.8032308770344,-367.979976340197,861.7832768396474,left_blink,-78.61031688832104,-22.974493439042092,-51.467363407829325,34.12442974620957
37.63700079917908,-1473.0381354475394,-696.462869248353,-317.16221574228257,914.1119570196606,left_blink,-54.41186544712161,-10.930914263928537,-44.20631313659894,51.49625985210063
37.737741231918335,-1498.60035164468,-704.3839773545042,-347.3469482846558,894.8290328481235,left_blink,-29.43628621392594,3.031571010097861,-27.30920877222375,72.2774229961106
37.838423013687134,-1483.0498476289213,-690.0751201240346,-323.1946743708104,919.4562740563416,left_blink,-28.738419158701902,1.2201959390315062,-20.529793566266115,75.75774313150661
37.93876791000366,-1478.2739953855053,-707.9593217121437,-311.5804150584154,907.3371282499284,left_blink,-52.30854791475845,-18.574030987750664,-32.29633058542279,57.89894250015401
38.04016184806824,-1535.0419368129224,-745.6724728653207,-366.02213871339336,867.4436154225841,left_blink,-71.89898181648434,-40.91375751580322,-49.20739942323756,35.93513090390956
38.1408429145813,-1524.9292473327368,-744.2737502818927,-372.1967135402374,856.7998601486906,left_blink,-66.92003777818384,-49.97038680630001,-55.91351238106135,27.474139980521645
38.24159264564514,-1474.5602747295052,-723.1171362325549,-325.56016109278426,893.0768897188827,left_blink,-53.900592510268055,-42.87456382663654,-57.4540056179125,31.398261910428502
38.34211444854736,-1514.3079314585775,-734.7931038942188,-383.5547897056677,862.2862933836877,left_blink,-56.70357228927198,-24.89436457210113,-59.499247453911266,40.174121674524436
38.44339990615845,-1514.2480930592865,-692.868825390935,-354.1890952535905,894.8009835984558,left_blink,-65.29975046829557,-6.517448620747366,-49.839270656772015,53.89750774321569
38.544089794158936,-1498.2712404485792,-697.9625691305846,-329.2851014486514,903.1596599994228,left_blink,-59.31936715466994,-3.8756429537176365,-29.16512622707173,66.42050655228499
38.64506101608277,-1492.8521254127843,-705.4872478414327,-320.51503605255857,909.8279016204178,left_blink,-50.00876508362505,-20.96129217147422,-25.61466015768222,61.87698463652904
38.745582818984985,-1504.7524870717898,-742.28038360551,-368.0267250896432,864.0590059626848,left_blink,-58.34571675941323,-36.150432001541596,-47.79449641506298,42.04807223774236
38.84612488746643,-1495.657050379552,-708.9503952004015,-343.3097262824885,887.429640785791,left_blink,-71.3501901641806,-28.639029738996754,-60.718517398868705,32.480184977364274
38.94705772399902,-1538.0188971776515,-708.0752586107701,-377.3372060293332,862.5088174310513,left_blink,-64.17919908054323,-10.691468896376104,-40.33508511221396,44.827301965683084
39.04800820350647,-1471.2654228685424,-699.8325191084296,-299.97737544588745,902.925916252192,left_blink,-51.76187941787868,-10.582272647472307,-16.84561800766387,56.64581920335791
39.1484637260437,-1496.5209672693163,-712.9184290533885,-322.83938387501985,898.6138116032816,left_blink,-66.86750492868735,-28.970610670383255,-25.43620432466035,49.25544058880014
39.249587059021,-1552.2791357086971,-736.0497102793306,-374.999768557027,858.9259932735004,left_blink,-97.07620452650283,-38.650031911847904,-48.68140593460283,40.11593786443751
39.35003638267517,-1554.3734796838835,-730.5071785449982,-371.67125759646297,877.2365434565581,left_blink,-103.2529162823365,-30.129422099685524,-55.92343991657613,47.26399768534768
39.45071721076965,-1496.9510557642209,-686.5857934653759,-332.8174369568005,915.2114876066336,left_blink,-86.4002633229161,-25.011163180721987,-58.52649814011885,53.259943202605456
39.55170822143555,-1516.0582046378404,-741.158413618803,-392.4576215501874,868.1224072645418,left_blink,-74.0051976069817,-32.78654999391918,-72.04942286656399,43.35568654196954
39.65277552604675,-1526.0399976195768,-724.4298411170021,-405.73800629284233,864.7228382048197,left_blink,-65.33580580135755,-33.873077165881426,-75.75910494347042,39.232676725040726
39.75336742401123,-1463.5687087597323,-706.7849931260571,-348.67087286897004,893.7332421611063,left_blink,-48.009458292934696,-20.873237099111385,-59.511140454644945,55.018752869450665
39.85421323776245,-1475.0240223240107,-685.6844775760546,-350.11447425186634,923.1325957127848,left_blink,-35.026697975415516,-12.909647474554168,-50.3766208130985,67.34900529039611
39.95485043525696,-1473.017565997783,-727.831280126702,-383.8932506516576,876.7765357620083,left_blink,-40.5100183763548,-16.898667249100566,-58.95932015020095,60.83846068748674
40.05549192428589,-1507.1965116928332,-693.9814456277527,-381.4510959805921,884.678944368381,left_blink,-53.51956948836214,-17.29909536932113,-63.01792759738852,52.57151599682167
40.15616488456726,-1471.7721793125384,-693.4541197340004,-343.36395483184606,905.8766973172314,left_blink,-61.23722176147797,-9.56932415305009,-57.966599356719264,52.70804937527399
40.25650763511658,-1514.3845994076692,-703.4620920154266,-390.09026487823576,872.004423418548,left_blink,-65.82215812898548,-6.681405684887695,-62.179370131583106,49.97978755632112
40.35743570327759,-1502.6824524463154,-687.0401913099922,-377.6812768252567,887.1622379389592,left_blink,-69.91202693544109,-11.051886359827343,-73.31024745526321,43.83944635444147
40.45776057243347,-1503.785722933244,-701.6370208370499,-390.9093029685319,875.2282171803527,left_blink,-72.5661169595959,-10.55247660477734,-72.81490851726707,47.092939140450866
40.55852198600769,-1512.8624601257034,-704.0941351079382,-374.6407381612808,890.191556903068,left_blink,-77.21883901041483,-6.041555987990809,-64.85000869127015,54.97423506943941
40.659010887146,-1516.2695089853369,-679.6277095978148,-370.2463557133451,894.5709797511809,left_blink,-81.2986089340971,-14.441697904013292,-64.62513126665586,50.68786631420918
40.75974845886231,-1483.6837606714107,-727.8724190262146,-374.1470713671297,876.0509951706044,left_blink,-67.82005786285723,-33.635007848991286,-60.63298549041663,41.72635102647412
40.86034679412842,-1501.54178295983,-729.1028461116366,-366.1100263623521,871.5107566243969,left_blink,-34.41797038954661,-36.91393492656716,-35.35673221800009,50.696110601655484
40.9611599445343,-1424.8027757690288,-707.9032232128084,-310.40234657237306,913.1451928811148,left_blink,-17.58861790233768,-20.009845161149332,-10.47012170457122,69.63362552656693
41.0615713596344,-1471.4804671159943,-679.6707184473053,-319.4267251654528,918.3249543197452,left_blink,-47.775654888861425,-13.293022537643495,-17.69060625252549,69.09089963338096
41.16208100318909,-1546.8918098225258,-722.212080443278,-371.4524734490551,871.5799447735772,left_blink,-95.58088576360163,-28.22769017078883,-40.068345461235324,51.35825341643781
41.26316261291504,-1555.5908171194606,-743.7165051884949,-373.1915269284509,866.5834384327754,left_blink,-112.75781382026464,-39.40108395341241,-41.65057573880425,44.31382761690695
41.36367297172546,-1494.2788972458802,-690.8455395149067,-305.5479564298876,917.6368127278984,left_blink,-101.73642243172883,-34.099457124342706,-31.24412879930222,50.304243121697
41.46420693397522,-1547.6958883129992,-722.1821612436324,-372.8250167327933,869.1826689019799,left_blink,-92.13488273082795,-29.40097266663964,-36.44862144607025,50.834548342998865
41.564817667007446,-1531.692856402602,-730.2416456481442,-385.4209997835569,868.1654161140323,left_blink,-86.03523385485,-32.614625899747686,-48.03663339038133,46.51572357087905
41.66554284095764,-1466.5250996747054,-696.5638465471566,-317.85222728410736,916.6195599399508,left_blink,-74.30117980170279,-29.499173912618094,-42.97407863540941,51.02669306245757
41.76934599876404,-1538.0095474277623,-704.7916264496744,-378.61812176415697,874.1081171436235,left_blink,-67.31525022539684,-15.863596619732723,-28.997987406540812,61.53762818748234
41.8712797164917,-1477.0790973496623,-710.3603374836966,-341.2527813068591,896.2745041809976,left_blink,-71.49551957792238,-9.490639055267394,-28.081355653927442,62.295768200357045
41.97222089767456,-1493.7684009019283,-671.7570901410654,-328.277198410593,912.9413683335296,left_blink,-65.40552397058843,-22.571065200381124,-38.02879173464341,50.72025102078983
42.07252025604248,-1490.8774582361802,-752.206078087911,-396.9193221973255,850.7131729708053,left_blink,-31.740241135247622,-39.447464435992146,-38.85324239570361,43.77986102722492
42.17285251617432,-1400.5177354067564,-719.7811454720795,-333.99924534279853,890.8609989951365,left_blink,4.582760031714988,-38.363389246138055,-31.145892358469744,51.42899668455695
42.27343797683716,-1421.0348265636712,-691.6084791058674,-338.6180217880756,914.7851390116848,left_blink,6.84383017872387,-24.2281176507576,-35.750453336481655,59.76039992273314
42.37596607208252,-1462.308362474665,-706.665316327475,-382.78998016472906,883.1007065870799,left_blink,-16.945101621511284,-18.15043422644985,-50.939715414540444,55.689033327789545
42.47664523124695,-1467.2263309163973,-730.9709261395037,-399.615790065378,856.6483942004852,left_blink,-30.444215724915452,-29.42552696326281,-54.32821324233191,43.5512935583091
42.5774827003479,-1426.0051536047831,-715.674735320732,-323.84541696310043,898.4342964054085,left_blink,-24.70015763205957,-53.742457463407085,-47.7856764359497,27.4957220477458
42.67782616615296,-1470.7081777751446,-754.509856460616,-387.3750975104049,838.9063088106923,left_blink,-14.436332309887979,-76.08980171540372,-47.893865257991294,11.693760159514614
42.778751850128174,-1426.573618398048,-788.7748198546469,-386.0249936264008,825.8316185656004,left_blink,-4.669007593116163,-74.25960959021408,-46.22103082641917,13.002677073782124
42.87937331199646,-1432.759412924759,-697.8241928322241,-324.36526305694133,904.0890251384116,left_blink,2.596807729109532,-45.804845156927655,-29.226535848554104,37.715587959401915
42.98023867607117,-1419.082598786801,-711.7328807674348,-340.8937509111129,889.611872409936,left_blink,-4.089368592329929,-17.70341622060914,-12.045291854841675,62.486996084210205
43.08135771751404,-1482.436504036188,-693.9384367782623,-352.79785247007385,888.8638924187981,left_blink,-27.863509953199966,-9.675466556288256,-15.475645252609157,63.577113506673875
43.18197846412659,-1465.72289113421,-693.9758357778192,-332.37799871200696,903.4607219458558,left_blink,-53.560622814547074,-12.467363231397375,-32.696413021891146,45.79259496121184
43.28317475318909,-1500.8143724184483,-695.9018842549995,-377.7878639739938,853.3872014391236,left_blink,-63.84098924293168,-13.096264081653606,-39.134645222622005,31.164642797055045
43.38432240486145,-1490.2715944433585,-694.5779596706852,-348.72884131828323,873.1600525048561,left_blink,-56.110729679232506,-13.471921640503513,-24.379865148415256,32.90658962455019
43.48529767990112,-1473.8197745382786,-701.575312487781,-319.3257478666492,888.5011221230961,left_blink,-46.88454946073604,-15.152118750571457,-3.92016727352138,45.8602097151413
43.58610224723816,-1496.363891471177,-681.3574133273214,-322.1680718329735,895.7939270366915,left_blink,-57.515892923833285,-9.552723117785735,2.7408333989466467,56.80666842701741
43.68688535690308,-1496.573325868696,-701.0629461938515,-338.41419724049047,881.8179209022783,left_blink,-84.87750568661383,3.1030139275162654,-4.590373937404944,56.664699963202295
43.78792071342468,-1558.5472080344334,-659.3855010876432,-336.5479871626012,896.7663010251708,left_blink,-97.27859608246212,3.2979035853401246,-12.957369539558957,45.43039537666874
43.888569593429565,-1482.8703324310482,-702.8281789729372,-315.8401611079462,881.7655623028986,left_blink,-75.80395664274971,-19.21367300333467,-12.320004265426572,35.732781401200754
43.98897385597229,-1490.34826239245,-737.648517510388,-366.3232006598264,853.2637847405858,left_blink,-44.34052229699678,-43.03184123356819,-2.1976406091687544,41.47855423538569
44.08948254585266,-1466.943968469743,-726.9561435370706,-296.7049629846588,908.6816222839988,left_blink,-37.044399680291605,-44.861628324942785,6.770766363991941,54.382578809544796
44.189878702163696,-1467.4675544635393,-694.5499104210176,-302.3783912174404,917.6461624777876,left_blink,-49.96473729809799,-32.2162986369311,6.089885341507477,55.070890757297235
44.2903733253479,-1513.266369320918,-732.4238772722892,-368.52226183377206,840.6752814897336,left_blink,-53.05400571760877,-25.874362247983527,3.02103220604255,46.54354602622073
44.39099049568176,-1462.0596591276117,-707.8938734629191,-298.2869406659156,908.2664933889172,left_blink,-40.680334378912235,-31.076040007280046,3.5696270496798093,44.13715983314525
44.49170708656311,-1444.8860385310836,-703.8473017108627,-307.25522075966,903.4308027462102,left_blink,-33.361919450159064,-38.04608996108285,1.4119439247091146,47.13670750108144
44.59275341033936,-1501.302429362666,-742.5777056519873,-369.4534969227389,855.010318019893,left_blink,-36.93332039502317,-35.34584908904242,-1.585545234746439,48.976117752414645
44.69341540336609,-1476.4470542571507,-692.4331270460971,-308.6202842434868,908.8274783822708,left_blink,-42.13381766517445,-22.676333513554873,1.9806545257304071,50.06376385044044
44.79434967041016,-1448.6221985868178,-693.8617688291706,-310.69218881893903,895.2292021433823,left_blink,-49.749551442566265,-15.324970062446738,1.7897846706981282,47.56355388066149
44.89511322975159,-1524.938597082626,-723.4817764782347,-371.5852398974821,864.8051160038449,left_blink,-57.766119573877546,-26.141184386657155,-13.869471003184197,38.60336879486951
44.99609637260437,-1487.2647148789838,-710.2331808852032,-343.352735131979,876.5315723149106,left_blink,-52.565235711383046,-45.24921079791138,-32.8867033835819,29.71842228502876
45.09678649902344,-1450.9502863092348,-749.6816456178203,-373.9525965694338,873.11330375541,left_blink,-39.104320957947046,-49.760749809611575,-38.37340390326582,25.9162403485076
45.19747996330261,-1498.914503240958,-702.4616687772796,-366.8879255531356,855.5993522629142,left_blink,-41.65869969169901,-31.827787845211002,-33.68215168961694,23.363106055890462
45.29815316200256,-1487.2235759794712,-699.0471401177347,-356.29278897866607,870.9142425814644,left_blink,-62.27427627938846,-8.843921510141397,-31.168828123487238,20.081449576758466
45.398754596710205,-1513.410355469212,-684.3867322914302,-361.6146666156128,858.0714261336252,left_blink,-75.34803626758222,-3.8793032203250597,-30.986985241966906,20.176953669321804
45.49939918518066,-1508.1483162315562,-698.7068092217669,-362.1195531096309,866.998567327857,left_blink,-69.20716460660493,-18.858333563762205,-24.93845686194755,24.6708658929009
45.60010123252869,-1506.6822754489258,-724.3662628177553,-347.70223878044635,871.4041694756597,left_blink,-62.0572979187831,-31.525151842163112,-12.640105804243873,30.305958425556383
45.701075077056885,-1473.187731445767,-689.8432463267818,-303.35450510587543,899.2402448458597,left_blink,-66.04698079262367,-21.69340427004488,1.4497919216634187,39.89693176000365
45.80205297470093,-1536.1003285003826,-701.8932039840147,-353.73469740897417,875.0842310320586,left_blink,-65.57348950482962,1.8990771760767888,16.06441363685861,56.61555945325604
45.90295314788818,-1494.9502092879266,-657.1602606140077,-296.1439779913053,917.0459085348994,left_blink,-52.08166886727554,8.948284897351117,21.897312795458348,64.45626841821031
46.00344586372376,-1434.921075099148,-700.3561051022261,-306.3314654706046,908.4347888869232,left_blink,-42.908541022052844,-14.76373979549569,6.436632511634768,44.224565300780334
46.10415196418762,-1520.2094935886562,-745.2723035700619,-371.9031313937157,835.1851083547808,left_blink,-43.11352237019236,-49.222660150694004,-17.332547009645545,12.097340722856694
46.20452618598938,-1493.2747341077777,-739.7260319357738,-371.67125759646297,837.7731191241182,left_blink,-39.271699904856206,-67.63717833679577,-25.25906276918638,1.203229808463007
46.305662870407104,-1429.5131797632205,-752.9802373787388,-322.1213230835274,883.3998985835351,left_blink,-39.85852003931582,-65.68426765836408,-23.355837240217213,9.731705687585622
46.4063241481781,-1536.444399296306,-736.225485577248,-377.15769083146006,844.4750198447146,left_blink,-60.26765324828804,-54.300798256664685,-28.231333385839473,13.757900214277397
46.50708055496216,-1513.7394666653126,-735.3503489876166,-379.8691182993352,851.7790444581769,left_blink,-79.3930553481658,-41.67391472122478,-27.920419703882523,14.430426440708553
46.60820746421814,-1511.203814495355,-700.442122801207,-320.73008030001074,886.391818548087,left_blink,-70.66722294308552,-29.813284684826115,-8.413943985943593,27.333151642803017
46.70940613746643,-1486.658851086162,-705.4124498423189,-325.22544004675,891.4519031881355,left_blink,-49.19719408021608,-17.061127114519024,13.620332955790571,46.233377608303044
46.81080317497253,-1481.4529103478417,-703.1722497688606,-325.3750360449776,888.5759201222099,left_blink,-43.232238666111456,-5.125994599888745,17.268509919397456,50.835716710235744
46.91166710853577,-1512.8456305759028,-669.5580289671198,-330.06861048936844,892.8132267720066,left_blink,-52.66628682701186,-5.282844852855376,3.423600293832269,34.87238288819887
47.01244139671326,-1489.9424832472578,-717.6269630976021,-347.47410488314927,853.5536269871518,left_blink,-63.53996598412505,-23.383384921753017,-17.200593193669114,11.190877014006425
47.11355972290039,-1518.7097937064243,-733.6225152080879,-375.4298570519313,841.8365204259753,left_blink,-69.99275047326145,-41.93729009985755,-32.157416684990665,-1.446641224349971
47.21451425552368,-1505.8071388592944,-704.6906491508707,-350.5483026467264,870.1737423902377,left_blink,-68.84945802286596,-38.66809140943022,-28.045497934338872,5.377612573674892
47.31537914276123,-1536.2087855990976,-733.4841389097273,-377.1502110315487,840.8304873378947,left_blink,-62.04204496958042,-20.776634238226816,-10.332339336011218,19.52166755507563
47.41620564460754,-1459.1294475123286,-677.7371901702136,-308.4819079451263,893.8360894098878,left_blink,-61.76211586396726,-18.309185448568307,-7.151419497365649,19.35410258266016
47.51746845245361,-1552.4997898060828,-734.7856240943074,-381.57077277917415,843.347440008074,left_blink,-69.1212334241583,-40.32677010927239,-26.89837408489562,3.0387117781675084
47.61826419830322,-1498.9556421404704,-752.0677017895505,-372.7259093839675,840.4377978425473,left_blink,-67.33798813686731,-60.78562505692,-38.36694876873895,-6.384949585635411
47.718812465667725,-1510.1865617074072,-743.7950430875644,-377.7448551245034,844.1515184985474,left_blink,-53.360230858779516,-57.6204642936766,-22.08471745043801,2.9486563988644807
47.8199577331543,-1465.3526410385966,-709.451541794464,-302.35221191775054,891.5809297366068,left_blink,-43.76371914010633,-39.99717229709243,-3.6576761752125693,14.333988396029937
47.92031002044678,-1520.179574389011,-730.7577518420294,-376.38353154063225,840.8716262374073,left_blink,-41.51958059788535,-24.97631323538046,-5.5035407334333675,15.546038263736115
48.02088356018066,-1468.338951153215,-691.7206761045381,-340.674966763705,875.4937500772066,left_blink,-33.377089698726735,-16.508012724527276,-10.779316507338642,16.51126389706265
48.12185335159302,-1460.5412597456016,-711.6543428683653,-340.723585463129,871.4883172246628,left_blink,-17.67586059540814,-16.61184197836132,-3.079062491558882,21.23203659786887
48.222885608673096,-1457.4820215818472,-695.8196064559743,-328.3519964097068,879.8395138257183,left_blink,-5.929429473567211,-27.52817030956207,2.9308082147064356,17.863846319525166
48.32334804534912,-1477.9804132389836,-750.9494717027992,-363.3425003951416,837.197174530942,left_blink,-7.9372153343263,-37.94601159210811,-7.13904386061628,5.807149314862659
48.42420959472656,-1444.8262001317926,-694.3722651731223,-340.2747974684462,877.2066242569126,left_blink,-25.45307501817908,-32.1250231798436,-19.902081590091864,1.7529551398429728
48.52509832382202,-1506.0708018061705,-719.1491023795679,-369.3113807244226,844.710633541923,left_blink,-44.04483339518775,-13.682307382701683,-15.738490692755217,12.049279393851656
48.62558364868164,-1512.1107402346097,-676.9218919798732,-335.28203102760017,885.8757123542018,left_blink,-43.640610439434994,-2.04922144326087,-0.044690454884945385,21.183102982142486
48.72666049003601,-1472.3107249061577,-698.3664783257991,-339.50811797752976,867.5502025713213,left_blink,-30.019522668614748,-5.229855135233578,4.8755638343354635,17.31862941655403
48.82742094993591,-1444.9234375306405,-695.726108957082,-321.95676748547703,874.5138962888159,left_blink,-23.69784462084348,-9.471480506724921,-2.3923890243347614,14.341335137444833
48.928619384765625,-1530.5147879165595,-686.0509877717122,-370.5866866093129,867.2510105748661,left_blink,-21.358203195833664,-1.2484629011147046,1.7293668150417076,28.62063851858317
49.02938175201416,-1435.7251535896212,-690.8960281643085,-306.15943007264286,905.9290559166112,left_blink,-14.012890192671328,9.5453328408879,20.82121702249713,44.22326497070787
49.130194664001465,-1466.4596514254808,-664.2642005798407,-300.5607998389751,904.9978208276444,left_blink,-18.352745936930535,3.10162867397756,26.097006519122772,34.52724069529655
49.23063898086548,-1511.7984585883096,-716.1179134654813,-349.28795636165887,844.8976285397075,left_blink,-42.047734929430874,-16.885658822411948,6.852808804302689,10.371803551433487
49.33181285858154,-1515.1568887485191,-727.3750123321079,-361.7119040144608,858.002237984445,left_blink,-57.31280754864429,-25.387745658828138,-9.952030673262232,5.241962390152725
49.43265080451965,-1488.6896167621017,-668.5501259290613,-316.94904144480824,903.9805680396968,left_blink,-47.36886276836339,-13.26032598265482,-5.9573625075792815,21.973191137644307
49.53397822380066,-1514.1022369610146,-725.4340042551048,-369.0907266270369,862.8641079268418,left_blink,-35.8628179692474,-0.010420681638613871,3.842960838258101,34.524575007483136
49.63466954231262,-1467.9369119079784,-669.9974672119133,-319.57819111365825,902.7127419547178,left_blink,-43.65893857892618,-5.452279508528093,0.6781294186696245,29.910540395775428
49.73596739768982,-1552.353933707811,-714.9248853796162,-367.3703726474196,867.6698793699034,left_blink,-56.938344095773104,-24.9507474202243,-15.069581448154203,16.13258919888297
49.83692216873169,-1498.5928718447683,-748.3259318838827,-376.0394607447088,857.3552352921106,left_blink,-57.92409142710538,-40.10996600997497,-32.63548616822407,2.185270858474281
49.93833827972412,-1500.6423370204866,-717.520375948865,-377.2811075299978,855.9116339092143,left_blink,-50.821589090787384,-43.25449740017884,-41.42944625047515,-6.152081981228211
50.0388650894165,-1514.7174505037256,-716.531172410585,-375.14001480536535,860.5453699543141,left_blink,-43.63618022624889,-36.57079634509821,-33.27114239764581,-1.2714842789631096
50.139657735824585,-1514.0405286117457,-733.7721112063155,-368.0903033888899,856.8653083979152,left_blink,-38.07577947387668,-18.95677235452817,-10.936507857264989,16.233768231663042
50.24060106277466,-1462.9048765175976,-678.6721651591361,-322.34384713089094,905.5027073216625,left_blink,-38.256621591149624,4.415917594929648,8.618874126728294,31.30053693314322
50.34116125106812,-1522.3805055129342,-644.8634695596993,-313.29328923812136,905.727101319004,left_blink,-40.146172080833914,17.503120967504195,15.49749183562714,35.39040496767861
50.44152212142944,-1505.5397360124623,-715.3344044247642,-362.1438624593429,860.7884634514339,left_blink,-30.703387670285768,15.705989685250007,17.83203854096918,37.26982718746764
50.54204297065735,-1460.223368249368,-663.6863860366866,-304.2090722457506,921.8460701280272,left_blink,-14.872079335994007,8.213384286120974,18.032288274037708,38.215291130678864
50.64275598526001,-1454.7631143140609,-681.4658704260364,-313.9926505298354,902.6080247559584,left_blink,-7.9579105165845885,-3.1419017683385473,8.752527235284678,27.882232436867646
50.743513345718384,-1514.6052535050549,-734.404154298827,-386.0979216755368,838.2443465185352,left_blink,-3.479557580971413,-19.451892623752343,-0.5484957701200166,13.580524224605679
50.84435844421387,-1415.1687934831716,-707.5180135173723,-318.89191947178915,892.4691559760831,left_blink,8.249486623392816,-29.74029238464669,5.479569842291269,13.583511646083151
50.94476914405823,-1470.3846764289774,-709.8704105895013,-312.3882334488444,896.7700409251265,left_blink,11.428547079393304,-22.453610469754537,17.17691921212687,24.669765769720982
51.04535436630249,-1464.441975399386,-707.7424075147137,-348.8429082669318,872.89638955798,left_blink,-6.364066612427116,-3.0399737396851734,17.478295845150356,31.538034511769474
51.14623951911926,-1507.4470849898644,-674.042169013992,-329.99381249025464,902.4789982074872,left_blink,-28.74649172649087,8.770828211132175,8.329090128716846,31.147701083294983
51.24692893028259,-1497.5400900072418,-691.8253933032975,-343.7828236268833,885.2567589115351,left_blink,-38.633469446748336,-0.8932765799047431,-3.098888232480054,25.722863186929047
51.34732818603516,-1497.8729411032982,-716.5236926106736,-352.7623234204948,886.2366126999259,left_blink,-37.4575409011976,-21.916310780385047,-14.11108610816565,15.626223646290324
51.44811320304871,-1508.7149110748433,-727.4255009815097,-381.2790605826304,853.5424072872847,left_blink,-27.715452912943835,-30.15535389379752,-16.291380885325836,8.017699446440734
51.5488121509552,-1475.8112712646837,-699.9484560070559,-326.28383173421025,892.9684326201677,left_blink,-10.211129260618259,-17.491713043592327,-4.056858529219754,11.750032781097053
51.64918661117554,-1461.5173736340366,-700.127971204929,-349.1981987627223,874.3325111409649,left_blink,2.11014723348711,0.20926136554254082,10.172915904444547,22.568583147468416
51.7504312992096,-1474.1844147839583,-684.4839696902782,-331.448633573018,892.1680940296501,left_blink,-2.82205272238704,5.720420355405843,9.550159952292802,26.72208631259683
51.85135746002197,-1492.375288168434,-694.3498257733881,-347.4666250832379,886.4497869974002,left_blink,-15.752451508514731,-0.09210911128100996,-3.234011896230078,19.69387935730492
51.9519739151001,-1483.4369272743352,-687.6853240523487,-346.8607612904161,884.3030844228342,left_blink,-22.02578165551744,-4.774874225658236,-10.617992395785121,11.884474647164538
52.05306577682495,-1512.638066128362,-727.3413532325067,-388.03144995262846,843.5587443555705,left_blink,-25.525077138409955,-5.714256121239144,-9.52041501833224,9.340605511003867
52.15393948554993,-1482.5393512849696,-671.1904952977784,-317.6203534868546,904.156343337614,left_blink,-33.13387557860675,-12.817840407244741,-14.907897725795767,2.958827855545932
52.25459957122803,-1518.6742646568457,-733.8786983550526,-385.5257169823162,847.2724650115706,left_blink,-31.092103336226188,-24.806255600031157,-23.95035664561628,-7.4827065326835935
52.355432987213135,-1487.2329257293604,-733.8188599557616,-378.3862479669042,841.7748120767064,left_blink,-8.588240848161231,-26.129104665771344,-13.412113459745528,-4.472720507167002
52.45637917518616,-1456.4797283937223,-692.687440243084,-319.45290446514264,891.6725572855212,left_blink,10.722696115642897,-16.957022678590874,10.96433832999722,11.340003380400454
52.55707907676697,-1453.476588729303,-705.4292793921195,-309.4935508831404,897.3235461185686,left_blink,1.4585848378957387,-13.832576649423029,16.066080521763272,15.812424377916038
52.65772843360901,-1530.6456844150089,-729.8358665029518,-378.8387758615427,844.8153507406823,left_blink,-16.74368333003222,-15.981380911822574,5.019773696051738,8.302898151077576
52.758435010910034,-1458.3085394720547,-687.6086561032571,-308.73435119213536,900.39400398219,left_blink,-10.423643689267927,-8.495001371824266,14.090204059632141,14.37060422510907
52.85910701751709,-1469.96580763394,-696.2852240004577,-312.5079102474265,891.6650774856098,left_blink,10.530189427084093,3.7775039862010633,40.294527387023734,32.50780629396258
52.95945072174072,-1475.9814367126671,-693.904777678661,-308.27995334751904,900.2070089844055,left_blink,10.888281818874427,1.4994128438291607,39.70487362398028,30.671593610554265
53.06013131141663,-1474.2685625329614,-705.9809146355838,-329.0064789019525,878.1715184454806,left_blink,-12.670080316971534,-14.619422638946606,4.8905334727417475,3.9230731000848547
53.160738706588745,-1518.051571314223,-722.9151816349477,-375.4709959514439,847.2687251116149,left_blink,-30.516540695732132,-23.61710873856119,-17.832768747403023,-12.765207152563463
53.26174807548523,-1517.5878237197176,-717.9523343937472,-367.7967212423682,853.0132114435546,left_blink,-28.857681653243564,-17.479557049777718,-4.682499397516967,-2.308810418360194
53.3624062538147,-1479.036934976466,-693.6729038814083,-298.86662515904754,908.8760970816948,left_blink,-25.335900701518078,-10.738821848824344,10.085636423825447,9.089582068453067
53.46334266662598,-1524.0690703429282,-716.2095410143957,-360.73205022607,853.0917493426241,left_blink,-30.907379377240467,-13.037958500534405,1.429138877492897,3.1194884393573474
53.56386923789978,-1520.6433219835162,-716.1197834154591,-373.5374676743522,859.2102256701328,left_blink,-31.772872566923702,-15.241760532851178,-6.118815771175193,-2.2287382926560646
53.664607763290405,-1490.8849380360916,-700.9170900955796,-324.13338925968856,881.7580825029872,left_blink,-20.90325402502672,-10.030220219908447,3.958782656838594,4.23866939960049
53.76518869400024,-1481.3855921486393,-694.809833467938,-322.54767167847604,889.6193522098474,left_blink,-10.275225861799552,-3.965493544675404,10.434399852349042,7.311598697802333
53.8657066822052,-1508.3166117295625,-712.9558280529454,-365.0441548749805,854.733565423172,left_blink,-5.396952132530931,-4.185492940838596,4.661520702333179,2.4628647496124376
53.96624779701233,-1477.253002697602,-704.0922651579604,-350.55204254668206,865.7251313929446,left_blink,-2.6367223826613166,-11.101818615943333,3.385405107580445,2.283435871967211
54.06708335876465,-1475.7963116648607,-709.210318247322,-306.1369906729087,903.2251082486472,left_blink,-4.0733240513598155,-21.240944792217164,7.972348061281429,6.247618170127687
54.1676037311554,-1496.9005671148188,-731.7581750801764,-357.680291862227,862.0226304368116,left_blink,-7.268712773108064,-26.68508456924819,7.14905855783147,5.02980095498098
54.26814341545105,-1498.3890472971834,-729.4768361072056,-363.5594145925716,850.9188674683683,left_blink,-2.581503555152633,-22.4575700128221,3.6841662700137943,0.1694185664504717
54.36868381500244,-1466.0688318801112,-689.7179596782662,-308.68760244268924,901.5571128684096,left_blink,4.042499139804908,-14.168921335700468,3.465822825765287,-3.552674829714733
54.47070503234863,-1479.2519792239182,-713.5149430963211,-350.62310064584017,857.8975207856856,left_blink,-2.2961321355729574,-5.627375873554176,5.59386630271309,-2.905433668526083
54.57122850418091,-1523.6109325983562,-705.7808299879543,-364.4607304818928,851.4125342625193,left_blink,-15.425523260714856,5.427800987599701,9.85595380391778,5.060253073494448
54.671748876571655,-1492.278050769586,-667.2449008445255,-304.09126539714634,914.384969716426,left_blink,-18.822328823175027,9.315785623268233,9.264711046065798,9.919287691317084
54.77261924743652,-1491.616088477429,-719.3678865269758,-364.1054399861023,858.7913568750955,left_blink,-14.394256219298265,-7.079017604169291,-5.011621052198828,-1.4819880128398655
54.8731381893158,-1513.000836424064,-711.562715319451,-369.4198378231376,856.3753815037198,left_blink,-13.901151375619682,-28.57376253318306,-20.69804570244542,-15.445255641678067
54.97351002693176,-1509.30768521782,-752.303315486759,-379.6391144520603,847.1939271125011,left_blink,-20.86358437108093,-28.336497745623717,-21.356648500197817,-11.913991662934187
55.07390785217285,-1510.3772966051474,-695.497975059785,-343.1414307844825,892.831926271785,left_blink,-31.76892830323221,-14.293339864650333,-16.830207210258312,-2.4595659625148922
55.174428939819336,-1515.942267739214,-703.2470477679744,-370.091149865184,863.9898178135045,left_blink,-35.2043546971255,-12.318250617928005,-18.09960904766583,-3.855441865925841
55.27544951438904,-1536.612694794312,-727.1150892851874,-374.5603303122334,854.8682018215768,left_blink,-19.115495118417382,-13.07819048013511,-9.391399343482972,-1.2193424224462879
55.37596702575684,-1455.64012085367,-694.6564975697547,-311.730011056643,909.463261374738,left_blink,5.748226324439733,8.393288177073373,17.27965450650509,19.15195146332736
55.47698640823364,-1479.7400361681357,-651.7523652780801,-320.18218495650217,899.1149581973441,left_blink,16.69347585880775,32.40737254960332,35.68952333283642,33.8392218075078
55.57751512527466,-1466.5082701249048,-688.2201297460124,-308.44263899559155,903.7823533420452,left_blink,18.063993385332886,15.788035358767395,25.046542826794973,18.244305628951977
55.6780698299408,-1491.629178127274,-739.4305798392743,-377.5746896765195,840.3985288930126,left_blink,30.110840298913963,-33.40535749121837,1.7843021009406859,-11.042725023030512
55.77870321273804,-1390.745376822539,-748.3539811335504,-315.0173831176944,880.5650544171222,left_blink,46.35208492018322,-58.594859104798495,-8.784063781512087,-20.41238842938179
55.879154920578,-1489.157104256563,-749.1094409245998,-385.4284795834683,843.9589136508293,left_blink,44.26980262242388,-33.86159806563735,-3.850910274164465,-5.24604021542014
55.97969388961792,-1458.0560962250456,-681.832380621694,-326.33432038361207,901.5795522681436,left_blink,24.605355749486016,3.5869060193597173,4.867862951911419,10.813956641250172
56.08038759231568,-1462.5832451214085,-689.3121805330738,-333.3597224503756,887.5923264338635,left_blink,8.009609376420515,9.776681969296966,9.630324296020557,11.401089098424876
56.181602239608765,-1515.1849379981868,-728.0538041740656,-357.14922606851906,859.3486019684933,left_blink,5.877938669318061,-11.869042984056147,8.91749187764337,1.7406859803276897
56.28218626976013,-1470.7773659243248,-716.5012532109395,-329.1298956004903,880.4565973184071,left_blink,12.20815805394871,-30.041817744568274,3.064261052028027,-9.729243433791552
56.3829071521759,-1451.0980123574843,-734.7519649947062,-345.9781449008733,854.7634846228175,left_blink,19.884528466885484,-31.09060842776886,-2.9360549763681663,-21.63062292234023
56.483505964279175,-1497.356834909413,-728.5736502679065,-370.2164365136996,833.3936962760054,left_blink,31.89121332953789,-22.83182512981293,-0.9009625818896377,-29.4793457391533
56.58468317985535,-1429.7170043108054,-704.8065860494971,-322.704747476615,857.5497100898065,left_blink,45.425510197331306,-11.568415860825299,6.941730160192668,-26.35097034818499
56.68643283843994,-1444.796280932147,-702.4093101778999,-337.4474331019446,863.3390752212144,left_blink,43.03761434840144,3.4871664108612865,9.925759716831367,-13.918195789171918
56.78666996955872,-1483.0517175788991,-686.1070862710476,-345.84724840242416,872.6327266111039,left_blink,21.032553412663603,18.782302668263704,8.874012500311968,0.683186775523021
56.88743209838867,-1494.847362039145,-663.9294795338064,-337.6344280997291,887.9625765294768,left_blink,2.101420671981442,24.429992265651777,11.064414105722692,11.485004305241063
56.98805022239685,-1491.4926717788912,-702.0876787817106,-336.6433546114713,883.5420147818513,left_blink,2.162546624691168,17.264575571561853,10.856259090383348,12.985288479091983
57.08901810646057,-1466.4802208752371,-673.6962282680906,-318.76102297334,907.0603756532072,left_blink,13.08816961712142,6.653846673718567,3.2903887222526227,6.462508620893736
57.18975234031677,-1500.251517475117,-724.2933347686194,-396.9511113469489,840.6173130404204,left_blink,23.031382166271882,1.1747429850180526,-0.6765543200098743,2.6373119971438945
57.2908034324646,-1454.0562732224353,-686.3894487177022,-308.992404289078,909.753103621304,left_blink,26.826816238946094,0.2577947762929078,4.205108896288927,6.528520925455699
57.391562938690186,-1464.154003102798,-686.3146507185884,-326.8092876779847,895.6723802881315,left_blink,23.19945044353371,5.974821521268442,10.223787287635986,13.271027930639066
57.49268913269043,-1497.3792743091471,-709.8909800392576,-366.3587297094055,871.0600986797363,left_blink,18.607959730038406,23.216841709665815,18.157903412306947,20.105283103121078
57.59391927719116,-1473.9039222872816,-639.8052548696287,-301.55374327721074,912.1279400931672,left_blink,19.402064122417997,38.22160434174596,27.85947685381111,21.613757905479098
57.69510674476624,-1459.920436352957,-673.80094546685,-307.1261942111887,897.620868165046,left_blink,18.42543815352181,27.528168969809972,21.506024993399024,6.43060057335262
57.79597520828247,-1518.8949187542312,-715.0258626784198,-384.81139609077945,832.8233615327626,left_blink,6.679513232779066,-0.8758649356368853,-5.887319818323027,-19.770269567908887
57.89673900604248,-1489.48060560273,-713.6159203951247,-357.94021490914747,858.8418455244973,left_blink,-9.288626183772765,-12.689827784629843,-28.069970859252017,-32.4672940425473
57.99759554862976,-1512.7652227268554,-695.2137426631525,-373.9769059191458,853.4975284878165,left_blink,-14.296821163493405,-0.33749001886095864,-27.06116924116741,-24.644957294873773
58.098169803619385,-1512.6567656281404,-704.4961743531749,-379.2726042564027,849.4846158353612,left_blink,-2.4367904799520104,8.232557091317977,-18.123694287345185,-16.967054936740052
58.198774576187134,-1475.4933797684498,-692.0572671005502,-343.24240808328614,873.8313645469025,left_blink,15.44395718919981,-1.8873022381958569,-18.26988765097349,-22.15791241136269
58.299917221069336,-1470.122883432079,-726.2287329956889,-382.47769851842895,839.753396150656,left_blink,21.8236558886368,-12.044644037675102,-20.394116508716376,-26.299370718558375
58.40086007118225,-1509.5302092651837,-712.1592293623835,-374.51545151276514,849.1816839389503,left_blink,11.795610107894255,-6.747945640836356,-14.973459211831393,-17.44503639834457
58.501789569854736,-1474.9323947750963,-688.7212763400748,-323.9931430113502,899.5843156417832,left_blink,-1.6395192311194142,1.4309067228409318,-10.183362962625903,-7.421110148116752
58.60200309753418,-1520.802267731633,-710.4725344823673,-381.8306958260946,851.0478940168396,left_blink,-4.163296789232965,-0.6161206580073642,-11.826191435172179,-8.078775662526452
58.70283579826355,-1503.3331950386057,-712.6790754562244,-367.46574009628966,859.5486866161227,left_blink,1.8140309857119439,-2.239759022581732,-11.027431994670593,-11.334440887302327
58.80366206169128,-1475.3849226697348,-685.5797603772953,-325.44422419415787,892.097035930492,left_blink,2.0017417367839707,8.394512802498209,-6.051878288764017,-9.035394276096069
58.90410161018372,-1529.2282623318024,-686.7241697637364,-372.7502187336795,853.3329728897661,left_blink,-7.086441682067486,21.04912923659494,-6.591872270061961,-7.078795352517805
59.00444030761719,-1509.7845224621706,-682.0642544189468,-359.3146281428635,874.1361663932912,left_blink,-13.705554424124385,19.674952431715084,-13.205922119090976,-10.697678516551584
59.10503959655762,-1505.1096475175582,-704.3989369543269,-360.2832622313872,861.7496177400462,left_blink,-10.778314960103694,4.696516044509266,-18.697412034688348,-16.59104475895515
59.20591425895691,-1508.0753881824205,-707.7573671145365,-371.0205150041729,858.5071244784631,left_blink,-2.197214293967857,-10.709657853126608,-21.613680419500014,-20.74902629729768
59.30671954154968,-1493.7291319523938,-723.0086791338399,-365.616359568201,856.7269320995547,left_blink,9.119290412358879,-15.668461549773745,-20.863343657653868,-22.14784130078129
59.40771484375,-1480.0934567139484,-718.5544582866132,-368.0996531387791,850.44016027404,left_blink,22.109912282294854,-9.794028689896841,-10.856436722780145,-21.062176872559654
59.50901079177856,-1461.6183509328405,-696.3693717494607,-319.4809537148103,880.4752968181856,left_blink,32.192862024143395,-1.4587443579668837,7.466516848260865,-17.5820314551697
59.610246419906616,-1478.167408236768,-708.8344583017752,-351.131727039814,841.6887943777256,left_blink,36.573704607503615,1.7346819546559669,20.602382136489563,-12.976290330175424
59.711252212524414,-1454.0375737226568,-707.196382121183,-313.8224850818515,879.57772082882,left_blink,37.29709825407274,-0.3720485715174209,14.540743810926095,-13.34457567454173
59.81241250038147,-1474.913695275318,-701.2275017919019,-359.11641344521195,859.8572283624671,left_blink,33.63918440287266,-3.6987145511640405,-7.530089541952179,-23.059973991084657
59.913201332092285,-1479.2818984235637,-710.958721476607,-372.6735507845879,839.8525034994818,left_blink,20.22947875584734,-5.389312462602764,-26.01017805984988,-33.35500507896051
60.01400423049927,-1512.505299679935,-726.4867860926315,-394.8492875718512,831.1086174030788,left_blink,1.0106943739358845,-4.859610436184235,-26.892215286492316,-30.68620472592002
60.11463379859924,-1471.355180467479,-670.7173979533836,-305.2338048336096,913.5322725265288,left_blink,-1.5991924239700661,-0.6669372247097558,-11.694590834256562,-12.774617602944277
60.21532487869263,-1524.4468002384529,-730.8138503413647,-395.7356438613497,840.2377131949179,left_blink,24.58962857093844,8.948513269206783,9.422785564112623,10.083482424306773
60.31650900840759,-1440.587023532018,-677.4192986739799,-314.2731430265121,910.6151505610906,left_blink,45.030558627779676,16.195505042274597,14.948424524733875,17.71796073609104
60.41760420799256,-1456.5863155424595,-686.2529423693195,-329.7488490431569,900.7642540778032,left_blink,18.886751601808747,8.217526457712287,-11.370220097276654,-2.5795602551365575
60.518983364105225,-1554.078027587384,-716.6171901095659,-409.2404226013459,836.5688713383861,left_blink,-24.27335022341059,-6.979586413561173,-40.352234556714784,-25.87797436865625
60.6200692653656,-1546.0671618822962,-729.5161050567403,-397.5681948396377,842.721006765496,left_blink,-22.340407090054473,-6.179757800806787,-27.622499169285724,-15.94067810075062
60.72130846977234,-1453.5382970785722,-679.5435618488118,-306.07528232363984,918.569917766843,left_blink,13.608864111175238,8.666166064498098,7.566481014935219,11.683519955289077
60.82179307937622,-1475.5924871172756,-678.2121574645862,-323.0581680224277,906.9350890046916,left_blink,23.255381290635853,14.52600907843423,10.64958196300826,13.902997526574199
60.9225754737854,-1544.331848302856,-731.2140196366236,-411.5853398735635,829.5976978209801,left_blink,3.042802134912373,9.836538447121209,-14.483311051919786,-4.732349454811429
61.023277044296265,-1476.4956729565747,-670.5247931056656,-338.70964933699,895.9659624346532,left_blink,-5.167652752510513,9.73927815594345,-24.8509845394157,-10.898166183789177
61.12426280975342,-1497.753264304716,-691.999298651237,-355.97676743241027,885.9804295529611,left_blink,2.9866039572595615,11.967671285381424,-19.350908619715884,-7.249320278346502
61.22522282600403,-1530.0248610223643,-722.1541119939648,-406.15126523794606,827.9895408400334,left_blink,1.934448052081573,6.042776532255386,-24.378551649538423,-15.090375515078726
61.32577013969421,-1471.9666541102342,-675.7082944442518,-341.49213490402326,891.2836076901294,left_blink,-6.035735910070537,-0.6894556401668581,-34.3183113433841,-26.352534914850324
61.426761865615845,-1539.3746109115891,-729.7199296043254,-402.6469789794646,830.3868167116307,left_blink,1.0074710095613222,4.453713201059511,-24.39960023470544,-20.31989972786713
61.52785396575928,-1470.5305325272493,-680.7010608850978,-333.0212615043856,888.9349505179562,left_blink,19.703004990437535,14.65466836592069,0.42367852109773674,-2.9992315682228727
61.62879657745361,-1462.5234067221172,-681.5649777748622,-334.476082587149,884.7986211669631,left_blink,28.123167060737206,15.005429522638005,10.715244075100955,2.8350934837452932
61.72935247421265,-1490.1163885951971,-705.410579892341,-336.6040856619365,877.8573668492027,left_blink,25.041108422336805,8.714550469705404,-2.5682263850927938,-7.58141397447386
61.830082178115845,-1509.7957421620376,-718.3955125384964,-415.6431313254871,823.097751697991,left_blink,24.198268263888192,6.533723160300354,-21.50430411615572,-21.64314855577869
61.93129372596741,-1414.7611443880014,-666.7063552509062,-313.9814308299683,901.830125565175,left_blink,25.704122339163025,3.2938473483754334,-31.79964877903454,-31.10876130907021
62.03182744979858,-1527.2105863057077,-732.5304644210264,-412.4380370634608,815.9564127326012,left_blink,27.08579225446987,-6.698059715953503,-29.1836215841006,-29.949907190922513
62.13335967063904,-1469.5301092891025,-734.9987983917817,-371.22059965180233,859.3803911181167,left_blink,32.14116587323539,-13.107527486152367,-13.92197186475102,-13.488987483617853
62.234068155288696,-1453.2091858824715,-687.7750816512853,-315.8326813080348,910.7853160090744,left_blink,30.113016513833266,-11.809283230698533,-2.051432126457352,3.3077517962191965
62.33606195449829,-1495.679489779286,-739.9429461332038,-374.9118809080682,862.6415838794783,left_blink,11.431571136634105,-12.494414615863487,-9.561486428930086,0.3276244989548387
62.43779373168945,-1521.645615171641,-710.5922112809494,-360.3412306807004,872.6645157607272,left_blink,-2.9704962706699334,-13.330000720844271,-19.880739927898308,-10.934458699248308
62.53833532333374,-1510.1080238083375,-720.4692870639265,-371.5197916482575,868.3112722123042,left_blink,2.723162050061008,-3.2670681923933325,-8.535288825157988,-4.125190740004987
62.63924503326416,-1456.4068003445864,-685.6695179762319,-304.4970445423387,911.2528035035356,left_blink,11.048520722507142,10.431255081971715,11.20215969174967,13.679244296378581
62.74020862579346,-1502.5721253976226,-701.683769586496,-362.3495569569059,861.5196138927713,left_blink,19.574945788520218,8.509166038170822,7.143755669636427,5.431481989817271
62.840681076049805,-1485.585499798879,-721.3593832533807,-371.66190784657374,855.57691286318,left_blink,56.04696125918779,-10.824083685937339,-24.11808193420862,-45.43109839702945
62.94189524650574,-1323.9096247144043,-739.4081404395401,-379.0257708593272,759.4166052024812,left_blink,116.7154322712045,-30.59819968139316,-54.809958036641554,-107.6715826622242
63.04252004623413,-1383.1384203126654,-726.8963051377796,-425.90915670385584,756.5555817363784,left_blink,154.92133948493696,-38.33315653393398,-59.255022295663125,-134.23774337581665
63.14298868179321,-1381.7509174291044,-785.4070399445482,-395.1148204687052,731.9545198278502,right_blink,144.58658610863367,-36.40688828201148,-37.76911658767911,-117.22288259652441
63.243478298187256,-1336.516827465035,-681.422861576546,-302.5223773657344,840.9950429359451,right_blink,111.33526280714904,-27.40289940323713,-8.890566666417747,-88.60599344149286
63.34413838386536,-1449.6749804243443,-745.4985675173812,-398.3498339303769,775.2737810146064,right_blink,99.77451780352652,-1.7848391236468877,12.040222462092103,-63.731539813906195
63.44486570358277,-1376.08870889619,-664.3576980787329,-304.40354704344645,870.0353660918772,right_blink,116.66080937643736,38.467569341418034,16.298053835518658,-25.780262428976638
63.54545068740845,-1403.457296771929,-652.719129416626,-308.3790606963448,886.2553121997043,right_blink,110.79456391013142,58.84030459713411,8.715048984205843,26.205705136542715
63.64598488807678,-1410.1741570923475,-628.477097903844,-363.83803713927045,996.9301715884358,right_blink,44.181943040566935,39.76784589887582,25.032321208716777,65.0022581858855
63.74680161476135,-1608.145761246793,-740.8797910721041,-241.1057402933948,884.4938193205744,right_blink,-37.78422722588149,20.07926977462754,95.9091215504746,73.97405803228935
63.84746646881104,-1550.4989433297887,-664.851364872884,-138.84565580496565,967.740252434276,right_blink,-71.64191322012414,31.612086734881387,188.94973076552995,57.69642012050839
63.94819688796997,-1550.4914635298774,-638.2793756877072,-111.65284322714432,952.4590212153272,right_blink,-70.4564282404664,36.1911057405477,247.18555155783977,31.551207538319648
64.04886078834534,-1614.4250532723963,-739.9335963833146,-73.71155817667022,812.6709106215276,right_blink,-79.63713075706187,-1.3024698805455834,274.17204011633845,20.097401676525315
64.15075278282166,-1577.9423292046413,-739.3875709897839,-21.11734509980306,978.969302051235,right_blink,-95.17861933555673,-41.418164624429195,312.386439926547,28.00144540197837
64.2513918876648,-1625.798089037649,-764.0746505972929,-28.469988412689418,872.6439463109709,right_blink,-96.49651401226981,-43.94006679461087,352.77073414355914,18.886870770329235
64.35235357284546,-1577.8189125061035,-740.4796217768453,44.37578292423859,835.4394215517677,right_blink,-98.92893470903189,-39.019178923325946,343.4268794134217,-29.43075558246088
64.45323252677917,-1607.349162556231,-729.3608992085792,-71.88648699829355,848.2261395002715,right_blink,-111.37732844911801,-55.18084641239942,287.6036131823642,-71.56327442319437
64.55461740493774,-1640.8848454589024,-827.7202680432238,-134.14460156066343,785.4257394443266,right_blink,-103.37696962463103,-56.31438824278581,246.11182637301832,-50.04428045365477
64.6554753780365,-1553.3936258954927,-697.2501181890257,-87.90821840846911,897.5554199158214,right_blink,-66.87618748651184,-19.28076146882607,228.13148950040613,11.418520066498095
64.75632524490356,-1532.143514347263,-679.0068862051703,-160.71659074584022,944.487424459774,right_blink,-43.614469789998985,9.969624053335858,181.614744336323,31.841266985416336
64.85683584213257,-1554.1079467870295,-725.9688099487685,-230.0505960243754,846.1542349248193,right_blink,-48.14872967214421,0.6058849985802757,110.10883924563979,-7.660343364946864
64.95797204971313,-1574.9466693401337,-739.6418841867708,-318.2748359791003,822.772380401846,right_blink,-42.616768937447965,-11.724443434814281,79.18695317578236,-43.448421313460365
65.0586450099945,-1500.1094012768008,-686.0285483719781,-205.1914810189046,853.2544349906966,right_blink,-18.51090320302322,-2.8904509793252076,92.69330769849664,-38.98942287703723
65.15938210487366,-1489.1290550068952,-701.9418226834387,-246.5846937284805,878.2220070948824,right_blink,-13.071887086423443,2.7613310025636517,87.53451172624807,-25.16113917168763
65.25994563102722,-1575.8760344791226,-730.2603451479226,-344.5887720673345,812.0669167786837,right_blink,-28.997999499374444,-1.9405040607868584,49.74867624520876,-21.716283956731072
65.36060929298401,-1519.4297244478948,-698.3664783257991,-310.41356627224013,895.0702563952655,right_blink,-29.121497399991195,9.579889461478517,20.407399452156977,-9.496158128699074
65.46130037307739,-1486.6644609360956,-650.7912109894678,-303.7902034507133,892.313950127922,right_blink,-8.379939631069877,39.507557639188136,11.196612082548182,15.371600961154533
65.56187391281128,-1515.9403977892362,-669.6066476665437,-371.2991375508718,907.486724248156,right_blink,6.890264346640131,57.72941286219058,7.331229774658798,33.205848929514985
65.66286063194275,-1491.9152804738842,-651.3035772833973,-338.2608613423072,923.5234152581544,right_blink,11.026513393047473,50.9616900987224,10.111714231273119,41.55455027904389
65.76325702667236,-1475.4335413691588,-672.5574287315831,-306.62130771717057,922.2555891731754,right_blink,12.554945526857441,36.07129403354021,14.4175929606195,52.06444517250206
65.86441421508789,-1509.6798052634113,-682.9917496079579,-378.91731376061216,945.1101178023964,right_blink,4.3075341949669586,27.98519433195784,-3.0402505030398768,55.719045256485614
65.96549034118652,-1510.10615385836,-695.1613840637729,-350.4043164984323,898.7764972513542,right_blink,-20.696028511207878,19.79132559674651,-38.39784330401627,29.543485796208945
66.06668663024902,-1556.3743261601776,-697.1435310402885,-440.2292336341925,860.7847235514782,right_blink,-46.705198704582415,-1.3220102185179778,-54.92774783946847,-22.65272368553378
66.16704177856445,-1549.7434835387394,-751.0504490016028,-360.6666019768454,820.4349429295398,right_blink,-52.93253832302147,-28.658176021355903,-40.78727845227337,-62.628153145138995
66.26819372177124,-1545.322921791114,-747.1235540481284,-385.6379139809869,793.7844158452936,right_blink,-39.29440769923941,-38.05566169377663,-23.832218676868976,-61.406233977820186
66.36898875236511,-1500.758273919113,-712.8062320547178,-331.34952622419223,875.8340809731744,right_blink,-20.527875752521037,-17.111291525820643,-16.959845672864528,-34.98715110555387
66.470205783844,-1540.5882084472105,-717.9037156943232,-408.48496281029657,831.7070013959892,right_blink,-7.24892339171005,16.214161303476672,-2.505352458796187,-20.567990549774958
66.57111620903015,-1474.923045025207,-659.6697334842756,-279.49581333855167,857.4038539915346,right_blink,-1.0389555661881964,31.167146969915024,17.12336287140112,-27.602577120538907
66.67194700241089,-1487.743422073312,-687.0607607597485,-335.08568627992645,863.2829767218791,right_blink,4.258973779951782,20.140167727669393,12.3250459626612,-32.27110677023313
66.77256083488464,-1528.0932026952505,-728.4651931691915,-413.94521674560383,816.3397524780594,right_blink,15.316996041211112,6.096129239205379,-19.974452371650557,-18.29617099646066
66.8735363483429,-1420.615957768634,-676.5067630847916,-329.3636393477209,925.7131266822108,right_blink,25.007824403283216,7.830442137819576,-47.048074769083584,-1.4910141323838084
66.97395586967468,-1509.973387409933,-708.4567284062505,-450.13248871685937,845.5932499314658,right_blink,21.610400246518676,16.16594248102248,-46.74998497135175,-2.555534209877122
67.07437515258789,-1476.0674544116482,-689.2355125839822,-338.8723349850625,864.333888609428,right_blink,13.998761845926541,15.686581214930769,-28.501473276881967,-15.027556999311642
67.17548179626465,-1477.215603698045,-705.2722035939805,-373.7431621719152,868.1785057638772,right_blink,20.083622615095784,9.175292606864744,-14.350473903489476,-19.22204799587901
67.2759382724762,-1465.6780123347417,-699.3407222642563,-373.96755616925657,860.3621148564853,right_blink,33.0928553518786,8.021001447759323,-19.525386092877135,-12.567903686175974
67.37656664848328,-1473.3635067436844,-699.4678788627498,-378.1450244197622,861.1287943474017,right_blink,28.971524433022722,12.099349573097127,-42.9435112198809,-10.138626310648071
67.4769082069397,-1479.4408441716805,-706.4390523801558,-409.4143279492855,859.292503469158,right_blink,7.90641965939686,9.199047893478166,-63.02848336837398,-21.99324535722181
67.57767486572266,-1498.5479930453002,-709.7002451415174,-412.7428389098495,857.8040232867934,right_blink,1.1122606206269505,-6.293219276832351,-54.87990691622546,-36.74286817713389
67.67851829528809,-1495.679489779286,-730.6436848933809,-374.2742279656232,800.5798140647821,right_blink,22.252288701302973,-19.459096614086327,-24.639852384917486,-34.91853176826933
67.77953767776489,-1428.6417830735445,-734.5032616476528,-327.06921072490513,897.2113491198979,right_blink,38.81636935742115,-11.550700273387976,-6.6553623956351515,-19.003233957169776
67.88021922111511,-1484.7963809082285,-689.4112878818996,-398.7069943761453,857.4075938914903,right_blink,22.124409095265516,9.561919761049209,-14.892801485372457,-9.846050243178423
67.98085761070251,-1502.3290319005027,-698.1364744785242,-339.8297493737191,846.363669322338,right_blink,-3.897713082960035,16.27981511761589,-26.903296581346535,-13.96046157721363
68.081702709198,-1520.127215789631,-712.9389985031448,-414.99799858313054,870.3569974880666,right_blink,-2.887747922918105,2.6292447058360517,-22.2979941237385,-17.548920497978777
68.18239498138428,-1421.521013557911,-707.4039465687238,-282.6915578506887,890.8142502456903,right_blink,19.394418982032185,-6.416323410695787,-2.637815478059286,-6.798340674378597
68.2834005355835,-1517.7299399180338,-730.8493793909438,-392.9550282442942,845.2585288854316,right_blink,34.06943615825165,3.368922118992472,20.841292960748458,15.162724992201582
68.38435077667236,-1447.606815748848,-672.5630385815166,-299.4313500523567,933.8567588357256,right_blink,26.76667873267886,9.97428230894668,26.638525685268934,23.01896294378622
68.48636603355408,-1479.362306272611,-747.2899795961566,-322.3681564806029,874.934635033831,right_blink,3.235908672298088,-8.984406596553747,-1.1846207233427877,-1.2778199778892771
68.58743667602539,-1514.0573581615463,-721.5819073007442,-398.662115576677,838.680044863373,right_blink,-12.711701765792041,-34.69493745992544,-31.6245780316858,-30.26875867764084
68.68795371055603,-1521.6493550715968,-768.4503335454501,-396.58273120131344,829.9473784668371,right_blink,-0.9739531267629364,-32.043802572919084,-18.0065251747792,-25.71558750115054
68.78883290290833,-1435.945807687007,-711.140106624458,-281.2554362677038,909.3379747262225,right_blink,20.306524679914872,-6.320393045019406,19.3581581054402,-2.482868026250251
68.88932394981384,-1485.5406209994107,-692.6163821439259,-332.0170983662829,865.9813145399094,right_blink,18.532924683679965,4.269560652502131,21.13701962203129,-0.09578685848023794
68.99006032943726,-1517.2250534240156,-740.4796217768453,-399.3764364682138,836.3014684915543,right_blink,2.3559148991488863,-6.7941327337612645,-8.234569617271623,-13.212754248294154
69.09042024612427,-1443.0067388033494,-700.0494333058596,-302.9281565109268,908.438528786879,right_blink,6.643322483800426,-4.708231734921779,-13.05860566441249,-10.80261473634031
69.19123148918152,-1502.9236759934574,-715.5774979218841,-384.04658654984087,834.3997293640859,right_blink,31.305217310791633,20.52924769999743,12.75393255892679,1.4922920817735483
69.29183149337769,-1435.5119792921469,-660.2755972770974,-315.0716116670519,896.0557200335898,right_blink,41.90722292877642,33.677612831627904,19.19711482378702,-3.5765715520881782
69.39219617843628,-1431.5252459393814,-672.8566207280383,-311.2868329118937,881.3354738079943,right_blink,30.60161765270248,21.549352604643484,-6.875854864990701,-14.028633204149425
69.4929792881012,-1517.053018026054,-748.0061704376712,-443.7054706430063,829.8370514181443,right_blink,28.4843051680655,15.885549360956258,-19.14072171138919,3.3417116532591846
69.59364557266235,-1428.9559346698225,-666.7493641003966,-312.188148801215,915.035712308716,right_blink,41.5598678147998,22.546535167126954,-4.6682721345191,26.131976455069495
69.69405746459961,-1431.4504479402676,-672.4901105323806,-355.0548820933327,930.2346657286398,right_blink,35.79762870827122,8.66681336108518,-13.982108776127887,1.8152911470271667
69.79470181465149,-1495.391517482698,-769.7462088800967,-399.5896107656881,773.1626074896194,right_blink,13.205925504654497,-17.251352431108803,-58.31589674244401,-44.67519060912879
69.89558792114258,-1494.9950880873948,-731.9021612284705,-486.7105802334845,832.2904257890768,right_blink,20.557045197736542,-9.994582003874003,-80.41302993255366,-38.81997363091405
69.99647164344788,-1404.3735722610727,-660.8777211699635,-364.976836675778,925.2531189876609,right_blink,56.23419693052498,19.841609192231537,-64.65025648645079,10.09032834993311
70.09686279296875,-1416.0420601228252,-696.3375825998373,-383.9474792010151,890.5861163483933,right_blink,64.6946215010612,21.614597926260927,-58.29465176311622,26.995043123743486
70.19807481765747,-1485.6902169976383,-740.8236925727688,-485.30250790016726,858.4341964293271,right_blink,37.54626058073048,0.7678509394239007,-69.01549696415742,4.069688918323345
70.29886984825134,-1446.847616057843,-688.4089946937747,-373.6216154233553,887.6203756835312,right_blink,23.31555873964421,3.1098738851658405,-58.876882710448776,-3.491273958564145
70.39983749389648,-1456.4441993441433,-691.0905029620044,-354.1404765541665,886.2702717995271,right_blink,35.41874756831445,27.882150428067416,-27.475214594255252,12.337335268432103
70.50021719932556,-1453.6991127766669,-682.7093871613033,-397.4746973407455,877.3244311055169,right_blink,36.690592566354546,35.17713362674692,-6.130050671503326,8.267526713853936
70.60251903533936,-1465.1768657406792,-688.4015148938634,-327.5011691697873,869.5379593977705,right_blink,13.537777875442456,16.329382176092736,-1.1467185984543338,-22.725018666756938
70.70364379882812,-1511.974233886227,-733.6505644577555,-352.9549282682128,809.4078479101881,right_blink,-4.0366018694840955,-0.9831395157846345,-1.1058292467359856,-39.107572914580935
70.80444264411926,-1476.6695783045143,-704.5504029025324,-355.61773703666404,860.352765106596,right_blink,2.8951068600515946,-1.0259784349467354,-3.829484208864677,-22.45038761466772
70.9051411151886,-1448.5417907377705,-697.5941889849491,-364.6383757297881,897.9686788609251,right_blink,22.391391545380024,9.680385600190245,-7.3902335429991926,1.7156784522466033
71.00603199005127,-1464.7953959451988,-703.5555895143189,-332.0301880161278,868.3636308116838,right_blink,45.637270732882605,26.00333282788958,-1.0469245881225064,16.778308036718137
71.10676288604736,-1409.7534183473326,-676.1626922888681,-349.2842164617032,900.8745811264962,right_blink,70.44745454800935,40.118759112448146,16.157346828208144,28.48458582329343
71.20769906044006,-1410.291963940952,-673.9898104146123,-346.69620569236577,909.5661086235197,right_blink,78.10592781935001,32.75050531011845,18.783887111259908,28.06974461447632
71.30850410461426,-1404.3305634115825,-696.956536042504,-314.443308474496,903.3877938967198,right_blink,57.764496133332045,5.578144436571255,-13.886292534990954,4.644384501014384
71.40951919555664,-1490.4754189909436,-761.4436309784651,-450.0633005676791,806.0007990505546,right_blink,39.65995715084052,-6.030494436267433,-47.34154420357402,-18.006992600397115
71.51085758209229,-1395.096750420984,-669.060622273013,-340.7460248628631,893.3947812151164,right_blink,56.72773710536807,14.290141316023117,-23.756764223099385,-13.180611611550104
71.61202001571655,-1398.7955114771612,-680.108286742121,-339.1266481820494,889.8194368574768,right_blink,91.68782352987674,36.113503589104155,38.676950300959255,5.689964867449361
71.71269607543945,-1403.429247522261,-708.8793371012434,-285.0888337222859,852.6597908977419,right_blink,99.76286026087155,32.141352989794015,49.740571270327,14.117946466765648
71.813551902771,-1391.0277392691933,-672.0413225376979,-344.2353515215218,919.78725520242,right_blink,69.44699456870995,16.122043902497467,-14.390158939370197,14.126498500991852
71.9149808883667,-1455.6494706035592,-720.5291254632175,-446.6525118080899,880.9633537624031,right_blink,34.13788306268706,11.809425204505068,-63.03856801091508,16.844136653067526
72.01635360717773,-1486.8738953336142,-710.5959511809051,-408.9543202547357,873.427455351688,right_blink,23.563221732572664,15.065576513578758,-40.257158325374384,17.970055198728012
72.11703109741211,-1420.5766888190992,-680.4523575380445,-317.2332738414407,921.9563971767202,right_blink,26.064468863165242,7.82426048034375,-19.092541144940938,9.977371147057061
72.21863412857056,-1476.865923052188,-745.7996294638142,-419.8449089257047,843.1941041098908,right_blink,18.858740287404103,-6.712580242257303,-60.68869712362712,1.0709874688242347
72.319664478302,-1486.971132732462,-731.6254086317495,-499.127048086375,879.2018608832732,right_blink,10.285436035517534,-10.202825359069777,-98.3339045851769,2.7412682591449413
72.42042469978333,-1455.6494706035592,-709.2495871968567,-387.8762441044673,897.9350197613239,right_blink,18.44948075492026,0.13322913704833006,-65.82680904382846,10.53264506368796
72.52107906341553,-1423.542429483961,-670.9380520507693,-341.21725225728005,899.3113029450178,right_blink,33.50649483784574,15.989781225628773,-17.90171410902721,14.907400557506193
72.62172508239746,-1508.0230295830406,-761.7278633750975,-418.719199039042,826.6787059055641,right_blink,31.177599679038995,30.03736555522381,-22.899609236966725,11.348262625341093
72.72258877754211,-1412.4648458152078,-633.4567746948451,-383.0742125613615,941.1794829489664,right_blink,7.768753718918281,25.445582925204437,-47.3019677611871,-5.496228433446735
72.82356214523315,-1522.7021369091235,-708.7783598024398,-366.1549051618204,818.8136962987483,right_blink,-12.838793710083682,0.5319474165750537,-30.087757575636864,-25.951563107977666
72.92422246932983,-1507.8061153856106,-770.6176055697724,-387.8388451049104,818.5406836019829,right_blink,-9.03558699740741,-8.112069668791197,11.497665629060647,-23.045536201573956
73.02457976341248,-1437.2529027215205,-713.4719342468306,-268.0909884236753,917.5881940284744,right_blink,6.058985980692128,6.717112624142454,20.33901504771224,1.30647586907728
73.12580823898315,-1496.1488472237252,-675.7213840940967,-393.0821848427877,880.5239155176096,right_blink,2.032182741768379,-0.5954247415896434,-4.6122032739133765,12.141758128929451
73.22685146331787,-1511.5347956414334,-731.5169515330344,-392.9550282442942,851.6705873594619,right_blink,-25.317583259086135,-12.396030268046827,-16.23707370935905,-0.41921554777048975
73.32739496231079,-1532.164083797019,-707.4357357183471,-298.9264635583386,856.2519648051821,right_blink,-51.68150696761617,38.058604661934886,5.308425422527717,-13.030230248166536
73.42828869819641,-1489.626461701002,-769.3909183843061,-313.3325581876561,916.9206218863836,right_blink,-49.2299160977704,58.708556091150356,49.682254130788714,-9.86136249053668
73.52888083457947,-1553.2608594470655,-562.7577059324831,-279.3892261898145,805.7221765038557,right_blink,-5.8549500216274915,-135.47476084919072,110.50525774994333,11.999552049104494
73.62954020500183,-1367.380351849366,-1453.9721254734322,-167.39044221676886,985.5290865735152,right_blink,54.50575986194346,-445.52234240627087,158.44182020401803,48.61205118381891
73.7303318977356,-1410.980105532799,-1090.5697866789997,-196.14279307611287,921.415981633123,right_blink,80.683249163939,-506.16472669815323,137.81746590666208,74.82133871327385
73.8307933807373,-1451.3785048541613,-977.3630150202662,-348.0238701766357,920.12571614841,right_blink,46.67470356270827,-202.9667715761654,44.78430424317414,55.73393019178508
73.93144345283508,-1476.5779507556,-503.1698799384758,-392.222007852979,885.7597754555754,right_blink,-18.07054230517261,152.7124694340504,-49.035097730513705,-6.9598810568926135
74.03222632408142,-1523.0424678050913,-499.127048086375,-400.9621540494263,817.9703488587402,right_blink,-56.246057770636746,267.9486138598002,-79.8809973133831,-56.35311916125843
74.1332700252533,-1546.0484623825178,-509.56510886270553,-466.2121885763481,808.9179210159928,right_blink,-39.31981232392589,200.3162163961363,-58.74574487721284,-40.7201401135048
74.23436713218689,-1473.973110436462,-583.9068401819095,-370.33611331228167,880.2265934711322,right_blink,-4.736875889148454,155.4892839321979,-48.5952055745006,6.742810713957945
74.33568263053894,-1455.6326410537586,-509.6847856612876,-431.4647780880332,918.4072321187704,right_blink,-9.964332157905265,186.70678032895134,-85.1199652535957,8.550923754397932
74.43670463562012,-1541.4895243365318,-486.7741585327312,-501.2774905608967,821.6934192646295,right_blink,-42.151955074921986,208.93438465110364,-125.92267932211467,-31.378090514416677
74.53722167015076,-1532.8166963392869,-648.8053241129965,-464.52923359628767,796.4453546637669,right_blink,-38.65675839974919,168.55293177837189,-109.64861026023142,-38.255592809165606
74.63774299621582,-1445.194580277428,-515.9603377869353,-399.0809843717143,914.7271705623716,right_blink,-0.8438986602396046,104.18869254157207,-55.98952738278397,-5.373657483026369
74.73822784423828,-1468.7709095980972,-633.6923883920535,-398.8042317749933,878.2930651940405,right_blink,6.541894127688826,93.17019853993861,-42.050455117630584,-0.5914267373535846
74.83874344825745,-1524.9255074327812,-693.7626614803448,-444.12433943804353,784.9713415997103,right_blink,-24.77421348066985,140.2801838217174,-78.85974260661153,-32.94682039834336
74.93982172012329,-1463.5163501603529,-501.973111952655,-412.5259247124195,901.6599601171912,right_blink,-27.11913693882877,122.58622887395683,-86.96021308725567,-36.70732257580494
75.04044651985168,-1497.598058456555,-720.2598526664078,-433.97051105834544,816.6669937241822,right_blink,27.134641347181436,-42.39488155876545,-20.552450020017776,8.253273433615842
75.14111709594727,-1351.210894390941,-1064.2091018413194,-257.08259290410206,966.3041308512912,right_blink,80.21137053883214,-225.35327893264036,55.12006700920881,46.871015706006
75.24168419837952,-1376.1635068953035,-969.0997060681692,-263.560099627357,921.1971974857152,right_blink,89.08524811270567,-274.2589108483331,64.97981636448446,48.7285895089304
75.34263515472412,-1429.4533413639292,-939.6180747174658,-398.1254399330355,881.2438462590799,right_blink,82.81255074547593,-242.76084798321864,29.96422773056068,42.05610077037086
75.44354009628296,-1398.9768966250122,-827.6080710445531,-331.1812307261862,901.0316569246352,right_blink,75.60510698427707,-198.67286240374634,-2.7358117865083607,28.692997952046664
75.54399490356445,-1385.0195899903774,-967.8019607835448,-358.8116115988232,896.7008527759463,right_blink,27.429882278953652,-42.94380830687544,-44.2177069796565,-28.871918195192187
75.64477038383484,-1561.3035143017769,-426.3542047985829,-495.30300038168207,733.7347122067586,right_blink,-54.1978838265274,227.48857539381453,-98.98396440397678,-106.13481271912046
75.74604940414429,-1615.980851653963,-175.79586736718193,-502.3751511978917,696.4292101487517,right_blink,-94.66780630978741,388.3321972129223,-121.66009551057057,-124.3039576272278
75.84680676460266,-1460.5767887951806,-576.9038775148802,-392.9868173939176,882.7435461413115,right_blink,-76.5590102140785,345.9812892707479,-100.61774517216558,-81.21499292152697
75.94798183441162,-1571.9360498758033,-384.02975700004026,-492.1016460196115,773.8413993315771,right_blink,-59.12949632484576,288.8856906802039,-83.18797694115258,-50.34061778749829
76.04873657226562,-1547.3761268667877,-339.0238009332679,-420.2432082709856,807.9006682280451,right_blink,-66.12288595749834,335.84539444172003,-90.09107092948726,-56.55196851441077
76.14935421943665,-1524.289724440314,-388.9028466423042,-467.1228542155586,821.1623534709215,right_blink,-66.94392640936563,366.9984406706791,-89.76700281623981,-64.1236980474228
76.25045871734619,-1502.7292011957616,-449.2049935278483,-398.3535738303326,829.8052622685209,right_blink,-49.97540884241533,285.5684569133297,-62.489465336025184,-55.37181121383278
76.35154128074646,-1535.576742506586,-531.5912496517412,-409.2105034017004,807.4930191328749,right_blink,-32.703394546829074,172.50636737880887,-29.745298813219712,-39.21239502950457
76.4536235332489,-1470.6333797760308,-625.6983522367664,-358.65453580068424,867.8849236173555,right_blink,-25.09226935356213,122.80747177242846,-15.934614880031809,-21.669439623869323
76.55418109893799,-1494.3967040944844,-614.6806069673039,-369.3057708744891,850.1727574272081,right_blink,-23.006592923907377,109.35688094221912,-13.72734468186325,-11.380988062565649
76.65503287315369,-1497.5419599572197,-613.4277404821478,-384.6094414931722,866.2580671366304,right_blink,-17.767130519847953,72.43356599911195,-2.0179522585591823,-16.62960655399363
76.75543451309204,-1457.8391820276156,-738.9387829951011,-311.0643088645302,844.312334196642,right_blink,-4.646252432510729,35.68152350191566,12.016619528548098,-23.72836707480009
76.85670399665833,-1472.922198548913,-675.0388523521833,-400.5451552043669,852.4466166002676,right_blink,7.185649819670381,45.34020135559201,-4.426831990985884,-15.152916595489176
76.95724678039551,-1462.6636529704556,-646.1256857947446,-378.3151898677461,855.35999866575,right_blink,4.493141944299611,63.254602714853974,-51.996943001512655,-4.697136537088172
77.05792927742004,-1447.666654148139,-687.1710878084414,-441.54941831855103,909.524969724007,right_blink,-2.2749253986901063,29.504789296649378,-72.5133439561949,-11.169235641917188
77.15863466262817,-1485.1928103035316,-782.0373900844716,-393.69178853556514,799.2484096805565,right_blink,14.693234775144866,-20.15473136110687,-20.865063869636995,-13.604100205770305
77.25940346717834,-1397.6567119406536,-718.9714571316727,-308.1004381496459,911.5202063503676,right_blink,49.708507078414655,-13.416569200175061,53.28259549784908,9.384853210895654
77.35974621772766,-1417.7287550028414,-715.3923728740774,-258.54302383679897,887.139798539225,right_blink,53.70529052747132,27.085482845081685,62.36623941368343,21.608225446912172
77.46065616607666,-1444.977666079998,-677.4473479236476,-378.8705650111661,867.1388135761954,right_blink,7.202162231717754,22.596131243698267,12.305256805960044,-16.532758330670546
77.56172299385071,-1521.8251303695142,-774.5014916737564,-387.2516808118671,797.4233385021798,right_blink,-36.53786799500773,-25.0524919183414,-12.151953966998345,-65.20717769072209
77.66249990463257,-1490.9185971356928,-779.6064551132731,-320.7861787993461,799.3306874795817,right_blink,-24.105439201360948,-41.14903798977316,13.577096672626993,-55.845960409465015
77.7635087966919,-1414.826592637226,-713.6047006952576,-306.7391145657748,906.6957354075276,right_blink,19.840500704780926,-6.991564229997808,31.910301961054394,0.14405859676859833
77.86448001861572,-1476.9425910012797,-724.6561050643213,-421.14265421032906,869.9998370422982,right_blink,32.80285120356925,14.915618866977672,10.9345479058122,30.707449390393645
77.96556544303894,-1412.4667157651857,-736.5938657228835,-301.7687875246629,921.1429689363576,right_blink,5.390927437144193,-12.202185510231207,-17.72049183405987,16.13131217831615
78.06633973121643,-1506.0838914560154,-781.9027536860667,-420.8546819137409,852.2390521527268,right_blink,-15.08533287830743,-48.23523853298797,-21.179821199922365,6.428448798568082
78.16821956634521,-1484.2914944142103,-786.1363204359077,-381.71662887744606,888.5366511726752,right_blink,-4.541272781773311,-51.450605210107405,-7.423647309527547,23.453986398638726
78.26925826072693,-1414.4974814411253,-764.6131961909123,-324.1633084593341,929.8662855830044,right_blink,6.30635143648138,-41.7271095327303,-2.7656428082011013,25.334573277508834
78.36993551254272,-1484.886138507165,-775.3841080632992,-388.7775599937886,857.2449082434177,right_blink,-3.018810547808783,-53.11486637510203,-7.101643075032342,-6.526778458044037
78.47066688537598,-1491.6815367266536,-813.2954739141278,-373.1971367783845,812.3698486750945,right_blink,-6.235850504713288,-65.68700655500089,5.269875689366834,-26.804887350752914
78.57150340080261,-1429.1728488672525,-755.2896256013773,-305.7069021780044,891.5136115374044,right_blink,10.04479526391549,-31.195598770384848,34.218406171700295,-9.020813747798451
78.67203378677368,-1432.3330643298104,-670.8651240016334,-307.7339279539883,899.1691867467016,right_blink,14.871295104228647,49.656688137036944,43.7242280744004,11.282917628642231
78.77322673797607,-1517.8047379171476,-636.375766610261,-389.20764848869294,834.2557432157919,right_blink,-10.300190282490922,113.29760153665826,17.112841642015734,4.502849603177359
78.8738009929657,-1459.1892859116197,-623.121561167296,-331.17936077620834,885.7803449053317,right_blink,-39.539910881831744,103.65465294272215,-14.05803154842636,-14.987536200359395
78.97491312026978,-1521.4137413743883,-655.239821986761,-377.6700571253896,838.6501256637275,right_blink,-41.53906449888356,43.298831204664154,-6.950470911085091,-28.964170693176854
79.07614541053772,-1477.578373993747,-779.0342504200526,-365.3433468714357,835.1981980046257,right_blink,-17.587746798532862,7.891417061265043,35.68392383505807,-37.397868021445774
79.1768639087677,-1465.397519838065,-686.2379827694967,-263.87425122363493,813.94434655644,right_blink,1.8294974912522202,21.83910206129428,56.936565103028414,-43.80970275599115
79.27795815467834,-1446.5746033610776,-678.1485791653395,-342.28125379467383,846.5600140700117,right_blink,-4.364501374092195,31.081092075423534,22.939348697032155,-45.88009267443565
79.37864780426025,-1480.0766271641478,-754.5509953601286,-394.37806017743424,837.4757970776409,right_blink,-14.031882511937003,-0.9293077622914194,-17.558484108183002,-32.18196282204077
79.47996544837952,-1480.495495959185,-800.3722496172413,-406.8094876301475,857.8769513359293,right_blink,4.482114985459043,-44.04829876996561,-12.371913823759508,3.8919380601264546
79.58071398735046,-1399.3060078211129,-751.555335495621,-289.0362981255166,918.24267652072,right_blink,32.44782485869031,-65.98405437710504,6.398525178654777,36.623807609448995
79.68195819854736,-1425.705961608328,-826.4730114080012,-407.9950359161012,921.608586480841,right_blink,29.049957213471206,-69.06074716636188,-7.761588083036899,31.68685854854858
79.78275084495544,-1482.3280469374731,-803.8540964759886,-422.2328350474127,857.2037693439052,right_blink,6.0882598760929145,-59.88550644113978,-28.92036339434923,6.587767659285873
79.88406014442444,-1428.406169376336,-762.6553585641086,-324.393312306609,885.294157911092,right_blink,7.078005125339592,-43.06053084329753,-16.365319442316725,10.67378110667904
79.98467421531677,-1442.8833221048117,-753.1447929767892,-388.03518985258415,916.3689866429196,right_blink,27.96985650260236,-31.62114893688095,12.11707382203262,40.0506791705266
80.08545780181885,-1427.115903891623,-802.8555431878194,-347.0384065383114,913.6538192750886,right_blink,29.23567983268233,-31.08775112939403,17.84714724226267,44.97916228344281
80.18612933158875,-1419.8043994782493,-728.1323420731351,-340.41504371678457,928.47317284951,right_blink,14.33050560645292,-34.39627221086718,-0.7251606441965706,26.49645245417706
80.28666353225708,-1482.4290242362767,-801.7485328009352,-412.2921809651889,852.478405749891,right_blink,22.529290482202775,-38.706364010003945,-17.774515190222694,36.00093421558077
80.3871738910675,-1386.4669312732294,-766.1708645224571,-375.9814922953956,966.3359200009144,right_blink,46.381417213144346,-46.50660233214574,-21.603503875396598,66.09316980384703
80.4877917766571,-1397.724030139856,-796.2770591657609,-379.7176523511298,945.788909644354,right_blink,37.609271590469376,-55.25434471068512,-26.441898206942835,49.45154459964829
80.58879065513611,-1486.0866463929417,-797.2456932542846,-433.4076561150141,840.6977208894677,right_blink,0.20072980116698824,-57.3919404288357,-45.529180511746056,-11.044761795867984
80.68987369537354,-1474.537835329771,-762.6366590643302,-416.0470405207016,814.0322342053987,right_blink,-11.919349792313673,-46.35261099838042,-68.43205728056877,-31.15011103634673
80.7905044555664,-1431.0689781447873,-792.1332500148565,-454.6989065627568,923.9291944033466,right_blink,8.701323133982186,-25.341997271158142,-70.21846072443864,13.094155606801563
80.89085245132446,-1418.4991743937137,-720.5179057633504,-368.58023028308526,925.2306795879268,right_blink,19.671530255134144,-12.072319798836816,-36.0885093865783,53.31501905743502
80.99129986763,-1496.4499091701582,-769.9780826773494,-404.23269656067714,897.9780286108144,right_blink,8.45241535159776,-19.206197351488974,14.70195601251175,48.93604097478138
81.09186959266663,-1427.392656488344,-757.3222612272948,-296.231865640264,911.3967896518296,right_blink,-5.509529916275489,-30.77457699407138,34.253581265229606,28.339597553819615
81.19246768951416,-1473.198951145634,-772.1584443515167,-341.8474253998138,889.3313799132593,right_blink,-19.249882025013324,-26.51973808800271,5.272421276233811,14.59390528057731
81.2930748462677,-1510.223960706964,-771.8779518548399,-456.3108034436591,878.8895792369731,right_blink,-34.12362838424456,-24.114937315670094,-23.50021815136058,5.753514086256075
81.39395952224731,-1466.1417599292472,-753.3542273743078,-314.11606722837314,898.3856777059846,right_blink,-33.021693072837465,-47.516323683259024,-4.970786238849434,14.01148468763802
81.49458646774292,-1489.35905885417,-809.6696409070864,-352.1845088773407,873.0852545057423,right_blink,-13.909069703757904,-63.686297443046584,35.7260592570071,42.908217594004405
81.59528589248657,-1456.8368888394907,-800.4320880165324,-333.15589790279046,963.893765329849,right_blink,-6.291074429559259,-34.494284981657245,45.76945144023529,52.05995119262012
81.69610929489136,-1442.9319408042356,-765.3069476326928,-317.48571708844975,911.2060547540896,right_blink,-20.21933131772833,-18.073335620821403,25.392402754766763,19.892023971318615
81.79686832427979,-1526.3915482154116,-721.3032847540453,-368.2997377864085,807.756682079751,right_blink,-21.993817597873782,-96.50383253351887,19.832903455998046,-3.84375173446296
81.89779424667358,-1431.1587357437238,-1113.7983053037897,-325.4367443942465,918.461460668128,right_blink,5.2084807901285775,-221.68617221295733,46.126912503641016,18.352683382809285
81.99838495254517,-1395.8952190615237,-941.5048542451112,-283.8565366868861,953.9007526482455,right_blink,27.959347930763208,-270.6662498800149,66.101289473014,44.98204970498804
82.09909915924072,-1467.6713790111244,-900.6501871291548,-338.08134614443406,861.5813222420402,right_blink,23.173576861273414,-216.48311405041227,44.539886817733326,36.601988059096705
82.19959592819214,-1432.978197072167,-966.48738594912,-355.051142193377,903.432672696188,right_blink,11.119534329845806,-130.9057036362881,2.415325338249568,16.23696997121902
82.30098104476929,-1445.7200362212025,-777.1699102921411,-418.0572367468849,877.3992291046306,right_blink,6.969210609731716,-80.38426208285162,-15.68738026225542,7.962150083179514
82.40145754814148,-1426.57174844807,-782.7722804257646,-310.16486292518675,910.9984903065488,right_blink,5.0972408098992465,-82.83102682425607,1.9675150185117296,6.257791975591017
82.50201320648193,-1474.7267002775334,-921.4664702825248,-388.8112190933898,843.1006066109985,right_blink,10.449385580806844,-104.04607802645454,35.09566032231473,13.519884027480783
82.602787733078,-1425.2553036636673,-762.8273939620703,-289.393458571285,904.4873244836926,right_blink,23.49241922952175,-88.33492519002489,58.110768052538454,26.035132964529314
82.70350432395935,-1405.2206596010365,-806.756258841604,-309.5141203328967,917.3077015317976,right_blink,19.44150909136044,-35.19982687437582,55.05702136660473,12.180953238036551
82.80412316322327,-1475.4223216692917,-759.4053855026141,-337.7840240979567,834.6259933114052,right_blink,-6.522828103001707,-13.524939371390737,35.80052708302091,-28.400630241095158
82.90470266342163,-1493.8263693512415,-777.5177209880203,-362.55712140444666,785.2219148967415,right_blink,-19.276886976695256,-57.76767533028688,29.337712479800135,-44.643857035142446
83.00532579421997,-1414.9032605863176,-801.2099872073159,-289.3186605721712,909.3304949263112,right_blink,-6.456886269446819,-89.84775129461003,38.20471585634555,-21.94892372068683
83.1060585975647,-1495.2325717345811,-871.0526188798249,-403.0602379245684,832.8271014327183,right_blink,-4.55491642739684,-17.767216085261143,23.757622485404028,-10.411666022863066
83.20698809623718,-1456.145007347688,-497.30384685797617,-355.06049194326624,846.7470090677962,right_blink,-33.53310389145743,112.0197137711475,-34.22070054899372,-33.2075826091301
83.30756711959839,-1522.853602857329,-642.4269247385673,-471.0048703695648,822.7256316523999,right_blink,-58.66028381286453,166.28555697900717,-86.7444304356263,-48.60912098458609
83.40834951400757,-1506.656096149236,-623.2449778658338,-472.4335121526383,845.3221071846783,right_blink,-46.769647195403216,113.13315502429057,-71.55391031577706,-27.224794993685045
83.50911521911621,-1458.220651823096,-688.6333886911161,-361.8858093624003,872.088571167551,right_blink,-19.242425549581807,44.567739283410184,-7.450124381950281,0.5393836384198725
83.6097617149353,-1453.022190884687,-710.9718111264519,-298.47206571372226,890.5711567485705,right_blink,-12.28726385271171,30.671616874624007,34.61146316176132,0.5329264365889408
83.7112410068512,-1492.459435917437,-695.8887946051545,-394.0265095815994,837.8086481736973,right_blink,-16.25483765000121,49.697156168820676,40.6414535193237,-8.64306499675808
83.81219387054443,-1432.6172967264429,-686.0491178217344,-300.9852784839459,908.7545503331348,right_blink,-1.9280697805589226,49.2743961190119,48.01658882768068,8.14662513873519
83.91330862045288,-1446.42500736285,-745.0684790224768,-297.14814112940803,878.1958277951926,right_blink,18.44068204766769,13.47634095099033,57.720488801822206,36.63252017432192
84.01440691947937,-1419.336911983788,-738.8452854962088,-341.6978294015862,941.340298647061,right_blink,12.0366148215786,-29.867974668290273,42.8705566380187,33.1440709583174
84.1155776977539,-1470.9774505719545,-834.9158355579711,-380.0243241474964,863.2437077723444,right_blink,-10.489510017258649,-46.32117302134103,11.208384206768208,4.369556224716357
84.21839213371277,-1467.460074663628,-737.8710415577516,-359.3389374925755,872.1521494667977,right_blink,-10.382694151430796,-35.546921014687015,-7.109666203861729,5.220520997309816
84.32045459747314,-1432.6341262762437,-792.271626313217,-361.5080794668757,915.7294637504964,right_blink,8.778808573122012,-25.366456501254827,2.3786889463301684,40.95101210160549
84.4209976196289,-1439.2313097980805,-754.0648083658889,-378.3338893675245,921.2495560850948,right_blink,6.718164489580131,-24.581742026840455,37.34121526671359,44.90690718569696
84.52159476280212,-1464.27367990138,-758.1899180170149,-246.6033932282589,892.9123341208324,right_blink,-17.802650417683882,-11.861728681176876,73.79981120203615,-6.506925218000736
84.62234592437744,-1486.997312032152,-741.4426460154355,-364.9749667258002,797.9226151462644,right_blink,-21.24714547532117,15.803847014763345,68.65730660584195,-40.69855003568703
84.72303318977356,-1439.0480547002517,-705.2104952447116,-294.1188221652992,841.7991214264184,right_blink,7.939319275716896,24.98296362223019,13.07341729137465,-8.98103446175501
84.8237521648407,-1383.0318331639282,-719.9045621706173,-463.8990604537539,1000.2586825489998,right_blink,31.918838300651945,4.82808789233108,-37.19498113926567,33.442192303604486
84.92447590827942,-1463.1255306149833,-791.0224997280166,-397.7327504376881,814.7933038463816,right_blink,29.462931393719245,-3.4324331753946087,-33.27108747592955,30.320907276393797
85.02506160736084,-1414.8583817868491,-694.7649546684697,-371.441253749188,908.4890174362808,right_blink,18.226380228438334,22.604008860698855,-4.387900693743036,8.032236012191838
85.12627792358398,-1417.360374857206,-704.2755202557892,-356.41246577724814,899.8741578883491,right_blink,12.400444881018936,42.142516316554705,-2.6578560243018137,6.802390137956364
85.22761130332947,-1466.614857273642,-702.3569515785202,-448.6608380842954,879.7198370271362,right_blink,9.299246926983034,23.78278229812487,-18.68801059937378,20.000644995796577
85.32871055603027,-1422.1811059000902,-799.0894639324397,-342.2644242448732,892.0652467808686,right_blink,7.984366643255366,-1.5502187919914467,-16.036999231843495,27.80839716037549
85.42927193641663,-1450.0508403698914,-690.6473248172551,-405.13214250002056,916.3932959926316,right_blink,7.211711088780543,-0.7781233037932846,-4.291669138869841,26.286207580607126
85.52991461753845,-1437.185584522318,-750.2388907112181,-380.848972087726,898.9429227993824,right_blink,-0.1805089389599117,12.132061124564267,-13.756309137763205,18.823002211516304
85.63088941574097,-1478.8518099286591,-751.8545274920762,-411.7742048213258,845.8662626282312,right_blink,-13.518275124983347,13.732313015489163,-32.209202435993724,9.812543091993017
85.73184442520142,-1440.2036837865598,-704.9150431482121,-391.3319116635248,932.5833229008132,right_blink,-20.054796690906418,6.32551515425679,-23.04965509075038,3.198314090833098
85.83278059959412,-1493.6206748536788,-763.2088637575507,-397.1811151942238,835.2636462538503,right_blink,-14.956263991752332,2.983835657969938,7.055106830671716,0.8168477363274471
85.9336507320404,-1444.5232682353817,-740.2196987299249,-333.909487743862,875.3740732786246,right_blink,-10.878942934947233,6.42164213678263,10.813625159446987,2.202199472303824
86.0345447063446,-1436.041175135877,-722.9638003343716,-396.3807766037062,920.884915839415,right_blink,-13.488478710281047,9.063253278439497,-19.12811847945743,6.148343670288467
86.13539838790894,-1501.6577198584564,-743.0545428963378,-438.5518885040656,842.5845004171133,right_blink,-8.568760405903953,6.971767399842296,-32.10835645812332,13.440264144941446
86.23623275756836,-1419.084468736779,-753.170972276479,-382.610464966856,906.6564664579928,right_blink,4.710521581136959,4.682564778279149,-9.57112918718061,18.859376975021387
86.33744859695435,-1427.069155142177,-727.4142812816426,-335.2259325282648,903.3915337966756,right_blink,2.6610762846681517,1.8331112280893205,2.812968305407577,8.447373357273431
86.43810486793518,-1486.032417843584,-757.6326729236171,-426.232658050023,840.609833240509,right_blink,-17.36524293705134,-9.46058114274335,-14.523098663036514,-16.129503914954967
86.5395359992981,-1484.259705264587,-793.1243235031143,-419.35872193146497,828.3616608856246,right_blink,-27.240665487058227,-26.03507787058894,-22.086975682518453,-30.549213680388206
86.64064764976501,-1426.2314175521024,-730.5632770443335,-330.21072668768466,897.6994060641155,right_blink,-16.36203156851889,-29.590419441919373,-1.662397631500327,-21.04436834835562
86.7414870262146,-1475.7514328653924,-813.6339348601177,-393.83016483392566,832.8158817328513,right_blink,-0.36907728074784374,-12.809357406400716,19.989077863380395,0.7020492050288203
86.84196901321411,-1425.8349881567992,-710.7492870790884,-332.9632930550724,910.3028689147905,right_blink,13.15306887074679,4.15437393936024,31.142755394930376,18.854945666292174
86.94224810600281,-1416.892887362745,-727.6461550788954,-357.04450886975974,916.361506843008,right_blink,25.312441321148302,2.5090883966039925,41.39589413539403,27.977575267117363
87.04301285743713,-1419.7090320293792,-794.2762126894668,-307.9882411509752,877.0439386088401,right_blink,27.961500930421664,-6.991287397444719,42.52460130939288,27.78638218073293
87.14370155334473,-1433.471863866318,-743.9876479352824,-378.7153591630049,900.7904333774932,right_blink,15.272516400917397,-12.183705903058108,22.509429642576485,15.685633464388687
87.24443411827087,-1440.42059798399,-743.4678018414415,-373.03071123035625,883.2390828854404,right_blink,-0.543522762944316,-21.98815007434623,-3.701756701649772,-5.980544273991591
87.34555578231812,-1452.130224745255,-801.148278858047,-412.49039566284046,842.6873476658948,right_blink,-3.8532805113899844,-31.729742005532238,-16.873393403514513,-20.441585885053563
87.44693279266357,-1454.0338338227011,-781.2669706935994,-373.66649422282353,833.33759777667,right_blink,1.903218865022661,-21.164027196589412,-22.20083868296762,-16.878537301541478
87.54808020591736,-1421.171332912054,-727.1618380346335,-441.5045395190828,921.6852544299328,right_blink,2.712713141270097,-4.703479714544478,-31.7037036174475,-8.586400441674911
87.64859867095947,-1455.458735705819,-755.3120650011115,-408.56724060932174,831.2619533012621,right_blink,-0.055696145568076005,-13.17737661203339,-40.265352660686375,-5.656634753952748
87.75018215179443,-1460.077512151096,-800.7817686623894,-404.5917269564234,865.6952121932991,right_blink,3.55521549802239,-28.316002822396822,-32.40907129738439,-1.4341706006146437
87.85112166404724,-1407.6403748723678,-745.1769361211918,-400.23474350804463,902.084438762162,right_blink,5.530556097074432,-12.399111688041415,-3.1764685709196607,-1.6752020612159715
87.95221972465515,-1468.724160848651,-736.8706183196045,-348.86721761664376,850.9637462678365,right_blink,-6.900771585240693,16.984246934142167,28.00629590752215,-15.58136140509357
88.0526671409607,-1469.932148534339,-706.4465321800672,-343.5154207800515,847.9456470035948,right_blink,-22.039500510491408,18.595207719770723,31.541493089776317,-20.15352490862694
88.15354895591736,-1463.262036963366,-770.9354970660061,-373.9320271196775,871.6079940232448,right_blink,-21.07287856128701,5.232374961460771,8.416785740522698,7.030604664500811
88.25420498847961,-1442.662668007426,-716.2768592135981,-392.1004611044191,950.0935344933532,right_blink,-9.475837658783343,14.428572971362456,-6.301925354408611,39.294593021298446
88.35503888130188,-1472.1592589579525,-736.0384905794635,-395.8104418604634,878.8895792369731,right_blink,-6.77799650652877,30.716063032067787,-0.3597697062851994,38.78097464070996
88.45644807815552,-1447.3001439524814,-690.5500874184072,-358.9200686975382,911.1013375553302,right_blink,-20.141803267130886,14.015655178058978,-3.9048583758247863,12.67312932749066
88.55766272544861,-1493.2747341077777,-808.5813300199807,-418.586432590615,845.2491791355424,right_blink,-38.53757988784782,-19.804203807858098,-25.721265757612194,-8.83186742041098
88.65879845619202,-1476.6508788047358,-768.7214762922376,-420.37784466939047,884.667724668514,right_blink,-43.98344055172942,-24.2407745499431,-27.483174209576937,-17.809078351797726
88.7595465183258,-1498.996781039983,-726.879475587979,-385.480838182848,827.3500179476105,right_blink,-30.603580617078947,-2.624370288023099,2.586669691967892,-22.527436603285057
88.86015200614929,-1426.7381739960983,-745.8856471627951,-335.26894137775525,870.3139886385761,right_blink,-12.655378642893567,10.078674156276024,17.59672702249056,-22.97250442390768
88.96148896217346,-1465.7004517344758,-744.6739195771515,-408.8439932060428,853.5480171372183,right_blink,-5.346780673751965,13.868544833294186,-6.621432239125036,-14.278201281902687
89.06264114379883,-1463.52756986022,-722.2270400431007,-430.1015845541842,870.0297562419437,right_blink,-6.747303326871502,27.77307944138411,-27.40079376773568,0.3137287583403996
89.16368341445923,-1414.1291012954898,-671.2185445474461,-352.12467047804967,913.7005680245348,right_blink,-8.425730825154107,43.98625104173154,-10.02306364583251,11.248667260798015
89.26453924179077,-1504.82167522097,-743.3387752929702,-411.5404610740952,839.0521649089642,right_blink,-11.92357305906108,44.28157997008618,15.769111905648376,8.032744919801244
89.3655207157135,-1429.3654537149705,-699.9073171075433,-340.5048013157211,902.6716030552052,right_blink,-23.753720427354807,29.526174631764007,7.709750417129154,-14.73005615665031
89.4669873714447,-1497.476511707995,-730.8026306414977,-431.10013784235343,818.1274246568792,right_blink,-37.28272574767689,14.85756660229867,-25.85884392201246,-40.18862984528751
89.56814646720886,-1470.3734567291103,-717.4399680998176,-426.5636391961016,846.4496870213188,right_blink,-34.065924240542,17.217824858160867,-48.11326751860165,-34.495193567357994
89.66913795471191,-1483.515465173405,-767.2890946092084,-450.0315114180557,854.4568128264509,right_blink,-15.103620556172531,36.472875123924226,-52.588009334976846,1.8119644562933077
89.77000284194946,-1412.3975276160054,-623.4076635139063,-415.9909420213662,932.3177900039592,right_blink,-8.624769511865985,44.836790376887606,-58.40346018831154,18.946034020072616
89.87040376663208,-1493.0073312609456,-775.5131346117705,-462.414320171345,856.674573500175,right_blink,-24.872244584800995,25.43656093081385,-60.478120066296356,-7.589870050787569
89.97144269943237,-1487.0646302313544,-736.1095486786216,-439.73182694008574,814.0135347056203,right_blink,-36.11429699290846,4.370934706482679,-40.99748474046542,-33.32357488556236
90.07240962982178,-1448.6820369861089,-724.3625229177997,-394.8081486723386,901.4523956696504,right_blink,-24.790529054965972,9.812011358393844,-20.534105861642598,-17.28215029257613
90.1731448173523,-1464.6644994467497,-719.9307414703071,-384.2971598468721,855.3450390659273,right_blink,-11.577600853467786,29.415279886418126,-28.072532969580486,13.452872803733301
90.2738037109375,-1464.8440146446228,-733.5215379092842,-478.68849482852966,910.5085634123534,right_blink,-15.424505668068528,34.33447304807786,-36.91848457441918,13.530218403112773
90.37431144714355,-1446.8625756576655,-697.2145891394466,-356.5807612752542,866.7517339307815,right_blink,-23.174127062012925,18.381954696380713,-8.617810602069639,-10.638951541376864
90.4755265712738,-1489.979882246815,-771.9789291536435,-378.6873099133372,829.0385827776045,right_blink,-18.5697162695315,-0.9034176914350307,26.708027818243252,-23.19888799151747
90.57678699493408,-1440.8675160286948,-754.666932258755,-350.45106524787843,874.1604757430032,right_blink,-12.318548267919267,-7.278802676225623,14.922308623035711,-18.935258296620127
90.67747926712036,-1445.6321485722438,-733.5551970088854,-430.9898107936606,881.0231921616942,right_blink,-17.786047205151533,-1.1172687652536397,-29.43018243824571,-13.073064731501525
90.7782974243164,-1493.5402670046317,-742.2504644058645,-455.1308650076389,844.951857089065,right_blink,-20.69608305603788,10.355038505878095,-50.579220560323186,0.6238821815877937
90.87887573242188,-1440.4336876338348,-743.6529268892482,-388.78877969365567,904.0460162889212,right_blink,-7.548301207312728,19.63776668005081,-38.55198153645088,24.151463413860007
90.97944617271423,-1431.3158115418628,-718.5881173862144,-433.1626926679164,921.1448388863356,right_blink,2.3386728441500058,13.367567375869045,-21.97175901426162,23.181889502282047
91.08056616783142,-1450.8455691104757,-746.8206221517175,-390.3707573749125,856.747501549311,right_blink,-7.899600698856617,-8.411275737805937,-8.488478865036114,-16.357611524057607
91.18137001991272,-1485.2694782526232,-782.4113800800405,-391.2945126639679,803.5679941293783,right_blink,-18.732466150217363,-13.97653788633911,8.862495316231481,-46.02578217039345
91.2819504737854,-1427.891933132429,-727.9172978256829,-344.6168213170022,871.3686404260807,right_blink,-10.006384920691003,16.361993426274125,19.36934247541291,-26.61200145031002
91.38350033760072,-1444.182937339414,-686.9691332108341,-389.110411089845,893.5836461628787,right_blink,5.660994740600958,48.24377183715971,14.202913603162502,11.79926666469287
91.48468708992004,-1443.7416291446425,-702.3251624288969,-390.7073483709246,886.3992983479984,right_blink,8.011982098163177,42.65030004741625,7.033762010932136,24.328007755485498
91.58573031425476,-1438.22527671,-752.3164051366039,-361.48751001711935,892.0989058804698,right_blink,-3.453787552218044,16.61016747475989,8.781865658911606,11.26196541739986
91.68605136871338,-1460.137350550387,-719.1883713291027,-383.05177316162735,873.5901409997605,right_blink,-16.20824962498098,8.354239596713493,11.288919780463782,-4.168716636813109
91.7866005897522,-1463.2152882139198,-737.0164744178765,-397.09135759528726,870.0596754415892,right_blink,-18.568874304712878,16.230107449895982,6.2260959613523275,-11.270154340646043
91.88714265823364,-1455.855165101122,-734.0095948535018,-372.0602071918547,855.541383813601,right_blink,-7.507085952295301,14.49258042630938,-2.150493564858494,-7.641055778215435
91.9880394935608,-1421.4630451085975,-738.4039773014374,-401.7363133402541,903.9543887400068,right_blink,8.532356587468465,2.5117043830607955,-3.6676269157513137,7.01937155661971
92.08857536315918,-1436.7816753271036,-751.6282635447569,-387.2255015121773,873.0590752060525,right_blink,17.292382823448467,1.2406709551680226,5.964990025049011,19.979470933602258
92.18927311897278,-1433.8626834116876,-739.1650469424203,-378.9341433104128,900.2144887843169,right_blink,14.216084646867971,15.056625403890074,18.406990300132115,12.57561536576936
92.29025840759276,-1410.170417192392,-692.1358049996197,-326.6017232304439,888.4412837238051,right_blink,6.443141618042627,29.05171809182367,25.179580009155067,-8.424772236546291
92.39130020141602,-1471.7703093625605,-733.4841389097273,-417.6757669514045,825.6034846683033,right_blink,3.7900512192923905,36.750190316592956,30.00881351144144,-13.29509563939464
92.49244475364684,-1430.238720354624,-706.3960435306653,-324.0511114606634,887.8690790305845,right_blink,4.0278843037300245,38.01444481938342,32.948449695595414,1.5238928427599174
92.59345960617064,-1415.4735953295603,-717.4848468992859,-351.0980679402128,923.7234999057836,right_blink,0.8957653183026413,21.098218888045825,24.589303323194223,8.571101196656969
92.69388580322266,-1473.2326102452353,-752.1387598887086,-426.0793221518397,833.9135423698463,right_blink,5.233922794050297,-12.917372520203891,9.242502478277908,6.781198580172507
92.79473543167114,-1405.6413983460516,-791.572265021503,-356.37880667764693,918.9887865618804,right_blink,25.597547406013053,-27.558883486887044,0.34859315047303197,22.41482519388521
92.89565181732178,-1399.279828521423,-745.5939349662513,-410.457760036923,926.4349273736588,right_blink,36.90084108991384,-2.417142097508166,-6.023146278299132,45.52441397019516
92.99610352516174,-1427.1084240917116,-712.9782674526796,-402.7012075288221,909.7100947718136,right_blink,14.882916405151743,13.248763495730564,-16.800921591336746,37.25906432430732
93.09710335731506,-1467.6489396113902,-832.8645004322752,-415.4580062776804,887.6409451332875,right_blink,-14.760066913119942,-48.50439930137075,-15.74139115532968,3.0685703310756134
93.19765019416808,-1454.4153036181815,-865.4109797966667,-375.4018078022637,846.5282249203883,right_blink,-9.360140358738537,-178.74364997971657,17.0227703681867,-6.791483290147536
93.2980935573578,-1395.2313868193887,-1105.0824684570543,-296.10844894172624,936.8281093505212,right_blink,29.266765420982104,-294.5067573931805,71.9267279694488,29.24620165910886
93.39893341064452,-1399.41259496985,-1049.0251080212183,-335.9496031696908,933.9147272850388,right_blink,63.50620846164936,-337.02571071506094,113.11059400353983,76.83314878591075
93.49993896484376,-1363.2253229985945,-1057.6119183194824,-203.49356643902132,970.8836383470334,right_blink,67.62215649184424,-317.0472214868949,112.77667587372338,90.63357338810202
93.60117888450624,-1409.6487011485733,-1009.0455774948932,-376.8940278845839,941.050456400495,right_blink,43.24015546228861,-261.1791493116025,79.05817762188627,60.47784905971646
93.70174908638,-1420.1428604242392,-959.3049080842176,-328.23044966114685,897.705015914049,right_blink,9.40607077582657,-184.3111978112691,41.673783501145834,16.37381670019849
93.80288004875185,-1463.9931874047031,-832.5185596863739,-369.7882179687731,857.205639293883,right_blink,-10.972138714357452,-121.75773012266174,17.155973600845986,-6.046765850210958
93.90347838401794,-1458.884484065231,-850.4850390735082,-388.8018693435006,878.8147812378593,right_blink,-12.177134246567901,-105.33855859219945,7.854647423496152,-6.145153714262146
94.00411868095398,-1446.075326716993,-871.9857239187695,-393.9891105820425,867.5277631715871,right_blink,-8.820302104788924,-103.8407649166427,15.336135811584006,-5.209599668433652
94.1048755645752,-1429.1859385170974,-796.8773131086491,-347.1094646374695,913.6295099253766,right_blink,-4.668644053369412,-66.59353272432102,27.24054540859972,4.230696670134416
94.2059450149536,-1471.486076965928,-768.9664397393353,-381.4623156804592,850.7356123705395,right_blink,12.491364336875922,-12.518656993050499,16.64768465765016,42.576886096768725
94.30644536018372,-1389.608447236009,-711.4243390210904,-430.8289950955659,1009.5093250893988,right_blink,28.669575464943136,3.0256396141488344,-18.698293098010915,76.05913672816015
94.40734362602234,-1423.716334831901,-796.2078710165806,-396.4219155032188,923.2934114108792,right_blink,10.63102777101471,-14.868234797924394,-35.72878078201279,46.93587085015191
94.50831007957458,-1477.3203208968043,-734.3761050491594,-413.7825310975313,822.2263550083153,right_blink,-24.172113351096208,-23.169434030344227,8.134995013619266,-23.24719895520515
94.6088364124298,-1472.2751958565786,-837.4851468275301,-315.20998796541244,847.7698717056774,right_blink,-16.04065775209684,-37.24152254450846,87.55120727920986,-50.18151730221331
94.70963072776794,-1394.283322180621,-760.6115032383241,-238.5607383735478,857.3327958923765,right_blink,37.89106131896564,-100.56905444818445,120.59686110976067,-9.256485059188428
94.8103530406952,-1356.413095229305,-959.3984055831096,-347.6424003811553,936.8954275497236,right_blink,70.07281322894102,-167.17098636846424,71.38367770896491,38.63553166151574
94.91071581840517,-1426.5324794985354,-916.7336268885992,-399.17074197065085,885.7747350553982,right_blink,44.084653613920125,-139.85137452905568,2.405434156587507,39.42002160615058
95.01139545440674,-1432.471440628171,-710.4631847324781,-386.638337219134,904.096504938323,right_blink,-1.2845716589515765,-37.0396342011058,-11.794483650858385,3.165270337467028
95.11203718185423,-1457.3791743330655,-778.2563512292691,-401.2164672464132,846.8610760164447,right_blink,-19.237590998010695,7.847564339959551,18.764567725923804,-25.580163477398585
95.21264553070068,-1467.5853613121435,-798.2012376929633,-346.1950590983033,842.7602757150307,right_blink,-8.634309254479241,-60.78341778908748,33.9432097573132,-19.042733649223532
95.3133807182312,-1409.942283295095,-865.8485480914824,-359.63625953905284,915.1983979567884,right_blink,4.754044863216099,-132.44801490569515,19.618069143225263,9.332303934426601
95.4142520427704,-1484.9609365062788,-809.4732961594127,-434.5838546510786,861.8449851889163,right_blink,-0.5139838297175933,-74.14195746510464,8.099050795209529,21.389611886581037
95.51467227935792,-1437.2884317710996,-711.3308415221982,-374.5584603622556,915.1123802578076,right_blink,-28.058850319038942,88.5748699029719,-0.0836633689670061,1.920907929858523
95.61503887176514,-1497.9159499527889,-470.81039557186887,-394.0695184310898,847.9961356529966,right_blink,-53.94959999123031,192.5332345446939,-32.24863542727547,-18.442214705421275
95.71563148498537,-1518.5040992088616,-621.3451086883433,-509.9016998587176,837.7899486739188,right_blink,-46.3006189034648,148.34685211568686,-67.1048915795033,-8.46572543430737
95.8166229724884,-1439.6034298436716,-729.8209069031291,-460.23582844715565,937.5592597918584,right_blink,-15.620792760366143,49.08174614111067,-58.26659362596758,13.570646412394423
95.91717290878296,-1441.985746115446,-685.0318650337867,-381.2603610828519,872.4924803627655,right_blink,-8.65452150059009,16.60388002668092,-19.54664769374874,11.173739855786437
96.0178575515747,-1491.8012135252357,-717.3857395504601,-384.3532583462074,836.9148120842874,right_blink,-33.73559344794419,41.02180349951408,4.302814666637251,-10.430331924312345
96.11896228790285,-1494.5163808930663,-675.4465014473535,-464.7573674935848,913.3808065783232,right_blink,-46.81515613352699,46.70033176015983,6.90068259267378,-14.867810580643642
96.21975588798524,-1461.994210878387,-757.3839695765637,-331.8188836686313,851.5434307609685,right_blink,-26.471577057907652,20.486450827398556,-8.736127278369318,13.63135545944493
96.32042026519775,-1437.8568965643644,-709.2065783473663,-464.3646779982373,944.0760354646482,right_blink,-2.7755532069966846,-1.785504229754439,-48.0303028265671,50.9153410770621
96.42108726501463,-1462.8843070678413,-770.6942735188641,-488.24767911527306,924.1087096012196,right_blink,-1.427478232622433,-7.435605907647508,-73.36593141001201,55.69703600345802
96.5215516090393,-1446.6755806598812,-724.3382135680877,-429.7930428078398,915.8884094986132,right_blink,-10.997203353138378,-7.343292084068068,-32.28669605399568,17.88579418185105
96.62257719039916,-1447.7227526474744,-785.7810299401172,-333.5766366478056,837.3355508293025,right_blink,-12.437575423714819,-1.8873939051215198,49.1983018576139,-19.166973398184822
96.7239544391632,-1466.5568888243288,-659.4285099371336,-310.1424235254526,862.0338501366787,right_blink,-7.3240689377226955,19.18775494969243,90.38002144633374,-13.782710837040467
96.82484078407288,-1449.113995430991,-747.1104643982835,-355.03618259355426,904.6948889312334,right_blink,-9.249635812664549,52.09213654876379,66.44287559605661,14.701343535965172
96.92532110214232,-1442.722506406717,-651.7691948278807,-333.99924534279853,906.0973514146172,right_blink,-18.03546891575313,67.27341682780354,24.61226746164678,24.168124547467226
97.0257842540741,-1485.9071311950684,-676.4375749356113,-449.71174997184426,876.73165696254,right_blink,-16.030390162287667,41.29419186355433,1.2304595137708128,16.554063323759
97.12649536132812,-1442.1989204129204,-769.5685636322014,-378.4404765162617,893.7669012607075,right_blink,0.49530964314270437,1.173206574897339,-14.873821533702849,17.311939717049075
97.2268612384796,-1405.8676622933708,-733.6561743076891,-414.3005072413944,926.9790828172116,right_blink,10.128540067996251,-7.690613140941182,-30.327790675021447,23.962669667030443
97.32853293418884,-1462.586985021364,-761.1369591820985,-479.2850088714622,874.6466627372429,right_blink,4.761472366798766,3.4214558148763063,-21.130935936420002,21.205759577510886
97.42923712730408,-1450.3163732667454,-683.9379442967474,-346.42506294557825,890.1971667530015,right_blink,3.8389342865663476,-6.0382932431689005,13.09686099352079,14.573836220722782
97.5301387310028,-1393.4998131399043,-817.6094485130161,-351.5150667852722,920.4641770944,right_blink,14.504187828850046,-17.6424798005607,31.636847977418523,16.535269793134663
97.63141512870789,-1462.4934875224717,-716.1048238156363,-430.0006072553806,867.1780825257301,right_blink,18.138032954504478,10.370195764044313,19.637540049581673,23.116022986029183
97.73202848434448,-1418.0485164490528,-683.6985906995833,-355.8271714341827,916.6980978390202,right_blink,6.750826639669336,42.51239359558343,11.425322277610386,21.937332210210137
97.83339190483092,-1439.6202593934722,-714.0852778395638,-372.0882564415224,903.6458469936624,right_blink,-2.1691197260269743,12.462101082185644,32.13248709793895,11.59418034888933
97.93437480926514,-1471.4580277162604,-825.2014454230666,-340.2841472183354,838.7698024623096,right_blink,2.9015842596994945,-54.88203290613883,62.58343379302097,2.1873982194545776
98.03524446487428,-1408.145261366386,-800.5629845149815,-360.83489747485146,914.3344810670242,right_blink,6.917354460539065,-74.76351363545237,61.078767599881445,-0.11535304589451534
98.13632702827454,-1448.667077386286,-757.1539657292888,-354.7874792465009,877.6086635021493,right_blink,-3.2504769042532233,-34.08786054385481,9.342155158480018,3.9046167484643655
98.23727011680604,-1478.3525332845747,-769.6377517813817,-464.1253244010732,862.4583287816495,right_blink,-11.852521039159036,-2.087810095624807,-47.39172677611875,13.30573893751724
98.33876633644104,-1434.438628004864,-724.9459473108873,-457.3037468818948,924.8510797424242,right_blink,-2.1305071809183844,-19.498760880476496,-35.67438220385139,20.430787730124347
98.44000434875488,-1412.956642659381,-796.4191753640771,-334.9790991311893,896.6858931761235,right_blink,11.61240079184955,-47.1269665211592,41.66667229278008,11.371731336792312
98.54111909866332,-1482.197150439024,-805.6903873542324,-322.4429544797167,816.839029122144,right_blink,5.866311098860736,-39.53992441816072,89.96562144638307,-13.841035983323183
98.64132523536682,-1420.4551420705393,-708.8905568011105,-347.04027648828924,900.7997831273824,right_blink,-16.046306375691522,-14.264902541446855,50.25872944665081,-35.01248233266148
98.74174165725708,-1481.400551748462,-752.1238002888858,-413.43472040165216,814.6885866476223,right_blink,-25.90985406616962,-6.536592869812818,-16.41239826191332,-30.551727977330778
98.84286069869997,-1470.9363116724417,-769.3535193847492,-447.4378907987848,865.5624457448721,right_blink,-6.5224985344179665,-7.423976046821777,-22.676526768006923,-3.69735428145912
98.9442982673645,-1404.900898154825,-726.3334501944482,-373.30185397714376,909.48757072445,right_blink,21.038229211058844,-2.320396938599372,18.340159327835053,12.83341370888532
99.0447371006012,-1408.4201440131292,-732.4332270221785,-349.00372396502644,887.863469180651,right_blink,25.26268351345171,-11.828796978042504,30.395997625003684,0.050299360150911854
99.14526772499084,-1461.9493320789188,-784.758167302236,-424.85263496637344,827.1948120994493,right_blink,12.012671386782895,-40.45009988522946,2.113778499118167,-15.047043690630295
99.24595880508424,-1421.7902863547206,-813.304823664017,-428.89546681847423,888.8414530190639,right_blink,8.86234262288083,-50.79271262447651,-12.03350693539963,-6.645145732573958
99.34711623191832,-1419.6959423795342,-725.8771823998541,-368.5147820338607,898.6287712031044,right_blink,16.4027027816175,-29.895066977105497,4.5300705363918325,5.562775234029325
99.44804334640504,-1441.660374819301,-776.556566699408,-384.4093568455428,856.3604219038971,right_blink,14.490148544067605,-15.32761065797764,19.12267555101291,-2.3204167043987822
99.55006146430968,-1451.9525794973597,-755.3849930502474,-413.1579678049311,850.4476400739513,right_blink,-0.10946659834733152,-28.757547625046644,21.450700235669263,-17.750735827293767
99.65130472183228,-1429.5954575622454,-772.1397448517382,-352.69874512124807,892.4354968764819,right_blink,-10.38742056597741,-41.666812806386154,27.14549252232136,-19.179386595203624
99.7523226737976,-1475.5924871172756,-786.048432786949,-362.4187451060861,839.9011221989058,right_blink,-3.508311377616499,-27.6543015576233,34.77236301790252,-5.159349780642339
99.85378360748292,-1428.5333259748295,-705.1132578458637,-394.7053014235571,901.1045849737712,right_blink,11.565191778994702,-3.985775807384641,34.27229829629025,12.015034467996992
99.95479893684389,-1410.9221370834855,-758.1151200179011,-352.70996482111514,904.279760036152,right_blink,15.177754143144913,1.5447968762908872,31.64745461753208,18.811444444669736
100.0556297302246,-1458.0373967252672,-733.1550277136266,-369.82374701835215,875.6134268757887,right_blink,7.691846455478615,-4.852293814596756,33.11046553082307,13.6216719989345
100.1563332080841,-1433.03616552148,-721.3294640537351,-406.1082563884556,909.0219531799668,right_blink,8.571975407110498,2.3362576816596223,24.774206369331026,13.11662143198349
100.2570481300354,-1422.543876195792,-735.441976536531,-378.569503064733,887.164107888937,right_blink,19.367774930646508,23.430068472157032,-8.594484736199822,29.16023271434372
100.3579454421997,-1419.854888127651,-675.958867741283,-462.77709046704695,933.561306739226,right_blink,18.343169583648834,29.900174743557017,-50.56496012839438,43.155740740730444
100.4589524269104,-1469.7301939367317,-744.716928426642,-508.08597843023017,901.974111713469,right_blink,-2.11942571787155,6.976598217504808,-63.82332058247284,27.37223898264818
100.55997562408449,-1436.968670324888,-746.7963128020056,-376.4639393896796,872.24564696569,right_blink,-20.16014891630168,-21.337828369385843,-37.39841764544762,-9.065661059143192
100.66094899177553,-1482.4682931858115,-769.6770207309164,-456.0116114472039,844.3908720957115,right_blink,-13.509660547742145,-23.89295179588074,2.0950037415531444,-25.292301551985936
100.7616274356842,-1427.286069339607,-713.829094692599,-363.57624414237216,873.8313645469025,right_blink,9.789666307694608,-5.45068737853234,24.60726592328523,-7.951518995102477
100.86329913139345,-1426.837281344924,-769.886455128435,-372.88485513208434,879.0522648850456,right_blink,21.512290631534263,-0.2385325469118471,22.450517731703886,9.55766043135341
100.9644057750702,-1413.7102325004523,-723.044208183419,-403.884885864798,915.2021378567442,right_blink,14.26234297184708,-23.96443928240946,10.249033367440996,4.861259632374728
101.06496024131776,-1470.3248380296864,-785.8707875390537,-412.2697415654548,831.26382325124,right_blink,9.563261782021712,-49.134407673173754,5.703285251107666,0.5406870509727131
101.16565871238708,-1408.291117464658,-812.5998525223695,-378.36754846712574,911.9072859957814,right_blink,15.693813025166126,-48.08259119784467,8.019199652157948,12.480764908400605
101.26662707328796,-1423.0412828898989,-750.94012195291,-393.5328427874483,909.5417992738076,right_blink,13.102104175155562,-41.83736788836811,4.837837313861923,16.963927806905907
101.36768174171448,-1480.3365502110682,-760.0953970444389,-466.9395991177298,862.7855700277723,right_blink,-4.04691283825934,-56.847827181039506,-6.080417651301462,3.540830225479761
101.46850538253784,-1428.191125128884,-848.7684249938466,-336.38717146450654,877.756389550399,right_blink,-11.991506671936182,-61.501636025794824,-13.001362921306718,1.9119695370748349
101.56937742233276,-1463.443422111217,-732.655751069542,-468.2672636019997,910.8058854588307,right_blink,1.4300665702092723,-22.25131905091914,-1.0332106072775105,23.485456922701996
101.67004299163818,-1433.37462646747,-699.5987753611989,-380.9256400368176,908.2664933889172,right_blink,13.776427519651085,19.093167188752908,25.456516415912706,35.28478568332848
101.77167057991028,-1421.1189743126745,-719.5324421250261,-326.9775831759908,905.5363664212636,right_blink,4.19784572543852,10.402340185996826,34.97605236713022,18.84868486756873
101.87273359298706,-1477.5278853443451,-782.5534962783568,-433.6657092119567,866.4170128847472,right_blink,-12.506565433577295,-24.00646304977534,11.95912849997452,0.7874855124195546
101.97320938110352,-1468.9335952461695,-756.8304643831216,-410.60174618521705,874.0090097947977,right_blink,-12.713241253395983,-37.35521721800069,-15.231411687094592,2.9702978547661703
102.0737009048462,-1417.1210212600415,-742.0017610588111,-437.3308111685328,922.380875821691,right_blink,-3.177270805560139,-34.80349563724746,-22.699661460668285,11.13787945254844
102.17431259155272,-1474.9997129742987,-800.24322306877,-411.56664037378505,853.1141887423582,right_blink,-2.1296936898858263,-36.17319933944884,-22.150120809226678,10.476568081477248
102.27512454986572,-1443.5508942469023,-743.9408991858363,-432.9943971699104,898.6755199525505,right_blink,-5.08139878313954,-32.0275718063523,-18.442347470204872,8.095912050068321
102.37615084648132,-1451.6739569506608,-763.0517879594117,-421.0790759110823,890.4140809504315,right_blink,-0.01240375736623403,-16.764553971208798,-0.12444441445160304,10.581061133436975
102.47699570655824,-1421.7996361046098,-711.1793755739927,-392.4351821504533,903.36161459703,right_blink,8.900590592929902,-8.449218705613557,11.076213289707827,16.06259980609381
102.5784056186676,-1455.4886549054645,-774.0994524285197,-404.8927889028564,874.65788243711,right_blink,13.37605031668743,-15.487183544656313,-21.631318189575143,23.681712936632092
102.67891025543211,-1418.3813675451092,-749.3712339214981,-499.2130657853559,925.0605141399428,right_blink,13.810517755266353,-26.202795380651054,-70.56510354522729,25.847602577155893
102.7799129486084,-1437.911125113722,-748.1146275363863,-486.138375540264,894.1614607060328,right_blink,11.8648177943232,-32.30956206720773,-67.38984748711312,11.487603729807502
102.88104248046876,-1440.4766964833252,-775.7861473085359,-406.36256958544254,849.2190829385072,right_blink,7.059797255681463,-32.62892324480241,-13.477457845454984,-12.406422306762078
102.98162031173706,-1454.4527026177384,-759.3268476035446,-375.0708266561851,843.5493946056813,right_blink,2.907825085168011,-26.91186943124606,24.23745584085039,-28.010108768989912
103.08268547058104,-1409.760898147244,-744.1989522827789,-390.5128735732287,890.4552198499441,right_blink,8.241536561413614,-23.22841818581408,26.245365977167086,-27.935582193338327
103.18387007713318,-1457.4147033826448,-756.0731346420944,-395.4233622150496,821.9439925616607,right_blink,25.081077163052257,-30.610643387339447,32.05149204014411,-12.49702804009834
103.28437733650208,-1399.2742186714895,-787.856674415525,-342.5580063913949,894.7542348490097,right_blink,34.94134440178569,-40.353355130025335,45.997585424836785,9.452105556459916
103.3851079940796,-1410.2470851414837,-747.3610376953147,-363.5799840423279,925.9973590788431,right_blink,18.723461990617846,-36.79067151748613,31.766316507493308,17.514120682002325
103.48599076271056,-1472.4191820048727,-759.5456317509525,-441.7738123158924,856.2818840048276,right_blink,-6.401938862338474,-22.39400132691578,-7.109169258138337,7.835814071535172
103.58646893501282,-1468.4212289522402,-747.5181134934537,-447.4098415491171,882.0535345994867,right_blink,-7.136044821908087,-14.733571520915211,-30.899509126966823,3.663170291567909
103.68708682060242,-1398.5262386803515,-738.5909722992219,-394.67351227393374,913.7678862237372,right_blink,11.487048487704689,-22.06111422189356,-32.679802582050435,16.176769243652135
103.78754210472108,-1460.4851612462662,-777.0483635435812,-497.2514882585965,890.2588751022704,right_blink,18.393553565502806,-29.396530139210498,-32.99492966211585,29.0051889864328
103.88842916488647,-1417.2593975584025,-708.5670554549433,-397.0296492460184,919.6357892542146,right_blink,9.16445110936757,-13.672781271457067,-31.26776348487698,28.736215096937393
103.98929023742676,-1476.0768041615374,-763.0424382095225,-460.9856783882715,875.2057777806185,right_blink,-0.4259231810008508,19.835277982960186,-14.957833350209015,15.288344893962709
104.08972430229188,-1422.0763887013309,-640.4709570617415,-365.69676741724834,888.7629151199944,right_blink,-9.350365758324664,30.751079420750866,8.330598158785984,-9.716894453560945
104.19024515151978,-1490.168747194577,-761.8531500236131,-418.5191143914126,837.2009144308977,right_blink,-19.031092438700274,-2.3334730718600594,20.364241512829942,-32.73589125323432
104.29087138175964,-1456.098258598242,-764.9105182373896,-374.0517039182596,852.0053084054962,right_blink,-15.587814779335734,-41.51078670498186,16.13442517165918,-26.86655258170322
104.3916437625885,-1451.9806287470274,-763.627732552588,-418.0329273971729,876.4941733153537,right_blink,3.3423607599638308,-40.34045990000021,6.393841119776397,7.102293655465264
104.4927396774292,-1420.6851459178142,-753.2008914761245,-385.5032775825821,914.7309104623272,right_blink,16.162393182425326,-12.554564208903212,10.17492813526961,26.263426959339874
104.59378480911256,-1429.4140724143945,-709.7993524903432,-374.2686181156896,898.9186134496704,right_blink,13.927074762732293,-5.807333714744866,38.60396480761447,6.565612193474937
104.69474077224731,-1462.717881519813,-768.7700949916616,-363.38924914458767,829.3115954743698,right_blink,11.928086347072654,-26.206968533555685,67.95634041257303,-18.33704323527058
104.79532885551453,-1415.5091243791394,-779.245554767549,-332.1386451148428,872.5074399625883,right_blink,12.981219390480282,-36.219549278544896,53.257230157083605,-14.820534488371004
104.8958523273468,-1428.76706972206,-706.5905183283612,-398.5330890282057,906.1254006642848,right_blink,5.107266239305526,-17.52121256963548,-1.236338206263925,1.4094976615569648
104.99738001823424,-1485.4602131503634,-754.3752200622112,-485.9495105925016,856.0668397573754,right_blink,-1.6105159098202368,3.6787186466515687,-29.40142692173717,7.725941111782665
105.09841465950012,-1409.8917946456932,-737.1081019667909,-386.9356592656113,898.7503179516643,both_blink,13.355969692868294,-3.7497414683592387,-2.2598030756651224,12.34241610156979
105.19886302947998,-1416.1374275716953,-714.0254394402727,-369.1187758767046,905.8561278674752,both_blink,36.939189415277625,-24.216428836976263,24.633533885773588,22.88415012051499
105.3000226020813,-1418.742267890833,-733.1961666131392,-428.8730274187401,909.3641540259124,both_blink,36.400906930882556,-1.9170098511787435,8.450551459660993,25.85753657904349
105.40083026885986,-1427.901282882318,-741.2219919180498,-411.1496415287256,877.0925573082641,both_blink,8.578643724132275,80.13247516236015,-16.723431250467485,7.633505445377076
105.50192141532898,-1479.8372735669836,-400.748979751952,-453.9901955211535,831.226424251683,both_blink,-23.86211646158558,185.06854724592523,-22.897035805646343,-37.53393898629056
105.60239267349245,-1522.5581507608294,-431.85746758338064,-442.4638238577172,806.3785289460793,both_blink,-56.3896307942193,327.9361467430663,-52.737752603521955,-103.15692925586407
105.70333290100098,-1503.7539337836206,-303.9229698991403,-549.4586216900498,709.2720265965909,both_blink,-100.29852740880372,558.0504330885867,-141.2804582558392,-152.32683941585347
105.8040030002594,-1630.4355649827048,221.312319777906,-671.749610341154,715.1623690268025,both_blink,-136.05667450376833,777.6945701058299,-236.39013499527493,-145.98949483910164
105.90448093414308,-1540.6929256459698,-2.258899573236704,-650.1367284972221,800.4694870160893,both_blink,-119.92877192779486,786.5330761307004,-258.80967232540786,-101.45386059263146
106.0052409172058,-1526.9637529086322,-186.8267022864893,-625.3262321911752,820.9117801738903,both_blink,-50.50039989927612,566.688872725971,-201.81360723160654,-67.09962330342006
106.1061282157898,-1384.4025064976886,-385.1012383373454,-514.1838853079826,803.0126189859584,both_blink,19.463456629136317,318.4011366419012,-123.4292209929686,-46.32985087082435
106.20709896087646,-1450.3145033167675,-522.9988295035437,-512.2989757303149,882.8258239403367,both_blink,48.32444328671637,191.7674998798155,-72.32293210656935,-16.57897762825608
106.30773663520812,-1377.494911279529,-605.6880175238475,-452.3913882900961,860.7604142017663,both_blink,42.59153628974254,153.77764431916623,-56.28397844767414,-0.7874052263950774
106.40837240219116,-1420.2718869727105,-568.1469017686322,-454.9270404600538,874.4634076394141,both_blink,29.034155215035558,118.92437595186296,-54.48787613328094,-35.981077802577246
106.50900793075562,-1441.81745061744,-664.5241236267611,-473.0318961455487,766.2531423214823,both_blink,20.02610323037118,77.66052315929309,-41.67020920858296,-92.87033711625405
106.60978436470032,-1442.602829608135,-694.4208838725463,-438.1498492588289,746.3718341570348,both_blink,4.983667674739804,64.93454120682968,-21.972196091247206,-109.49639146846546
106.71037554740906,-1465.2703632395717,-587.0932349441573,-410.5045087863691,840.7108105393127,both_blink,-28.113436117457884,80.58482921627126,-25.7524027568958,-81.28963032149558
106.81116318702698,-1510.9869002979249,-659.3967207875103,-474.29224243061617,826.3570745093748,both_blink,-60.527399309495465,95.98560522041348,-49.68256564950203,-45.469665623281216
106.9119176864624,-1531.2197590582073,-651.2437388841063,-471.3339815656655,829.8800602676347,both_blink,-58.844579000112795,98.3499207653319,-47.12662334643804,-15.65674978423788
107.01246857643127,-1457.6970658292994,-594.1915650600567,-420.9650089624338,910.3664472140372,both_blink,-29.763792250549294,87.10652124770711,-8.775149339232385,5.456546615237417
107.11310124397278,-1454.98937826138,-685.1683713821694,-363.6473022415303,898.2566511575133,both_blink,-16.73467405070053,65.46439138065989,13.056906142195613,3.7779229010097626
107.21405935287476,-1527.8987278975546,-674.4348585093394,-465.3202224369161,840.3256008438766,both_blink,-36.790038763708736,50.57102952984035,-7.431322221944447,-13.432799812264236
107.31519556045532,-1464.6682393467054,-678.9919266053475,-410.7793914331123,850.0007220292464,both_blink,-59.09833205392896,50.69651188928852,-25.798695398026794,-25.06802552668493
107.41626811027528,-1517.3709095222875,-670.4387754066847,-421.1463941102848,857.1439309446141,both_blink,-44.9587797659014,45.1139503946761,-0.5290069776860733,-43.574787470155066
107.51707196235655,-1438.500159356743,-696.0084714037366,-369.1655246261507,800.1889945194125,both_blink,11.704077620620614,21.42764774204121,46.78710270094658,-88.4432888655689
107.61792325973512,-1370.1273083668202,-765.7089868779294,-334.7210460342467,700.1952894041315,both_blink,76.06015738695072,-2.13798343639041,70.72191039607708,-135.64458373401996
107.71827387809752,-1335.548193376511,-703.1367207192816,-343.40135383140296,762.0494947712868,both_blink,100.48606669436536,-13.450172698751588,62.23384936840466,-150.374160280936
107.81903076171876,-1412.6350112631917,-751.314111948479,-398.9987065726891,760.2954816920683,both_blink,65.86493931735431,-16.21434706131353,38.5127210175586,-127.25802065461991
107.91975736618042,-1436.2001208839938,-724.719683363568,-401.1491490472108,793.4721341989934,both_blink,-5.3667213646969,0.4645320343806869,2.016742821194523,-70.74870029129849
108.02027368545532,-1504.303699077107,-710.4968438320793,-416.9651859598234,856.0406604576856,both_blink,-67.50436156285137,40.6239630709449,-42.05971727451764,1.7633026820274948
108.12121820449828,-1572.9383430639282,-623.3646546644159,-527.1688179541379,985.5945348227395,both_blink,-84.00481599249733,61.3753905242454,-54.4294267258446,38.635074184952735
108.22221326828004,-1482.5300015350804,-731.2158895866014,-402.8582833269611,819.9468859853223,both_blink,-56.73556738716167,24.988904810429975,-10.475269804102002,9.170666792086408
108.3231644630432,-1443.2591820503585,-729.869525602553,-326.0519579369575,895.7527881371789,both_blink,-17.982593246130158,-26.856984677558334,47.757017744547994,-34.14086897197729
108.42361998558044,-1506.512110000942,-780.5676094018854,-410.2707650391385,839.5645312028937,both_blink,-0.7026568140081519,-22.058492821277596,60.66926247133099,-14.943866149281833
108.52402234077454,-1455.5372736048885,-664.2193217803724,-367.280615048483,932.2280324050224,both_blink,-29.680113950391068,36.042794327897575,18.904794059347907,61.04139909375813
108.62483859062196,-1512.335134231951,-645.6656781001948,-440.6350127793849,1032.5845078160055,both_blink,-96.83221735112478,76.2837112925492,-40.27725872248908,117.55567093207125
108.72551250457764,-1622.0563191319816,-694.5012917215936,-501.74123815540224,978.8271858529188,both_blink,-133.50834418634057,57.072547445192875,-71.92217054101542,116.37052385365341
108.8259129524231,-1562.651748235803,-704.6401605014689,-494.3137968434021,950.8751735840924,both_blink,-87.2758502797815,0.7540089878624077,-63.22758520022003,92.53369174683556
108.92660236358644,-1403.15249492554,-785.3920803447254,-414.4557130895555,994.8713566628284,both_blink,-17.297807714200342,-53.297660324738764,-43.893877939397306,79.50174240380014
109.02724528312685,-1492.4575659674592,-813.643284610007,-471.279753016308,935.0142578720116,both_blink,-12.182946623277653,-81.75889567637441,-35.72954553003374,67.1535576182894
109.12761855125429,-1521.5652073225938,-791.0842080772854,-450.6616845605895,913.5846311259083,both_blink,-48.69573240746732,-73.89534378448641,-20.23135267306944,44.11800269090239
109.22803568840028,-1451.7263155500405,-761.7671323246323,-371.48800249863416,921.3449235339648,both_blink,-37.40517586780072,-38.75153388363151,10.7840488116999,22.581219671381298
109.3283360004425,-1442.3073775116354,-779.6251546130516,-414.51929138880223,876.683038263116,both_blink,34.54370464104675,-20.33325700304607,25.38392962477806,13.028019210104421
109.4291603565216,-1340.7653538146988,-745.5397064168938,-375.4784757513553,910.2897792649457,both_blink,96.20220653328398,-60.88850461372275,11.4226206046484,13.242494166936059
109.5295271873474,-1350.4778739996254,-854.6999063235708,-424.6432005688548,891.3322263895534,both_blink,101.94979843257532,-131.91654072590077,9.76277551177375,20.898861621442137
109.63009905815125,-1366.0021987156942,-947.7261778214016,-372.3444395884872,911.755820047576,both_blink,83.79588964653898,-164.28375567159043,46.89659589351788,32.167137839822615
109.73086857795715,-1371.286677353084,-855.2384519171901,-304.517613992095,924.1760278004222,both_blink,92.34979057817512,-165.08879298704625,85.02940091634404,35.3734740503825
109.83186721801758,-1313.1274931421503,-896.3137731305324,-346.51669049449265,902.9483556519262,both_blink,127.06165747325622,-203.61684293672178,81.69616918288482,25.59204090190089
109.93274331092834,-1283.79919768963,-1049.3130803178065,-355.1633391920477,899.3655314943753,both_blink,149.3963549055684,-264.24021834652,50.630717223714825,14.652907496382898
110.03357148170473,-1360.8373968768865,-949.4839308005758,-428.00537062902,873.0179363065399,both_blink,136.98268077799926,-246.68613826845967,19.9438599458147,9.745359409626758
110.1349639892578,-1307.6634993068874,-865.0781287006103,-369.0308882277459,911.7969589470886,both_blink,98.03472697413395,-132.01199825512757,-14.719829191289318,0.14883409622908395
110.23539352416992,-1407.9189974190667,-721.065801106859,-506.47595149930567,843.263292259071,both_blink,57.71380357072567,-18.284417397738075,-51.159223433752864,-18.755919169929374
110.33595442771912,-1420.303676122334,-738.3834078516811,-473.5143432398327,841.5915569788776,both_blink,43.04615863704066,23.081862456911395,-57.03400431204802,-33.189746789031744
110.43647933006288,-1386.4987204228528,-686.0435079718009,-419.7458015768789,865.5680555948056,both_blink,55.90498338149958,22.793605024367857,-24.19888210371873,-34.80797355783713
110.53691363334656,-1372.795726985205,-686.5670939655975,-401.4689104934223,843.9102949514054,both_blink,67.32572141750799,36.459289744158966,10.699525834008229,-31.150553972251338
110.63744831085204,-1410.265784641262,-682.7336965110153,-416.3088335175999,839.3401372055523,both_blink,57.98247787652712,64.09848713357474,18.98974505996571,-30.033288759167373
110.7378191947937,-1406.2902709883638,-646.1537350444123,-396.214351055678,861.6486404412426,both_blink,41.636971325305176,68.25473211108451,7.1646817720448865,-32.87937040589943
110.83845162391664,-1401.4209212460555,-667.8675941871479,-401.6222463916056,854.3820148273371,both_blink,35.328508279844264,43.11245625244327,-5.788744993843363,-36.33596525903417
110.9390299320221,-1443.8463463434018,-737.0669630672783,-459.1643471098505,817.0727728693746,both_blink,32.34663310688568,30.576069932453137,-7.8854703959770855,-34.31761470798428
111.03936719894408,-1415.344568781089,-643.3749893773347,-390.7428774205037,878.2949351440184,both_blink,18.504902734982227,56.75227658580839,-2.392996238472485,-27.476955298770005
111.13990879058838,-1440.85442637885,-635.9438081653789,-414.61091893771663,871.4022995256819,both_blink,-0.3899578942624091,88.78567175468338,-4.848068406909747,-23.001309734755623
111.24074983596802,-1499.492317784112,-667.8713340871036,-466.55438942229375,811.3731653369032,both_blink,-7.851132687869244,82.75306035410351,-21.259041613556068,-24.302913932762028
111.34114050865172,-1422.074518751353,-661.6874095103703,-413.7563517978415,892.5402140752412,both_blink,-8.101353698439873,45.78809427204466,-36.16528177001096,-31.608704265031985
111.44247388839722,-1474.5228757299485,-706.4427922801115,-466.9040700681508,843.2819917588495,both_blink,-16.638659144852745,23.435056092612523,-30.57252640792617,-38.53885083868675
111.54336023330688,-1490.3314328426495,-713.5149430963211,-423.3304956844077,818.0862857573666,both_blink,-24.80832978404734,37.09551991609545,-7.76299945085618,-29.841223079356705
111.64423298835754,-1465.143206641078,-649.2971209571697,-402.2299801344052,898.4118570056744,both_blink,-15.46991118505224,57.84913407871693,5.987834942675529,-8.445306702645075
111.74488115310668,-1433.918781911023,-666.2575672562234,-404.3654630091041,893.7295022611506,both_blink,-2.8014946233404867,53.15014236699012,-5.525425668375024,-3.150674483880328
111.84527111053468,-1495.885184276849,-729.6862705047242,-483.0716575765982,818.9389829472639,both_blink,-11.996419035212764,32.53981979229512,-24.881432484522207,-22.937550913691474
111.94591999053956,-1449.6226218249649,-688.5436310921796,-391.2533737644553,885.7373360558413,both_blink,-31.134711091445542,19.01186738783253,-24.039343400773685,-37.80139649578569
112.04646348953248,-1498.8696244414896,-715.9608376673423,-436.049895433709,829.9193292171694,both_blink,-23.40096929030895,12.237297448257197,3.5323579554235502,-23.28901019565454
112.14723181724548,-1434.5283856038004,-714.0647083898075,-376.9594761338085,905.3605911233462,both_blink,14.360063426942478,12.690713042327175,39.14352417611751,8.384536055323128
112.24781346321106,-1404.7700016563758,-716.9930500551127,-357.47833726461977,915.0469320085832,both_blink,39.96587140871155,32.31966518430649,53.2778071806436,31.29628769317451
112.3482711315155,-1418.1289242981002,-663.5423998883925,-365.7379063167609,911.8231382467784,both_blink,26.535036363836145,54.34642941086048,32.6089955920441,34.15499242374313
112.44890475273132,-1472.0582816591486,-672.9893871764652,-448.16904124012217,894.3540655537508,both_blink,0.6792050018435285,41.96888728348068,-1.937016559721953,17.147842779955432
112.54993414878844,-1448.7138261357322,-743.112511345651,-416.15923751937225,882.9959893883206,both_blink,-5.569701230617014,3.597830236127993,-21.1985459464263,-15.55950609916193
112.65201687812804,-1444.771971582435,-753.6478095208295,-434.8138584983535,829.7248544194736,both_blink,-2.225386582690675,-14.342979674205301,-21.624891581059405,-45.54750262911965
112.75310182571413,-1468.1762655051425,-712.0825614132918,-437.6000839653425,830.1998217138462,both_blink,-8.185359922255163,-3.5103891529177798,-15.280561672981342,-47.15434332490367
112.85411143302916,-1469.459051189944,-737.9851085064001,-431.4853475377895,863.1259009237401,both_blink,-10.498784276417942,2.878911058227426,-6.6732506075709965,-20.96785511916456
112.95542287826538,-1426.3529643006625,-728.2950277212076,-375.626201799605,906.8378516058438,both_blink,6.826209087294374,-4.3346886117325845,6.032500576031789,4.227717431577292
113.05637717247008,-1457.5138107314706,-756.9838002813049,-437.35325056826696,866.757343780715,both_blink,22.87586204944638,-6.78906891653406,19.839042970242442,8.089472331493427
113.15722060203552,-1416.8984972126782,-720.1196064180695,-365.4200148205273,877.5432152529247,both_blink,6.602515254325848,-8.848691956476406,22.564059201985714,-7.745664446176445
113.25817346572876,-1490.6530642388389,-759.5157125513069,-417.5355207030661,877.4534576539882,both_blink,-27.93523638112775,-28.106124912380036,6.045957334534783,-30.56799110013949
113.35874700546265,-1493.508477855008,-789.1245005005039,-414.84466268494725,824.0925650862046,both_blink,-34.24660503039568,-48.686768152330075,-13.722108733341626,-39.46163109975509
113.45958042144775,-1462.8712174179964,-777.1381211425178,-468.2317345524207,848.5776900961064,both_blink,-7.676670974468938,-43.1068022697674,-14.306954598739765,-24.924664314279532
113.5611515045166,-1428.381860026624,-750.3454778599553,-375.1605842551217,895.5770128392614,both_blink,1.9150200994764672,-26.255561032580175,-3.906888682488063,-12.573297752399483
113.66172051429749,-1499.1332873883655,-760.5778441387229,-437.56081501580775,849.5500640845858,both_blink,-26.987100890596853,-31.13656025597685,-2.567926094785971,-25.64594669260762
113.76273441314696,-1488.3025371166875,-780.0328037082218,-413.6927734985948,847.014411914628,both_blink,-46.913311972714986,-47.0325806629379,-0.18686754640135028,-37.19015367854531
113.86493062973022,-1491.171040382702,-789.8575208918191,-411.8602225203067,849.2770513878204,both_blink,-16.379423691091034,-38.8952674957058,19.993641905364928,-13.464009232228037
113.96553349494934,-1377.7436146265827,-719.2519496283494,-335.0090183308348,945.0633690529504,both_blink,33.99600960769914,-13.870787473651198,39.98241883605468,20.651736896987156
114.06631088256836,-1450.0358807700686,-759.6653085495345,-425.62679425720125,869.4276323490776,both_blink,45.632412619170346,-11.325632088219065,33.88674885049869,16.844615726850375
114.16671800613403,-1414.0356037965976,-762.8666629116051,-375.56449345033616,872.4345119134523,both_blink,7.19602790898278,-35.85599604546426,9.50324706228294,-22.03689032259139
114.26762771606444,-1507.1217136937194,-787.6098410184495,-438.7351436018944,840.0544580970891,both_blink,-42.53867434071186,-53.584296852171754,-9.609998344334112,-51.144587507550874
114.36815118789671,-1530.3016136190854,-800.7219302630983,-440.9173752260394,813.2412453647703,both_blink,-65.4652293482479,-49.559685685449956,-16.41927985361931,-46.002919805926304
114.4684329032898,-1477.2137337480672,-730.5651469943114,-391.11312751611695,907.8382748439908,both_blink,-55.83607319772346,-39.2465200897919,-11.834027497870535,-19.29933483855683
114.569162607193,-1515.1138798990287,-801.7803219505586,-453.00099198287353,849.2265627384186,both_blink,-32.56021379947623,-29.577088098329305,6.442414516364036,6.96764915349595
114.66965746879578,-1464.9693012931384,-749.0739118750207,-378.6330813639797,918.4296715185046,both_blink,-18.55825199341956,-18.938108010628444,25.532700313022037,17.85266724355019
114.77063250541688,-1454.6247380157,-738.0262474059127,-360.54692517826334,908.7246311334892,both_blink,-21.051404086760947,-23.269645083095963,22.74559846504699,10.362411439641841
114.87128019332886,-1491.518851078581,-789.7789829927497,-445.0911035765894,871.3368512764573,both_blink,-23.131851245539643,-50.56795549251837,5.025957771209446,-0.11405840798273958
114.9723768234253,-1480.8189973053522,-825.6820225673728,-428.31391237536445,866.1533499378711,both_blink,-8.981303612254028,-71.76830031383768,0.6887798313711042,1.9202435591628877
115.07294654846191,-1394.382429529447,-779.0903489193879,-344.8543049641885,942.7689404301344,both_blink,8.14504640746489,-63.354308882369764,12.756084399356116,7.9406645927196156
115.17404508590698,-1493.459859155584,-787.8791138152592,-447.0956899528392,846.556274170056,both_blink,8.172954708264859,-45.56832434922093,25.35459515138301,5.571044937974587
115.27493405342102,-1429.5225295131097,-767.3732423582114,-358.3179448046721,903.952518790029,both_blink,-2.9887097497851274,-42.123236017597186,33.78862960432231,3.977049601030796
115.37602639198305,-1470.3622370292433,-797.5673246504739,-385.3536815843545,903.0829920503312,both_blink,-8.02903645665389,-43.15123784241202,33.71884382996836,13.326904513528408
115.47698783874512,-1449.3739184779115,-758.8855394087732,-390.74661732045934,904.5153737333604,both_blink,-4.0079459728467794,-35.94722876512694,18.886634397007796,25.234736257303897
115.57771682739258,-1462.0633990275674,-767.1207991112024,-420.0973521727137,915.5331190028228,both_blink,1.4946635888670978,-30.028656039997752,5.524564294447165,29.110513098576558
115.67865753173828,-1441.3181739733554,-761.2341965809464,-396.18817175598815,908.7115414836444,both_blink,2.759498984527745,-30.41074185862301,15.46564359400819,24.51785987135469
115.7800269126892,-1453.5252074287273,-780.0084943585098,-390.2267712266184,902.697782354895,both_blink,-0.3174662624201496,-27.24751623191945,35.18862463085702,13.59988032688856
115.88123083114624,-1463.6079777092673,-755.2316571520641,-353.46729456214234,878.3996523427777,both_blink,-3.5525258784427924,-24.773969906955262,35.2129317923316,-0.8149307968064958
115.98203134536745,-1451.6028988515027,-754.7192908581346,-428.6766826710664,882.1096330988221,both_blink,-4.117484614775496,-36.01811496403937,22.217620873902856,-8.988256119621408
116.083256483078,-1452.7660077377222,-802.305777894333,-363.2845319458284,887.7494022320025,both_blink,-3.8179394525685737,-46.06521692508643,26.786281673257253,-0.3337709096414219
116.18373680114746,-1468.2940723537467,-778.5200141761452,-388.9851244413294,887.237035938073,both_blink,-6.47268434928271,-31.5882566420129,46.262457454978225,18.42074899030238
116.28491258621216,-1471.72730051307,-720.7591293104924,-357.6597224124707,929.3015606896952,both_blink,-13.930213496517275,-8.476741966121518,47.63232571703135,25.163431503523874
116.38543367385864,-1439.1864309986122,-750.6633693561889,-373.7824311214499,903.2755968980492,both_blink,-20.9773441583356,-6.325845203038792,26.307936545480565,14.696246508951829
116.48624396324158,-1526.3784585655667,-768.9514801395126,-449.6276022228412,869.7698331950232,both_blink,-20.84104338785585,-17.33130215707878,12.030092960515194,8.83195759544942
116.58738327026369,-1446.5241147116758,-757.1259164796211,-364.6383757297881,922.8539731660858,both_blink,-20.29291650929372,-19.761283446723546,14.180103102757812,19.473230768949666
116.68798065185548,-1449.946123171132,-731.8254932793789,-397.8449474363588,927.5176284108312,both_blink,-26.698747702356666,-17.425558760085618,14.536290198856854,31.408889654363392
116.78872728347778,-1539.5466463095509,-781.296889893245,-434.6006842008792,895.1450543943793,both_blink,-25.637295188072823,-17.47370969376151,11.454454002644976,32.88458620860645
116.88914060592651,-1428.3930797264911,-749.4105028710328,-387.18997246259823,923.1681247623636,both_blink,-9.787779971169861,-11.32666349695892,16.00266426301111,28.437360218917775
116.99009680747986,-1446.9280239068903,-724.1811377699487,-382.59363541705534,919.8321340018884,both_blink,-5.301221899283785,-2.5923398981978796,17.901953600055712,19.331233832030573
117.09059715270996,-1503.374333938118,-771.165500913281,-433.9387219087221,866.022453439422,both_blink,-26.625745413374265,-12.711877713099092,3.85412229807925,2.3331892380513857
117.1916983127594,-1495.8309557274915,-774.5388906733133,-424.1027850252576,880.2116338713095,both_blink,-46.34716243465324,-43.40199298400773,-12.765666761877764,-16.2527924579887
117.29230809211732,-1484.886138507165,-797.0661780564114,-422.4815383944661,872.8197216088884,both_blink,-42.15259286966438,-65.15824796192554,-12.72642746479207,-24.170728879807555
117.3925986289978,-1484.1830373154953,-822.471318455413,-416.1536276694387,845.1556816366501,both_blink,-28.147857976990675,-55.788205378901836,1.5883149602051967,-17.226452359407432
117.49321269989014,-1490.1743570445103,-745.4480788679793,-421.70363920368254,896.7550813253038,both_blink,-21.83175734637516,-28.962449329769107,14.62999292242849,-1.9789701614445274
117.59407877922058,-1438.4515406573191,-745.706131964922,-355.4999301880598,923.8095176047646,both_blink,-17.69888110996358,-11.571211450193815,17.86390860007387,15.397935029503678
117.69529056549072,-1497.452202358283,-796.1835616668686,-453.6236853254959,869.266816650983,both_blink,-7.117384489140004,-13.434923415613174,13.42412257545559,31.09879810181376
117.79861879348756,-1437.6362424669787,-728.5773901678622,-385.5575061319396,949.4914106004873,both_blink,-0.21770508047466314,-29.94089432441642,5.058039563878415,33.370248567453814
117.90035128593443,-1438.743252853863,-796.5014531631023,-401.0406919484958,928.207639952656,both_blink,-7.261614177392144,-47.33718881465724,-1.4193533363540565,19.422489517484944
118.0011386871338,-1505.3022523652762,-813.9181672567502,-455.01118820905685,855.010318019893,both_blink,-13.649779513124313,-45.50859471674192,5.767063789392991,15.042718834251167
118.101904630661,-1440.362629534677,-744.2139118826017,-358.7947820490226,929.3370897392742,both_blink,-2.718460190479619,-24.99324879023816,27.183598017265048,32.12850217545787
118.20286512374878,-1420.2943263724446,-751.4917571963742,-370.440830511041,961.0813605631702,both_blink,13.546914546521762,-12.277442198917267,43.12582044794978,37.513029155341066
118.30360317230225,-1468.1164271058517,-774.6735270717181,-399.5709112659097,864.1244542119093,both_blink,14.89485303547168,-15.660047086160697,40.23695327238715,14.860979265309691
118.40441632270812,-1439.393995446153,-745.2928730198182,-374.7417154600844,894.9861086462624,both_blink,0.011047498935150113,-13.70007131746675,26.29293239510143,0.5877922774485826
118.50517177581789,-1473.7487164391205,-756.7033077846281,-406.65054188203067,899.8255391889252,both_blink,-22.432223019593607,-2.2661280090933857,11.142502850259747,12.76119455104929
118.60621619224548,-1495.982421675697,-735.7374286330305,-423.58480888139457,915.4620609036648,both_blink,-41.759577100194676,-6.015625205848273,-2.692297039329768,15.638692913564638
118.7067563533783,-1504.3261384768412,-778.4209068273194,-434.5501955514774,862.9763049255125,both_blink,-42.807516315684076,-29.349553933409524,-10.051919150896053,-8.168399974187244
118.80806612968443,-1462.5589357716965,-792.2398371635936,-393.2691798405722,876.357666966971,both_blink,-20.308183549471163,-41.040545188812715,-1.0794561811711088,-19.679791699037885
118.90871787071228,-1451.1672005066648,-763.7791985007934,-423.4763517826796,884.8734191660769,both_blink,9.135862680920216,-25.770451997281036,25.08782350706265,7.902828607209534
119.00920844078064,-1426.9289088938383,-759.7251469488256,-354.55373549927026,931.9849389079028,both_blink,23.277678922122334,-12.014334022842617,46.99885045361924,37.54584077880972
119.10981845855711,-1438.376742658205,-762.9152816110291,-375.699129848741,913.9848004211672,both_blink,16.063505903038163,-23.901159790445938,39.14013608142627,24.47294014843737
119.21043634414671,-1454.7762039639056,-784.4122265563346,-401.7886719396338,876.5708412644453,both_blink,0.18100663097079606,-39.40260292202812,11.40112545551195,-12.889257013147772
119.31123232841492,-1452.287300543394,-795.0428921803832,-442.4469943079166,840.1367358961143,both_blink,-5.824076191466293,-29.866226396250248,-0.09552126410006545,-23.94239317861189
119.41233944892883,-1459.5015675579198,-736.4872785741463,-385.9071867777966,906.1085711144842,both_blink,3.838193723872011,-10.369335419615918,12.364051591998011,-3.3610637359557045
119.51475667953493,-1435.9102786374278,-741.7268784120679,-374.4219540138729,910.9928804566152,both_blink,12.213277161607373,-10.869160807338403,22.373134724676817,12.206500051085339
119.61579036712646,-1454.1460308213718,-823.8812607387081,-460.0843624989502,846.8161972169764,both_blink,-0.9960619782653106,-28.590047804014574,14.548008617052066,4.582829923644494
119.71675777435304,-1473.874003087636,-753.1672323765233,-367.0618309010752,916.8832228868268,both_blink,-26.090920183482538,-45.10399352580305,-2.6197840568831294,-12.528502894004209
119.81747078895567,-1496.246084622573,-795.1214300794527,-446.6768211578019,858.9708720729686,both_blink,-30.263680462218648,-52.85257717366606,-15.033872979490978,-19.72350270137837
119.91782236099245,-1454.4901016172953,-822.1983057586476,-453.5993759757839,857.9910182845779,both_blink,-5.160303088237295,-44.957303355423264,-13.128656359206573,-6.650531165209264
120.01846051216124,-1423.9725179788657,-758.8182212095708,-396.6444395505823,928.7873244457878,both_blink,20.587739287394765,-22.318635502688295,-1.7592813775932776,18.502651253148745
120.1192045211792,-1429.3205749155022,-732.6015225201845,-407.41909132292494,920.6193829425612,both_blink,24.245946177969977,-8.132526032512656,1.5699009630395535,31.945419481363203
120.21993064880373,-1467.3104786654003,-798.1657086433843,-465.7652705316432,883.3325803843327,both_blink,12.0829440230931,-16.5512333204032,-10.09152124942533,22.291733401761395
120.3207836151123,-1417.926969700493,-757.789748721756,-410.0856399913319,925.50556223467,both_blink,-2.624062498197337,-29.501097773838296,-25.234893689581458,4.320081916790166
120.42133617401124,-1481.860559443012,-785.6370437918231,-441.6990143167786,863.3521648710594,both_blink,-12.77101552841225,-30.530676556783202,-29.695591134814514,-4.285641193428379
120.52195978164671,-1491.8610519245267,-779.2044158680364,-490.0671404437162,868.2925727125257,both_blink,-14.011793203857284,-29.05157768866772,-23.005531643370418,-6.889070055172539
120.62383222579956,-1416.876057812944,-774.9072708189487,-386.023123676423,907.269810050726,both_blink,-8.09441463912018,-35.22984079375438,-19.892920001738577,-15.844461317284678
120.72523736953735,-1475.7383432155475,-802.8630229877308,-448.73002623347566,841.5261087296531,both_blink,0.6164180720124804,-42.630051486408234,-26.060793736247923,-25.106429780077576
120.82732248306274,-1463.852941156365,-801.23242660705,-492.614012313541,840.23584324494,both_blink,9.42290110604286,-46.18324502756438,-26.32852249321479,-20.952525726634867
120.92795276641846,-1402.7280162805691,-774.252788326703,-385.2788835852407,930.3375129774212,both_blink,10.66524619313922,-47.79296325838993,-16.316170088797335,-10.573047487035069
121.0287299156189,-1469.4216521903872,-803.6147428788245,-432.3417846276425,853.8303795838729,both_blink,2.0889214938066356,-39.58784738061491,-10.598478232732212,-5.740323879583714
121.1299078464508,-1471.6506325639784,-789.17124924995,-460.2451781970449,863.0417531747371,both_blink,-2.2173359507302415,-15.688114541756274,-8.41579682145066,-1.2907637388822253
121.2303876876831,-1425.754580307752,-700.2401682035998,-391.5432160110213,932.4542963523418,both_blink,3.8751147490029547,3.7118631023261144,1.160907226500706,1.7973067580423052
121.3312816619873,-1452.236811893992,-785.7529806904495,-408.9954591542482,858.351918630302,both_blink,7.448985725563454,-0.7377323492133332,10.609693081975296,-7.088496376561631
121.43264555931091,-1451.2232990060002,-756.3386675389484,-406.6056630825624,866.4413222344592,both_blink,5.552452012609809,-12.844525359153561,12.275126829959211,-16.788818707039862
121.533438205719,-1452.3789280923083,-760.0299487952143,-423.169679986313,887.1454083891585,both_blink,10.494383741666246,-10.872460099190882,13.109622651177922,-7.86175222154309
121.63421893119812,-1401.0600209003314,-759.9888098957017,-392.330464951694,894.5354507016018,both_blink,21.562043508778387,-4.691893594628402,8.17729224847699,6.699209316865083
121.73493480682372,-1473.4009057432413,-752.1873785881326,-429.37417401280254,878.1584287956357,both_blink,24.37429843487605,-9.628044762344995,-13.42430261340552,-0.8997211261366105
121.83616089820862,-1390.1881317291409,-780.0870322575793,-465.5651858840138,879.7404064768925,both_blink,18.1527421327437,-14.063642401055665,-31.499817808367585,-23.112794681750323
121.9367082118988,-1462.4280392732471,-748.5708953309804,-427.4294260358438,851.2685481142253,both_blink,17.419375870388645,-4.206914844268098,-19.167465898934292,-24.571216038612604
122.03719210624696,-1436.8471235763282,-754.5472554601729,-433.7311574611813,873.7266473481432,both_blink,22.184536253080232,5.194983563643846,1.9213029886925832,-0.7095605059103476
122.13801670074464,-1419.0676391869783,-743.7202450884506,-396.76224639918655,928.8116337954998,both_blink,12.79739636240643,-2.497362181040847,-7.083743041254104,13.07797092465589
122.23882102966309,-1463.9352189553902,-768.8187136910856,-458.04424707312137,886.2665318995714,both_blink,-9.207980268512772,-9.93595786724664,-26.615260707436924,4.4174539613825665
122.33906030654909,-1487.984645620454,-761.0434616832063,-454.8054937114939,862.5069474810734,both_blink,-10.74422070165416,4.01710840271616,-7.2894202607593535,2.8822137281514832
122.43968772888184,-1422.3456614981403,-730.4473401457071,-346.6363672930747,922.6071397690102,both_blink,15.671523931000385,18.4249155064979,35.83145304417527,15.818942001739828
122.5405502319336,-1409.8768350458704,-723.5696641271934,-384.89928373973817,917.7751890262588,both_blink,30.927696568199213,5.05164573995905,39.93892374015371,13.106512947562761
122.64193725585938,-1458.0093474755995,-801.2698256066069,-436.6520193265751,855.565693163313,both_blink,12.80672494801551,-14.079144612484363,-1.570038693340904,-6.26091301937657
122.74253129959106,-1467.168362467084,-766.2120034219697,-449.6855706721544,870.4953737864271,both_blink,-10.745351497934935,-3.0628540891794085,-31.28194393925357,-7.069534152130108
122.84371185302734,-1443.9697630419396,-677.3856395743787,-414.257498391904,945.9441154925152,both_blink,-11.527350993740617,23.186688612928528,-17.511505113434886,14.784416276130603
122.94454383850098,-1473.4813135922886,-787.7089483672753,-441.78316206578165,864.320798959583,both_blink,1.9843028590388023,27.903335758517684,11.103754097513843,25.911398732313494
123.04539442062378,-1431.5009365896694,-711.9273555651307,-378.8294261116535,933.8417992359028,both_blink,10.310108104511439,11.34946205006393,17.735199120677855,14.568213815489793
123.14708113670348,-1434.1039069588296,-760.1234462941065,-411.35533602628857,883.8542964281514,both_blink,11.78679683779808,-3.5149246890729975,3.7624783407102464,2.98743374167402
123.24750423431396,-1464.7785663953982,-786.4972207816318,-458.34343906957656,868.6890021078289,both_blink,13.082491500347768,-10.502571217002826,-6.49870581892533,2.4665774815669086
123.3481457233429,-1419.458458732348,-747.490064243786,-397.1418462446891,910.0036769183351,both_blink,12.203581927695813,-13.94886591764343,-6.7949242716175124,-1.6288107306617152
123.44861149787904,-1439.7474159919657,-765.3331269323826,-430.7523271464743,883.2297331355512,both_blink,8.531903211030352,-6.8758303887314485,-8.124214926322175,-10.368003684966476
123.54955172538756,-1469.3188049416058,-770.6063858699054,-442.3721963088028,849.23404253833,both_blink,12.900702360010008,15.636775218164676,-9.175302274237646,0.8876744676336501
123.65031456947328,-1400.6692013549618,-684.461530290544,-427.4013767861761,948.3974898634478,both_blink,27.26077817592849,32.937450932863946,-4.74536768266765,32.15448142306709
123.75214862823486,-1422.6261539948173,-758.1712185172364,-407.8080409183167,937.3647849941626,both_blink,35.32255976432297,21.76587752779787,-7.008268198874021,44.32449938629352
123.8529999256134,-1425.2777430634014,-755.897359344177,-448.1989604397677,886.2179132001474,both_blink,28.96642110090204,-4.6601778508608005,-22.647369306700234,19.596320348739468
123.9536907672882,-1452.201282844413,-782.2898333314806,-488.3729657637887,874.6616223370656,both_blink,18.328926824067945,-14.812475320104545,-34.35542938022567,-12.542325895125511
124.05490303039552,-1403.4703864217736,-744.3448083810508,-390.8363749193959,888.6413683714345,both_blink,12.185829053058304,-3.225881038953963,-28.38271154425142,-21.48300044170471
124.15592074394226,-1477.131455949042,-757.4868168253452,-482.41530513437465,853.0599601930007,both_blink,11.855874775030097,13.817653791363846,-12.261843501998907,-5.909470251632886
124.2566533088684,-1422.992664190475,-725.3274171063676,-401.8316807891242,921.1934575857596,both_blink,16.172902362607637,26.529785203480973,0.9305440207203839,18.419493859599218
124.35768246650696,-1428.9821139695125,-739.6961127361283,-405.7398762428202,913.683738474734,both_blink,19.82089178996945,30.269561756402677,4.4806802904038925,33.253583724881395
124.45823860168456,-1435.9607672868297,-721.9428076464683,-443.3071712977253,921.8404602780938,both_blink,19.732419327841736,19.917322393574246,-0.20842309916074853,30.059183456989903
124.55890536308289,-1443.0179585032165,-763.4781365543604,-409.11326600285247,898.6530805528164,both_blink,19.469281886001614,5.176760200550006,-4.381422012794164,18.592511842056073
124.65955710411072,-1426.8167118951678,-758.1300796177238,-426.1634699008428,902.998844301328,both_blink,16.91112146583736,6.1402965027232215,-1.792880552175707,13.234682928431173
124.7604365348816,-1442.6290089078248,-734.5687098968774,-428.7066018707119,899.7413914399222,both_blink,5.415061478330842,20.562756979197438,2.578077507397352,13.712311222948092
124.86168026924132,-1476.9201516015455,-729.6208222554997,-406.4691567341797,897.0224841721356,both_blink,-7.558685881547618,24.177361829544218,0.5622665710233927,11.754170826653972
124.96246266365053,-1445.4451535744593,-755.9871169431135,-433.09724441869184,901.1326342234388,both_blink,-5.369921591234709,11.24897572327005,-3.6939699005675948,10.372282853588272
125.06385493278503,-1442.576650308445,-761.3987521789968,-418.2161824950017,898.0659162597731,both_blink,12.708086353869033,2.6176253197057333,3.110175349453745,19.33853360687971
125.1652843952179,-1429.6552959615365,-742.003631008789,-403.6904110671021,922.8427534662188,both_blink,27.479475827830868,8.331313979423266,19.548351319963377,31.964438718310216
125.26652526855467,-1434.5620447034016,-759.8579133972526,-395.6122271628119,907.4418454486876,both_blink,22.149126928356083,15.188416089067461,25.354866191167396,27.410736644089667
125.36720728874208,-1425.3413213626482,-719.6035002241842,-396.65378930047154,910.7871859590524,both_blink,2.8207197929473455,15.16748834755285,12.499475091548678,4.532622772493154
125.4679675102234,-1502.8881469438784,-784.2140118586831,-448.9862093804404,844.4151814454235,both_blink,-9.948147589715486,14.03410844426243,-1.4941082001459605,-9.710588060282936
125.56863260269164,-1436.6507788286544,-730.3594524967484,-410.76817173324525,906.4152429108508,both_blink,-9.985839427301691,12.422711361896663,-2.5140023213098783,1.657667451300611
125.66996121406557,-1453.9178969240747,-725.6658780523576,-403.0303187249229,918.9364279625006,both_blink,-7.478086604933034,11.103949010685552,4.6097288708782,23.54682164892633
125.77132844924928,-1481.0920100021176,-786.8992600268684,-437.1307265209034,895.1319647445343,both_blink,-4.382565877830544,19.509098220504892,13.593488669597843,32.718585629930175
125.87190628051758,-1441.0152420769446,-732.1059857760556,-391.57126526068896,912.384123240132,both_blink,2.1185923442042185,26.617877381055735,19.85949403212324,20.356106870542924
125.9723949432373,-1440.764668779913,-703.0581828202121,-392.704454947263,903.434542646166,both_blink,1.572344915984805,8.863305366282997,13.486154691512334,-5.2062021758957275
126.07298755645752,-1476.4358345572837,-805.490302706603,-453.044000832364,832.806531982962,both_blink,-12.020470123227335,-6.724324203520581,-3.695986813274854,-22.27380702430643
126.17361664772034,-1477.325930746738,-771.1430615135469,-416.18728676903993,869.7193445456214,both_blink,-23.442132659307603,31.162721236273597,-11.779655739456832,-17.62229327903615
126.27468657493591,-1468.4623678517528,-581.8368055564351,-433.03553606942296,918.0164125734008,both_blink,-22.756418463720355,96.45111087949157,-4.038817135262715,-5.952754558589241
126.3753592967987,-1483.3752189250663,-711.2579134730622,-431.3638007892296,817.0596832195297,both_blink,-22.67346463380831,112.39159882202723,-0.7145697443489756,-7.620899792465874
126.47592282295228,-1474.9305248251185,-671.9440851388499,-419.51205782964826,920.3594598956406,both_blink,-30.160815599772597,72.28434075119608,-13.02456932346188,-17.291555332988935
126.5769429206848,-1479.4745032712815,-730.1219688495621,-443.8737661410123,852.0651468047872,both_blink,-30.838524848173222,35.77696361274629,-19.381410752157365,-14.836538822711283
126.67799425125122,-1508.9673543218523,-741.7044390123338,-464.01686730235815,860.1695100087672,both_blink,-22.113271980196338,29.186526993410613,-5.107551905829837,-1.3404857319270227
126.77872371673584,-1430.926861946471,-712.6940350560471,-371.5254014981911,919.3085480080916,both_blink,-25.870520733091126,31.40694089423286,4.228195496269531,-1.3002451833620445
126.87948298454285,-1512.5314789796248,-747.8977133389562,-445.1939508253709,863.2885865718126,both_blink,-41.684299673879096,31.42812472578085,-8.214827022245379,-16.519710637750148
126.9825427532196,-1510.2950188061222,-742.3851008042693,-455.9199838982895,847.1097793634981,both_blink,-34.97599732603814,32.93602977515816,-9.106835244396475,-12.377592225904886
127.08351469039916,-1433.1296630203724,-716.20580111444,-382.27013407088816,914.2335037682204,both_blink,-1.8430816551572518,23.552444850893014,22.659733902519243,19.26422134375469
127.1838035583496,-1427.4076160881668,-777.0090945940465,-380.474982092157,944.9493021043018,both_blink,14.743696564179455,-6.030937576890866,45.20896882237443,34.45478264607914
127.28523969650269,-1477.9448841894043,-817.0858625192195,-392.3005457520485,862.6266242796555,both_blink,-1.8541442550556653,-32.13186223610976,23.648369033303272,11.214093865104397
127.386314868927,-1463.8809904060329,-770.5820765201934,-450.0801301174797,884.9220378655009,both_blink,-19.559628285558762,-29.35603287257497,-9.007838102757775,-12.221953821784854
127.48735237121582,-1474.8089780765586,-784.7301180525683,-441.0707111242227,879.8245542258956,both_blink,-20.50387686491092,-9.612116856759762,-15.053511325545893,-5.032780986142665
127.58842945098876,-1460.3243455481716,-767.6275555551983,-416.97827560966834,892.1774437795393,both_blink,-20.829563583931737,-0.7551614782604008,-13.269679028280656,10.339964595388444
127.68869709968568,-1497.8841608031653,-772.8334962935187,-461.37088808370754,894.8514722478576,both_blink,-25.648013266780374,-6.021893893102738,-25.72228722899351,6.277432707040525
127.7891891002655,-1463.129270514939,-751.7142812437378,-454.0893028699793,878.1752583454363,both_blink,-20.805647606573753,-4.692001862588955,-28.31721035256933,-4.7722837267982765
127.89035940170288,-1463.3648842121474,-791.5666551715694,-447.77635174477473,871.3948197257705,both_blink,-7.177585345409083,11.677209684858651,-7.856018303236777,-0.04782593551799741
127.99084401130676,-1445.2936876262538,-714.6032539834268,-398.5592683278956,914.9796138093808,both_blink,0.37540972195447275,20.48671808815683,-3.4724265450572736,12.52660373701356
128.09152126312256,-1458.0579661750237,-764.254165795166,-472.03334285737947,886.283361449372,both_blink,2.668659647758706,3.9820198561254028,-35.07573969665083,13.281540528006877
128.19232082366943,-1440.4355575838126,-790.7588367811404,-487.4940892742016,899.212195596192,both_blink,11.165075600587796,-15.822209468814567,-55.82791360338245,5.905744098737205
128.29316639900208,-1430.408885802608,-801.159498557914,-471.2741431663744,857.0597831956111,both_blink,20.85061649089428,-15.055161131474108,-31.851197827240846,2.363733492539384
128.39396619796753,-1430.98857029574,-731.8067937796004,-386.673866268713,924.852949692402,both_blink,16.13208823178245,-10.485485715459674,-1.6814244176636812,-2.40905135634612
128.49508452415466,-1462.7627603192814,-814.3800449012779,-453.6068557756953,844.0037924502976,both_blink,-2.591619901640002,-20.796333071030663,-4.193921630027786,-12.212262044360847
128.59648156166077,-1478.474080033135,-812.6447313218378,-463.9401993532665,856.2482249052264,both_blink,-17.66717693129088,-28.57147228854225,-14.967458804367183,-14.449033721912835
128.69700384140015,-1430.5023833015002,-748.8981365771033,-371.1532814525999,918.7681324644946,both_blink,-12.934847208013794,-17.611354089144562,1.0233146801907063,-3.3748625632965084
128.79804635047913,-1490.396881091874,-785.4294793442823,-448.13164224056527,858.2827304811217,both_blink,10.893269357016875,-1.1222246519676555,29.649170332125227,8.460687445117754
128.8989052772522,-1390.9566811700352,-772.021938003134,-365.7566058165394,896.6653237263672,both_blink,30.78986809000021,6.402836028292253,33.69628850878824,8.73166978582918
128.99938130378723,-1426.57174844807,-740.1953893802129,-416.2564749182202,899.5338269923814,both_blink,23.724626133982802,6.0570542161582255,6.624649052415604,-1.932247011289365
129.1005630493164,-1462.4934875224717,-777.5345505378209,-462.0777291753329,852.2540117525496,both_blink,0.11735141330381182,1.7754745294229966,-22.804530716978523,-12.680306126960744
129.2015769481659,-1482.05316429073,-777.714065735694,-471.2778830663301,861.0577362482436,both_blink,-10.90707891913777,-3.4843803178528936,-30.997602603129366,-13.869539108994385
129.3027627468109,-1406.600682684686,-750.9438618528657,-397.130626544822,909.1678092782386,both_blink,-3.323299554402082,-2.7781725560602615,-20.534856739351177,-6.967737654332158
129.40393590927124,-1490.4754189909436,-776.979175394401,-480.3172212592326,846.5992830195464,both_blink,8.462506373753582,10.367945754277386,-0.3344152535354046,1.453571065155765
129.50488328933716,-1423.0225833901204,-731.4608530336991,-392.0256631053053,905.89539681701,both_blink,13.8240639995727,31.30919432974096,20.4965445194434,7.9358763619947
129.60598158836365,-1435.9701170367189,-716.0898642158136,-381.3744280315004,902.1854160609656,both_blink,6.3072645599615065,45.01453273948791,23.425739333182282,10.431104198081304
129.7067096233368,-1475.5831373673864,-729.3964282581583,-438.7744125514291,874.7607296858914,both_blink,-14.179518479454805,43.31686804824399,2.1676556342149143,9.603439947446944
129.80773091316223,-1496.7958499160595,-745.4667783677578,-485.4334043986164,892.5177746755071,both_blink,-32.5525353479266,33.82352455205938,-21.368858614975522,9.866447888554017
129.90821719169617,-1452.7847072375007,-720.390749164857,-368.3969751852565,916.16890199529,both_blink,-32.45836090610404,27.559909600736262,-24.45444405128503,14.388787018781198
130.00877737998962,-1505.7454305100257,-754.6370130591094,-522.2340199626051,882.6967973918654,both_blink,-17.58162144902284,26.816751965518705,-7.1536695526087914,21.94185290532829
130.10969638824463,-1444.2128565390594,-754.0535886660218,-373.4458401254378,899.6535037909634,both_blink,-7.531323307697191,24.15621316091045,13.539398691466248,23.14144706725728
130.21082425117493,-1446.426877312828,-731.8460627291352,-385.0283102882095,919.931241350714,both_blink,-11.402289672867132,10.789050993141908,24.017591348012136,7.59072076123486
130.31204771995544,-1500.636727170553,-800.0767975207418,-437.7721193633042,841.4644003803842,both_blink,-16.728175851855298,-6.958239809503059,29.05960517142502,-13.368492157610982
130.4130437374115,-1458.0860154246911,-765.9876094246283,-392.2556669525802,864.6274707559496,both_blink,-15.358116802038763,-9.133816538318804,33.05832112553525,-15.302158834477599
130.514098405838,-1446.956073156558,-769.5966128818691,-366.59247345663607,895.5452236896381,both_blink,-17.843518758017446,7.581364814619498,24.14684923437975,-1.5240016652555757
130.61516404151917,-1506.2035682545977,-740.5338503262028,-451.7312959479168,873.5882710497826,both_blink,-24.26685538683732,18.964252509989457,7.752988549024317,1.7128662900156586
130.71603059768677,-1455.7747572520748,-771.5563204586506,-423.04252338781953,876.5166127150878,both_blink,-16.84262163759874,7.412713771138943,12.935624811993168,-7.916731895609269
130.81670236587524,-1456.3432220453396,-771.0514339646325,-375.276521153748,860.6856162026525,both_blink,1.455486358073736,-11.214307241871404,37.251951964904904,-8.882166465269263
130.91730856895447,-1434.7789589008316,-790.7382673313841,-369.427317623049,899.0083710486069,both_blink,2.8370917186668176,-12.085629414839056,44.88704311935452,0.7468046849540209
131.01793551445007,-1492.665130415,-768.9496101895347,-439.8346741888672,862.59670508001,both_blink,-19.09176504405154,0.9590038633541433,29.27744809079921,-0.44013035304998094
131.11883807182312,-1471.078427870758,-754.1433462649584,-385.9277562275529,878.4875399917364,both_blink,-34.689017129617824,5.934023492746459,16.898092773520204,-16.687892304270914
131.21963214874268,-1472.7800823505968,-765.5724805295467,-405.9362209904939,849.3911183364689,both_blink,-17.759425237626917,2.8314734779077604,17.41898842437259,-22.114345701627908
131.32079768180847,-1439.7941647414118,-784.541253104806,-437.7926888130605,881.1690482599661,both_blink,20.374972461728838,9.249438143271778,17.928408369917058,0.17701782255398557
131.42201352119446,-1403.442337172106,-724.6673247641884,-398.0973906833679,900.2481478839181,both_blink,44.460749301676444,20.631933155093037,13.45329565401195,26.91545908389529
131.5224883556366,-1395.913918561302,-750.5960511569865,-405.1807611994445,929.4642463377676,both_blink,40.12853319518676,17.195384314600386,15.592224732900203,25.845300245086882
131.6237275600433,-1451.0475237080827,-787.736997616943,-430.0997146042064,856.5474169016816,both_blink,30.48233111448978,3.8118500828882387,31.588482531868728,4.88001262441778
131.72456550598145,-1396.1906711580232,-758.7228537607007,-362.0335354106501,890.2850544019602,both_blink,36.44456669990084,0.5933100685548716,44.102651122336326,-1.4890450956414383
131.82592606544495,-1411.9880085708571,-750.6035309568979,-399.2829389693216,896.4858085284941,both_blink,45.50038484670428,8.165720864470613,32.386142557083865,14.275316434437544
131.9267060756683,-1399.1264926232398,-771.5918495082296,-417.27185775619,901.6169512677006,both_blink,40.291789784613094,15.72654841481974,11.596741144493294,25.654387896568753
132.0275547504425,-1456.1599669475108,-740.4010838777758,-450.3699723640457,888.5946196219884,both_blink,26.772238632019267,20.759932728888373,10.897588633458081,13.293792886618268
132.12877106666565,-1404.033241365105,-756.897782582324,-365.9604303641245,876.8475938611664,both_blink,14.807654424499681,21.404879669890466,19.624585504608064,-10.211152972322635
132.2297501564026,-1462.3046225747094,-736.201176227536,-448.9488103808835,861.3494484447874,both_blink,3.8541279648112434,15.8161753806121,8.291073384208264,-16.98107097690576
132.3313250541687,-1461.2050919877363,-776.6070553488098,-446.1625849138945,864.2628305102699,both_blink,-1.0247967244857947,12.346910558982678,-11.075895256024307,0.5544695435091953
132.43208813667297,-1418.1476237978786,-756.8865628824569,-407.7725118687376,919.233750008978,both_blink,9.526677625636358,14.460466975666778,-3.4756300345861355,15.389627403656585
132.53271055221558,-1459.955965402536,-743.7782135377638,-458.12652487214655,852.5027150996029,both_blink,26.507898163951022,9.119654123597611,22.718967109388462,0.39460646457312026
132.63332390785217,-1392.8098015980795,-782.8339887750335,-354.74821029696614,880.2452929709107,both_blink,29.537881947508208,-5.98259328335718,25.404911932270153,-27.870375019020326
132.73379731178284,-1430.3060385538265,-797.7187905986793,-437.9946434106678,823.81020263955,both_blink,18.759839247875796,-12.784363761008247,-0.32153902585653515,-29.32318233697487
132.8343403339386,-1482.0475544407964,-768.1773208486848,-513.5406225156039,872.2830459652469,both_blink,9.102849557904637,-9.546507543997347,-20.867269912692805,-4.973361484349225
132.93497514724731,-1420.2195283733308,-776.5397371496074,-386.3279255228117,905.0557892769576,both_blink,-2.550428545679495,-15.126466604964422,-26.987008858700722,3.747772129857052
133.03539180755615,-1457.966338626109,-807.6781441806816,-475.2178676696494,864.1824226612225,both_blink,-20.691493917703845,-25.886766363412267,-29.21351689009923,-10.177332683682621
133.13606786727905,-1517.494326220825,-798.3583134911023,-491.9314805716276,836.9671706836671,both_blink,-20.43394919045919,-19.322412667343514,-15.912763221290778,-6.521289396931329
133.2366120815277,-1425.2870928132909,-755.1026306035928,-392.0387527551502,938.3820377821104,both_blink,10.265932320891283,-1.6222770654215397,12.330321771395065,23.741157116034802
133.3371822834015,-1384.1033145012334,-771.10566251399,-386.7580140177161,913.119013581425,both_blink,35.081626352447906,2.071942880103933,19.132817732745796,39.30446958996794
133.43791222572327,-1462.1830758261494,-778.5536732757464,-478.4397914814763,885.1277323630638,both_blink,28.913924391089168,-4.407408136567919,-2.2933266922368025,23.620439747707813
133.53881669044495,-1424.2530104755424,-784.6571900034323,-439.31669804500416,892.8356661717407,both_blink,17.06375246194239,-1.5223668566507784,-15.27619837289283,8.327813813963344
133.63933801651,-1426.4558115494438,-741.6146814133972,-434.68670189986005,897.0580132217146,both_blink,18.71288589832783,3.4016833491431213,-13.10466265326099,12.743137779500492
133.73972153663635,-1434.1413059583865,-788.5990445567295,-446.20559376338497,885.8944118539803,both_blink,16.44703038037945,-6.257112308260366,-22.661246774310314,18.711687181958396
133.84018445014954,-1457.25388768455,-801.2399064069614,-512.6149972765706,894.4887019521557,both_blink,2.4105103885913883,-19.481895402028517,-41.28394041090917,11.435633912213827
133.9412271976471,-1448.1397514925338,-765.6098795291036,-442.46195390773937,887.5324880345725,both_blink,-3.9203261921860095,-16.76275696732851,-43.51128454236771,3.876941804302815
134.04194736480713,-1459.0490396632813,-792.5184597102925,-479.96567066339776,863.3727343208157,both_blink,6.14456905952966,-3.459386821241172,-28.155165204177784,10.364924349847554
134.14262771606445,-1407.6441147723235,-755.3027152512223,-430.8084256458096,927.8598292567768,both_blink,18.630841310448865,4.424819921854495,-8.84033772230364,21.743353452281863
134.2433705329895,-1448.0275544938631,-758.3769130147994,-437.2335737696849,886.1412452510558,both_blink,22.970211787818208,8.20946931740143,8.953814418827287,22.475682857931712
134.34469032287598,-1443.603252846282,-770.0902796760201,-427.5098338848911,884.2151967738755,both_blink,16.627117473520006,15.298968524501102,13.157772846284512,13.309727021325848
134.44553232192993,-1424.7578969695603,-750.4483251087368,-414.2219693423249,883.4765665326267,both_blink,-3.350732666508349,15.245329090449259,-10.012847204650711,1.5748730695700321
134.5470917224884,-1493.5533566544764,-749.3712339214981,-507.01636704290286,876.8756431108341,both_blink,-24.764718948763807,-2.375673325607004,-39.74309668849873,-9.020707591650433
134.64766192436218,-1485.3293166519145,-820.5527497781441,-455.4543663538061,854.0585134811699,both_blink,-23.160210625953173,-19.11819734940561,-37.86114400856135,-10.733065763859459
134.7483832836151,-1438.7862617033534,-780.0645928578451,-467.4145664121024,868.8535577058792,both_blink,-1.7323154020101037,-13.406930803723206,-11.05967045150918,-0.7667277693013956
134.84862518310547,-1434.6125333528034,-738.3759280517697,-399.808394913096,903.2381978984922,both_blink,10.208504783821013,2.5706974140160446,-0.8913207319448446,5.933789265823124
134.9494411945343,-1457.4558422821574,-793.7975054951385,-467.9493721057661,865.9513953402638,both_blink,5.137000218291409,6.941387161672911,-13.394580421338185,-0.6799425985608166
135.04990601539612,-1469.1093705440871,-759.9775901958346,-492.9618230094202,855.8461856599897,both_blink,-1.4404333682909307,2.1009324396031466,-21.49015650256591,-8.002021076156918
135.15023612976074,-1415.2996899816208,-759.4577441019937,-389.78172313189134,884.7705719172955,both_blink,-6.623662891506298,-1.8522117491192467,-23.35866958931446,-5.811350462210221
135.25088787078855,-1496.7846302161925,-794.3547505885363,-513.0226463717408,878.6221763901412,both_blink,-15.190146290688498,-5.580218420666359,-33.99211159532274,-1.0512894083339006
135.35133147239685,-1484.910447856877,-758.0141427190974,-495.5124347792007,860.7454546019435,both_blink,-21.326788849290573,-5.445254448648846,-43.86892844196108,2.779232954217876
135.45168900489807,-1427.1850920408033,-764.5982365910895,-424.4936045706272,900.6258777794428,both_blink,-19.108480430422013,9.624196744242846,-35.9738347720147,10.569769567155422
135.55255889892578,-1491.9713789732195,-755.8094716952182,-484.6723347576335,890.4458701000549,both_blink,-7.332005062981054,31.664282934631974,-14.50644233556421,18.91914781653583
135.65303993225098,-1438.1205595112406,-708.3912801570259,-436.9437315231189,897.1851698202081,both_blink,12.34912503930828,31.659505324729142,4.186631171781705,18.618220838005872
135.7538025379181,-1411.4513329272158,-781.8503950866871,-403.68854111712426,872.5205296124332,both_blink,25.301003465136176,3.888613877065273,6.3122522785730695,9.681773705450182
135.85469841957092,-1431.7739492864348,-783.7390445643105,-463.8111728047952,902.2078554606996,both_blink,17.461973058220128,-16.68662553589384,-7.7381871405590115,1.1532911132754413
135.95516896247864,-1472.0489319092594,-788.1446467121132,-460.0712728491053,843.2670321590267,both_blink,1.5919081125214134,-7.507056463297225,-18.061198025373322,-0.15000360080128877
136.05607748031616,-1427.0878546419551,-737.8392524081282,-422.9452859889716,906.1983287134208,both_blink,-2.9488246688512394,5.771854372984838,-8.6329535641713,2.329729198541344
136.15707564353943,-1480.688100806903,-791.173965676222,-462.1805764241144,852.8336962456815,both_blink,-2.6686070990952704,-4.474242115940197,9.164338218057772,-0.41140443397491094
136.25791335105896,-1424.5260231723078,-796.2415301161818,-387.0534661142156,888.3253468251787,both_blink,-9.541874033013508,-23.871962806390172,13.189651226426324,-7.222911813597219
136.35862159729004,-1501.8147956565954,-778.9631923208944,-469.2901262398809,852.3400294515304,both_blink,-11.682015737254181,-25.77182941686423,1.7343488116769197,-4.1267547143711445
136.45933437347412,-1423.486330984626,-798.5209991391748,-421.23428175924346,900.3117261831649,both_blink,4.9190482788536585,-10.389059015568325,-6.4443052034746815,16.288808235599628
136.56003165245056,-1422.027770001907,-738.2973901527002,-454.6615075631999,923.2634922112338,both_blink,28.492770487060756,7.463356282320698,1.1730715412753374,43.338493508189586
136.66076159477234,-1420.602868118789,-767.6930038044229,-407.5125888218172,924.972626490984,both_blink,38.70252257984743,20.935707354040506,16.344614018014376,59.65534258058884
136.76168370246887,-1416.6161347660236,-739.7335117356852,-424.8844241159968,930.365562227089,both_blink,30.330768399059366,24.981683283429696,21.570283793849992,53.8775818700892
136.8625512123108,-1444.8635991313497,-742.5795756019652,-438.4041624558158,910.3458777642808,both_blink,8.827745886427191,13.714499914266312,8.438233964873799,27.06924412687885
136.96324133872986,-1456.6816829913296,-776.5715262992308,-426.3766441983171,866.0729420888238,both_blink,-13.70734790933005,-2.588890705151072,-12.108317146740571,-1.8150643527645078
137.06564211845398,-1470.8933028229512,-788.7187213553116,-482.1235929378309,865.4969974956475,both_blink,-18.23989341213284,-3.42372261008763,-17.550813003108978,-9.088627898206546
137.16642951965332,-1470.523052727338,-728.1772208726034,-437.2260939697735,878.8633999372832,both_blink,-1.6836380644611442,11.986224826174288,-2.3115684390867854,4.9255317444362285
137.26738476753235,-1414.705045888666,-755.5158895486966,-414.5361209386028,898.2061625081114,both_blink,9.179833044285154,25.719430839318864,10.884186953971676,17.26457794456423
137.36815762519836,-1460.8180123423226,-746.4466321561486,-442.51431250711903,893.0451005692594,both_blink,-5.829140575481767,27.168151610282763,4.350520358762484,16.0099892986878
137.46853923797607,-1508.2530334303156,-745.0591292725876,-466.10934132756665,861.3718878445216,both_blink,-27.064567835945205,17.08295587505886,-7.427963283431275,10.474219631091861
137.5697672367096,-1425.5414060102776,-752.7296640817076,-401.255736195948,920.9597138385288,both_blink,-22.09487330154114,2.8658639714414136,-0.5651348071364738,10.88889783607037
137.67016339302063,-1474.4480777308345,-787.7052084673196,-455.63014165172353,872.9244388076477,both_blink,11.611645768426492,0.5709268912370703,24.284632915241037,20.103727397330513
137.7710497379303,-1395.6072467649356,-738.3235694523901,-378.5283641652204,908.6404833844864,both_blink,43.00993741322587,16.742494006557873,41.143664512057455,34.0374505873162
137.87175011634827,-1415.454895829782,-741.3828076161444,-414.5062017389573,911.0863779555076,both_blink,40.311081951338764,31.62135847445708,30.43407747672192,37.86557477311414
137.97229313850403,-1411.1764502804726,-722.1111031444743,-418.56773309083655,928.3347965511492,both_blink,12.669197859800983,27.57916478648028,8.531904400203711,25.297678851961308
138.07269763946533,-1488.6409980626777,-776.0853393049911,-470.5486025749706,849.692180282902,both_blink,3.5003805496653366,17.375140537767074,5.239608627605879,17.479218306735927
138.17310905456543,-1409.665530698374,-735.5934424847364,-400.2085642083548,921.9732267265208,both_blink,22.579050097373713,18.16265663084592,13.71431194671834,29.05322333500374
138.2741994857788,-1406.0041686417535,-730.2154663484544,-424.9442625152879,928.90700124437,both_blink,26.267824271755842,22.661074811028307,4.133163099565502,37.51602453155775
138.37596035003662,-1477.4661769950762,-775.2700411146507,-499.693642929662,871.7089713220485,both_blink,-4.797003619873876,17.71940386432079,-19.682204464095285,22.166555295360496
138.4772310256958,-1472.897889199201,-741.1995525183156,-445.6539585199207,884.5555276698433,both_blink,-26.64331559387582,5.984748683489376,-27.61477239370754,0.29309567019452354
138.57792735099792,-1450.271494467277,-771.3655855609104,-443.9074252406135,874.8654468846507,both_blink,-6.103963474833542,-4.764789758582672,-13.931470564127126,-4.762984271931462
138.6791911125183,-1437.653072016779,-796.0115262689069,-474.3651704797521,865.5306565952487,both_blink,24.35491521789024,-14.585072190143443,1.3267451713918745,1.6270808665424308
138.7807102203369,-1401.764992041979,-770.3184135733172,-407.13298897631466,889.0060086171143,both_blink,23.81962900014953,-24.61202040456144,6.303299230861306,3.1871308349560143
138.88141560554504,-1469.6142570381053,-801.9579671984538,-440.2161439843476,869.1247004526667,both_blink,6.856051198047089,-26.713482079882674,7.590906876250807,1.0184021535875414
138.98196411132812,-1430.2293706047349,-778.3741580778733,-439.5130427926779,883.6205526809208,both_blink,8.386809223419485,-12.477730334071648,11.804950986837683,6.390407664273708
139.08275055885315,-1435.1548188463785,-764.6786444401368,-443.64189234375954,884.1590982745402,both_blink,21.643339312896824,7.212291694616397,10.575529386398598,17.357317792154124
139.18361067771912,-1408.8147034584545,-728.0276248743758,-389.2300878884271,913.5135730267502,both_blink,20.70684057680183,12.007462999277934,2.118204174697768,23.178910589732894
139.28424263000488,-1454.6322178156115,-788.4008298590779,-486.355289737694,894.4924418521114,both_blink,15.623399738297286,4.558333752478032,11.86757581714234,27.44992640372542
139.38510465621948,-1426.212718052324,-746.8318418515846,-391.9751744559034,904.5752121326514,both_blink,28.86163759848433,5.989376791687274,47.36753114157225,39.37584954119113
139.4856424331665,-1385.9919639788568,-743.0975517458282,-335.24463202804327,928.7517953962088,both_blink,43.067489967563475,19.066125210764834,63.26946915093744,46.404308965026075
139.58675456047058,-1424.161382926628,-737.8729115077294,-448.4140046872199,926.5938731217756,both_blink,29.330732634934954,23.637026018928452,29.70323021775425,30.15038595335961
139.68768525123596,-1467.8471543090418,-778.678959924262,-464.35345829837024,829.876320367679,both_blink,1.1903402329160966,6.5154300781844805,-12.429605530075346,1.308785683105342
139.78869771957395,-1438.9900862509385,-748.4830076820217,-433.3721270654351,901.4056469202042,both_blink,-9.709915163853587,-20.799338571820265,-17.884460583862786,-15.00214879333973
139.88922357559204,-1462.719751469791,-828.610364232678,-463.1791297122836,844.7873014910147,both_blink,-4.106989132772803,-32.04103570555829,-1.4546805668477627,-12.613740269091224
139.98992919921875,-1449.682460224256,-763.5697641032748,-439.9356514876709,877.0065396092832,both_blink,-1.1092216257863985,-15.096114301804919,3.9823018376120056,1.0611457279890923
140.0904450416565,-1444.9140877807513,-757.4101488762535,-428.9627850176767,897.041183671914,both_blink,-0.5063361491126216,7.981234561096326,2.389195696019984,18.47940453524477
140.1915123462677,-1450.1050689192489,-755.3307645008899,-441.4690104695037,897.0636230716482,both_blink,5.507604577075962,4.834690740103153,12.43666847155036,24.70779272784296
140.291916847229,-1458.594641818665,-792.8120418568142,-445.7025772193447,878.854050187394,both_blink,5.155827772137595,-23.568253854091225,22.96642024956291,6.681227927656086
140.3931019306183,-1414.3104864433408,-800.4601372662,-368.22680973727256,875.3198447292671,both_blink,-8.322098937772497,-41.89412343756604,14.287222886617268,-16.01689715351293
140.49399161338806,-1490.8624986363577,-780.2515878556296,-488.477682962548,860.2517878077924,both_blink,-6.365965138219774,-25.440585252164137,6.422495154010692,-2.95295736081425
140.59593033790588,-1440.0110789388418,-784.5150738051161,-432.1173906303011,897.2206988697872,both_blink,27.702050121814374,8.009636761588153,25.63648927973461,42.37733499544791
140.696923494339,-1344.355657772161,-692.6369515936822,-349.1402303134091,981.5068241711706,both_blink,51.39607009609294,22.67988587397782,42.54014161647619,60.70769499729065
140.7975354194641,-1446.9111943570897,-779.4400295652449,-454.9046010603197,877.5413453029469,both_blink,26.948952654121353,11.759160182152485,18.453833972207605,23.81102234184359
140.89815020561218,-1488.637258162722,-782.5927652278915,-487.0191219798289,836.7240771865472,both_blink,-12.713122268945236,-5.161348270193886,-18.341818774314802,-17.543294196514434
140.99896335601807,-1432.9688473222775,-734.2208992009982,-415.1045857318677,903.5710489945486,both_blink,-23.304893882752687,-20.47761713754232,-17.680749478894526,-12.468011010832875
141.09938955307007,-1482.8179738316685,-840.9800833361223,-482.3068480356597,859.1559971207753,both_blink,-17.32664535688796,-37.639762394459,8.447168936684282,16.797961067917605
141.20043468475342,-1478.7975813793018,-788.1876555616036,-410.4297107872553,918.6465857159346,both_blink,-24.78708750808686,-49.32490190331616,10.102393618688245,19.044121902048072
141.30103540420532,-1476.841613702476,-831.3348813503981,-459.39622090710327,853.8602987835184,both_blink,-38.617288082628704,-52.12236373295142,-16.072617337275815,-11.340023489250722
141.40203022956848,-1490.4324101414531,-790.9177825292572,-480.3284409590997,837.5543349767104,both_blink,-32.0156927233684,-57.13625854721369,-18.87797815937671,-36.58743496096941
141.50304675102234,-1439.2668388476595,-844.4282710952684,-422.9134968393482,856.5455469517037,both_blink,-1.160835815390592,-63.199070785386716,24.490604606897712,-29.8914787228818
141.60437965393066,-1443.33584999945,-813.3796216631308,-371.6544280466624,862.0955584859475,both_blink,25.946451339075733,-53.042620545617936,63.59896173286335,-2.5834681587434165
141.70526361465454,-1396.2318100575358,-771.7844543559477,-387.9416923536919,908.5862548351288,both_blink,20.674878245458366,-26.682660133053805,46.39619373068832,18.820091296937953
141.80682611465454,-1491.6104786274957,-778.4526959769428,-497.1804301594384,890.1822071531788,both_blink,-8.814517471345043,-4.392438030191805,-5.575181981087685,25.626237116367605
141.90801763534546,-1442.542991208844,-740.7919034231454,-431.1749358414672,920.2173436973244,both_blink,-26.08431981745269,5.697349916901222,-36.04632012605741,28.618317606529267
142.00843501091003,-1501.4426756110042,-762.7189368633553,-513.8342046621256,889.1238154657185,both_blink,-19.622373514486416,12.49492069814559,-33.80690071045018,33.53078459695474
142.10967588424683,-1447.3338030520829,-724.4261012170464,-481.4765902454965,934.0100947339088,both_blink,-20.15772591951614,16.191095932135894,-33.743825007485746,31.09391188610502
142.21069836616516,-1484.7926410082728,-772.9326036423445,-472.3512343536131,876.6923880130053,both_blink,-43.102155686582705,5.953188946199543,-52.93621344270189,18.06399743976766
142.31198358535767,-1516.2227602358907,-746.9552585501224,-528.4497336889617,899.5282171424478,both_blink,-50.0881029365318,-13.254638442653587,-61.421602514402736,10.607862218538887
142.41298532485962,-1463.3966733617708,-795.7254239222966,-505.99350440502167,889.2883710637689,both_blink,-10.76380263789973,-18.2226429421457,-35.09466512092034,19.833441110828495
142.5134618282318,-1392.6639454998076,-765.6865474781953,-404.9975061016157,909.7942425208166,both_blink,35.25287572273943,-4.183518059059948,-4.431294498862475,28.866223124135825
142.61480712890625,-1419.9203363768756,-732.8390061673708,-476.8559438502416,902.4976977072656,both_blink,36.22816395391028,4.16832700220749,-3.9507091008838024,17.704195667057142
142.71562576293945,-1438.7619523536414,-770.948586715851,-462.8500185161829,872.2381671657786,both_blink,10.229617434452711,-3.5300835461721496,-11.343963550148354,0.23838318561872485
142.8169243335724,-1458.5983817186209,-770.5110184210353,-446.2448627129197,883.7607989292592,both_blink,5.725456676436838,-6.781066148785193,4.7155398128851385,6.002773956577105
142.91774606704712,-1400.4840763071552,-763.6183828026988,-405.6632082937285,908.3095022384076,both_blink,17.362447197756694,-3.783263956665197,22.495816032520498,27.098157512148955
143.0186800956726,-1464.3914867499843,-759.684008049313,-453.5451474264264,895.2161124935374,both_blink,6.452233056226951,-23.88359938321171,9.915072057186284,21.370562323064444
143.11977910995483,-1459.944745702669,-834.134196467232,-471.0777984187007,877.7432999005541,both_blink,-22.053138613885466,-62.20241690527156,-16.04902602396118,-18.05723943785817
143.2209551334381,-1472.4659307543188,-817.6748967622407,-446.820807306096,829.2405373752117,both_blink,-25.951491958561654,-67.54036782671653,-20.026687865441037,-39.77944584524574
143.32164931297302,-1467.0767349181697,-810.7934808437712,-483.1614151755348,843.1679248102009,both_blink,0.7310805198280637,-30.14865784668506,-4.721480802970488,-13.162653770195234
143.42246770858765,-1402.6513483314775,-723.9941427721642,-423.0032544382848,936.5120878042652,both_blink,18.485695670309045,-6.618312755287856,2.0957783172907902,19.428876243324193
143.52351117134094,-1436.2393898335283,-776.9137271451764,-450.8094106088392,897.5572898657992,both_blink,14.05188412087186,-18.36582950546888,0.46098022377111736,19.508975416771644
143.62436437606812,-1444.4335106364451,-810.3484327490442,-443.9579138900153,872.0549120679498,both_blink,20.73477309510097,-13.436665308923109,16.964319749056237,18.524038016896338
143.72500824928284,-1414.4619523915462,-698.0242774798535,-414.1172521435656,920.0228688996284,both_blink,46.989256068120355,27.994299781981056,48.070789347409175,45.515743855572154
143.82570958137512,-1324.2106866608374,-687.4254010054283,-345.3629313581623,1004.357612900436,both_blink,54.85712584709543,49.75444563680478,53.90012465525399,65.23316122383997
143.92659449577332,-1486.9187741330825,-754.1526960148476,-475.88917971169576,878.1846080953255,both_blink,29.32986066170278,20.04834545074514,20.958566466327486,44.63060139867298
144.02785110473633,-1458.82464566594,-810.7373823444359,-477.9835236868821,850.4308105241507,both_blink,-3.9176649094410285,-22.781413676018346,-21.56389767926591,1.8677111045372374
144.1289074420929,-1381.7752267788164,-716.8509338567965,-439.01750604854897,952.2570666177198,both_blink,-29.326338091902386,-44.5866954125939,-50.95567399095448,-37.10568716504923
144.230046749115,-1611.0497935623862,-885.6849774564616,-591.1902953456156,708.8269785018638,both_blink,-48.02679286669104,-49.46104904600168,-66.99288864463117,-60.215737435890354
144.3307511806488,-1448.4165040892549,-746.3662243071012,-479.7412766660564,878.7081940891221,both_blink,-54.647447266623615,-39.807465415710304,-68.04667648481156,-54.38071456496961
144.43166089057922,-1449.7105094739236,-763.2855317066424,-483.07726742653176,888.5796600221656,both_blink,-38.41802362468309,-8.8466044905089,-46.00345326507538,-16.36805144114123
144.53240180015564,-1514.7997283027507,-759.586770650465,-493.2497953060083,861.9927112371661,both_blink,6.709967386176224,27.12593591136372,-2.801934742557476,34.26125365100586
144.633314371109,-1350.7527566463689,-684.8673094357364,-395.6533660623245,979.3096329472028,both_blink,57.596047766149674,30.838077686313564,35.87570551064793,62.617797502226125
144.7336926460266,-1375.0957654579545,-768.8205836410634,-390.66807942138985,927.384861962404,both_blink,61.36238983503316,-6.1508085506225,39.195125102432634,42.76671258754308
144.83413171768188,-1449.0709865815006,-802.3936655432917,-467.0891951159574,871.8884865199216,both_blink,6.763677860960029,-41.00493496347384,11.34608503300024,-6.992254257282882
144.93516445159912,-1518.3114943611436,-791.6825920701958,-479.5617614681833,825.8503180653788,both_blink,-44.8344791151435,-36.151141154110014,-16.182022187422696,-35.77963364723106
145.0361452102661,-1450.847439060453,-739.9822150827385,-424.3570982222445,898.5764126037247,both_blink,-44.34488724951158,-12.174761831385204,-27.95335333882601,-23.93733574042411
145.1369502544403,-1484.3606825633906,-784.3486482570879,-532.402807942126,856.1061087069102,both_blink,-12.222853894151488,-8.269827981378945,-23.603638653334354,1.0686474129634993
145.23769617080688,-1419.7015522294678,-757.4438079758547,-424.6974291182123,911.5725649497472,both_blink,14.85198954105466,-21.339299955185265,1.055640569723074,15.501859751126396
145.3385524749756,-1424.2791897752322,-784.5468629547395,-406.85436642961577,909.8671705699526,both_blink,30.66566274734981,-21.71832302767258,35.572689785813246,25.05166779953451
145.43951606750488,-1406.7876776824703,-741.9120034598745,-433.29732906632125,922.6389289186336,both_blink,34.96687257071267,-4.1408321067340115,46.660905332539365,37.38505026368601
145.54063367843628,-1435.992556436453,-755.4167821998708,-407.4920193720609,911.7969589470886,both_blink,18.286362782915873,9.013205003726805,18.35057068897371,41.779592586815276
145.64189839363098,-1430.289209004026,-731.4477633838542,-471.448048514314,950.5759815876372,both_blink,-5.928069374952998,5.99140260820452,-15.628118029778943,30.814340671723592
145.74275064468384,-1468.4698476516642,-749.5077402698807,-473.17588229384273,879.2224303330295,both_blink,-1.8677897033644006,3.779100585922267,-10.669975103943782,19.75233863547723
145.8439438343048,-1433.7673159628175,-737.420383613091,-441.7569827660918,898.0154276103713,both_blink,22.7895213529107,19.470817073376768,15.200753372029205,14.368150517959057
145.94480299949646,-1419.3649612334557,-714.3900796859525,-441.7345433663577,877.4871167535894,both_blink,6.72564082316953,41.425066034584184,-1.91443720367309,-10.598075048371674
146.0456085205078,-1476.327377458569,-651.1334118354134,-479.2793990215287,889.4323572120629,both_blink,-60.410840094527316,50.88882551829695,-59.275584430704086,-51.794982812686094
146.1461386680603,-1625.923375686165,-772.8484558933415,-609.2259628819302,742.4542889534496,both_blink,-96.51876013720505,50.92271100771424,-72.35651153123574,-49.2129179929414
146.24680185317993,-1430.880113197025,-650.6734041408636,-395.2588066169992,961.5338884578086,both_blink,-53.294698281759736,47.82004865303681,-11.639365106513484,15.353305617408726
146.3477079868317,-1455.3764579067938,-702.5719958259724,-412.6792606106028,970.2179361549206,both_blink,1.7266492047947928,37.12939364768943,43.545619493523674,65.6845276474982
146.44839239120483,-1474.779058876913,-766.7019303161651,-460.050703399349,885.6831075064838,both_blink,-7.311842617843455,25.49384933710674,30.79952787351842,43.370669063699495
146.5492720603943,-1482.0943031902425,-697.5773594351485,-427.4350358857773,903.3316953973844,both_blink,-57.91841373400712,24.346076141795244,-11.83513679220971,-9.94854904142408
146.65075206756592,-1537.5570195331238,-708.2585137085989,-496.2454551705159,864.1001448621973,both_blink,-83.34941790418443,24.598798363010545,-24.458870538885098,-31.905570143961615
146.75108361244202,-1528.0090549462475,-766.690710616298,-467.8745741066523,836.4323649900034,both_blink,-69.83419348930283,15.9494168643402,-11.614665428490728,-24.515374636076753
146.8520224094391,-1468.4997668513097,-710.5211531817913,-451.1422617048957,904.7715568803252,both_blink,-51.59729371987964,9.357669131443842,-12.723430185396495,-21.148795161263564
146.95243287086487,-1504.7206979221664,-744.9506721738726,-480.9455244517885,851.4966820115224,both_blink,-42.936271605937165,14.343762384030892,-27.540477295753142,-21.726690029188333
147.05304765701294,-1484.4429603624158,-722.5075325397775,-490.85999923432246,872.1035307673737,both_blink,-27.24060486638205,19.732004058134155,-20.242365627080815,-4.92739398495459
147.15413284301758,-1431.867446785327,-741.4089869158342,-444.6385756819509,930.5058084754272,both_blink,-5.510614035934766,10.672166695377413,10.035161605448573,18.566917398818923
147.2550768852234,-1446.400698013138,-746.4840311557055,-389.2394376383163,906.2899562623352,both_blink,-1.881332154401143,-9.300112103111456,24.246744702173228,16.932535861580902
147.35594010353088,-1478.208547136281,-772.5735732465982,-483.64199231984094,879.5870705787092,both_blink,-18.2753033966366,-20.21068057439918,15.15059978290367,-5.388864851511821
147.45721244812012,-1469.87044018507,-759.8074247478507,-429.6228773598559,872.5167897124775,both_blink,-29.795387622352646,-11.725237602559483,13.969188358098352,-14.115085253357718
147.55797004699707,-1451.877781498246,-743.3406452429481,-410.6466249846853,904.8669243291952,both_blink,-24.47991110812992,-1.1461972520634984,22.40294178308776,-2.8251397197042363
147.65880131721497,-1494.437842993997,-751.5497256456874,-470.84779457142577,889.492195611354,both_blink,-13.628173421607524,-9.413089712281863,11.701579407838363,5.250048243796883
147.75993657112122,-1410.1891166921705,-773.6525343838148,-431.7471405346878,899.3804910941981,both_blink,-6.196892544901756,-26.27402681190811,-11.64487073579923,3.328381659320612
147.86079001426697,-1466.699005022645,-776.9137271451764,-499.585185830947,896.6466242265888,both_blink,2.2604356979885583,-25.880357610619434,-9.337747528099502,4.081567506531171
147.9617564678192,-1440.3888088343665,-753.0045467284508,-421.2193221594207,892.1101255803369,both_blink,10.710760455023173,-10.236982026099026,19.158985371261497,5.821362832496781
148.0628900527954,-1417.5492398049682,-733.2242158628069,-401.255736195948,914.4859470152296,both_blink,4.44620938780408,-3.778169702491323,33.30009891826423,-3.5056188678701847
148.16328477859497,-1467.652679511346,-776.7903104466386,-457.95635942416266,857.7628843872808,both_blink,-17.073923926199633,-10.59095461501048,19.85837518861241,-15.145007393903168
148.26375246047974,-1491.33746593073,-746.0932116103359,-451.1011228053831,887.4315107357688,both_blink,-29.98273625178828,-12.82319799212874,4.927126653826868,-10.716017372097996
148.36450695991516,-1457.3978738328442,-748.4979672818445,-440.8276176271029,908.535766185727,both_blink,-25.228346107208313,-6.586061026192597,0.036362584497535044,2.159276544877256
148.46529722213745,-1455.217512158677,-756.583630986046,-456.2734044441022,893.1797369676642,both_blink,-21.75671696372186,-6.704547143614302,-2.889313379771937,2.120035292686151
148.56646513938904,-1482.8778122309595,-753.894642917905,-458.3565287194215,890.2326958025806,both_blink,-25.55898300423452,-19.31158590496876,4.782388261505741,-8.698819207588718
148.66724514961243,-1474.4518176307902,-791.0692484774627,-435.3636237918399,870.6131806350313,both_blink,-22.63470964106586,-32.688362271485275,28.906250534598993,-13.126760703310095
148.76778388023376,-1443.556504096836,-755.5962973977439,-394.550095575396,912.0849312436768,both_blink,-15.877856313100777,-31.524782266343486,39.8667401585882,-8.369247137010257
148.86847567558289,-1459.0247303135693,-763.8240773002617,-437.23731366964057,887.5586673342623,both_blink,-18.310098470561318,-10.393882218901705,15.437218962491068,-0.6605340435338798
148.96951150894165,-1484.7739415084943,-731.8217533794232,-500.5762593192048,891.8969512828626,both_blink,-19.85729652747847,18.79918660227627,-15.881924762091362,7.5329177840637715
149.070228099823,-1437.7521793656051,-690.3500027707778,-448.5467711356469,929.8045772337356,both_blink,-8.002687885582946,34.03779173157239,-21.36125291417638,10.16574617706421
149.17128491401672,-1441.2228065244851,-719.1995910289697,-477.2766825952567,901.8263856652192,both_blink,0.20029530636033627,29.08183903352107,-14.444132580388075,3.114828324684556
149.2717146873474,-1462.41681957338,-734.0993524524383,-479.3298876709305,877.6441925517283,both_blink,-12.15299436419291,19.306993153680615,-20.353415912378903,-3.574977963915916
149.37267470359802,-1461.777296680957,-721.6941042994149,-479.9544509635307,909.9793675686232,both_blink,-27.16710501720958,12.6064432149175,-31.364343270828932,-3.6206017882355406
149.47315382957458,-1482.3972350866534,-726.5541042918339,-490.0372212440707,900.7287250282244,both_blink,-22.570197314317284,1.503861574028729,-30.035084016907433,-7.1901439921830415
149.5737693309784,-1440.0391281885095,-775.6365513103083,-491.7538353237324,868.6104642087594,both_blink,-8.340270201524797,-10.384654634746207,-23.14925970643265,-15.524198536636318
149.674574136734,-1430.1358731058426,-737.2352585652843,-432.8429312217049,906.2039385633544,both_blink,-0.38852884362775164,-9.719856896555473,-18.11429835922058,-12.875127336665368
149.77581071853638,-1460.2757268487476,-746.2858164580539,-489.9512035450898,880.6641617659479,both_blink,9.001009982184842,-2.319510511569164,1.6958335827585893,0.048707810611059
149.87618732452393,-1421.1114945127629,-743.9521188857034,-435.1728888940997,926.3507796246558,both_blink,20.2106133514077,-6.764138217893375,34.74187672448144,-0.8482422718280314
149.97698307037354,-1404.4502402101643,-771.9602296538651,-362.9217616501264,869.0629921033978,both_blink,9.451624971396559,-22.392473556254433,37.481320458208806,-21.43765380336508
150.07780575752258,-1486.0698168431409,-760.418898390606,-493.61256560171023,867.5184134216979,both_blink,-21.52794155564999,-30.19926802754639,-3.4025296578605198,-34.722537964111474
150.17861604690552,-1484.5888164606877,-772.74560864456,-500.2995067224838,878.794211788103,both_blink,-32.75555173550098,-21.967000078752307,-32.58404040693028,-23.19675939716547
150.28006744384766,-1439.2761885975488,-741.2893101172522,-448.4757130364888,916.0174360470846,both_blink,-11.898203789457597,-10.251534945140433,-11.239335211836174,-3.16752458682793
150.38056993484497,-1429.6459462116472,-756.9295717319474,-415.4411767278798,897.4450928671286,both_blink,6.192260545489902,-8.711429873644335,27.434304280339234,6.94273005922023
150.48129796981812,-1460.479551396333,-743.1648699450307,-445.30240792408586,919.2281401590444,both_blink,-0.028758123844316197,-13.813025352769753,41.30212778343346,9.710494288476944
150.58177065849304,-1454.880921162665,-767.4069014578126,-410.7419924335554,914.9010759103112,both_blink,-15.857506395757637,-13.684822067186559,30.69668335908928,9.684555324485281
150.6831874847412,-1456.676073141396,-739.2491946914233,-430.0585757046938,916.894442586694,both_blink,-26.864446495521566,-8.850826052111437,14.341671498595378,2.90765383120191
150.7841341495514,-1482.5412212349474,-749.6984751676209,-471.5901647126302,888.4525034236722,both_blink,-30.512804533485504,-9.284912537584558,5.623824877631992,-7.249110542273962
150.88458919525146,-1465.842567932792,-750.7082481556572,-431.6854321854189,905.2296946248972,both_blink,-23.03556441758501,-13.944686789836533,9.978570035909389,-10.602359862481782
150.9856517314911,-1449.042937331833,-765.7389060775749,-444.52076883334666,891.9754891819321,both_blink,-9.262946006616218,-12.593938770574601,17.21581022658424,-9.523651715228556
151.0861291885376,-1448.676427136175,-729.1252855113707,-446.9629235044122,896.7625611252151,both_blink,-7.20341242570999,-3.7816773930442253,9.351257445129685,-13.830890394354293
151.18648171424866,-1459.896127003245,-722.5580211891793,-463.2913267109543,905.8991367169656,both_blink,-19.210505994667074,7.442449123691936,-10.823582601974065,-17.305622389583387
151.2870228290558,-1459.7689704047516,-757.114696779754,-469.8810304328799,870.0110567421652,both_blink,-22.61967551969649,16.67644061093205,-18.916081732239864,-8.608947024944333
151.38769936561584,-1476.576080805622,-693.3793217348866,-493.5321577526629,926.782738069538,both_blink,-9.175377943208469,12.483789584410031,-7.908372305487315,-3.688458588446356
151.48875665664673,-1408.999828506261,-754.9212454557419,-417.56917980266735,891.8595522833057,both_blink,-1.6324398686736008,-11.947570708489746,0.3399564360959504,-26.009724950961214
151.58927512168884,-1454.7500246642155,-790.9738810285926,-465.2716037374921,840.151695495937,both_blink,-8.852789455591715,-35.982427557869975,-1.0836203839861984,-55.839451247486366
151.68965339660645,-1484.7627218086272,-762.8273939620703,-478.59686727961525,855.4404065147974,both_blink,-8.048127597433606,-35.090230242596746,7.6135940016389645,-51.518432454927385
151.79029893875122,-1401.1048996997995,-756.8360742330551,-413.8479793467559,907.1669628019444,both_blink,6.006646240978946,-18.917764221903994,21.427444951898536,-18.22997282945954
151.8911018371582,-1427.9985202811658,-747.8977133389562,-423.3361055343412,911.0340193561278,both_blink,8.535037684323772,-11.830099166619714,8.40177421601332,0.2535136923594723
151.99166822433472,-1476.9201516015455,-759.9140118965879,-528.7489256854169,898.9765818989836,both_blink,-4.826118707188661,-15.216549905588582,-26.240604102668023,-9.936865418836593
152.0921287536621,-1434.3937492053956,-760.0149891953915,-480.9343047519215,876.9149120603688,both_blink,-11.587030911871262,-18.309572100378354,-41.05972085396697,-24.529741630297107
152.1927740573883,-1437.4567272691056,-741.3192293168977,-454.3810150665231,912.384123240132,both_blink,-5.1833306554189935,-21.114678607358794,-24.993298367059616,-27.49521831814214
152.29312133789062,-1458.329108921811,-778.9575824709609,-508.7142816227861,870.6991983340122,both_blink,1.8879786799718652,-24.12502306414739,-6.34064240769934,-22.72501902223185
152.39431881904602,-1426.330524900928,-756.6864782348275,-430.0716653545387,902.757620754186,both_blink,4.965170917232871,-21.116754357552747,-5.0844963061017125,-15.944663362692294
152.49495482444763,-1425.4983971607871,-744.4457856798545,-468.45612854976207,906.2207681131548,both_blink,7.828499735121505,-17.002780395824754,-12.405986048799974,-15.074220227341982
152.5953447818756,-1450.080759569537,-782.8321188250557,-494.21281954459846,876.3875861666165,both_blink,9.862088703382748,-27.140943069027035,-10.818387280214557,-30.324993477669707
152.6960232257843,-1415.7260385765694,-761.3912723790854,-430.88509359490126,870.7777362330817,both_blink,8.745069526500512,-47.7009656399112,1.6544273235729272,-54.574323951500745
152.79664254188538,-1426.9158192439936,-808.9665397154167,-438.75010320171714,852.3549890513532,both_blink,8.673784317861815,-52.49191163550151,12.4974314725412,-63.60285217988258
152.89711904525757,-1455.241821508389,-774.9820688180625,-478.5538584301248,843.7980979527347,both_blink,12.634333476552936,-33.45298005450129,12.44491371054987,-51.12209736703102
152.99746251106262,-1405.261798500549,-731.7712647300214,-422.470318694599,914.4709874154069,both_blink,11.62453977030576,-17.806872905447957,2.6729364662483572,-40.43841831124484
153.09817123413086,-1429.2083779168315,-784.0363666107878,-459.4990681558848,847.1565281129442,both_blink,1.7154599608601198,-24.526684656745164,-5.113442345872459,-44.952822620338324
153.19898629188538,-1475.0520715736784,-756.391026138328,-485.58113044686615,874.8878862843849,both_blink,-1.2954060803120981,-33.201608869437905,1.6730916068006798,-46.36446352988042
153.3000545501709,-1412.390047816094,-778.7070091739297,-428.5738354222849,890.9133575945161,both_blink,7.890998424043154,-22.940936838456714,11.985937557972758,-30.584747429964743
153.4005320072174,-1423.5536491838284,-726.5241850921884,-432.85976077150553,914.5757046141662,both_blink,7.79533135303092,-10.963555427218502,3.5048928776662893,-12.332452030094943
153.50179600715637,-1459.1444071121514,-770.5465474706143,-494.2801377438009,899.055119798053,both_blink,-7.89927193355339,-20.36435028925652,-10.500244321328214,-8.295563822577414
153.60245394706726,-1462.6786125702783,-772.1173054520041,-459.75338135287166,908.270233288873,both_blink,-15.089074844968717,-36.047206671133935,0.7006721480485386,-16.015994373801
153.7036588191986,-1432.2881855303422,-759.6783981993794,-414.474412589334,900.4314029817469,both_blink,-6.020222257541227,-28.45923500341635,22.420371186817516,-27.447296420247078
153.80410885810852,-1441.8698092168197,-760.564754488878,-440.175005084835,867.4903641720302,both_blink,-1.9096504067857505,-5.674249580229622,15.789396654293517,-39.337526329256285
153.90564465522766,-1455.9430527500808,-718.3338041892275,-493.80517044942826,890.5954660982825,both_blink,-9.254436047925502,-2.798008192087126,-12.922110527858031,-47.08565265317201
154.00634789466858,-1449.742298623547,-762.0008760718629,-465.79331978131086,864.9322726023383,both_blink,-11.22749581259352,-21.663831253077326,-27.016462108834485,-45.696984799454924
154.10776257514954,-1442.602829608135,-784.010187311098,-476.10422395914793,880.6473322161473,both_blink,-4.981236578172349,-26.182036198064125,-20.19994125842158,-39.82771994947998
154.20934391021729,-1442.0642840145156,-729.6320419553667,-481.4485409958288,897.0318339220248,both_blink,-5.788618780286922,-7.793292125229628,-12.686727588462185,-40.073335563053085
154.31015729904175,-1456.7583509404212,-737.0258241677657,-454.237028918229,862.7631306280382,both_blink,-13.510187294757184,-2.957652736009834,-9.785954282755078,-46.57513066768454
154.41184186935425,-1447.8312097461894,-767.4686098070815,-464.83964529260993,878.2201371449046,both_blink,-9.751160283583863,-27.72542389713488,-1.9438985818674912,-50.73171804467358
154.51293230056763,-1436.5759808295406,-802.2421995950863,-460.27322744671255,865.5437462450936,both_blink,9.786788596383557,-50.98405196092685,8.023938417807084,-52.845637149121316
154.61382818222046,-1392.0300324573182,-777.3756047897041,-421.6886796038598,881.5654776552692,both_blink,28.035446694277056,-50.7464299931213,6.812730267421995,-57.283671741051315
154.71483778953552,-1424.9748111669903,-771.7545351563022,-487.6866941219196,858.9615223230794,both_blink,31.593556416331513,-43.97527373233288,-4.60994790016257,-56.8818504432134
154.81584692001343,-1420.771163616795,-806.5131653444842,-466.238367876038,860.1021918095648,both_blink,20.721607833137746,-48.92308067818763,-11.619141597668559,-49.24535338188096
154.91648268699646,-1415.6026218780316,-794.4594677872956,-446.338360211812,902.6211144058034,both_blink,2.566918063051812,-61.508193489379586,-6.842039880106101,-50.27331815193167
155.0173842906952,-1460.6871158438737,-791.8826767178252,-462.7378215175122,865.7793599423021,both_blink,-7.941595540896088,-70.34200948449205,8.45301843062638,-61.44227164837591
155.1183090209961,-1447.0327411056496,-827.3481479976326,-429.3405149132013,829.0161433778703,both_blink,0.40622396059524896,-66.72219757044249,29.53323765027062,-58.8425383093091
155.2194516658783,-1410.1909866421483,-774.2565282266587,-413.3786219023168,920.7858084905891,both_blink,14.05249310425147,-51.83292474969649,42.45364281203772,-42.044747975010075
155.3201186656952,-1418.7927565402351,-797.5000064512715,-398.819191374816,885.5933499075472,both_blink,13.678574117194621,-45.93337165104899,36.511873337933785,-40.30443522548452
155.42103672027588,-1453.1512174331583,-789.3582442477345,-473.16092269402,857.8096331367269,both_blink,7.986258893706372,-61.011474982237786,22.430183764347145,-51.96306061414105
155.52211046218872,-1409.27845105296,-791.1403065766208,-416.5556669146754,895.0627765953541,both_blink,14.537224395508481,-64.77210666957501,14.826075196018786,-47.263853347614784
155.6229157447815,-1411.1259616310708,-793.6011607474647,-442.7461863043718,870.0465857917443,both_blink,29.494653185035457,-30.322084012832207,16.810614083030217,-41.68353323180923
155.72405648231506,-1381.453595382627,-773.1177286901511,-417.42706360435113,856.9718955466524,eyebrow_raise,51.17691651907828,-19.325975033570863,38.664452516821974,-82.41054637114259
155.82481265068054,-1347.4579047854058,-786.506570531521,-382.3879409194924,811.4124342864379,eyebrow_raise,94.26006929468686,-101.81779540291447,85.29172410000214,-149.07089834201008
155.92544794082642,-1319.9509406113066,-925.4176745857112,-350.46041499776766,703.9950277591124,eyebrow_raise,141.70720197345943,-171.0612847161081,110.37824534213881,-170.04672245425087
156.02631878852844,-1260.8268622118048,-780.7807836993597,-376.4788989895024,751.7049314938486,eyebrow_raise,135.91261007728707,-25.038520325511257,51.91891707886433,-155.88750142056463
156.1267466545105,-1387.4935338110663,-527.1220692046918,-542.6688333204947,890.444000150077,eyebrow_raise,66.8207801017154,292.68251170676183,-64.6234371847542,-184.22958700114717
156.22745609283447,-1444.8785587311722,-72.81398218730465,-597.8211379670538,531.7165363002568,eyebrow_raise,9.867568361482041,477.349237237553,-134.34975173706022,-242.23951561964267
156.32803463935852,-1401.1703479490243,-461.59528208104894,-558.0772211379372,715.7083944203332,eyebrow_raise,21.95349278876631,396.95153854863065,-109.44252314290948,-248.42302951957925
156.42884755134585,-1376.0606596465225,-527.7840314968489,-504.1740430765785,786.8824304770678,eyebrow_raise,61.831264543553885,248.21993191039587,-52.497138680096825,-205.52963675335332
156.5301229953766,-1364.5642071827317,-515.6536659905687,-487.3014844264835,759.9327113963664,eyebrow_raise,68.10229665890922,173.34522609019584,-29.608932736724253,-159.77709508345183
156.63129711151123,-1395.373503017705,-628.1087177582085,-494.6316883396357,741.5847622137517,eyebrow_raise,53.16096112630242,70.40883131880322,-26.816989108968276,-89.14633146839189
156.73225474357605,-1377.5304403291084,-893.5032383138314,-458.71368916518986,1081.567847485654,eyebrow_raise,61.21380732596773,-105.31627231543321,-5.4439243315871915,20.96217650731142
156.83326125144958,-1344.5669621196575,-978.3914875080808,-422.6834929920733,978.4401062075048,eyebrow_raise,84.0302578945922,-204.8082273738598,24.896397686017266,104.96028614773083
156.93393969535828,-1357.3873391677623,-846.4814761709422,-435.8591605359688,1028.2518337173387,eyebrow_raise,79.68535229295139,-155.41251804980897,30.05440506857956,108.33375953353816
157.03460597991943,-1400.1194360614754,-804.4337809691206,-449.2891412768513,999.5518414573744,eyebrow_raise,46.00256104350917,-75.77764854818646,8.210532762913747,50.247991432303536
157.13539624214172,-1409.723499147687,-834.5511953122914,-461.4587757326663,935.6145118148996,eyebrow_raise,20.275937195802427,-55.976002398876034,-12.529279179668137,-19.04664682176368
157.2358934879303,-1426.6390666472726,-793.9994600927457,-482.712627180852,835.774142597802,eyebrow_raise,15.855477786117468,-50.71767523956224,-16.045002588212974,-53.55920400130378
157.33729720115662,-1434.2535029570572,-734.235858800821,-470.4644548259676,920.9541039885952,eyebrow_raise,6.273140348774242,-15.493184928010034,-13.149896483515578,-33.13509859367339
157.43821573257446,-1435.8653998379596,-701.8558049844578,-453.6124656256288,969.0828765183688,eyebrow_raise,-19.83440021181471,26.546680202256237,-16.925649097208154,13.127920954841091
157.53932237625122,-1491.36364523042,-744.0100873350166,-509.7801531101577,915.39661265444,eyebrow_raise,-30.993786290753345,57.63953971381498,-23.554151159211035,29.884809488756307
157.6401183605194,-1449.7086395239455,-589.3091256679036,-473.0244163456373,957.777158952318,eyebrow_raise,-6.455048016810729,89.50267565179169,-25.919259122666507,-7.855118888573584
157.7416229248047,-1380.5878085428849,-648.3808454680257,-457.2794375321828,886.7190597942099,eyebrow_raise,21.810450120674158,122.21387517155453,-25.251484521915582,-66.26485284580588
157.84228944778442,-1448.7624448351562,-619.3180829123594,-518.8718499024399,787.9034231649712,eyebrow_raise,16.613794666561773,136.6273126277737,-21.871336848119363,-88.97544489409292
157.94390106201172,-1447.7788511468098,-598.8870094544254,-453.502138576936,903.0399832008408,eyebrow_raise,-11.83800313720639,118.12145539046057,-16.70498537602479,-68.40841389960033
158.04463529586792,-1455.049216660671,-674.4816072587855,-462.3918807716109,903.1297407997772,eyebrow_raise,-31.353721750652667,75.06282225962428,-16.52770366612562,-47.524463427264685
158.14525175094604,-1472.776342450641,-730.5838464940898,-492.3933582161553,855.3786981655285,eyebrow_raise,-31.116906354816013,36.125707310529236,-19.319173896903727,-44.50366838838951
158.24620294570923,-1470.195811481215,-692.4181674462743,-479.6402993672528,898.3090097568929,eyebrow_raise,-21.236589948280827,21.852028502158834,-15.46492514198803,-38.119608675185376
158.34705686569214,-1430.7174275489524,-729.5516341063194,-439.94500123756006,940.5212605567648,eyebrow_raise,-14.56814606546449,27.351247348977374,-9.764577336018132,-25.710456919285996
158.44762802124023,-1466.7438838221133,-716.6414994592778,-486.63765218434855,882.3919955454767,eyebrow_raise,-16.97256149991381,37.85061779798027,-13.381978466996669,-26.30597048945038
158.54900884628296,-1467.4245456140488,-682.6626384118572,-489.77729819715023,895.2497715931386,eyebrow_raise,-24.30418484738181,43.314265123159764,-21.698069931487794,-39.028670124470445
158.64969182014465,-1437.8045379649848,-721.7520727487281,-451.499422150664,900.9830382252112,eyebrow_raise,-26.191403265592964,38.988658448211794,-24.358169116273338,-48.729048574311406
158.7510621547699,-1480.6974505567923,-712.0358126638457,-504.7518576197326,875.0842310320586,eyebrow_raise,-15.912891332281554,28.485362064865846,-21.957930382307822,-50.25794634362165
158.85198092460632,-1425.803199007176,-719.8185444716364,-469.8885102327913,893.9707258082926,eyebrow_raise,-0.382538809651467,23.46425876015916,-20.053956405593194,-42.75914689296241
158.95318007469177,-1420.073672275059,-718.9060088824481,-461.0735660372302,910.6880786102264,eyebrow_raise,4.486707856021523,28.626285392124043,-20.312992777702544,-27.451787575842854
159.0538923740387,-1463.4116329615936,-733.7347122067586,-508.62639397382736,905.882307167165,eyebrow_raise,-5.447516614818741,29.13203065195297,-21.870180345694667,-19.0651660834787
159.154536485672,-1438.9863463509828,-706.6129577280954,-453.15619783103466,919.5030228057876,eyebrow_raise,-16.599311104217964,8.373092502474929,-23.34432745450085,-31.88420052954173
159.25524950027466,-1454.8136029634625,-794.1340964911506,-485.0799838528037,875.9144888222218,eyebrow_raise,-17.181452318002073,-20.66775745045222,-21.00600341084085,-52.30758323954488
159.35622692108154,-1454.09554217197,-772.4351969482377,-480.457467507571,871.1311567788944,eyebrow_raise,-10.531593304534503,-27.72503088417434,-12.847201697025039,-52.90850232991162
159.45769357681274,-1435.137989296578,-755.8786598443985,-453.6423848252744,914.5850543640554,eyebrow_raise,-6.863533294636319,-10.931173996858718,-8.272298396825802,-34.1421612406701
159.5583474636078,-1450.548247063998,-733.5084482594393,-473.9032928352244,916.325977793429,eyebrow_raise,-9.89867005169166,4.171694358555765,-18.341343727708217,-23.19407793918813
159.65897250175476,-1446.6961501096375,-765.2564589832909,-492.0605071200989,879.0129959355108,eyebrow_raise,-14.343215253741207,8.302063877674717,-33.45336657464492,-33.8932018903192
159.75990462303162,-1462.7964194188826,-712.8604606040753,-502.6294643948786,905.581245220732,eyebrow_raise,-14.924181964156562,12.110080108805585,-34.79091680137617,-55.643823335608666
159.86106300354004,-1427.68249873491,-762.7395063131116,-465.1369673390873,836.6174900378101,eyebrow_raise,-11.570386448321862,14.551347310948664,-25.225045025302048,-74.89475155181948
159.9618489742279,-1457.6503170798533,-710.8633540277369,-478.6080869794823,872.6102872113697,eyebrow_raise,-4.021896527689584,7.352435180171874,-20.46416435898416,-83.02501699732811
160.06236720085144,-1425.389940062072,-769.9687329274602,-491.9183909217827,846.846116416622,eyebrow_raise,7.955712568354279,-0.09510351829820096,-20.0731445087816,-72.44103865751573
160.16331505775452,-1406.9821524801664,-767.3807221581228,-454.1940200687386,893.7781209605746,eyebrow_raise,18.131045794025216,3.0113901069555866,-14.860719221126148,-45.80991698511913
160.26421737670898,-1430.880113197025,-701.6669400366955,-473.0169365457259,913.7267473242246,eyebrow_raise,19.2047570446358,5.782641051520187,-7.830846987615918,-22.05176984857876
160.36489582061768,-1414.9331797859631,-778.8771746219136,-457.4140739305876,918.2782055702992,eyebrow_raise,12.26027213837308,0.6430414157833555,-6.296519735277888,-17.076132316948783
160.46571922302246,-1438.3973121079616,-766.6626613666303,-473.3460477418266,903.7898331419564,eyebrow_raise,2.959528726042352,0.19731393755865412,-8.72459276248172,-25.26049252545454
160.56614542007446,-1434.1693552080542,-714.625693383161,-456.15933749545366,906.7275245571508,eyebrow_raise,-6.121524126933288,4.98653815237604,-12.774471674337425,-33.397563851990085
160.66719937324524,-1465.9360654316845,-782.6694331769831,-496.0491104228422,878.4389212923124,eyebrow_raise,-14.878823031969041,-0.9757032432891521,-21.978307001725003,-42.06609673924301
160.76795482635498,-1438.8891089521348,-740.4871015767567,-470.02688653115183,902.6435538055376,eyebrow_raise,-20.707982379879372,-9.721404155640204,-34.213068962258845,-55.2870413660411
160.86852931976318,-1462.3495013741776,-778.8584751221351,-503.3531350363046,848.0746735520661,eyebrow_raise,-18.748667974046953,1.8386523834179989,-36.79443207211417,-62.29692291674206
160.96959710121155,-1459.4174198089167,-726.3016610448249,-494.62794843968,881.2027073595673,eyebrow_raise,-12.804064761819422,18.641075112592713,-26.258746593413708,-53.97239712766054
161.07019329071045,-1437.7260000659153,-740.2103489800356,-450.0483409678564,903.5710489945486,eyebrow_raise,-16.969190166499946,2.725772102649472,-18.428018302273696,-43.80741306498858
161.17097997665405,-1464.0287164542824,-803.4408375308849,-487.0770904291421,876.2697793180123,eyebrow_raise,-28.97475615238284,-34.80922259954344,-21.71207787616552,-47.37600307581435
161.2719223499298,-1470.11353368219,-805.9390907012857,-493.0010919589549,866.0261933393776,eyebrow_raise,-21.21045286264288,-40.918772573222434,-20.86697461862263,-56.05330590099338
161.37236952781677,-1419.748300978914,-755.7533731958829,-438.6827850025147,898.1182748591527,eyebrow_raise,10.063244278610727,-8.012353536561944,-3.9830747746223967,-49.35094617766091
161.472993850708,-1426.2744264015928,-744.391557130497,-440.30964148323983,913.1152736814691,eyebrow_raise,16.09607423303363,10.051291101499668,20.731100686165217,-19.62300351969023
161.57371854782104,-1445.918250918854,-780.6648468007334,-421.6082717548125,923.7160201058724,eyebrow_raise,-37.179316035580534,-17.128494695937057,43.67693730087221,17.7067452488217
161.67481756210327,-1575.9022137788124,-821.3399987188168,-387.3395684608258,986.8978899572976,eyebrow_raise,-105.5009584462838,-54.06179739352149,60.36172218983422,31.24839118876542
161.77524209022522,-1549.2516866945662,-802.7676555388607,-396.1208535567857,940.5941886059009,eyebrow_raise,-123.30413606004264,-60.11709047636393,61.156654243209005,6.514733571357687
161.8764374256134,-1516.688377780374,-831.467647798825,-415.9011844224297,868.5412760595791,eyebrow_raise,-90.9742421744322,-45.92299722521568,43.17856664584749,-32.112390685343435
161.97745656967163,-1488.2464386173524,-778.1030153310858,-420.04873347328976,897.6115184151568,eyebrow_raise,-53.59420304281688,-42.95043708604464,25.83549349995687,-55.06350052082401
162.079265832901,-1487.1469080303796,-813.8302796077915,-444.2683255863376,863.1221610237844,eyebrow_raise,-31.43125831358033,-49.83169502257817,28.23132238397269,-62.164999453094545
162.18010592460632,-1440.974103177432,-843.6784211541526,-409.0048089041375,867.6362202703021,eyebrow_raise,-18.550382789572897,-45.4704971109458,38.182995805257086,-62.74061244155757
162.28061509132385,-1438.2402363098226,-757.1259164796211,-415.6543510253541,852.6728805475868,eyebrow_raise,-12.047021704509188,-27.77895119701781,31.315440076021734,-57.3090605582252
162.38168096542358,-1463.1255306149833,-733.7852008561604,-452.1669942927547,900.057412986178,eyebrow_raise,-8.16667692635808,0.04580537061148959,13.052154939750004,-53.73527954825505
162.4823145866394,-1432.6490858760662,-815.1055854926817,-459.4934583059512,842.2609990709461,eyebrow_raise,0.36180714219468524,30.69672130043074,7.818399933586997,-60.44012023813373
162.58300518989563,-1405.648878145963,-723.8370669740252,-412.6699108607136,897.8396523124538,eyebrow_raise,10.519938113531332,12.894256845051395,15.613814986857916,-60.876406108058745
162.68340182304382,-1449.1177353309467,-765.5444312798791,-461.9767518765293,836.4155354402028,eyebrow_raise,14.081301571350242,-78.35246911738939,16.84226149956456,-42.42785488643685
162.78420877456665,-1404.732602656819,-982.60074490821,-431.7695799344219,921.3598831337875,eyebrow_raise,12.371751331396235,-133.07334926094157,10.841103312518642,-41.95665496401094
162.8845977783203,-1432.1872082315383,-840.4882864919491,-451.7219461980276,808.5682403701358,eyebrow_raise,16.055430500884896,-63.48930631243507,17.365077605080693,-93.83496246658044
162.98496341705322,-1377.8090628758073,-784.5917417542078,-387.0254168645479,835.0467320564203,eyebrow_raise,37.876375762032715,-27.49758901630799,46.71051849970954,-139.98993853928292
163.08573150634766,-1390.0983741302043,-873.777135997545,-395.9450782588683,729.0691870120354,eyebrow_raise,75.84499804536868,-207.83694756864801,83.9146138192146,-87.45476563861821
163.18652057647705,-1321.994795937091,-1315.6126566627065,-348.0406997264363,1072.6650156411342,eyebrow_raise,97.60917023126024,-439.55264112590777,97.96690604993276,40.694433180716096
163.28716278076172,-1352.0448920810595,-1233.581691034604,-371.7778447452001,990.3348580165766,eyebrow_raise,71.56002228639221,-409.6601583215457,71.69084023202569,120.07215083456863
163.38781452178955,-1437.5053459685296,-762.7058472135104,-444.4067018846981,1020.2951965616083,eyebrow_raise,16.976240600604957,-146.5572475789809,26.3591359148653,96.43404531290976
163.4885058403015,-1461.0330565897748,-809.2975208614953,-462.3881408716552,968.4788826755248,eyebrow_raise,-17.136269347653503,45.91441910559021,-0.8384502741971809,38.84584271124817
163.58954524993896,-1422.0408596517518,-733.8169900057837,-428.5663556223735,931.5791597627104,eyebrow_raise,-18.82329727299894,50.09158853378444,-2.5329882932039176,20.65613627723881
163.69006371498108,-1485.4733028002083,-735.2381519889459,-493.6555744512007,962.590410195291,eyebrow_raise,-17.161907518220083,13.954921021644605,-2.8100865551189957,36.43606777765023
163.79046201705933,-1453.3400823809206,-717.4511877996847,-452.2586218416691,961.5357584077864,eyebrow_raise,-30.63662362378281,51.42983157842593,-18.267428746100045,46.25256948714095
163.8911097049713,-1476.0188357122242,-689.5926730297506,-486.9910727301613,962.8110642926767,eyebrow_raise,-46.62920444502146,109.61833090287523,-36.02914318026578,39.46021524357112
163.99165797233582,-1499.3932104352862,-632.6900952039286,-512.5682485271245,930.6329650739208,eyebrow_raise,-46.01534391942821,105.59069622821971,-32.93321359851154,29.996973658847015
164.09231209754944,-1451.6197284013033,-764.2298564454541,-443.0547280507162,948.0122801680118,eyebrow_raise,-29.773362360426844,50.76679821026968,-9.44845724756106,25.56351941625596
164.19335770606995,-1460.415973097086,-718.5843774862587,-450.5382678620517,978.066116211936,eyebrow_raise,-17.87841722060203,20.455070062777565,9.523840915815127,31.905953583986175
164.29396319389343,-1458.2842301223427,-771.1112723639235,-451.6153590492904,906.5480093592778,eyebrow_raise,-22.63835303317701,50.71623383475719,10.464951743700464,53.97024068736627
164.3948209285736,-1463.0226833662018,-627.2560205683112,-440.48915668111295,1019.8557583168148,eyebrow_raise,-32.72647893830642,96.315358604346,5.993626816336566,65.58799110886332
164.495582818985,-1484.0147418174893,-746.6111877541989,-456.6941431891173,946.1423301901668,eyebrow_raise,-33.978744355123595,92.46425687737803,6.916529116489209,32.58271922857415
164.59596824645996,-1457.7157653290778,-684.3568130917847,-447.2172367013991,893.7482017609291,eyebrow_raise,-33.60672513796158,37.5037511270769,3.9398189906762204,-11.717751636218445
164.69707679748535,-1483.932464018464,-817.3401757162064,-462.4760285206139,890.6029458981939,eyebrow_raise,-43.60510356844358,-12.42561081475752,-9.79234599242507,2.0677915758466128
164.79815244674683,-1482.0625140406191,-860.3639848064631,-472.6747356997803,984.2425609887578,eyebrow_raise,-51.259953472312844,-25.33383209771803,-18.552439294096857,52.88022303101554
164.89883089065552,-1488.794333960861,-680.6281328359619,-477.8507572384551,940.7176053044386,eyebrow_raise,-36.80050660268536,-18.538340749942087,-8.061349260001846,42.29020683281362
164.99965453147888,-1439.345376746729,-880.78383856453,-433.903192859143,903.771133642178,eyebrow_raise,-12.99824869989018,1.048127722869499,6.285257546359471,-40.860972620896355
165.10021924972534,-1435.220267095603,-737.6503874603659,-446.3421001117677,737.9963282062672,eyebrow_raise,-9.703581730563318,37.790895301210654,3.4019149104678386,-87.32407356765073
165.20120644569397,-1481.47160984762,-687.2851547570899,-483.4755667718128,942.1425071875564,eyebrow_raise,-25.72767846430068,54.05274647612625,-8.522058847279528,-33.59524879741351
165.3015809059143,-1468.5539954006672,-773.553427034989,-459.1362978601828,930.137428329792,eyebrow_raise,-35.25566663121374,27.395010570411777,-11.086612124403679,51.65953594725858
165.40253067016602,-1455.5167041551322,-768.6915570925921,-446.15136521402746,991.1912951064296,eyebrow_raise,-30.65832850355672,24.00137113294937,-5.962064272529994,80.75067223112345
165.50305318832395,-1466.829901521094,-738.6040619490668,-472.80563219822943,921.2252467353828,eyebrow_raise,-22.3052014967709,87.99916515626536,-0.26766592441325265,47.11249964122546
165.60357308387756,-1452.1433143951,-578.1099952505901,-443.6774213933386,932.8114567981102,eyebrow_raise,-13.442647021323477,131.02341623046152,8.51561387842295,-6.707054314411514
165.71657466888428,-1444.7869311822578,-766.7468091156334,-435.2701262929477,834.362330364529,eyebrow_raise,-4.740562376375051,65.33038732080868,17.296754178171387,-38.57169511231336
165.81789255142212,-1421.2966195605695,-848.4112645480782,-426.7842932934873,886.1711644507013,eyebrow_raise,-2.8958253456465175,-38.06108534611622,17.53749172547007,-25.537932050246084
165.91833019256592,-1466.7812828216702,-791.6994216199964,-464.5759823457338,880.4304180187173,eyebrow_raise,-7.685778832354228,-46.43839731140449,12.449291062305393,2.97003461989833
166.0189826488495,-1439.8502632407472,-784.6908491030335,-432.9177292208187,872.5280094123445,eyebrow_raise,-11.216874578390163,44.271460141479416,9.551207557043734,-19.900077402387907
166.11981391906738,-1445.7667849706486,-666.2182983066887,-441.0894106240012,881.6458855043165,eyebrow_raise,-11.320664267023199,108.69979054429298,8.879633136664554,-94.4236394833248
166.22040677070618,-1436.630209378898,-746.1623997595161,-445.2481793747284,608.2217997438274,eyebrow_raise,-8.403370088276798,59.50448040241534,11.605123489460865,-125.66494712601545
166.3209981918335,-1471.41501886677,-786.0222534872591,-463.0127041642554,987.4027764513156,eyebrow_raise,-2.275436788368366,-42.25220243076032,16.237368685617277,-59.18108198040783
166.42224216461182,-1403.730309468694,-973.50717816595,-407.6285257204436,830.5102334101684,eyebrow_raise,-0.27202960549789135,-76.52685654346179,9.85991815040218,32.45736616988368
166.5229594707489,-1443.8893551928925,-742.5608761021867,-471.8725271592848,974.230848807376,eyebrow_raise,-5.941446070689416,-29.82094408743906,-7.509281713208856,57.77527787553875
166.62370133399963,-1483.9960423177108,-784.9058933504857,-504.7462477697991,929.3987980885432,eyebrow_raise,-6.511590968489606,12.36105780357061,-11.584816754250905,25.594015559063596
166.72454071044922,-1379.465838556178,-841.1577285840176,-387.36200786056,848.8563126428053,eyebrow_raise,3.7677937506615913,11.930552666036778,6.410968840573293,4.072667971895726
166.82500743865967,-1467.652679511346,-758.5919572622515,-479.8534736647271,933.295773842372,eyebrow_raise,7.784847510060625,6.109093907492369,20.563638308288663,16.842506219869247
166.92584824562073,-1434.4685472045094,-774.0227844794281,-437.64870266476646,905.9458854664116,eyebrow_raise,-6.671573081368852,19.035439235688038,8.964242375620522,37.97747534993142
167.0263912677765,-1444.5363578852266,-769.4339272337966,-440.8650166266598,966.4724263492972,eyebrow_raise,-25.524626640700887,44.21608625289166,-16.023033590479674,62.70880784111275
167.12730360031128,-1504.7637067716569,-730.6287252935581,-532.5860630399548,949.9682478448376,eyebrow_raise,-28.442895229070917,71.26904703918623,-26.80840413455625,102.16364407566515
167.2279417514801,-1413.7270620502532,-752.6417764327489,-429.574258660432,974.640367852524,eyebrow_raise,-14.235816210995473,70.53499657017579,-15.210418832408019,111.58596849173038
167.32919645309448,-1448.3697553398088,-727.2628153334372,-458.8389758137055,994.2711027199402,eyebrow_raise,2.2382389979201727,19.029560716669465,1.2952052991124323,38.09836649205843
167.430109500885,-1453.1119484836236,-884.7874014670961,-482.67335823131725,759.876612897031,eyebrow_raise,6.530358406372832,-34.254497477116104,2.5973402374542647,-51.24058357920802
167.5307490825653,-1404.8055307059549,-845.5034923325293,-426.5692490460351,817.2391984174028,eyebrow_raise,-5.1389924440413015,-17.92051366531911,-12.962549204607342,-34.25280685225581
167.63163805007937,-1479.4688934213482,-692.5565437446348,-500.7202454674989,991.2081246562302,eyebrow_raise,-19.652787911779818,46.428304023787234,-26.734555130059718,67.96414517571489
167.7327790260315,-1465.2123947902585,-788.7318110051565,-490.3906417898834,992.1356198452412,eyebrow_raise,-17.725321445802667,74.51612431689243,-20.72172815641435,120.41485220720367
167.8337528705597,-1416.6871928651815,-742.0204605585895,-432.36983387731016,912.4607911892236,eyebrow_raise,-1.0631766297746597,50.170147173928164,-3.6485628517253383,90.28276934173799
167.93447518348694,-1438.00836251257,-753.9769207169302,-461.9412228269503,971.5100715896116,eyebrow_raise,9.659070253432679,30.62844019285074,1.06235735775177,66.57936052105936
168.03495955467224,-1438.7974814032204,-850.5074784732424,-474.8700569737703,916.387686142698,eyebrow_raise,6.395507993007877,33.2975873320761,-8.656540221292454,85.68191341055231
168.13606977462769,-1431.493456789758,-708.5782751548104,-460.41908354498446,1004.2528957016766,eyebrow_raise,0.2468807395754924,11.709188252967323,-14.811287312735681,92.80652744341629
168.23759174346924,-1429.0438223187812,-908.9022763813846,-453.9752359213308,879.9311413746327,eyebrow_raise,2.046461984349431,-38.89266277398065,-7.439287907523384,67.45920436223527
168.33787655830383,-1443.9473236422054,-838.1658086194657,-467.5174136608839,951.0154198324308,eyebrow_raise,11.94072034586992,-47.91761009628308,7.779899403540978,57.09303363927549
168.43871641159058,-1406.9597130804325,-857.6656469884329,-421.40818710718304,893.9408066086471,eyebrow_raise,19.491617484544108,7.113220811603555,16.59652208140084,72.10367973068601
168.53900170326233,-1424.3034991249442,-686.0622074715793,-455.3215999053791,936.5663163536228,eyebrow_raise,13.57880986736082,44.08214675064886,6.254780924686998,53.08117581521346
168.6404185295105,-1443.8519561933354,-869.3958431994542,-469.4958207374439,845.675527730491,eyebrow_raise,0.13262416279385025,12.457489435584053,-18.103178120048057,-18.419803704847837
168.74144792556763,-1439.8315637409687,-817.9834385085851,-493.2890642555431,752.1443697386421,eyebrow_raise,-1.7621771310926904,-23.627309988819093,-34.18937857635776,-68.21282462370823
168.8424587249756,-1425.8667773064226,-861.6168512916192,-486.51236553583294,790.0108567900024,eyebrow_raise,13.227040537435164,-7.388577028340182,-29.309911070519924,-45.06922536620481
168.94269466400146,-1400.9179047020152,-727.7546121776104,-452.5877330377698,923.2111336118542,eyebrow_raise,29.135108106044374,21.413248195199543,-14.225231685812897,2.8532921647839515
169.04316449165344,-1429.2887857658789,-862.7724803779274,-489.466886500828,804.8881788137369,eyebrow_raise,30.329487610555645,18.263348061893694,-5.563480973238102,26.562776339069444
169.14422392845154,-1393.322167892009,-815.7843773346394,-428.4354591239244,910.2224610657432,eyebrow_raise,18.66344761665863,4.789002090104713,-6.876914141896597,48.82633056126196
169.24500703811646,-1452.98479188513,-776.448109600693,-491.0413843821734,933.1854467936791,eyebrow_raise,7.868657363850737,6.536418325613373,-10.841086185982038,82.24317409870056
169.34553933143616,-1429.6665156614035,-853.3329728897661,-461.6457707304508,910.9143425575458,eyebrow_raise,7.397984781086375,10.762901128429682,-11.206799773053627,82.97102697423902
169.44619345664978,-1402.922491078265,-803.3155508823693,-441.0950204739347,896.9308566232212,eyebrow_raise,15.938017242549968,7.0363956588330066,-6.065659147306196,41.289938735061746
169.5474717617035,-1440.8936953283846,-809.6285020075738,-479.4757437692024,848.7459855941124,eyebrow_raise,27.31943551360999,5.415921146014918,5.1024096277894575,22.303424644369915
169.64833569526672,-1391.4484780142084,-856.2126958556473,-421.914943551179,853.1815069415607,eyebrow_raise,34.33116985638229,7.867802125643135,18.08705706690657,62.02093230125109
169.74956798553467,-1395.6820447640494,-778.3704181779176,-418.0591066968627,1023.750864120666,eyebrow_raise,30.854878192220436,4.444550390213953,23.098125968590598,103.75049267598084
169.85050511360168,-1450.729632211849,-858.0190675342456,-472.6429465501569,842.2086404715665,eyebrow_raise,17.091961467365685,0.5766591326968868,14.032660677361612,90.5163022483519
169.9514515399933,-1424.6625295206904,-817.0522034196183,-438.161068958696,902.9371359520592,eyebrow_raise,-2.31503119931369,13.13791757506116,-6.873435194606231,48.02765824853932
170.0519313812256,-1454.7799438638613,-793.8536039944738,-484.184277813416,855.0402372195385,eyebrow_raise,-20.688101747999948,35.03116174140293,-28.81277487411976,31.23969836923744
170.15266728401184,-1480.3197206612676,-772.8241465436295,-498.8110265401192,883.5046157822944,eyebrow_raise,-27.153883056847516,41.70361481136138,-35.39096742740908,51.36392238794154
170.25433707237244,-1464.335388250649,-835.4674708014354,-488.7955744587816,873.354527302552,eyebrow_raise,-19.66048305254353,37.39901995794777,-25.285938251869734,80.6910745798778
170.35556483268738,-1431.1475160438567,-738.6152816489339,-449.2797915269621,927.2390058641322,eyebrow_raise,-14.327215143891024,54.36780266514467,-19.91579246779657,86.72316832641795
170.45640015602112,-1479.6839376688004,-773.2355355387554,-499.6562439301051,875.8415607730858,eyebrow_raise,-19.22979168558782,101.82121579720516,-27.644468281812554,63.32299245585541
170.55732536315918,-1451.5804594517683,-661.4461859632283,-483.3970288727433,857.3234461424872,eyebrow_raise,-18.591289869463743,149.93266489828798,-27.646072765050477,44.477581671497276
170.65862822532654,-1452.5490935402922,-669.0307030733675,-469.58183843642473,850.958136417903,eyebrow_raise,-4.924378259393867,168.1434901364633,-12.758428154233346,59.82599912212508
170.76017308235168,-1423.5798284835182,-720.8657164592296,-446.7347896071151,918.7849620142952,eyebrow_raise,3.7322508348039625,155.61113245584366,-7.623226921596265,83.71113344598703
170.86114192008972,-1449.127085080836,-651.5391909806058,-490.7234928859398,870.5626919856295,eyebrow_raise,-2.257993223833159,133.931505831273,-22.750929136689372,76.77901614980391
170.96178579330444,-1455.1034452100284,-756.6191600356251,-494.4147741422057,872.0287327682599,eyebrow_raise,-6.81942779869776,124.42047821895186,-34.65690761171864,57.23966279733113
171.06283402442932,-1432.061921583023,-721.9839465459809,-471.1638161176816,834.0238694185391,eyebrow_raise,0.4743030641139995,126.52702515374078,-27.996482284152748,66.77266378551971
171.16357970237732,-1429.070001618471,-685.7817149749026,-475.3225848684088,928.9986287932844,eyebrow_raise,8.101795343915375,119.70266039607249,-17.108907906670954,91.2164039615672
171.26511120796204,-1444.291394438129,-778.2544812792912,-477.8357976386324,866.7479940308258,eyebrow_raise,8.407399723059626,100.74344384331724,-13.949172882840424,88.99626759948485
171.36615824699402,-1419.3761809333228,-740.8854009220377,-445.38468572311103,879.7740655764937,eyebrow_raise,11.859572258540538,93.48109343841175,-6.891014852300169,70.61505471338643
171.4668674468994,-1417.648347153794,-757.8944659205154,-456.215435994789,819.3372822925448,eyebrow_raise,26.154625190996114,98.48095927142998,14.987873537177007,70.3535490371432
171.5677773952484,-1408.0891628670506,-756.4377748877741,-418.5135045414791,905.0576592269354,eyebrow_raise,39.87969608882152,82.04596887967956,35.75629449153972,73.60488714750677
171.66909503936768,-1391.1361963679085,-794.98492373107,-406.2167134871706,848.2597985998727,eyebrow_raise,36.84142521450353,44.89338515935815,30.482851676635267,57.266429591431894
171.76978492736816,-1431.916065484751,-839.1606220076792,-470.56917202472687,797.4420380019583,eyebrow_raise,18.835632751204628,38.06462612686524,2.992175675069092,56.26052959186465
171.87086629867554,-1441.1349188755266,-775.664600559976,-477.7011612402275,904.578952032607,eyebrow_raise,5.048873609238653,75.17452237039286,-16.50520704654185,101.53975788430743
171.97149515151978,-1413.1118485075422,-717.6811916469596,-432.1416999800131,936.4204602553508,eyebrow_raise,10.233959977692496,99.52670905582791,-9.25150773205286,147.4437300704045
172.0723578929901,-1433.075434471015,-812.6746505214833,-477.9779138369486,914.022199420724,eyebrow_raise,28.68324030171849,75.15346988899438,13.540401893330172,141.41968406565567
172.17291831970215,-1396.6525488025509,-814.7652545967139,-418.81643643788993,852.3923880509101,eyebrow_raise,39.730527863936345,36.42797591571299,24.875021935667373,106.39636349722194
172.27454018592834,-1396.2561194072478,-837.0363588328473,-424.54970306996256,895.7827073368244,eyebrow_raise,31.987456073377206,17.346956699038984,11.474867687880266,93.30088118644314
172.37534761428833,-1435.1697784462012,-833.5881710737012,-484.5227387594059,864.1057547121309,eyebrow_raise,19.71352067579398,7.826090259071184,-7.227318905147561,109.11413916493811
172.4768204689026,-1432.1479392820038,-880.639852416236,-467.5473328605294,888.1570513271727,eyebrow_raise,21.102196059523255,2.0630582122150907,-5.033951209118928,129.47937061600254
172.57739663124084,-1381.7153883795254,-829.2723265248351,-411.8190836207941,910.6039308612236,eyebrow_raise,29.85690559005065,18.814637811901598,12.051874444925218,135.6573380293033
172.67814922332764,-1431.9609442842193,-805.3369668084197,-456.6118653900921,863.9860779135488,eyebrow_raise,31.29266732116955,53.91906082483543,22.547111691744917,121.95389733867849
172.77923274040222,-1420.7636838168837,-809.3349198610522,-431.51713668741286,877.6928112511523,eyebrow_raise,30.7399697489564,67.97461470550046,28.842423544600162,102.28025313805402
172.88037872314453,-1364.6016061822884,-787.2246313230135,-378.7060094131157,857.1757200942375,eyebrow_raise,42.024405791081435,41.31414698036771,45.698944703458736,109.93195245931058
172.98102521896362,-1422.7233913936652,-905.9327958165668,-432.9420385705307,895.4535961407237,eyebrow_raise,59.31963250542366,4.705194077638887,63.45011802472121,153.60775791209872
173.08246612548828,-1369.0745265292935,-835.3870629523881,-376.0357208447531,923.8506565042773,eyebrow_raise,57.833392386094374,-3.5096015386179698,53.44096958025514,183.82452449647437
173.18328833580017,-1400.7178200543858,-858.3126496807672,-438.5518885040656,949.1136807049623,eyebrow_raise,29.90994999954765,13.539735171978137,15.647836464544515,157.9611702502513
173.2839393615723,-1436.9350112252869,-868.7282710573636,-463.7326349057257,828.1578363380395,eyebrow_raise,9.132854636108316,20.561167798486977,-5.65412937392464,123.4875088617248
173.38463068008423,-1455.6606903034262,-839.1793215074576,-472.05391230713576,866.8097023800947,eyebrow_raise,25.409804586144872,-7.055943588692416,16.60664362407329,165.0877564255748
173.48573279380798,-1336.4625989156775,-962.6820377442054,-353.8618540074676,1124.6271856254898,eyebrow_raise,51.74287847918408,-55.976622956861924,46.75321518722453,284.79240028479745
173.5872163772583,-1412.6144418134354,-933.946516434662,-434.54084580158815,1047.6002061381005,eyebrow_raise,48.338256591592824,-80.19819194296454,46.98409728325339,378.2114750101177
173.68902039527893,-1438.5356884063222,-886.4797061970457,-435.8498107860796,942.9652851778084,eyebrow_raise,27.46626548718826,-44.96479562873782,34.72702320411911,294.69654245918775
173.79019141197205,-1408.579089761246,-944.3097792118788,-411.2562286774628,891.5192213873379,eyebrow_raise,15.465928181314037,17.04347172034936,30.900674086759143,-43.9982578386099
173.890798330307,-1434.2385433572344,-756.873473232612,-423.79611322889104,44.14951897691935,eyebrow_raise,2.048271025760747,36.883766072124224,17.59788284624225,-500.08000524453934
173.9913718700409,-1472.8530103997327,-833.1898717284203,-485.5643008970656,-25.36400149948895,eyebrow_raise,-18.81723251171143,31.60696311906561,-8.343404863625127,-787.3585244530691
174.09299039840698,-1462.3551112241112,-840.3368205437437,-458.3789681191556,11.773205060511827,eyebrow_raise,-20.80189619677967,69.52070132171043,-12.859273658360564,-787.547588598441
174.19477605819702,-1458.2599207726307,-965.1859007645398,-461.2474713851698,-97.9330202396959,eyebrow_raise,-0.45651218605310895,42.940154684857184,9.207293958895129,-690.9054962456589
174.29555678367615,-1403.0589974266477,-861.197982496582,-412.9092644578777,48.32324732746929,eyebrow_raise,4.086764187935783,-245.9501187215773,14.744349086799573,-709.7788733729591
174.3961682319641,-1494.159220447298,-1597.3094011251817,-490.9946356327273,143.08857230469584,eyebrow_raise,-20.102507794762882,-633.2992507595733,-14.6768258634548,-738.763713348911
174.4978609085083,-1478.855549828615,-1756.6403589374386,-500.4528426206671,-135.20112329814583,eyebrow_raise,-36.9621864884029,-659.3619843231261,-41.68583298523327,-495.0810597153967
174.59839749336243,-1453.143737633247,-943.438382522203,-477.0504186479375,952.617966963444,eyebrow_raise,-25.003696479054618,-265.10772909991397,-35.84591920452726,-2.028462517405096
174.69885635375977,-1467.7667464599945,-699.1593371164054,-487.1518884282559,1069.8638305743225,eyebrow_raise,-6.682296210271259,90.71411823019798,-13.913340323534644,361.40747520032363
174.7996633052826,-1423.366654186044,-1010.6930034253746,-431.3002224899829,947.4120262251236,eyebrow_raise,1.5568318033493065,126.50019484397384,2.0871039331733776,373.22615753615133
174.9018270969391,-1441.7407826683484,-748.3427614336833,-454.3978446163237,935.1189750707708,eyebrow_raise,14.494044375753125,18.942509991122247,17.61799011835053,206.99976245879893
175.0024528503418,-1425.423599161673,-818.5706028016284,-440.52281578071415,875.5236692768522,eyebrow_raise,35.259812883384896,-25.144796100673172,32.91783250832052,106.87900424567322
175.10373711586,-1361.3927720203064,-1080.2925416007638,-380.87141148746014,727.0533809359185,eyebrow_raise,36.460254620451515,-9.272637565195105,25.068077139966007,128.10290077274618
175.20493960380554,-1480.1495552132835,-717.2492332020774,-509.99519735760987,925.709386782255,eyebrow_raise,7.240000425245869,23.803660478424984,-8.63488315584869,212.31948970399483
175.3057382106781,-1453.4541493295692,-845.6212991811335,-478.9652474252507,1016.2822839091532,eyebrow_raise,-22.382079022537894,93.00319287731358,-33.19075379648055,298.1559541506157
175.40626096725464,-1456.2702939962037,-737.9196602571756,-466.0513728782535,957.8613067013212,eyebrow_raise,-23.86178945120183,192.56021451452938,-25.50306194130274,340.4128592874292
175.50701594352722,-1462.0035606282763,-598.6532657071948,-474.6307033766061,1030.3779668421485,eyebrow_raise,-4.620147637781767,243.67285347380698,-3.612027451703928,320.89256196089303
175.60790276527405,-1440.4449073337018,-686.5820535654202,-454.6615075631999,962.2369896494783,eyebrow_raise,9.868129564133305,191.1961913852876,6.007440536757759,267.6682451488031
175.70839405059814,-1405.8620524434373,-854.8251929720864,-427.5921116839163,851.09090286633,eyebrow_raise,9.489767502626528,97.60728470527522,3.072062062315334,238.77437185432848
175.8089690208435,-1472.30885495618,-802.9789598863572,-481.8617999409325,966.0703871040604,eyebrow_raise,8.911147113391618,52.95796734519066,7.162765831673518,256.0631794783682
175.90961909294128,-1395.2444764692336,-877.50394630339,-409.674250996206,920.4810066442004,eyebrow_raise,22.752129599736065,43.86932412727739,25.4210140128583,274.54717753161805
176.0104274749756,-1421.337758460082,-815.776897534728,-425.6361440070905,920.630602642428,eyebrow_raise,38.16589159358017,22.764623799178285,37.898702813463025,257.5900852876925
176.11134576797485,-1402.9150112783536,-934.0848927330226,-426.6758361947723,915.9445079979488,eyebrow_raise,31.504724777770242,24.439923154215933,25.560317360747977,242.50790787158405
176.2121603488922,-1442.9057615045458,-833.5601218240336,-464.36280804825947,868.5076169599779,eyebrow_raise,8.428496745032849,82.38071793230324,1.5345553731481432,271.08368149082634
176.31276416778564,-1435.6690550902858,-683.7210300993174,-442.0767442123033,1024.715758309234,eyebrow_raise,0.21477349413654,126.54166025060776,-4.738491204267426,298.1541161545485
176.41368174552915,-1450.864268610254,-878.7418531887233,-477.6207533911802,823.1575900972821,eyebrow_raise,17.059101392740192,96.06318642210141,11.158795339512448,252.44650411869344
176.51416420936584,-1377.7342648766935,-827.1200141003355,-397.29892204282805,894.2044695555232,eyebrow_raise,33.38130114573476,49.38970791802123,23.927754354732393,167.80343184915662
176.61512351036072,-1436.3160577826202,-881.8497100519016,-456.0639700465836,716.4694640613161,eyebrow_raise,29.043321520787977,54.01470578841199,17.569731111057123,156.396910350589
176.7157063484192,-1434.5022063041106,-750.1977518117055,-459.02971071144566,902.4397292579524,eyebrow_raise,15.205569144855628,82.45843754474122,5.500783342869039,240.04362217458632
176.816477060318,-1420.4888011701405,-871.5014068745077,-436.72120747575536,980.6485171313398,eyebrow_raise,7.367402975590976,96.63437459334163,2.0273100338040067,311.034257822726
176.917573928833,-1453.4485394796357,-777.5850391872227,-470.81039557186887,887.622245633509,eyebrow_raise,3.6609630402083453,115.70411929496328,0.3787083264966493,295.1069556178667
177.018146276474,-1438.006492562592,-743.3387752929702,-451.6770673985593,873.3994061020203,eyebrow_raise,-0.6739475074209924,144.5456472368886,-7.552428980126087,247.085723554238
177.11899089813232,-1460.6852458938956,-782.7610607258976,-485.2202301011421,881.5897870049812,eyebrow_raise,-2.9027317471088563,139.6032140593654,-13.383869783154786,238.73722462844947
177.2202506065369,-1425.354411012493,-818.1666936064139,-447.50707894796506,854.3259163280018,eyebrow_raise,0.6643779575371302,87.0867289560282,-6.053888247196067,258.13670853666434
177.3212387561798,-1444.1848072893918,-868.8348582061008,-454.467032765504,926.0684171780013,eyebrow_raise,11.543346367124126,45.07474125332213,11.032324014880158,275.76731309090405
177.42241549491882,-1430.975480645895,-815.9115339331329,-437.38690966786817,911.647362948861,eyebrow_raise,25.71557568423021,73.42982410264027,24.248846654715532,312.0950584500021
177.52339005470276,-1383.4114330094308,-812.930833668448,-410.8298800825141,927.0146118667908,eyebrow_raise,32.44901439067083,147.7798256521655,26.922465112233983,370.5977275380849
177.62432622909546,-1440.6917407307774,-683.2628923547454,-452.2361824419349,1098.7564276820049,eyebrow_raise,29.14377332401038,179.11111674808654,25.917723829357286,391.30369348226037
177.72531867027283,-1410.435950089246,-785.9418456382118,-421.6811998039484,894.0492637073621,eyebrow_raise,28.37418524274349,132.3875936337788,26.578831898299185,349.2571173723471
177.82638812065125,-1399.1751113226635,-876.899952460546,-432.67650567367673,881.6066165547818,eyebrow_raise,38.561623147053574,76.25076103810841,22.367119676843544,316.24154554577024
177.92765879631042,-1400.9253845019266,-803.1902642338537,-440.6237930795178,1048.305177279748,eyebrow_raise,51.99233211725178,69.90099851646275,11.535562014528752,349.9194922017056
178.0282964706421,-1386.253756975755,-889.1930036148988,-469.3424848392606,872.1932883663103,eyebrow_raise,58.20597650657906,71.58285296594808,6.173672277884892,400.147901887776
178.12894701957703,-1379.5406365552917,-812.9813223178498,-425.63053415715694,1082.9104715697467,eyebrow_raise,54.20179312719993,38.59568116313524,9.105664887034843,394.1745701165346
178.2294375896454,-1429.950748058036,-928.1552813532762,-471.1189373182133,914.3980593662708,eyebrow_raise,39.60510523781968,35.7509907634379,4.667893700399468,359.4442285117508
178.33011841773987,-1399.0890936236829,-821.747647813987,-450.7477022595704,931.5567203629762,eyebrow_raise,17.588419433888536,125.62032516412233,-11.913348731582097,386.65743412727403
178.4306604862213,-1454.5705094663426,-629.0455626971088,-491.6696875747293,1114.8454772913828,eyebrow_raise,2.0300186230480386,222.32729849713851,-21.844918825555673,479.1171137808718
178.53129029273987,-1453.8973274743184,-757.9337348700501,-477.6600223407149,1066.914919459261,eyebrow_raise,3.437582881791527,198.21677376020568,-16.36058032195556,517.9683961294796
178.63207387924194,-1421.7397977053188,-833.5264627244323,-456.0864094463177,979.94541593967,eyebrow_raise,8.236956472339134,83.50078533760954,-14.161570971097962,416.96107425948134
178.73292183876038,-1439.5417214944027,-921.2944348845632,-487.4305109749548,876.2230305685662,eyebrow_raise,1.6617593128767312,18.280835681383692,-22.897446304001793,258.2286684570418
178.83343601226807,-1449.8638453721069,-848.2317493502051,-470.32794847758487,719.0238157310523,eyebrow_raise,1.2816145238825074,47.08517711220658,-17.173125956973436,211.7255923383652
178.93410396575928,-1439.863352890592,-851.115212216042,-465.73909123195335,913.9548812215216,eyebrow_raise,25.14045572735377,86.79668172677151,13.776992496443537,325.45145619294294
179.03502488136292,-1360.7046304284595,-852.1586443036795,-387.6761594568379,1023.2945963260718,eyebrow_raise,48.207492092808394,74.4370484720349,35.91062841040508,462.8121994286599
179.1356611251831,-1415.2286318824629,-865.1959355492145,-440.7789989276789,1065.166516229976,eyebrow_raise,39.210027551900865,43.31778608103258,23.76368546412499,484.3294060086183
179.23642563819885,-1465.3320715888403,-917.932264824398,-488.4328041630797,917.7396599766798,eyebrow_raise,8.73602994106436,49.481633031868526,-1.7135222307675675,416.77155399784294
179.3369369506836,-1426.803622245323,-784.5936117041856,-444.0364517890848,964.8549196184612,eyebrow_raise,-18.754952469464996,98.03054379400454,-18.994607576327354,376.0455307280375
179.43777751922607,-1495.812256227713,-768.1904104985297,-497.82369295181707,931.027524519246,eyebrow_raise,-36.978730911189125,159.10598357567895,-33.59109348395615,397.3146645474827
179.5383427143097,-1484.3158037639223,-799.6018302263692,-499.9928349261172,966.0442078043708,eyebrow_raise,-38.033532857581775,194.62770351668144,-39.104156884656945,423.6586615926078
179.63940978050232,-1458.1982124233618,-684.510148989968,-480.17323511093855,966.4443770996296,eyebrow_raise,-11.388247606892977,165.2523112540478,-14.367359245074832,410.60084371957953
179.7402904033661,-1410.4808288887143,-879.1869012834504,-414.6389681873843,864.0833153123967,eyebrow_raise,22.802590505146206,91.53882659670919,24.853926455137653,368.09938847091115
179.84061670303345,-1438.7395129539073,-815.185993341729,-445.11167302634567,912.9563279333524,eyebrow_raise,23.345661600765542,88.7712296835878,29.837888135582006,326.28290559856526
179.94174981117249,-1434.992133198306,-774.3275863258168,-445.4071251228452,799.7906951741315,eyebrow_raise,-17.74483273964468,226.03326700911256,-11.810352599096463,311.78236588306453
180.0436236858368,-1535.4047071086245,-465.4903878849,-542.943715967238,881.5523880054243,eyebrow_raise,-60.57461471269061,385.4188310111358,-55.436012804799866,339.57922633236126
180.1441552639008,-1491.2140492321923,-569.1903338562697,-493.8238699492067,926.6518415710888,eyebrow_raise,-66.04074073890331,398.34747944396184,-58.504127411564035,389.1858783883991
180.24496030807487,-1484.7365425089374,-655.8587754294276,-490.1886871922761,872.0306027182378,eyebrow_raise,-37.22723814878412,280.6234735722143,-26.903930210755107,409.3560763318073
180.3463129997253,-1448.7250458355993,-742.545916502364,-451.3236468527466,998.0577514250764,eyebrow_raise,-5.611753724151645,187.73637622536603,3.865213701787331,385.0486815466833
180.44691252708435,-1448.7736645350233,-785.9025766886771,-462.15813702438027,804.1663781222887,eyebrow_raise,2.7626241398189664,176.9933298262165,5.94345435549547,362.03179425992903
180.5471818447113,-1453.5607364783064,-706.605477928184,-466.34682497475296,841.756112576928,eyebrow_raise,-13.318268462269305,170.312562154788,-19.324541461511703,353.3725822602338
180.64769983291623,-1446.98038250627,-842.5302718677558,-476.4183755554259,866.0542425890453,eyebrow_raise,-23.97011365873989,134.93770627073053,-34.6297720800795,313.8976468716423
180.7484240531921,-1475.8935490637086,-799.1362126818858,-499.1233081864193,866.6713260817342,eyebrow_raise,3.545523919189815,130.91815176264114,-3.692369715947872,284.64371582128007
180.8487617969513,-1382.141736974474,-819.9450160353445,-392.113550754264,698.7011993718334,eyebrow_raise,52.14954487257851,165.1219205950985,48.71500450781431,353.80362626087685
180.9494066238404,-1339.9706250741149,-660.6813764222898,-365.89685206487775,822.1964358086698,eyebrow_raise,69.522498216485,171.0970790407312,62.0015377859121,365.6199166228984
181.0497369766236,-1428.8493475210853,-841.0455315853469,-457.74879497662187,833.4385750754736,eyebrow_raise,47.51268661867206,134.57756343452095,32.66342204019168,49.56536034602086
181.1508069038391,-1429.081221318338,-1058.4795751092024,-457.6889565773308,-133.21897632163018,eyebrow_raise,25.929424911281068,38.54048983471194,11.221996541638251,-437.4765763409166
181.25150084495544,-1383.0206134640612,-933.5482170893812,-400.4797069551423,-302.00814112182707,eyebrow_raise,18.994469690242635,-249.68721463024372,13.48801058321256,-656.8940831002504
181.35202765464783,-1455.410117006395,-1873.573940902017,-469.0208534430713,-61.57745277043432,eyebrow_raise,13.778076068065909,-750.4866130857995,18.27713053734239,-633.9523322577161
181.452543258667,-1412.8313560108654,-1952.1454990711063,-416.3107034675777,127.30245459172876,eyebrow_raise,24.425960525561297,-1128.9243245553964,32.076949318581235,-727.0205948188949
181.5530617237091,-1379.5088474056683,-2139.2152948547155,-392.547379149124,-1015.1229149228892,eyebrow_raise,67.90443169132087,-1017.3003289763365,71.98531823891858,-791.0539794068105
181.6535787582397,-1330.052410391625,-1228.394449796062,-341.18733305763453,784.7170284027234,eyebrow_raise,108.461474950191,-508.61275497358594,108.91951683726354,-315.6427529317336
181.75409746170044,-1336.5074777151458,-1149.59101782972,-353.6262403102592,702.4654086772352,eyebrow_raise,98.11528895018905,-52.516055907204375,99.92521453678403,628.3773654285814
181.8546147346497,-1391.95897435816,-833.277759377379,-400.69288125261664,1974.160420160275,eyebrow_raise,51.09291290646118,71.00035975000439,56.2644975056386,1340.6638999356676
181.9556250572205,-1452.8632451365702,-920.017259049695,-457.9208303745836,1979.373840698507,eyebrow_raise,18.10586789472933,-11.869551280187961,23.080705375762076,1474.76049707755
182.0562002658844,-1387.8937031063251,-997.1601754357108,-408.68878735788167,1901.0752952261828,eyebrow_raise,11.45678789842339,-5.434852458464691,13.417027176862542,1490.4167847623696
182.1572227478028,-1449.669370574411,-754.8183982069604,-462.15813702438027,2191.0633978904225,eyebrow_raise,10.87048904442048,173.1230235411617,10.900107760449416,1787.2301758455267
182.2587625980377,-1434.7845687507652,-696.389941199217,-449.3190604764968,2150.870693066623,eyebrow_raise,11.323240898747686,271.17505586613316,10.30018630955311,1815.8017685712257
182.3652880191803,-1435.9252382372506,-915.5368589027784,-454.56240021437407,1700.396003503818,eyebrow_raise,13.266848786153574,57.24836704548552,11.481360220921353,849.6571024213728
182.4658350944519,-1397.9315945873968,-934.7861239747144,-415.84321597311646,-237.32470143819228,eyebrow_raise,4.075066537145512,-248.95289522684104,5.040112792634595,-515.5936695732437
182.5663638114929,-1497.2745571103878,-1657.6695164600387,-501.4196067592129,-731.823623329401,eyebrow_raise,-12.576623551500239,-249.37089490228007,-5.4261581641499665,-824.6973029242009
182.66688203811648,-1435.1866079960018,-790.859814079944,-446.65438175806776,950.7760662352666,eyebrow_raise,-12.110696751939097,-70.5148946026112,-2.2703664506305827,92.93477225376768
182.76752614974976,-1426.8167118951678,-909.6502563725226,-430.8233852456324,1018.4084170339628,eyebrow_raise,8.591950697224563,-212.68015493694995,14.164406629205967,732.8709403352688
182.86804366111755,-1417.8147727018222,-1984.7088079852983,-440.7116807284765,669.8385214637965,eyebrow_raise,25.20592393511548,-663.6250137511473,26.000729531522424,58.93074941453123
182.96856427192688,-1426.9887472931296,-1794.1160264434293,-438.20220785820857,-1068.5492557398975,eyebrow_raise,20.105751140462292,-908.7209489014208,21.49531463972582,-1162.9016856206797
183.06926345825195,-1445.2394590768963,-1663.5112401908264,-460.9594990885817,-994.2411835202948,eyebrow_raise,-6.913839941050197,-828.2195111621975,-4.466658852350597,-1673.7940407450074
183.16954445838928,-1464.8365348447114,-1683.957273248583,-484.9135583047755,-1009.4999753395095,eyebrow_raise,-43.361576416779435,-844.4591461830365,-46.37803176774646,-1401.4277302032951
183.2702729701996,-1532.0387971485034,-2578.2066216035746,-556.7869556532241,-889.2995907636359,eyebrow_raise,-62.23896992373659,-1262.4653394310928,-72.26029217691806,-1214.508112971717
183.37109541893005,-1453.6691935770214,-2752.6617348366417,-482.3180677355267,-976.8656083261594,eyebrow_raise,-42.375098860845284,-1927.9317247794684,-51.0729039149531,-1492.714290710181
183.47190046310425,-1457.678366329521,-2643.4529162305407,-484.4722501100041,-997.5210757814348,eyebrow_raise,-1.6621463003845216,-2276.5151865329,-5.427297777808996,-1580.309279612503
183.5726158618927,-1422.871117441915,-3742.910575154237,-437.13633637083694,-890.1111490540206,eyebrow_raise,16.278741978401815,-1725.0463396449898,8.859931249733005,-843.3759741886884
183.67360591888428,-1417.526800405234,-697.8821612815373,-445.87648256728426,837.2102641807869,eyebrow_raise,-0.9865756698673529,-493.19296714966265,-9.639614445180214,171.75553698984976
183.77556037902832,-1475.3007749207318,-631.1997450715862,-481.0165825509466,1106.860790885985,eyebrow_raise,-20.311985583363416,384.1045296567308,-0.07708487198181446,402.5954168298972
183.87668824195865,-1484.897358207032,-783.5969283659942,-433.38521671528,-104.86118490761146,eyebrow_raise,-21.306680114370366,377.344884956667,51.4334395058275,-119.89054017514187
183.9771273136139,-1405.817173643969,-800.4975362657569,-305.3796609318815,-30.65035008685664,eyebrow_raise,-22.58387232992461,80.56788741624347,79.08056091822412,-458.473073199072
184.07793021202087,-1473.984330136329,-848.2485789000057,-418.0329273971729,-64.61986138438806,eyebrow_raise,-25.6871558096811,110.73755786897016,59.054422160999515,-455.78366715114026
184.17862105369568,-1510.0257460093126,-672.7762128789909,-480.5229157567956,-23.23786837467924,eyebrow_raise,-5.54376582374521,228.68391310027886,49.504938697996096,-950.2755682159591
184.2794635295868,-1329.2464619511738,-1034.869586688932,-298.0831161183305,-2798.309083745815,eyebrow_raise,22.783625241688966,-57.77897827174381,65.98551267557507,-2319.3029631547665
184.38023400306705,-1433.6943879136816,-1672.9058688795194,-418.8482255875133,-2953.1708611110225,eyebrow_raise,20.99646664022712,-645.769218752094,56.2553129362399,-3775.284672263296
184.4807391166687,-1476.684537904337,-1749.2447067750618,-477.3963593938388,-3015.148483176716,eyebrow_raise,5.787266992218077,-975.769628080945,21.323192089732764,-4090.9236845674163
184.5815703868866,-1378.078335672617,-2011.8941407632085,-395.82540146028623,-4045.421732820105,eyebrow_raise,11.989197933432202,-760.073435195273,17.053065095337814,-2804.2941031579053
184.68231225013733,-1433.3465772178024,-937.6901562903076,-440.4629773814231,941.8788442406805,eyebrow_raise,17.707759903121737,-274.882395166685,35.31132905324363,-920.4482817568802
184.78313040733337,-1429.1578892674297,-1002.5849003214388,-440.7472097780556,-75.83956125145778,eyebrow_raise,-4.591043297418781,69.74795455918031,10.944826334088964,33.20043933344395
184.88380908966064,-1474.754749527201,-805.1892407601699,-494.3287564432249,21.83914579125121,eyebrow_raise,-22.11597664640386,185.50359247356522,-57.657361656272265,-191.63581851625648
184.98454928398127,-1426.1098708035424,-762.3075478682294,-583.2448778897524,-180.5567600107752,eyebrow_raise,0.21605187621802502,192.41958707910754,-96.07347610821716,-594.5480613842611
185.0855016708374,-1397.5744341416284,-724.4896795162931,-516.1585524845868,14.228449381422251,eyebrow_raise,32.69606043451026,141.33875786907606,-70.717170367658,-576.5517261964181
185.18617606163025,-1402.2380893863738,-942.4585287338124,-471.9155360087752,-193.7735664541833,eyebrow_raise,27.917736748889038,81.44576020097607,-37.018959259382555,-418.2508957615285
185.287056684494,-1457.1622601356355,-832.5279094362631,-517.2206840720028,-72.0173834967427,eyebrow_raise,-7.204675155658332,133.3296771759575,-43.62938851164649,-401.3791062628843
185.38761925697327,-1443.627562195994,-693.2727345861495,-511.82400843594223,-31.23377447994426,eyebrow_raise,-28.307908978009372,276.5953877069706,-60.31874849034652,-435.6042094089134
185.48862671852112,-1458.3814675211906,-569.9158744476736,-501.9992912523449,74.94572516204789,eyebrow_raise,-15.325915575267732,311.9114380857076,-41.924400678941865,-367.4940857366045
185.5895004272461,-1419.1536568859592,-797.1409760555252,-446.181284413673,85.88493253244087,eyebrow_raise,12.914771961593331,180.91190921606633,-1.9260519675790366,-117.63758498341149
185.69018125534052,-1389.619666935876,-991.0996675575152,-430.0754052544944,808.8019841173664,eyebrow_raise,30.810589665668747,68.91989857096921,20.795133386380535,312.0010669739617
185.7915756702423,-1419.965215176344,-740.0177441323176,-457.0139046353288,992.5769280400128,eyebrow_raise,28.809674222144707,95.82160449538955,18.866152774730004,701.1641114923226
185.892187833786,-1412.3806980662048,-825.7025920171291,-430.441915450152,908.1786057399586,eyebrow_raise,8.099484649969126,164.53781936714665,4.540207322058959,685.2247074362145
185.9926953315735,-1454.6041685659438,-810.3091637995094,-474.9803840224631,904.060975888744,eyebrow_raise,-24.138919445941536,178.1477696465359,-17.174982139094617,227.30082020464806
186.09437370300293,-1481.3369734492153,-759.551241600886,-495.2880407818593,-74.44457856798545,eyebrow_raise,-46.75390678652207,168.7504450951032,-34.84351104402398,-190.3666484515178
186.1954998970032,-1459.2192051112652,-817.5570899136364,-467.8446549070068,-58.389188058208674,eyebrow_raise,-35.30589985379579,171.34623932144376,-25.84888913753683,-265.36515896792343
186.2965493202209,-1440.1232759375123,-741.5548430141062,-465.0135506405495,120.1910348259844,eyebrow_raise,3.6971844465409176,163.6723964827549,9.357753444972552,-490.24594113005656
186.3974084854126,-1380.4606519443914,-852.2895408021286,-396.66687895031646,-1129.4049078188837,eyebrow_raise,30.421106244102493,156.80204777687885,36.521662617291874,-1320.8132211321642
186.4986033439636,-1414.5872390400618,-732.1564744254574,-422.5731659433805,-1336.262514268048,eyebrow_raise,20.973378479874874,195.8374557740999,32.610176662947985,-2033.7424385888962
186.59996008872983,-1435.654095490463,-743.630487489514,-452.76537828566507,-2073.9559105779044,eyebrow_raise,-2.668712072894569,246.56366084684882,14.923063324571297,-1543.5159553145281
186.70080161094663,-1435.992556436453,-714.2647930374369,-441.8691797647625,984.4463855363427,eyebrow_raise,-9.139940327448496,208.96583336401648,6.988633460328717,-163.16425755837662
186.8016755580902,-1419.0134106376208,-873.2068012543023,-427.679999332875,933.7857007365674,eyebrow_raise,1.6917372271332423,82.11428739690258,8.248399361845287,741.6407158589947
186.9029142856598,-1415.5465233786963,-989.9702177708969,-457.7525348765776,701.9119034837931,eyebrow_raise,13.029749790096812,-7.919111929413951,13.588765549443494,688.4411548088123
187.0031936168671,-1417.3902940568514,-999.2489095609636,-430.3914268007502,889.2808912638575,eyebrow_raise,19.301447577886325,2.542860666887833,25.104226104106168,401.60985574852066
187.1036877632141,-1391.248393366579,-791.3142119245604,-400.5582448542118,836.2827689917758,eyebrow_raise,21.72570355962462,35.399057129225795,34.037945339247884,442.88222985549015
187.20483994483948,-1409.820736546535,-1042.1605216525495,-434.5801147511229,939.204815772362,eyebrow_raise,16.81132531467752,37.24668559871482,25.791321914856617,647.2633739600552
187.30601048469543,-1441.142398675438,-860.9100101999938,-465.8793374802917,919.4095253068954,eyebrow_raise,4.374385734445005,60.20056709281947,5.697272193974653,705.628865326296
187.40691328048703,-1386.5024603228085,-830.4709644606337,-412.0808766176924,865.44276894629,eyebrow_raise,-3.48030059621182,118.67223879695877,-3.6357743303966106,541.5953165560921
187.5077517032624,-1464.370917300228,-814.8755816454068,-490.6374751869589,878.8652698872611,eyebrow_raise,5.059426827015476,137.86330395407674,8.478917295355973,288.21978592944225
187.60843968391416,-1381.6705095800571,-875.6489559253678,-404.5449782069773,65.98866476817057,eyebrow_raise,19.07837235913654,101.85467768814735,23.592936714182347,191.0854104305162
187.7094688415528,-1402.7485857303254,-828.2158047873527,-429.1217307657935,892.6262317742221,eyebrow_raise,13.21206472120948,107.31186155499687,15.379293919374163,331.7182855092077
187.8107800483704,-1451.9918484468944,-773.5235078353435,-478.33133438276127,848.1438617012464,eyebrow_raise,-13.245060570575118,211.78140355222254,-11.551422899955615,509.2473677231495
187.911274433136,-1446.7522486089729,-617.188209887594,-475.4254321171902,797.0792677062564,eyebrow_raise,-31.204330125169534,329.6616556356706,-26.86772313600275,587.6532638065454
188.01165509223932,-1449.6544109745882,-580.0809225272387,-469.7033851849847,936.925346749369,eyebrow_raise,-25.04778155767836,345.45245357235547,-20.36620640625291,645.6846340295981
188.11220812797544,-1418.0485164490528,-733.644954607822,-447.8586295437999,897.9967281105928,eyebrow_raise,-13.566631070212422,267.17075572190186,-12.46069834024157,640.5503859789291
188.2129733562469,-1475.7776121650822,-760.7255701869726,-507.05750594241545,932.1083556064405,eyebrow_raise,-20.952034308298142,190.9417107402951,-20.277812177973686,372.6475738136502
188.3141610622406,-1427.7647765339352,-765.7332962276414,-452.0959361935966,-169.8213771879673,eyebrow_raise,-41.55339739198508,160.85269179861962,-34.834698318021296,-114.09024344844029
188.4152505397797,-1457.5044609815814,-840.766909038648,-476.4202455054037,-58.23024231009185,eyebrow_raise,-38.27360060080753,150.0165059644592,-27.52875062884105,-492.17309772458987
188.5160341262817,-1451.6066387514584,-782.7423612261191,-471.3078022659756,-46.29996145144105,eyebrow_raise,10.30766438285803,141.33464164112465,16.244263435882743,-516.0814353616117
188.616863489151,-1307.2240610620938,-857.5927189392969,-353.42241576267406,-248.12740246020252,eyebrow_raise,64.47975648893949,140.91245740911907,63.06990654561153,-201.9666980102214
188.7174246311188,-1359.1824911464937,-780.84997184854,-381.1949128336273,742.6581135010347,eyebrow_raise,67.96983779895208,138.65503724681164,65.13260942864927,231.64935941113828
188.81763529777527,-1401.8323102411814,-834.7830691095442,-440.39752913219854,788.0193600635976,eyebrow_raise,29.972785071525283,125.76680450022566,31.416925870234156,523.1490646001105
188.9189076423645,-1410.9389666332863,-846.7544888677076,-427.3976368862204,833.67605872266,eyebrow_raise,0.5512360712629754,128.30321212019646,9.902023152356586,608.7343350030834
189.01926589012143,-1429.9937569075264,-782.7573208259419,-451.7369057978504,915.953857747838,eyebrow_raise,-15.731481408223344,171.86460051831943,5.323663659262287,645.5455235849205
189.1200497150421,-1452.2760808435269,-678.6983444588259,-445.0163055774756,1080.7675088951364,eyebrow_raise,-46.64005757838572,236.2220413429382,-15.493776393536464,727.9754854327058
189.22058868408203,-1501.2238914635964,-737.9084405573085,-510.6403300999664,965.111102765426,eyebrow_raise,-77.41813406646051,271.2892740147171,-47.219989579425466,761.3991245338578
189.3213529586792,-1493.1868464588188,-700.9395294953138,-503.9122500796802,968.3535960270092,eyebrow_raise,-70.11685362335996,239.8781888855194,-51.51131206820307,682.0841643263701
189.4223699569702,-1444.1530181397684,-759.6671784995124,-477.2168441959657,986.4958507120608,eyebrow_raise,-40.53804044855814,160.60174871764355,-32.63060041626481,615.4800267865213
189.52346110343933,-1444.6018061344512,-851.3209067136049,-467.8558746068738,791.3142119245604,eyebrow_raise,-36.1915597477629,108.9020263269562,-30.431361993671004,664.1201398124165
189.62422561645508,-1452.6276314393615,-938.6849696785212,-481.8730196407996,875.1440694313496,eyebrow_raise,-48.43655545943686,106.88552401201908,-40.16342977243514,649.9082517269009
189.7248980998993,-1485.596719498746,-777.7178056356497,-513.5462323655374,939.156197072938,eyebrow_raise,-26.633890799714585,55.442942917265256,-18.322745779190242,353.3865449002007
189.82584309577945,-1322.4398440318182,-1067.4366355030795,-353.49721376178786,-95.82558661466464,eyebrow_raise,28.651284364216245,-97.39278301389368,33.35089689716229,-63.778841906017554
189.9271194934845,-1374.0467235203832,-1252.5542035098188,-405.4369443464093,-53.02243162179366,eyebrow_raise,64.95126461298428,-214.70739745560198,66.70262490887065,-301.9958083462057
190.02783298492432,-1355.777312236838,-1060.6898559830151,-396.5434622517787,-85.89989213226363,eyebrow_raise,60.93324280427754,-160.46439098320974,62.955799410713595,-428.5538206209689
190.128541469574,-1350.556411898695,-914.5383056146092,-383.1994992098771,-49.98937275772914,eyebrow_raise,44.578764933115,-11.421609404392584,46.73902281571523,-625.3504055786983
190.2291963100433,-1369.454126374796,-976.112018485088,-401.4576907935552,-1177.5149808488786,eyebrow_raise,40.33589051939327,66.59049402347149,40.274453296123326,-876.1416301785675
190.33026123046875,-1371.2118793539703,-874.8355276850052,-415.3626388288103,-1057.9989979648965,eyebrow_raise,40.58718246061645,42.650932588958305,41.63501926755454,-1433.446264286608
190.43154406547544,-1400.5252152066678,-853.7275323350914,-431.1674560415559,-2062.070508518722,eyebrow_raise,24.17290332914705,21.072620601027538,32.987341993592416,-2626.338519203791
190.5327153205872,-1361.1403287732974,-1028.5416759639047,-377.92624027235433,-3081.718702387996,eyebrow_raise,-6.954728451941581,71.77440061621138,7.338344323688572,-3624.0753268745607
190.63361144065857,-1480.0055690649897,-734.4546429482289,-512.5102800778113,-4029.97220610315,eyebrow_raise,-21.157639914794615,127.92157301295025,-10.794942568721432,-2928.9174142895254
190.73448133468628,-1413.459659203421,-786.398113432806,-450.24468571553007,893.0020917197689,eyebrow_raise,-8.392464885232453,105.7653846554774,-3.0537412180206536,-742.6581844394276
190.8351941108704,-1356.6917177760042,-986.6734959599562,-386.9094799659215,808.0988829256967,eyebrow_raise,-3.153269433603644,63.831603615501145,5.031070617848933,946.2358253162386
190.9368162155152,-1459.0602593631484,-885.161391462665,-484.7564825066365,996.4028456946836,eyebrow_raise,-20.87637344330216,93.1412865571991,-7.673405204655432,1072.0708152960724
191.0376348495484,-1463.7463540076278,-654.0991525002755,-490.624385537114,1018.3859776342288,eyebrow_raise,-31.988688462588488,144.6584775695741,-19.071707238767765,541.0723262337526
191.1391956806183,-1369.6280317227356,-894.4400832527317,-402.4824233814143,766.3728191200644,eyebrow_raise,-27.00151249424686,148.44773540652352,-14.475493616035742,461.8669264570734
191.2397902011872,-1463.297566012945,-851.2778978641145,-484.2964748120867,913.6089404756204,eyebrow_raise,-31.18034525567324,146.87282653048413,-11.68695655042416,780.5022767716464
191.3412809371948,-1460.2645071488805,-704.1464937073179,-467.3883871124126,986.4060931131244,eyebrow_raise,-47.54677714520549,160.6481435890819,-17.015598908486215,709.0426241357736
191.4428646564484,-1432.8473005737178,-811.9378902302124,-442.39837560849264,-217.20403967658052,eyebrow_raise,-54.73680721781232,133.6456334322379,-17.261358826983304,-189.05183210041602
191.54395818710327,-1456.120697997976,-894.4662625524215,-462.2310650735162,-110.52713334048168,eyebrow_raise,-46.69733638353343,87.6943549256587,-10.848762184012257,-1244.1652010453365
191.6447031497956,-1420.023183625657,-887.8167204312049,-440.0721578360535,-2223.5332093057223,eyebrow_raise,-31.203365675534826,106.4826068094408,-6.463300348477786,-1219.5001147222288
191.74601411819452,-1444.156758039724,-656.5843160208315,-470.4083563266322,914.2783825676888,eyebrow_raise,-17.732534928217575,165.12336868812756,-8.078135861506084,-94.0415790356728
191.8469178676605,-1379.7743803025223,-865.6671629436314,-430.1221540039405,529.3641392281279,eyebrow_raise,-19.474012590426824,173.83254515027767,-16.061294396068636,521.4923616575109
191.94749093055725,-1447.608685698826,-796.288278865628,-479.28687882144,182.729641885031,eyebrow_raise,-34.92575083034967,133.88740974468098,-23.343207510167844,-377.83149780076894
192.0484554767609,-1447.3618523017503,-819.6215146891773,-461.847725328058,-1950.513032740448,eyebrow_raise,-40.032862650182935,105.13900854426835,-16.627625854767647,-1709.361937946563
192.1497242450714,-1405.9462001924403,-853.5685865869746,-427.4892644351348,-1908.8430674341507,eyebrow_raise,-27.117303798484738,103.31922366880364,1.465221715636412,-2195.2732251252583
192.2506844997406,-1420.8497015158646,-807.0105720385909,-438.22651720792055,-1888.6775268730707,eyebrow_raise,-20.296140915031632,114.74636304172941,10.52772755506603,-2365.222181377272
192.3511381149292,-1417.5735491546802,-866.8227920299396,-426.14664035104215,-3004.774000699632,eyebrow_raise,-28.994774201296526,127.00188191170923,5.014643502922149,-3143.2715815399733
192.451895236969,-1423.5125102843158,-783.3931038184091,-440.33956068288535,-3207.5663358969614,eyebrow_raise,-30.74693804882136,116.38422746302233,0.32657510515573795,-3674.3566243892305
192.55246877670288,-1442.2381893624552,-832.2324573397636,-469.2340277405456,-3136.0332694444805,eyebrow_raise,-21.2026693146691,81.77605249954978,-2.6282615348366645,-2533.624180713509
192.65350699424744,-1360.6915407786146,-968.2077399287372,-402.3945357324556,630.2423306829296,eyebrow_raise,-26.35694285144164,72.60576720317785,-18.095683839401406,-370.1604508337176
192.75443816185,-1476.3554267082363,-720.2448930665851,-511.9511650344357,985.3084324761294,eyebrow_raise,-44.355777342607055,117.43567200183608,-32.383524573886724,740.1778584402595
192.8551585674286,-1428.3687703767791,-821.6971591645852,-451.7462555477396,9.043078092858195,eyebrow_raise,-40.92563048054752,174.54284300682474,-17.545474690140622,238.24627875641065
192.956034898758,-1402.234349486418,-723.1545352321118,-428.8692875187844,-173.7520120413974,eyebrow_raise,-19.937194014408085,198.91895248018824,5.410542497561599,-523.4764036273109
193.05663132667544,-1395.248216369189,-750.8709338037297,-425.5407765582204,-176.20912631228566,eyebrow_raise,-20.618376796395697,188.35338888499402,-8.688910824933568,-564.698357239623
193.15795636177063,-1432.2994052302092,-815.9526728326455,-498.644600992091,-151.8848170004785,eyebrow_raise,-36.41409134763851,140.07652835417773,-42.05127053134542,-279.07901295875763
193.25908017158508,-1434.7602594010532,-873.4050159519538,-489.9381138952449,-136.3604922844097,eyebrow_raise,-25.94906138625972,52.19571366876475,-39.187636291764115,-279.5436035175678
193.35989379882807,-1363.1262156497687,-899.8124495390803,-418.2666711444035,-206.6145129520446,eyebrow_raise,-2.2766995080134236,-10.283784620335847,-9.171520976244416,-483.9410743567728
193.46048855781555,-1389.993656931445,-1005.8610526826232,-448.6944971838966,-144.30029989033935,eyebrow_raise,-13.992843902449135,37.88621337102776,-8.131387840938658,-445.4647592717657
193.561381816864,-1451.7169658001512,-710.091064686887,-475.5694182654843,-57.20176982227713,eyebrow_raise,-47.773074663325424,153.57393554090976,-35.232973042223136,-6.913725894703312
193.66175079345703,-1440.1849842867814,-723.3620996796526,-489.4537968509831,1001.726593281608,eyebrow_raise,-47.77810146172485,189.83757977676174,-39.229619387761,526.179597285617
193.7625117301941,-1369.1493245284073,-890.0195215051062,-420.7555745649152,907.6942886956969,eyebrow_raise,-15.785299249306522,104.69875249424948,-12.72157475267427,777.8768187276099
193.86334323883057,-1397.0340185980313,-904.833265229594,-444.7021539811976,851.09090286633,eyebrow_raise,-1.8176204052751208,9.305797721327163,2.8857674280201246,734.7137632791655
193.96383929252625,-1398.1485087848268,-928.5778900482692,-437.49910666653886,952.857320560608,eyebrow_raise,-17.46385580710882,-6.227126941105643,-8.190914843421094,649.7620792012559
194.0644772052765,-1428.0826680301689,-891.7211759849451,-473.9818307342939,841.2437462829985,eyebrow_raise,-33.631407169382236,38.11278624741442,-22.651654770974723,657.5567085833825
194.16545391082764,-1382.7139416676946,-864.9060933026485,-425.2210151120089,873.7434768979438,eyebrow_raise,-37.89360777108589,89.31873782878337,-25.116704816041693,690.2630653912255
194.26610112190247,-1444.7626218325458,-811.0552738406695,-483.1745048253797,876.9784903596155,eyebrow_raise,-39.477739720329694,120.0947476892157,-22.741887303107664,670.1838855985826
194.3668277263641,-1423.366654186044,-759.310018053744,-454.0145048708655,864.8051160038449,eyebrow_raise,-43.87824233624929,124.46805321063609,-24.935867487849876,621.3866038325664
194.4674413204193,-1404.1697477134876,-891.2910874900408,-443.2548126983456,746.2465475085191,eyebrow_raise,-51.762382517613275,111.32289033094986,-31.881299868990425,614.4882272590585
194.5684170722961,-1454.542460216675,-800.2282634689473,-490.5495875380002,907.2903795004822,eyebrow_raise,-59.35763485807032,91.75921855688769,-35.07850111442624,664.3392645684756
194.6692349910736,-1432.4172120788137,-825.8914569648914,-453.0383909824304,919.6395291541704,eyebrow_raise,-54.8729463462262,74.49101320138095,-26.044432076538065,713.3370645650034
194.7700273990631,-1383.7872929549776,-912.298105541151,-416.0115114711225,880.8754661134444,eyebrow_raise,-35.576064194339516,78.6199619710451,-8.15641873872834,720.5556562297645
194.87082862854004,-1435.255796145182,-784.6964589529671,-462.6854629181325,955.5799677283504,eyebrow_raise,-21.98702112874409,113.29199299371085,4.5104289138986635,716.4953446290672
194.9714045524597,-1369.5046150241978,-745.573365516495,-401.5343587426469,894.26804785477,eyebrow_raise,-36.51308867486758,153.91816101621322,-1.267701522337826,744.0287685258982
195.0719084739685,-1460.3505248478614,-801.7354431510903,-465.7858399813995,1025.3702408014797,eyebrow_raise,-71.67997068107869,177.16177407033229,-26.093280109611868,792.0501211559363
195.17221212387085,-1478.2197668361478,-703.0694025200792,-484.8256706558168,999.46021390846,eyebrow_raise,-96.28164521546391,186.64876340359842,-52.33647695240723,808.6770684005977
195.27288484573364,-1439.272448697593,-757.5298256748356,-481.72529359254986,885.0267550642602,eyebrow_raise,-93.82797147100756,181.0289878103584,-58.70794490890374,754.7676046951967
195.37432098388672,-1461.4949342343025,-778.2526113293134,-476.5717114536092,953.7548965499736,eyebrow_raise,-76.38998746469787,144.27716790000727,-43.147126199575965,654.316834075198
195.47478437423703,-1425.5881547597237,-838.2181672188453,-441.1249396735802,716.1366129652597,eyebrow_raise,-59.58125835053286,80.76097495468633,-20.016214150141753,597.6078222999823
195.57577180862427,-1402.4232144341804,-909.2538269772194,-429.6995453089476,805.0714339115657,eyebrow_raise,-45.17370641212897,21.388600905052442,0.04136050659036403,638.5716416146445
195.676305770874,-1412.715419112239,-935.8258161623962,-423.2631774852052,953.365946954582,eyebrow_raise,-30.972148952230704,-7.914736389246254,13.185877879415534,705.0067067839045
195.7771711349488,-1372.90418408392,-890.7263625967316,-394.067648481112,903.215758498758,eyebrow_raise,-21.271540068576666,2.021344709342234,15.327189963718315,705.3123064483441
195.8774440288544,-1389.8571505830623,-908.3525110878982,-427.4761747852899,772.2706413501874,eyebrow_raise,-22.262305052705162,49.9309248675206,7.248073998753968,670.0210455924212
195.9780304431916,-1407.337442975957,-790.7064781817608,-437.7833390631713,926.8369666188956,eyebrow_raise,-34.331678057068515,108.37638395627442,-3.389732185273384,671.0846473233946
196.0785388946533,-1397.1162963970564,-804.9068783135153,-419.8542586755939,863.3970436705276,eyebrow_raise,-51.96060543829477,120.7435029979349,-13.84571733839076,691.1541559854385
196.17898988723755,-1445.1179123283364,-853.1590675418265,-467.85213470691815,864.9977208515629,eyebrow_raise,-66.2786309588759,58.91008830488637,-25.331090495007015,684.6225826951846
196.27932906150812,-1418.0859154486095,-945.126947352197,-439.9749204372056,836.8998524844646,eyebrow_raise,-66.81589842347996,-30.114079027471714,-27.78835307044814,665.7284391457505
196.3796918392181,-1405.0598439029418,-1032.932318511885,-433.6283102123998,842.0908336229622,eyebrow_raise,-49.57648382636979,-69.89042387047334,-8.631025238450114,653.0219569149722
196.4802122116089,-1406.8213367820715,-851.9697793559171,-422.3151128464378,824.8648544270545,eyebrow_raise,-29.51208996559513,-28.80376169977044,16.70430370596858,627.3767025462524
196.5805630683899,-1374.291686967481,-949.891579895746,-390.66433952143416,759.8018148979172,eyebrow_raise,-33.836488212486124,57.58072604956303,10.847102443097079,609.2248462287772
196.6812241077423,-1426.609147447627,-781.7755970875733,-458.98296196199954,900.5660393801518,eyebrow_raise,-66.65632891107767,108.55653081230483,-30.682932529861272,679.34102831293
196.7817430496216,-1450.9409365593456,-806.6421918929555,-487.3837622255087,978.041806862224,eyebrow_raise,-93.67001746702321,81.60596271086492,-61.82580325381125,823.201365137127
196.882110118866,-1462.5421062218957,-827.6192907444201,-488.14670181646943,917.7770589762368,eyebrow_raise,-88.25245505809818,57.927388338972975,-52.341862046776654,826.5046861532217
196.982914686203,-1391.7869389601983,-897.6040386152454,-422.3244625963271,893.411610764917,eyebrow_raise,-73.15054862363134,117.7913075437044,-34.40741341077308,507.293262247982
197.08332419395447,-1465.8519176826812,-780.9565589972772,-491.0189449824393,49.47139661386609,eyebrow_raise,-81.69855004870494,119.92262669185293,-44.83400729352411,32.665494896417606
197.1844110488892,-1437.492256318685,-862.3367820330895,-474.1893951818347,-92.91407449916004,eyebrow_raise,-101.72973199736585,-154.7209019472251,-62.78581838607014,-250.3231869608524
197.2849102020264,-1458.2225217730738,-1811.024114143104,-471.6350435120985,-27.458345474675298,eyebrow_raise,-98.67040491417156,-624.2734091662127,-51.04653131674456,-288.0087422573057
197.38597583770752,-1430.9249919964932,-1757.0498779825866,-450.2241162657738,-158.68021521996707,eyebrow_raise,-75.12038743562036,-943.0773494776637,-23.427198962331424,-288.02391639881563
197.4867708683014,-1401.402221746277,-1647.5381274800748,-423.4651320828125,32.71290491241962,eyebrow_raise,-64.97026222657534,-900.2445404255981,-20.193799961221348,-252.94116953227615
197.5875399112701,-1427.6525795352643,-1771.2914170138538,-457.6365979779512,-80.43028844706714,eyebrow_raise,-76.48600327961375,-580.5483209017456,-38.5627052981419,12.23349332539513
197.6888880729676,-1450.4734490648843,-922.9306411151774,-485.6783678457141,842.6349890665151,eyebrow_raise,-85.09051929003036,-217.36233763249317,-42.76265314776625,439.8263737355391
197.7903664112091,-1418.542183243204,-930.6123956241644,-425.8923271540552,885.5727804577909,eyebrow_raise,-83.26122116608012,1.216397868149258,-32.46892925055033,711.3456086774094
197.8912825584412,-1425.0234298664143,-930.3730420270005,-453.1823771307245,749.877990365494,eyebrow_raise,-90.17177606042638,61.05620859345551,-39.42765586441255,726.2297065438723
197.9919867515564,-1470.9045225228183,-759.960760646034,-488.2888180147857,879.3757662312128,eyebrow_raise,-108.6578498516925,76.47138002582577,-61.877643790192955,667.0663638256297
198.09293222427368,-1474.9174351752736,-781.6110414895229,-499.2205455852673,965.28126821341,eyebrow_raise,-118.54706404520968,115.24652860634373,-66.85530700123194,668.8102169600422
198.1935830116272,-1410.8379893344827,-826.6057778564282,-426.03444335237145,734.5631000469439,eyebrow_raise,-109.75409164414565,144.45286492678676,-49.371081547551476,719.2096955369971
198.29456281661987,-1473.776765688788,-700.8366822465323,-474.6007841769606,956.4962432174945,eyebrow_raise,-89.39716283009656,136.24635159010026,-33.45083556505875,761.6991287115458
198.3953697681427,-1405.8003440941684,-757.1820149789564,-449.4686564747244,969.2979207658208,eyebrow_raise,-72.10426708585254,132.24203052357691,-30.78720324827663,743.4054206543274
198.496080160141,-1397.2135337959044,-843.143615460489,-430.9374521942809,857.2243387936614,eyebrow_raise,-74.71048696492028,158.16012061351,-36.4431762985622,694.7460337079301
198.5967302322388,-1447.9265771950595,-681.6248161741532,-465.539006584324,811.7695947322063,eyebrow_raise,-96.5472679682853,150.8429885273768,-45.04803209384673,733.5976044620357
198.6977736949921,-1468.3726102528162,-754.3826998621225,-481.1755282990634,1063.044123005122,eyebrow_raise,-116.23125428586968,98.32714587870868,-54.64839761345415,856.6255235674714
198.79872298240664,-1451.1615906567313,-782.3683712305501,-463.90467030368745,1098.6255311835555,eyebrow_raise,-124.29688948535075,125.38576310108684,-66.37713226238417,872.2084597315771
198.89943027496332,-1449.306600278709,-937.2451081955804,-481.156828799285,767.2853547092527,eyebrow_raise,-125.83910130243174,181.04509347931526,-74.84653979618167,627.5927514948344
198.9999628067017,-1469.389863040764,-743.7352046882734,-491.56497037597,72.65690638916567,eyebrow_raise,-113.09689746946542,-112.80565945982752,-65.31536989473491,121.72200817644175
199.10094833374023,-1438.8834991022013,-1718.7102935868315,-465.598844983615,-16.487348954658955,eyebrow_raise,-83.89529200420108,-881.9325935972345,-42.08418473376689,-576.0360909671326
199.20191979408264,-1338.9421525863,-2855.473454568535,-392.8278716458008,-1468.9504247959703,eyebrow_raise,-66.30451220747838,-1637.7619624256401,-34.41201281468615,-1344.7444016363247
199.3028185367584,-1475.5345186679624,-2733.1488068178296,-519.8647933406755,-1963.5278845862483,eyebrow_raise,-76.47464226092704,-1973.7515166554765,-49.454831785020005,-2045.8343934472698
199.40413451194763,-1385.062598839868,-2850.9481756221503,-430.8028157958761,-2133.8990270677023,eyebrow_raise,-88.2450033351149,-2060.25362663651,-58.5706854527582,-2509.744156460083
199.50539588928223,-1428.224784228485,-2750.8534932080656,-471.5153667135164,-2006.8022669735365,eyebrow_raise,-81.06737126148862,-1986.1743109070253,-47.872042566873716,-2363.811419544122
199.60646963119507,-1399.1657615727745,-2863.0205726791173,-440.97534367535263,-1943.755033520516,eyebrow_raise,-73.55663422776072,-1430.042549625748,-38.37568034682058,-1337.0585580391648
199.7073655128479,-1410.413510689512,-873.4293253016658,-454.09117281995714,909.8054622206836,eyebrow_raise,-84.9633821174443,-465.4467353726509,-46.20887609296,40.142712843873
199.80821585655207,-1451.6010289015248,-724.8468399620615,-474.0622385833413,859.3729113182053,eyebrow_raise,-103.14869618855502,210.42130623949325,-60.104941258867164,822.0192321861718
199.90901684761047,-1414.6433375393972,-818.2545812553726,-464.2562208995223,816.8352892221883,eyebrow_raise,-107.2374378940774,249.00263361018625,-64.45222164025598,874.79744285068
200.0097906589508,-1435.945807687007,-805.8829922019504,-468.45612854976207,969.3222301155328,eyebrow_raise,-96.42555818383833,46.8496287624072,-59.93544646718786,784.4209541621469
200.11057496070865,-1418.1401439979672,-783.4361126678996,-465.1425771890208,886.3039308991283,eyebrow_raise,-86.99395346588577,1.6652685750059604,-56.12375740735968,667.7184396667737
200.21155834198,-1406.6698708338663,-882.8239539903589,-458.2611612705514,500.9745586644858,eyebrow_raise,-91.22696227464888,65.58136260110962,-56.609241201905874,134.6294800230283
200.3122682571411,-1428.6193436738104,-847.2537655117922,-459.31207315810025,-1072.7304638903588,eyebrow_raise,-102.43973071454069,81.11677523219824,-56.519842692395336,-759.6551305447847
200.41292214393616,-1449.0092782322315,-754.2761127133854,-469.2340277405456,-946.8416914818808,eyebrow_raise,-103.33508323408971,51.70569152747849,-51.35098077694254,-1417.2610812557748
200.5137865543365,-1376.5674160905182,-913.9062625220976,-423.6783063802868,-1169.0254079494623,eyebrow_raise,-89.54063717410274,45.10734653811048,-44.27514323276773,-1392.6087444973998
200.61451482772827,-1437.467946968973,-736.5976056228392,-477.2000146461651,-943.932049316354,eyebrow_raise,-74.22079548329145,82.76095318541275,-41.05277932792709,-720.3621165978592
200.7158620357513,-1357.273272219114,-814.727855597157,-406.5121655836701,730.2827845476568,eyebrow_raise,-69.40247295181192,136.41384892271964,-40.42668989581631,205.085756853137
200.81682229042053,-1418.8170658899471,-678.1392294154502,-471.8033390101045,863.5541194686666,eyebrow_raise,-77.22392007263738,159.66835521151893,-39.60653680273583,865.5776057023614
200.9180762767792,-1420.6533567681909,-735.0156279415824,-443.8662863411009,959.950040826574,eyebrow_raise,-98.10929711101409,140.84721069352156,-47.726321454488605,938.0585174142901
201.01877570152283,-1429.53935906291,-809.469556259457,-457.7674944764003,934.960029322654,eyebrow_raise,-127.60298905135087,114.05117525339224,-72.80855722667539,513.6690595117336
201.11988615989685,-1472.536988853477,-778.7425382235087,-503.7533043315634,-88.27846850408241,eyebrow_raise,-143.92233492930373,90.11401510057026,-93.79966729073534,-3.166386387108858
201.22041654586792,-1457.6110481303183,-809.8285866552033,-501.5093643581495,-51.57135043898597,eyebrow_raise,-126.00627963409457,40.70390739497046,-79.6809429317992,-269.1662266531596
201.321394443512,-1385.5618754839525,-900.0387134863995,-404.91896820254624,-156.34090779768303,eyebrow_raise,-89.25024926335328,-20.13234685928401,-40.10114655647963,-311.5905893773588
201.422194480896,-1393.4717638902366,-999.24329971103,-433.48058416415006,-246.14338553370908,eyebrow_raise,-73.77695560910747,-39.55305273857345,-17.938802078331662,-350.9930326440958
201.5233218669892,-1429.5356191629544,-803.9793831245042,-443.85132674127817,-63.91676019271836,eyebrow_raise,-94.04115830396398,-18.055702257290292,-32.1097358346761,-346.1279548101605
201.6244094371796,-1410.8510789843276,-860.6500871530734,-433.30106896627694,-134.69062695419416,eyebrow_raise,-123.7121590945828,21.136392127392533,-59.516067662020035,-37.22422098334438
201.7258279323578,-1459.4361193086952,-827.5538424951956,-478.3444240326062,794.610933735501,eyebrow_raise,-128.43936118810274,97.7308712337182,-67.27499600051816,511.94329964905535
201.8264327049256,-1418.3944571949542,-732.9268938163295,-453.9864556211978,1004.512818748597,eyebrow_raise,-103.0065696072398,178.70475533350745,-47.89388254941311,848.0533505033918
201.92740941047668,-1380.0642225490883,-579.6994527317584,-405.6445087939501,908.9621147806756,eyebrow_raise,-79.2194939145634,166.4081006894306,-28.682106513193403,775.157605694219
202.0284628868103,-1413.0725795580074,-830.8636539559811,-455.9723424976692,683.4349277527072,eyebrow_raise,-90.84290011366036,113.44019073438221,-40.526162208278116,649.5033257005847
202.12916350364685,-1428.3912097765133,-716.0711647160351,-450.8374598585069,1056.8788979281671,eyebrow_raise,-128.38961364774997,184.91974206058123,-73.84860719712894,784.2675412591332
202.22971749305725,-1470.3379276795313,-656.2851240243763,-501.6664401562885,902.8398985532112,eyebrow_raise,-147.20646175735232,264.0160618886942,-86.63334051021657,919.4958079213486
202.3304481506348,-1427.4375352878124,-707.4394756183028,-445.6913575194776,933.4210604908876,eyebrow_raise,-124.51993502085733,-21.696472669799494,-61.086520559856126,615.0844561787383
202.4308409690857,-1394.5600747773424,-1712.711494057905,-421.77843720279634,-20.348795658908784,eyebrow_raise,-87.3958878416522,-663.1224935099648,-27.31051613244115,-17.815122314150678
202.53189706802368,-1384.4548650970685,-1815.9327328349464,-413.92464729584754,-129.2883414682001,eyebrow_raise,-77.98595953902694,-1066.7311323112178,-23.150813891965853,-348.65358377141774
202.6323094367981,-1430.9979200456291,-1825.2675231243484,-463.87101120408624,-39.00715653784573,eyebrow_raise,-106.77571446943864,-789.1939618213099,-51.68298578000842,-26.235292950043757
202.7333371639252,-1416.2589743202552,-846.556274170056,-445.5885102706961,879.7460163268261,eyebrow_raise,-144.3709342991294,-149.4802302058182,-84.90298136822075,575.4609551469207
202.83434009552,-1495.8103862777352,-717.1744352029637,-519.7582061919384,952.629186663311,eyebrow_raise,-154.58012837570675,211.045477160303,-95.85736310871074,881.8994326248351
202.9349682331085,-1430.6762886494398,-740.8367822226137,-463.3380754604004,905.1436769259162,eyebrow_raise,-136.39207284675544,130.86598620311673,-84.29768806707698,807.4320526221259
203.03586721420288,-1410.8024602849036,-949.8373513463883,-457.6309881280176,796.4958433131687,eyebrow_raise,-120.27957034607083,-40.08982612036026,-71.23963861072755,673.3647934765862
203.13662123680115,-1429.191548367031,-836.2341502923518,-464.1907726502977,868.9451852547936,eyebrow_raise,-118.90316441758637,-33.21792339803517,-67.95902682051394,680.5942091948127
203.2374129295349,-1437.0976968733594,-818.2153123058379,-462.4816383705474,844.770471941214,eyebrow_raise,-120.1276325880124,67.60405830914681,-67.87744559806828,757.5342414038447
203.33796644210813,-1426.4988203989342,-791.2394139254466,-461.5765825812705,904.8669243291952,eyebrow_raise,-131.15795679002028,96.97735942186398,-70.69276120397518,791.968199551644
203.4385941028595,-1448.8522024340928,-752.7034847820178,-457.06626323470846,945.6916722455062,eyebrow_raise,-157.6172764617575,58.857170729776996,-78.97367642042515,766.688818098878
203.5394985675812,-1430.0928642563522,-898.7278785519302,-462.186186274048,758.2553662662394,eyebrow_raise,-145.44377913852148,40.14446538251253,-72.41220732307863,708.2341411422987
203.6402714252472,-1411.0305941822007,-769.0356278885156,-449.9305341192521,838.5098794153892,eyebrow_raise,-70.55737049657299,37.254595530707874,-42.091249739463294,656.6891879343423
203.7408583164215,-1395.3398439181035,-880.1704949717969,-424.8171059167944,813.1496178158559,eyebrow_raise,-66.23933304361223,-6.401623232562116,-40.84433110258488,678.7461393399698
203.84190273284912,-1438.9695168011822,-910.4188058134168,-476.33422780642286,846.8199371169321,eyebrow_raise,-220.72941220115112,-35.00602135778776,-103.9472762125882,777.3852470997929
203.94250988960263,-1447.219736103434,-718.2253470905125,-476.0125964102335,857.7441848875023,eyebrow_raise,-256.0036169727112,105.77075887719515,-128.62114011032736,781.0784677800594
204.04312705993647,-1499.4698783843778,-507.9382523819804,-499.4430696326308,830.9328421051614,eyebrow_raise,191.46721235359294,441.22070355259086,19.378955857101662,512.408367631912
205.6572077274322,20.10944206174463,18.20957288425416,14.394874929450452,19.615775267593563,nothing,933.3188690524546,773.6150616093935,275.0499843738059,94.42013974815508
205.75863957405085,-1.2528664851561189,7.562077710404992,23.77828391827643,-7.352643312886357,nothing,1383.6303984114,911.3403749003957,432.8990090117845,-156.50939705525033
205.8603987693786,-2.4084955714643,24.46642551012337,16.06661020964384,35.79084257595241,nothing,1375.6351359858822,893.434506490227,435.5166120773058,-152.89483666347235
205.96113228797907,-10.097729880362747,24.49634470976889,26.654266984201968,8.250219302251935,nothing,1266.5212878398152,872.0814580565024,404.71840584348723,-83.12216288721254
206.06175112724296,1.1892881859093904,8.126802603714168,33.46462480351329,0.7292804913595319,nothing,1271.8853468292377,876.978801391172,408.2942926397571,-79.0074327888597
206.16199779510487,15.988072310574353,21.089295850135382,32.61940741352737,33.9433319978416,nothing,1281.6658053299896,854.2040970147336,406.1877404363066,-100.84059596129384
206.26290774345392,-10.0790303805843,10.722293172962964,17.798183889128268,38.038522449322045,nothing,1280.1459566822175,848.5865678701645,402.67945853491454,-97.42250364433616
206.36434674262995,-1.731573679484427,7.838830307126045,29.922939545474943,16.07035010959953,nothing,1366.817771894846,922.8153009782939,441.5816554133319,-77.43025277758588
206.4650027751922,26.377514387480915,38.93609843868762,64.1392842400819,31.078568631783128,nothing,1364.3238911589103,931.8920538839939,455.8120728082624,-63.15677187490792
206.56589484214777,-32.18557901866734,21.07807615026832,38.13201994821429,78.8894496653229,nothing,963.016946969415,662.457471847603,322.99340347515795,-77.17702372614787
206.66718602180475,-1318.5877470774576,-877.2458932064474,-418.960422586184,-70.93468245957047,nothing,303.5085526619206,214.62147824579404,88.46601692565164,-130.13269030241258
206.76798152923575,-1272.5159195233136,-815.5188444377854,-352.0012537795119,-17.540130792185664,nothing,-104.90768659211112,-64.48877268898025,-51.12003612087415,-185.30823032212984
206.86838150024408,-1350.9752806937322,-910.6431998107582,-440.76029942790046,-143.8440320957452,nothing,-87.10262701875868,-53.974265748381555,-14.41075783522123,-190.91877176816325
206.9704892635345,-1248.1916102115065,-805.4285943573341,-273.82612500572577,-20.734005354344845,nothing,44.63870867175447,35.351309711309035,71.57612774930412,-158.30108882502387
207.07083392143244,-1288.40675443504,-842.1731114219874,-323.0619079223834,-23.494051521644,nothing,30.11603550215618,30.117506357497916,71.65016970959235,-143.6180913395518
207.17221140861503,-1338.749547738582,-854.1033922806382,-376.55369698861614,-60.01043468900025,nothing,-60.69017865731662,-11.844200745385178,5.04457562139264,-151.82669454735944
207.2728717327117,-1372.8574353344738,-861.8449851889163,-417.8421924994327,-58.62667170539498,nothing,-85.97852034462998,4.909524917574576,-32.62269447794936,-139.83374612945607
207.373869895935,-1329.6279317466542,-772.0986059522256,-382.33184242015705,22.689973031170663,nothing,-51.80738706243783,48.61239422729311,-12.892142235122641,-109.99916597090268
207.47491478919977,-1311.055588566698,-803.6222226787359,-346.65319684287533,9.155275091528893,nothing,-28.633936911013066,49.30022495162734,19.57995158426457,-105.88345854035173
207.5757689476013,-1348.0693784281611,-861.2316415961832,-385.7987296790816,-65.70630232151598,nothing,-32.49152980048899,15.732517791099708,27.808456567097302,-126.32686172773815
207.676426410675,-1298.4970045154914,-826.4786212579347,-330.8147205305286,-15.000738722272215,nothing,-44.046023493361545,-4.504002070333161,13.860476385324162,-134.17758055953027
207.77691912651056,-1341.8798440014943,-845.6717878305353,-384.5608227937482,-8.08192380424589,nothing,-53.114877135872405,-1.82473665871575,-1.0625303532765304,-126.90240476759486
207.87771701812736,-1353.099543868564,-859.3673014682718,-392.5380293992348,-55.67963054031134,nothing,-50.41216000508253,8.497953414409874,3.6358125133809995,-126.49196481014579
207.97839140892023,-1292.3673084881157,-806.2233230979182,-322.59442042792216,-23.51275102142245,nothing,-27.564846452294375,22.746337833297662,30.447433238724035,-131.87884414563865
208.07963204383844,-1289.3791284235194,-808.0296947765164,-326.3118809838779,-28.07542896736413,nothing,0.11916725706332798,38.960625539127214,57.484602160029524,-129.83255822688312
208.1806595325469,-1285.9758194638416,-816.4706489765085,-325.86309298919514,-35.656206177547574,nothing,2.593112824383855,42.389036680571365,59.611691545043,-123.65887772414146
208.2809400558471,-1298.9906713096425,-803.0631076353602,-327.11969937430695,-30.14359364286065,nothing,-26.183596094536647,23.191287420383482,34.81710042133016,-124.26624592799055
208.38156700134272,-1335.8212060732767,-849.9053545803763,-363.79689823975787,-23.51275102142245,nothing,-54.42797314231076,-2.110704022463514,8.206991511829155,-130.42482137128368
208.48226118087763,-1343.5440994817764,-865.2913029980846,-390.63816022174433,-59.25871479790658,nothing,-48.942675032719656,-6.485411815218733,6.515802043759168,-132.94924480531066
208.58283090591425,-1291.6978663960472,-817.0652930694632,-324.4718502056785,-32.3127356171608,nothing,-19.72624232918298,9.509959673407195,25.26480018562837,-132.09598659857153
208.68397378921503,-1279.6422988888808,-823.8887405386195,-346.93742923950776,-36.033936073072255,nothing,-5.497260168090783,19.340165762748516,36.31242370244129,-135.21606713301787
208.78477740287772,-1304.3929567956366,-838.4107720665634,-343.27606718288735,-58.04698721226305,nothing,-16.265669092399513,12.34998531003243,30.62537536515905,-138.37617546181002
208.8866751194,-1308.6489629452117,-830.781376156956,-344.6074715671129,-51.745255786925554,nothing,-25.343495763391523,3.6007560769772997,26.478816342791983,-132.76333267186433
208.9877243041992,-1291.1873700520955,-845.385685483925,-342.9880948862992,-20.741485154256225,nothing,-19.940506832526843,0.4825964706359862,31.49456883650532,-126.52027626451915
209.08843922615048,-1302.178936021868,-845.6474784808233,-346.2118886481039,-56.195736734196544,nothing,-18.179856714148162,-7.169934617954425,29.281976003966324,-132.8921012166873
209.1891388893127,-1298.6970891631208,-849.8548659309745,-339.04624033300206,-62.47128885984421,nothing,-29.425200153973186,-19.238245053545334,14.979890882229014,-144.25151515265628
209.29050230979917,-1330.860228782054,-878.6408758899197,-381.9690721244551,-52.95698337256909,nothing,-37.644700873220366,-19.531855879731207,11.299964072304967,-143.97261866703965
209.391550540924,-1303.484161106404,-832.1165204411373,-339.4052707287483,-50.99727579578757,nothing,-34.6877282884213,-6.874445941678857,27.786557542492975,-133.31327451344183
209.49265432357785,-1312.0747113046236,-843.3810991076753,-323.693951014895,-50.499869101680815,nothing,-33.98510110646448,-1.4274934197666234,38.18812355096616,-125.56698533935969
209.5935690402984,-1307.0819448637776,-838.5902872644365,-334.1469713910483,-24.421546710655093,nothing,-39.84083830205317,-9.56204991005185,26.642189065071978,-123.55645465936183
209.69411587715143,-1341.281460008584,-876.0397754707374,-387.3246088610031,-64.18790293950588,nothing,-38.607886566131434,-15.034921321586511,15.821727926310356,-120.28726530075015
209.7951917648315,-1285.0745035745203,-832.4736808869056,-327.9200379648246,-22.07288953848183,nothing,-28.64855280502528,-11.560337859404374,21.52534617875778,-115.11600661323592
209.89590501785275,-1288.8368429299444,-832.0398524920456,-321.04236194631085,-23.80072331801057,nothing,-22.738925358927684,-8.118380270261676,27.391963905621523,-112.37411084979954
209.996369600296,-1325.8468928914515,-872.4532114132307,-388.495197547134,-59.789780591614544,nothing,-21.611109974594868,-4.543079283674555,22.69823722415978,-110.4922364208578
210.09739685058588,-1282.7221065023914,-818.4864550526254,-330.78106143092737,-16.54531740397215,nothing,-19.2291197530251,2.6649689178390865,16.81902039370489,-108.43587082842038
210.197949886322,-1273.9632608061656,-813.38897141302,-336.7686412599869,-25.580915696918964,nothing,-19.665754008991286,4.67342445305942,14.057229422490872,-110.90272455193981
210.2990841865539,-1329.3997978493571,-868.578675059136,-392.59412789857015,-66.90307030733675,nothing,-22.915270254694693,-1.9774771521139929,11.5164322858509,-116.19319970768042
210.40032434463492,-1282.6996671026573,-824.2010221849196,-334.7640548837371,-30.693358936347067,nothing,-19.304845808079385,-5.211683059471898,10.945594616052896,-116.53044382420177
210.5009794235229,-1265.5597056057304,-823.0229536988772,-343.1077716848813,-29.204878753982484,nothing,-11.128048584830463,-0.6159854240899261,12.15560484076045,-112.95408944627216
210.60191988945,-1324.8034608038142,-870.2279709395953,-401.9588373876177,-72.7747132377699,nothing,-13.65490584834421,-1.5165938340956124,7.374636036014091,-113.47439366104412
210.70273470878595,-1271.9268852802925,-812.8130268198438,-328.73346620518714,-21.437106546014547,nothing,-29.524687428286867,-15.783368581741831,-6.87615107633697,-119.09839658614392
210.80328035354609,-1316.7645458490588,-873.1750121046789,-395.6739355120808,-60.15255088731647,nothing,-39.63312538488721,-27.571226958793613,-16.379879731403754,-120.84826201070734
210.9046728610992,-1324.8763888529502,-871.1891252282076,-394.6005842247978,-58.18162361066789,nothing,-28.613018807575777,-18.460338950626905,-4.271824158334025,-112.03682978894724
211.00557374954215,-1264.779936464969,-810.266154950019,-324.7504727523774,-20.44603305775672,nothing,-10.820785995440996,0.7828670083934277,17.55721592542394,-100.6498375196515
211.10640430450437,-1267.3193285348823,-814.4137040008791,-328.0490645132959,-26.00726429186761,nothing,-9.33459164840144,7.2082477563367995,23.05390271952874,-98.40387694829855
211.20719909667963,-1327.3896016231738,-866.0467627891339,-390.3782371748239,-61.345578973181546,nothing,-18.4926926694395,2.939240258847857,15.252033233986708,-101.76371488637405
211.3078196048736,-1272.6486859717406,-807.5210683825426,-329.32437039818615,-23.19111962523312,nothing,-19.434457514356694,1.0561174831357896,13.866662909045601,-101.85997146876122
211.4088630676269,-1268.6544728190638,-819.6233846391551,-328.80452430434525,-31.523616726510227,nothing,-15.064781927531339,-2.5983666252460065,16.712030976507513,-101.83991621524679
211.5096518993377,-1329.4652460985817,-880.6697716158815,-393.68056883569807,-71.56672555208206,nothing,-18.08630316474028,-12.871919557196428,12.06279790672989,-106.96171734405702
211.61003470420832,-1265.8383281524293,-822.1403373093344,-328.28093831054866,-26.818822582252324,nothing,-26.371835424124463,-19.23615050789789,4.896280815042357,-112.19833201549822
211.7119908332824,-1309.2791360877454,-846.2514723236673,-359.2641394934617,-65.65207377215847,nothing,-30.001763584832823,-14.423221601256031,5.490415991092817,-109.82154769499368
211.81342959403983,-1311.683891759254,-859.569256065879,-380.10286204656586,-37.7785994024016,nothing,-27.088899579514187,-7.683800430648903,9.432083289858758,-99.76862624726014
211.9141998291015,-1278.638135750778,-816.5342272757553,-331.60757932113484,-36.97826081188396,nothing,-25.252775460814377,-11.584460173773124,2.945322120862641,-90.90257585986691
212.01529288291923,-1308.344161098823,-860.7622841517441,-382.54501671763137,-31.5890649757348,nothing,-30.096727811482012,-22.331879507164047,-12.326042195310002,-92.58235797649459
212.1161623001098,-1306.317135322839,-856.1173284067772,-386.7262248680927,-51.69476713752374,nothing,-35.85679413323992,-22.397824770427,-14.366528862924985,-102.36558070015114
212.21661305427543,-1312.974157243967,-843.2595523591153,-359.7465865877457,-58.98383215116337,nothing,-35.235256687654214,-8.837008593874355,3.626366795612663,-107.45365242138328
212.31760144233695,-1284.3452230831608,-805.1387521107681,-327.18701757350937,-36.65288951573893,nothing,-30.623800128980285,0.04572410730281362,16.566177756555664,-100.16299122266244
212.4185454845428,-1306.4068929217756,-852.9945119437762,-365.87254271516576,-42.7414466436021,nothing,-26.54340434398197,-4.452654377136668,7.940270625098875,-87.01135000180084
212.5191323757171,-1309.065961790271,-848.1513415011577,-381.6736200279556,-43.01819924032316,nothing,-24.797537925415106,-12.457765472477865,-6.110714723761001,-82.89270196324154
212.62025666236872,-1268.143976475112,-820.5957586276345,-344.83186556445435,-20.070173112209886,nothing,-28.452362442594108,-19.315570435708814,-9.509364266559363,-94.0710397595099
212.7208440303802,-1323.191563922912,-870.9647312308662,-382.2308651213534,-77.16909568570554,nothing,-35.80589869964816,-27.656342008484753,-8.255853260385644,-107.18793188806367
212.82179570198053,-1324.9605366019532,-874.8392675849609,-384.5795222935267,-70.79630616120994,nothing,-40.55045428223306,-34.34753827879207,-12.37460190324435,-108.09754497929974
212.92244505882255,-1282.8567429007962,-838.2667859182693,-360.02333918446675,-34.425779092125595,nothing,-43.78158843438828,-36.04965892637956,-20.016141690023915,-103.86143829527738
213.0230615139007,-1328.08709296491,-867.1649928758852,-386.7748435675167,-64.90222383104265,nothing,-46.37303631464417,-31.921195053952605,-20.142525457331264,-103.64439076703238
213.12394928932184,-1327.2643149746582,-863.9038001145236,-386.88330066623166,-75.83769130147994,nothing,-40.008005048319845,-19.71762334572232,-6.8014937158543365,-98.40224918740547
213.2246062755584,-1273.884722907096,-812.2221226268448,-324.4344512061216,-22.372081534937024,nothing,-26.853605094276258,-6.141518961869254,7.797510699406062,-84.68773067299719
213.32573127746576,-1292.4084473876285,-832.3427843884565,-363.1910344469361,-29.73220464773476,nothing,-23.68059663432097,-5.346126835904814,7.028076914822242,-78.29399138594256
213.4264447689056,-1325.9553499901667,-862.4190598321147,-379.2015461572446,-76.65298949182034,nothing,-33.87272765174068,-17.15417361877835,-6.398135773520711,-86.53223893581378
213.52695894241327,-1289.7867775186896,-835.2524265539832,-360.056998284068,-29.070242355577648,nothing,-43.8202630464963,-28.45114319410575,-18.0777896237837,-97.67257066177581
213.6277523040771,-1323.322460421361,-865.5904949945398,-382.96762541262433,-76.11444389820099,nothing,-47.20312015220815,-34.85814976625557,-22.45666444974707,-102.48498683846482
213.7283463478088,-1332.4814754128456,-881.8908489514142,-405.01433565141633,-75.69183520320803,nothing,-47.73824510211506,-39.522130459688526,-20.563598576035528,-101.6067599693637
213.8290877342224,-1277.5236455639824,-825.5081172194332,-322.85621342482045,-30.390427039936185,nothing,-43.39436844855285,-36.89930165602076,-9.697080880985606,-94.8214724496796
213.9301342964172,-1336.262514268048,-886.6554814949632,-392.92697899462655,-77.89837617706507,nothing,-30.415000280185406,-21.16302416787608,9.512379437610003,-82.29935769678944
214.03104305267328,-1279.9957194346937,-822.8041695514694,-327.0561210750602,-31.81158902309835,nothing,-21.089473407348034,-8.607815932858465,20.347278831355545,-74.34109074487775
214.1319150924682,-1277.792918360792,-819.7860702872276,-327.9237778647803,-29.35821465216577,nothing,-31.1407662322152,-20.5720553630995,6.826430286052906,-80.44468306738217
214.2324810028076,-1339.291833232157,-894.2811375046149,-393.7946357843466,-78.71741426736116,nothing,-48.67290538264731,-42.93861628689598,-14.896561519584894,-90.00153657368851
214.33293962478632,-1334.4823218891397,-882.5004526441917,-393.7198377852328,-66.97786830645055,nothing,-51.34612698951456,-45.57339892391711,-17.507503511579294,-88.96900869769001
214.4335589408874,-1279.157981844619,-822.8228690512478,-327.8415000657551,-26.13068099040538,nothing,-46.506297086353435,-35.33832785440791,-10.146099665887686,-85.7380223193262
214.534961938858,-1335.7987666735426,-882.0591444494203,-394.58749457495287,-78.82213146612048,nothing,-49.81375209910365,-37.32963073250717,-16.884198763452634,-89.39394997999749
214.6358828544616,-1331.669917122461,-878.3903025928885,-395.417752365116,-68.64586368668824,nothing,-48.67210937936421,-44.6506459322314,-27.06689560598692,-87.24036175650912
214.73673534393305,-1286.8939649029635,-850.3971514245495,-362.1644319090992,-36.36117731919512,nothing,-32.54223856485554,-38.8395569591353,-19.032811716095292,-74.50332613675037
214.83792567253107,-1284.2760349339806,-850.2400756264105,-360.5113961286843,-39.66350898006931,nothing,-22.809276909399024,-29.455436072424288,-4.734635034966805,-70.19979299216072
214.9387624263763,-1328.440513510723,-873.8388443468139,-380.6956361895427,-73.2739898818545,nothing,-35.262772727515824,-31.87460371575036,-6.256252201208309,-80.9251989694387
215.03970479965204,-1293.8501788205467,-835.6282864995301,-344.3849475197494,-51.9715197342448,nothing,-49.95599202790537,-35.51015326570907,-14.565958217142095,-86.69276170806768
215.1415905952453,-1332.5880625615828,-871.508886674419,-391.5488258609548,-59.12968824943528,nothing,-44.798505368156825,-24.93305740601429,-7.800537100090504,-75.61080270201
215.2425220012664,-1297.0253538829274,-828.743130681105,-345.282523509115,-37.57290490483865,nothing,-31.58228703353644,-12.497799673588592,5.188386496200939,-62.153614913508704
215.34307527542109,-1295.379797902424,-834.9401449076831,-344.18673282209784,-47.838930283207446,nothing,-35.713852631543105,-21.77964933357192,-3.4772744997924754,-63.64977064564148
215.44477391242972,-1331.5745496735908,-882.4256546450779,-395.5879178130999,-55.17287409631536,nothing,-53.19308547309938,-45.9607937772405,-27.249801254623588,-76.12471942626355
215.54538488388056,-1325.130702049937,-876.7335269125178,-394.8848166214302,-58.11617536144331,nothing,-54.12599862682557,-53.27572421946124,-27.409509940189984,-79.46261154976926
215.6463718414306,-1295.3087398032658,-853.3890713891014,-335.1324350293726,-57.47665246902034,nothing,-29.791527098849397,-34.756346408725136,3.011620725393188,-63.39881474626377
215.74715924262995,-1279.9003519858234,-839.5925804525614,-339.16591713158414,-19.466179269365966,nothing,-7.533707160558659,-14.673363893939333,25.534628342113184,-42.8837888407927
215.8481147289276,-1270.920852192212,-830.9945504544303,-334.45738308737054,-18.45640628132969,nothing,-9.830504161269653,-10.855967387665206,17.122737391327924,-39.579810848091924
215.94855093955988,-1313.7614061846398,-852.6149120982736,-366.84491670364514,-60.05157358851284,nothing,-24.76559809927358,-14.534710455863657,-0.4058711271459168,-52.53254594055876
216.0492165088653,-1276.03329543164,-813.1552276657894,-345.3591914582066,-21.122954949736595,nothing,-29.588493347846956,-12.184242085260644,-2.202295476351291,-60.719893086209325
216.1498365402221,-1317.3255308424125,-848.2616685498506,-363.1611152472906,-66.05411301739514,nothing,-24.009841657931855,-4.894536245597596,4.96758531358212,-53.42589024428362
216.25136756896967,-1276.8972123214044,-817.6879864120856,-339.9886951218359,-22.330942635424435,nothing,-25.875436760580534,-3.6211780243450744,1.9712948293861718,-44.90073970027845
216.35234713554377,-1325.2428990486078,-838.9567974600941,-382.2607843209989,-42.63859939482063,nothing,-42.075651490960155,-14.402161613847621,-12.414503031626952,-51.91207923612069
216.453464269638,-1318.3988821296953,-848.4711029473692,-369.5974830710329,-54.6922969520092,nothing,-56.192372219279434,-27.35357021543149,-22.444926217486145,-64.46294766356033
216.55383253097528,-1327.412041022908,-855.0982056688517,-371.4562133490108,-60.53402068279684,nothing,-48.29103181093494,-23.74267212286498,-14.755210236047388,-57.187237169851265
216.65587472915644,-1283.595373142045,-815.0476170433685,-346.9523888393305,-12.562323951162398,nothing,-21.220329910699927,-0.5977965630002213,8.742287806551818,-30.469783794454905
216.7566266059875,-1276.396065727342,-808.2129498743452,-331.1288721268065,-13.388841841369867,nothing,0.21320659481205617,19.97525130555297,29.344700608974655,-14.582733317304976
216.85747456550592,-1275.9397979327478,-811.2572284382768,-325.249749396462,-21.93077334016561,nothing,-2.3966999603458388,16.641096458895095,27.506629659379144,-25.015810853339836
216.95839452743525,-1272.824461269658,-805.2771284091286,-327.9611768643372,-27.690219271928072,nothing,-19.373508705221333,-2.8173121134183017,9.280752216281908,-40.457579202587425
217.05884718894956,-1328.0440841154195,-869.1994984517805,-391.7376908087172,-57.84503261465579,nothing,-28.177136246250136,-13.983049770052746,0.41487960855119455,-39.61566906412668
217.1595041751861,-1281.7777817635797,-818.1423842567019,-325.89301218884066,-16.182547108270228,nothing,-24.836924726670635,-11.668158119459003,6.849082643396918,-33.55615107107998
217.2598428726196,-1274.9674239442684,-816.8932576715015,-325.59756009234115,-26.4934512861073,nothing,-21.126682045915725,-9.967429123881812,10.986057710768208,-38.50925820708885
217.3604819774627,-1325.9534800401889,-870.1606527403928,-389.4451321358793,-76.1817620974034,nothing,-18.85780184415727,-12.31916997520546,7.420173515843479,-44.10914706087343
217.46096372604364,-1270.172872201074,-817.6561972624622,-329.2589221489616,-21.79613694176078,nothing,-13.996262147622497,-11.50493939783652,4.916782137926309,-37.88289627441628
217.5621070861816,-1264.0730953733437,-817.188709768001,-329.9059248412959,-19.77659096568823,nothing,-12.104864936183034,-10.104678536287466,3.0926134836575683,-30.952328067712973
217.66259837150568,-1326.4508867342956,-874.8729266845621,-402.6357592795976,-62.84153895545751,nothing,-16.866569892766304,-15.169906082109556,-2.802060184897804,-33.89413449547077
217.76300120353693,-1272.2372969766147,-819.0156508963555,-335.28203102760017,-31.34597147861496,nothing,-23.24843641473659,-24.878424067738013,-11.661008894521089,-39.82399073288819
217.8638715744018,-1304.5126335942186,-864.4217762583867,-377.9991683214903,-48.73276637261733,nothing,-28.902768614476955,-32.00314033632432,-20.336198215676664,-43.49322942049487
217.9643290042877,-1305.122237286996,-859.2158355200663,-384.540253343992,-48.343816777225584,nothing,-31.762092066040527,-30.976556212043246,-21.343799122801485,-45.93115349240854
218.0653042793273,-1312.179428503383,-848.1382518513128,-368.9523503286764,-62.7536513064988,nothing,-26.753990126121213,-23.823146045004297,-9.49932662656553,-43.67161560704098
218.16565656661984,-1273.366746763233,-829.7491637691855,-332.84361625649035,-38.14510959805921,nothing,-19.321283467251174,-20.72388470456362,1.137786600536798,-38.02352911783178
218.26622509956357,-1308.0318794525228,-872.1708489665762,-387.6481102071703,-44.81709111901,nothing,-22.706572627201453,-27.55896249075634,-9.282618321671197,-39.7609574122363
218.36721253395075,-1311.6072238101624,-850.849679319188,-374.8127735592425,-65.83532886998728,nothing,-35.20338203984051,-37.514830623050045,-33.79407462735266,-47.48426399615255
218.46784424781796,-1299.2468544566073,-854.7279555732384,-392.7717731464654,-47.23680639034137,nothing,-38.858710327134226,-38.34783935396715,-41.26958589533022,-42.989684643358444
218.56853580474848,-1314.546785175335,-866.5871783327311,-388.4147896980867,-38.16754899779335,nothing,-25.292182137515525,-25.339311809652294,-17.473103401979788,-22.778425400909953
218.6691977977752,-1283.4121180442162,-826.8694408033043,-335.76821802183986,-30.14172369288281,nothing,-10.432841999246314,-10.041162332234814,11.11472829695893,-11.255672111466676
218.76989316940305,-1272.3139649257064,-824.8517647772096,-327.9836162640713,-14.49585222825408,nothing,-13.912170828795972,-10.067142811521768,11.345818782052827,-24.280213985713573
218.87079930305475,-1322.0471545364708,-859.7113722641952,-385.8249089787714,-79.19986136164516,nothing,-31.58655160801577,-25.942363365360887,-11.05116667388434,-42.39857239396605
218.9712114334106,-1327.8178201681003,-877.4272783542983,-387.7210382563062,-65.4033704251051,nothing,-45.594751939936096,-42.72938409942224,-27.83023208280117,-44.430288936046885
219.071858882904,-1302.6183742666617,-851.5995292603038,-359.0808843956329,-26.766463982872665,nothing,-49.72870955658326,-50.551364513478916,-30.320790040847793,-39.3972774850045
219.17246437072748,-1327.3652922734618,-879.1850313334726,-388.7270713443868,-68.11105799302459,nothing,-43.91088526298096,-45.245872496573554,-23.17679838195645,-37.747070939770765
219.2729566097259,-1321.994795937091,-868.421599260997,-385.25270428555086,-66.98908800631762,nothing,-27.74824311350878,-26.970346217986165,-8.37240096167856,-30.79606265087858
219.3737013339996,-1275.2946651903912,-817.3270860663615,-326.2071637851186,-20.31513655930757,nothing,-16.291500860196805,-12.011893194995004,0.29172291034229975,-21.96722733444539
219.47423815727228,-1288.5900095328689,-834.9494946575724,-366.0483180130832,-36.34434776939452,nothing,-24.402103367324397,-14.932496004042656,-10.012856983775624,-27.164231190836745
219.5752823352813,-1337.8706712489948,-865.9757046899758,-392.8783602952026,-84.06547120399773,nothing,-32.43795938883207,-18.695856223417557,-17.58701650608253,-34.144762749776376
219.67606639862052,-1277.7405597614124,-813.9948352058418,-334.6181987854652,-20.68538665492088,nothing,-16.33564606049045,-3.3094611540990755,3.260746263858807,-19.303363388380216
219.7766840457916,-1278.3782127038576,-819.2007759441622,-337.0921426061541,-28.898206957615912,nothing,1.3827714549493635,10.31019411844261,28.426652824565828,0.26076141543372877
219.8772320747375,-1283.9394439379685,-827.8474246417172,-326.9682334261015,-25.853928393684328,nothing,-12.43998683122728,-6.630476831495832,17.483143403643712,-9.313082867537833
219.978184223175,-1315.122729768511,-855.3618686157279,-365.2835084721446,-56.63704492896795,nothing,-37.078240624917676,-34.43889783788669,-14.428522839829837,-35.30719307766284
220.0789561271667,-1327.77481131861,-882.3489866959862,-399.24180006980896,-77.97691407613456,nothing,-31.55934917547139,-34.77443237451239,-19.000992107215662,-37.55322251645295
220.17946171760556,-1272.3494939752854,-827.0957047506236,-336.0113115189597,-36.15361287165433,nothing,-9.363901099779856,-17.582577613877355,2.7023768213541555,-19.390048949465104
220.28016352653495,-1277.5666544134729,-833.4759740750305,-331.1382218766957,-30.091235043480992,nothing,-12.652610029351733,-19.883829037305706,6.667550998385474,-18.86373555034348
220.38115715980524,-1336.4289398160763,-882.9249312891625,-395.5168597139418,-77.34113108366728,nothing,-33.6330843197556,-35.11302032683957,-12.305784546307889,-35.59405967813451
220.495513677597,-1309.441821735818,-853.9444465325214,-364.77862197812647,-65.92695641890168,nothing,-32.27531622121343,-27.919981540354,-16.80303206320724,-32.19281049116803
220.5965626239776,-1277.7798287109472,-815.6029921867885,-348.95510526560247,-24.567402808927,nothing,-11.817893097873503,-3.0357601232830453,0.23466725323465104,-7.108956262923186
220.6975734233856,-1285.3606059211306,-819.817859436851,-340.4917116658762,-19.585856067948043,nothing,-8.62261846189121,3.954653741146572,6.1773230199537785,0.9059379765323587
220.7986426353454,-1332.114965217188,-864.260960560292,-397.1511959945783,-67.13494410458952,nothing,-26.983503542566183,-11.868787208206365,-12.241117715077728,-18.6542854321104
220.8996369838714,-1291.6006289971992,-820.5527497781441,-351.07562854047865,-56.37151203211397,nothing,-39.317559575668774,-23.52236067169847,-31.071838079734057,-35.156931816180446
221.00065565109247,-1328.08709296491,-860.3116262070835,-405.88012249115855,-62.79666015598923,nothing,-32.74418067573087,-16.658655235755408,-26.774568180112848,-30.917671302619755
221.10152912139887,-1296.2081857426092,-827.4790444960818,-354.71081129740924,-46.7637090459466,nothing,-19.167520628631156,-2.710279485136374,-4.718737267774751,-19.80430657392511
221.2022321224212,-1297.4199133282527,-824.6815993292257,-344.21291212178767,-60.130111487582326,nothing,-11.733944854515286,2.9622356719833367,10.977426269117558,-14.607328338176613
221.3029882907867,-1272.209247726947,-811.3488559871912,-330.28552468679845,-26.362554787658155,nothing,-10.817321638112038,0.05181316250748491,8.00026966265394,-11.925416891852443
221.4037599563598,-1330.289894038811,-864.9752814518288,-401.83355073910207,-66.9591688066721,nothing,-12.743011016933536,-3.354663016585129,-5.24520498262576,-10.17763915515855
221.50424838066093,-1270.062545152381,-805.585670155473,-335.4503265256062,-31.516136926598847,nothing,-21.699719951167022,-9.896725830641406,-20.16472274290191,-17.080416790199763
221.6048064231872,-1332.5113946124911,-864.6199909560382,-401.6315961414948,-76.93722188845277,nothing,-37.933807047455375,-25.551045739348307,-32.580710266670785,-30.917620607567
221.7054574489593,-1327.144638176076,-866.8601910294965,-396.6874484000728,-61.831765967421234,nothing,-43.65719583273509,-37.56929652708668,-31.021328708267898,-32.889737282176526
221.8064033985137,-1316.8617832479067,-865.2370744487271,-362.5066327550449,-66.41501336311921,nothing,-27.370518286869235,-30.094824601073164,-12.331167475118948,-14.474532980151343
221.9074368476867,-1274.8776663453318,-825.100468124263,-341.6230314024724,-15.735629063565284,nothing,-9.106546970039966,-14.675049875469057,2.7946544593835543,3.657574305966924
222.0081853866577,-1306.9996670647524,-858.9727420229465,-376.5462171887048,-40.33669097209349,nothing,-12.229476256350846,-13.984356113621184,-2.2930675046181213,0.9184604513073715
222.10884785652155,-1312.1158502041362,-844.8172206906602,-359.4099955917336,-64.99759127991274,nothing,-28.016916390650987,-25.88795036521235,-15.192753966983496,-13.337447812374261
222.20941448211664,-1313.881082983222,-864.8406450534239,-376.6135353879072,-47.02363209286705,nothing,-34.22493870405552,-30.84727064813206,-16.673013402799988,-20.75712705784581
222.3100066184997,-1315.7809521607123,-854.612018674612,-367.8621694915928,-66.41127346316352,nothing,-29.757477393280734,-24.65599318951635,-9.398647500311068,-22.899968500846406
222.4107122421264,-1313.4547343882732,-842.7714954148978,-363.7669790401124,-69.87068092217669,nothing,-28.219356592784905,-20.242980940041996,-8.763586507793407,-28.259216255467848
222.5113875865936,-1311.7156809088774,-857.0541733456776,-364.2606458342634,-72.64194678934291,nothing,-30.055709893376036,-22.003371331379995,-14.93710555771337,-30.809830835090366
222.61205244064325,-1306.3825835720636,-846.1112260753289,-379.5381371532567,-56.04053088603541,nothing,-22.772084485481056,-20.43080823524178,-12.280717704602004,-21.643471342394434
222.71280932426447,-1309.9167890301906,-856.0892791571096,-359.9747204850428,-72.30535579333082,nothing,-7.274398770726927,-13.238546307185437,1.5175218008367644,-9.200845612027146
222.81362962722773,-1257.545100000687,-812.1922034271993,-321.4444011915475,-19.413820669986308,nothing,-1.5480817080328784,-9.718446867164934,8.535928061539524,-7.7917012793851494
222.91446971893305,-1317.304961392656,-869.3565742499195,-387.3937970101833,-77.7039013793692,nothing,-9.851422392342307,-11.150763089386906,1.178410096134452,-11.672706964949395
223.0362017154693,-1296.5559964384884,-828.5804450330324,-345.92952620144933,-48.98894951958209,nothing,-13.323435921375228,-8.943320452346244,-6.202353615410187,-4.633373646103676
223.1368072032928,-1285.8224835656583,-824.1673630853184,-361.9213384119794,-25.36400149948895,nothing,-3.4724873895767727,-2.642118197298614,-4.033943416711374,7.999087074213051
223.23743891716,-1283.873995688744,-846.8236770168878,-365.8557131653652,-41.39695260953158,nothing,3.2304744914722745,-0.22868637242881373,-0.6776146712976838,7.216788958142017
223.3383114337921,-1292.1990129901096,-824.3805373827927,-351.6814923333004,-53.79098106268793,nothing,-3.1269260145635727,-2.9505130672407835,-2.485225274916604,-3.92188553452465
223.4391479492187,-1292.8721949821338,-832.107170691248,-357.6092337630689,-51.5059021897614,nothing,-8.326742288778881,-3.272178851010225,-1.4404775454853609,-4.602919766132263
223.53952765464777,-1296.2867236416787,-836.2472399421968,-363.9184449883178,-29.545209649950262,nothing,-2.8856839850364695,2.043313647721382,6.05192331157993,7.581929501361658
223.6402707099914,-1290.6806136080995,-830.3718571118079,-345.82480900269,-50.58962670061737,nothing,-3.2788558748234573,2.580989447849732,3.2129967020603543,12.252670731151493
223.74053978919977,-1298.8822142109275,-832.2979055889882,-372.1798839904368,-34.9044862864539,nothing,-22.22040778292226,-12.223078644114489,-21.291922158295428,-0.9409342766572095
223.8409144878387,-1336.9113869103603,-865.7849697922356,-407.7538123689592,-62.31982291163877,nothing,-38.3334071129313,-30.152447165683906,-43.318704168714184,-14.2223779971467
223.9413797855377,-1325.0372045510449,-875.5124495769851,-406.1606149878353,-74.46701796771958,nothing,-26.92919355560268,-28.75832153759205,-33.83352722005515,-7.575550962932103
224.04241442680356,-1276.5194824258797,-828.1353969383053,-341.2359517570585,-24.01576756546274,nothing,-2.375085989341859,-11.411593046517174,-6.268283221491785,9.804138740811643
224.1430268287658,-1274.743029946927,-825.4725881698541,-354.4751976002008,-24.210242363158613,nothing,7.113442845750426,-0.7718415696620884,6.735650852953508,15.801663574983039
224.2440795898437,-1316.1512022563256,-860.9118801499717,-372.853065982461,-68.12040774291381,nothing,3.9344352968291387,-1.9521627349840145,3.026975621664045,10.59563879624374
224.34491920471183,-1263.7290245774202,-818.4640156528912,-350.11447425186634,-25.56408614711836,nothing,3.877672689828274,-3.8967214247079065,-1.575622225572177,8.266208442340462
224.44573712348927,-1281.014842172619,-829.9866474163719,-350.0845550522208,-29.1805694042705,nothing,3.2430317047572554,-4.525868668451223,-7.414326916838264,10.013120253807028
224.54620957374567,-1324.6519948556088,-869.652026346419,-411.62086892314255,-73.08325498411432,nothing,-6.2631245456375355,-8.620583136413305,-19.36524466944261,8.932264529485375
224.64675927162165,-1276.6989976237528,-816.0854392810725,-351.5356362350285,-23.256567874457687,nothing,-16.118196928552205,-14.18592174690945,-26.765400480367084,3.7022591462548062
224.747836112976,-1325.637458493933,-870.0503256917,-399.6008304655552,-62.546086858958006,nothing,-13.799506370852434,-14.786560057879123,-17.94979494328815,-2.687631048757175
224.8486323356628,-1284.3340033832935,-831.7761895451695,-351.1205073399469,-62.54234695900232,nothing,-1.298608411049499,-7.963265392273188,0.11148305173440998,-5.024594125882213
224.94968032836908,-1289.6708406200632,-839.7758355503902,-351.2514038383961,-51.86493258550763,nothing,8.027635174330634,1.5952846357500952,10.34386052218416,0.6699955466568026
225.0508196353912,-1269.1724489629269,-811.0309644909576,-334.343316138722,-30.801816035062075,nothing,5.712860965525336,5.2825809928979774,7.401404257269341,9.90241194374488
225.151603937149,-1330.4095708373934,-869.8221917944029,-403.3856092207134,-67.95024229492992,nothing,-4.960559455377324,-3.090300446883365,-2.374263557064466,12.612822871520336
225.2523429393768,-1274.887016095221,-821.5288636665791,-331.59074977133423,-21.530604044906795,nothing,-16.34839720092993,-20.921577015094996,-16.116520408642604,5.8461934058422536
225.35330367088312,-1328.1506712641567,-880.0134191736579,-401.20524754654616,-65.82971902005374,nothing,-21.27653434404258,-33.02747223895828,-28.96245853682444,-0.5788556810389061
225.4539275169372,-1323.1840841230005,-878.0424918970093,-413.834889696911,-66.72355510946363,nothing,-16.21732256791417,-25.37913712792251,-27.823034259588805,2.6892319320528957
225.5548543930053,-1277.1982742678374,-814.6998063474894,-335.91407412011176,-23.995198115706444,nothing,-9.414042267203131,-8.393356388909897,-14.211569161092546,8.216832881191472
225.65512180328363,-1326.5761733828112,-858.4080171296373,-395.068071719259,-65.83719881996512,nothing,-13.376612390075493,-6.001303492569591,-9.068016875970732,2.826415581953885
225.75577807426447,-1309.1239302395843,-850.2456854763441,-361.7885719635524,-67.2714504529722,nothing,-25.24854126869035,-19.825684010784553,-18.482681105004545,-10.30687011627386
225.85617280006403,-1335.1124950316737,-870.7403372335248,-404.96945685194805,-75.89191985083744,nothing,-31.266650269544435,-29.73589418266237,-25.54357603746123,-18.085155482866213
225.95700240135187,-1312.7852922962047,-853.5966358366422,-365.640668917913,-62.81348970578984,nothing,-26.776832817362024,-24.99796191968383,-21.01925808810236,-14.890243337097516
226.0574543476104,-1311.6072238101624,-848.5664703962393,-371.9760594428517,-64.88539428124204,nothing,-16.240008117213616,-11.613730398770914,-11.115457191651846,-1.4753737935761286
226.1581356525421,-1309.4343419359066,-843.3941887575202,-373.5393376243301,-53.1196690206416,nothing,-3.948686141134081,0.8658126930775953,-0.05554975410291085,15.73402370147281
226.25929307937616,-1280.087346983608,-824.279560083989,-340.7441549128853,-14.32942668022588,nothing,2.7601245475718406,2.909838791160613,7.981408636880811,21.625496676047252
226.359837770462,-1309.2697863378562,-852.1792137534358,-366.3774292091839,-62.51429770933464,nothing,-4.683580102267814,-10.668858733437634,2.3446310614650625,9.622839823225927
226.46057200431815,-1312.3252846016549,-862.3180825333111,-366.7028005053289,-67.33502875221893,nothing,-19.913889846122487,-27.87302515781099,-14.304047426971426,-3.334958988144332
226.5611109733581,-1313.4397747884504,-862.8454084270634,-383.3902341076173,-37.90575600089505,nothing,-22.45178898259031,-26.514538958701298,-17.19193491530489,2.5546235736737204
226.66212987899772,-1321.948047187645,-849.9203141801991,-365.0871637244709,-57.61128886742517,nothing,-6.835955715933272,-4.5632743728389515,4.779938625543004,22.632865400839478
226.76312422752372,-1274.0212292554788,-816.4706489765085,-326.40911838272586,-13.805840686429292,nothing,6.396010875354504,14.091416879223903,25.517279296829848,34.809763596915985
226.8638696670532,-1283.258782146033,-809.2189829624258,-327.3179140719585,-23.398684072773904,nothing,3.9178488054693426,15.187156055974024,21.004596616846428,28.699650245175196
226.9646165370941,-1332.318789764773,-857.3552352921106,-388.1960055506788,-64.7133588832803,nothing,-0.586250902516972,11.838620863890583,5.601721174679365,16.02283365601347
227.0656208992004,-1272.211117676925,-803.7250699275173,-344.94406256312504,-35.96848782384768,nothing,3.343835717019421,15.320358204578971,1.4469872124838457,11.583453655583405
227.16615223884577,-1274.6981511474587,-801.6157663525082,-335.283900977578,-33.54129275260493,nothing,6.229419092310709,18.414881229772394,3.9162688041690235,16.829274283372413
227.26670956611628,-1335.321929429192,-865.4334191964008,-406.97778312815353,-64.50392448576167,nothing,3.510255022773671,14.99274814786759,-0.06381796809074025,24.088542946558174
227.3681907653808,-1272.9890168677084,-804.0915801231749,-342.05311989737675,-14.340646380092949,nothing,1.3674886368579529,7.019623738655316,-9.741329750123104,25.32268188687023
227.4688222408294,-1287.0846998007037,-830.3643773118965,-372.4098878377117,-37.038099211175,nothing,0.45357894280221345,-2.1587546138826355,-15.307069893967183,20.11711699264725
227.5703473091125,-1327.1652076258324,-875.5610682764091,-398.6452860268764,-67.43974595097825,nothing,0.8598811527116554,-3.5919604044023665,-7.60886887321928,18.72475393315969
227.6711931228637,-1276.1230530305766,-809.5293946587481,-334.05347389215603,-14.838053074199706,nothing,6.443435826198174,8.957922085830726,10.30391185930988,27.15062420643825
227.77240943908689,-1280.025638634339,-805.6118494551629,-329.95267359074205,-23.241608274634928,nothing,11.771489305332597,23.339619422527914,20.13962635047994,36.69070389958742
227.8728966712951,-1316.9945496963337,-847.6483249571174,-391.1037777662277,-41.16694876225665,nothing,5.240035392294446,22.820661382889398,8.091550249722658,38.53446809179662
227.97387909889216,-1293.8408290706575,-802.0552045973018,-350.18553235102445,-13.173797593917698,nothing,-12.00403923025652,10.254276194578454,-18.181199388599545,35.39071252601693
228.07444715499872,-1323.2551422221586,-838.3097947677597,-401.2613460458815,-27.022647129837424,nothing,-22.636813411815353,6.455394620379649,-34.87220130454795,35.53508722538376
228.1752741336822,-1326.531294583343,-828.4177593849599,-407.9707265663892,-24.40471716085449,nothing,-13.513367062853396,23.898785440038537,-25.495382241591802,44.20676810133243
228.27587080001825,-1294.0951422676444,-792.7578133074567,-360.3917193301022,-11.131812218111008,nothing,1.9888552310150214,43.24517846492541,-6.213456179206041,54.690596740370026
228.37650036811823,-1292.5655231857672,-791.6395832207054,-358.4320117533207,-2.21589072374627,nothing,-0.7167533212414039,34.9236556882759,-8.020917851785143,51.16835450790042
228.47702574729917,-1318.2661156812685,-839.0577747588977,-398.553658477962,-29.461061900947243,nothing,-15.89510258265954,7.9628477420318164,-25.806209165003185,32.65714773036283
228.57795858383173,-1337.3470852551982,-862.7089020786807,-411.5872098235413,-62.30112341186032,nothing,-14.818964997993497,-1.4580838111403818,-26.75476707843154,18.472379970935783
228.6787765026092,-1277.7854385608807,-805.465993356891,-343.8314423263073,-31.701261974405497,nothing,2.604948507656318,9.097335037865804,-10.613742468961242,18.78843002853211
228.7794678211212,-1288.2702480866574,-831.5237462981604,-378.4778755158186,-28.514867212157696,nothing,8.636211579184815,11.034270974508214,-6.391604975250884,23.641369957321682
228.880096912384,-1327.292364224326,-856.8166896984912,-395.13912981841713,-68.38968053972349,nothing,-2.4534960611454455,1.407828551263849,-17.152872802478548,24.68417475522343
228.98062491416923,-1302.9568352126516,-831.4115492994897,-380.7031159894541,-22.082239288371056,nothing,-11.273015282164298,1.2156606971069888,-22.561460507586418,22.97507782470026
229.081820487976,-1300.297766344156,-825.2519340724684,-372.48655578680336,-33.23088105628267,nothing,-10.08350551272487,9.418224294473507,-19.96770573576965,20.498577886133265
229.18248009681696,-1329.1548344022594,-844.0374515498988,-402.0654245363549,-75.05792216071859,nothing,-6.343934339014569,7.1208847769737105,-19.869915488442512,19.128051847417332
229.28317904472345,-1299.5423065531068,-843.7270398535766,-378.7770675122738,-26.1063716406934,nothing,-3.6623981238876957,-5.080870303473477,-19.382523591119014,17.7562502788956
229.38411879539484,-1291.4042842495255,-846.4870860208757,-362.3215077072382,-45.38555591227487,nothing,-0.508642235267708,-9.790644049385307,-9.094222754985067,11.92776409404534
229.4853703975677,-1321.8096708892845,-860.9230998498388,-383.9156900513917,-82.8743130681105,nothing,2.4499884623756043,-4.773298410610951,5.8193642329329975,4.3249288793505665
229.58614850044245,-1293.1919564283453,-834.5268859625794,-336.5311576128006,-52.59608302684501,nothing,2.3034044151825084,-5.1353141933343815,9.779572178268776,2.6641528259916853
229.6874244213104,-1285.8916717148386,-849.9988520792685,-358.55542845185846,-37.74868020275608,nothing,0.3320200099910924,-13.395337491797559,1.4785120666906773,8.32267474577678
229.78816080093375,-1332.2944804150611,-879.8451236756518,-394.62489357450977,-78.53228921955451,nothing,2.8482843686358192,-14.004330292139414,-2.3295055583061295,18.230054513790122
229.88971114158625,-1282.8380434010178,-834.4389983136207,-343.5490798796527,-21.611011893954128,nothing,8.9000843186975,-4.286085970902376,5.221764507330704,27.422452237112882
229.99072170257563,-1270.0812446521595,-823.9971976373345,-338.41793714044616,-20.870511702727526,nothing,9.62807258325314,0.38674398639001295,11.492914081179396,29.11648187058191
230.0914494991302,-1344.5089936703444,-879.6394291780889,-397.5906342393719,-73.24781058216467,nothing,4.473537322787805,-3.4938388405027867,7.740744355525273,22.62640319790997
230.1921460628509,-1278.6343958508223,-834.6596524110064,-337.7036162489094,-33.48145435331389,nothing,-2.4036744388911484,-7.2189986252317535,-3.438444146667543,12.549987425144634
230.29286789894095,-1319.3170275688171,-847.6632845569402,-394.5687950751744,-60.412473934236914,nothing,-13.46636364718512,-12.358568523414634,-18.146359568169107,2.0981624633900022
230.3938164710998,-1334.7366350861266,-873.4461548514664,-392.6726657976397,-73.21041158260778,nothing,-23.75210595757517,-21.06300636926594,-27.313836874930075,-2.1473955256192134
230.49443817138663,-1334.848832084797,-875.5629382263869,-399.602700415533,-73.1655327831395,nothing,-18.308479130897755,-22.599623147826772,-19.72485780723231,4.882865786152153
230.5950052738189,-1277.3703096657991,-832.711164534092,-337.93922994611785,-22.826479379553348,nothing,0.03634675984634528,-13.839699900110137,-1.3626523563283934,12.918914383797791
230.6959347724914,-1330.129078340717,-882.6313491426408,-397.51583624025807,-81.11656008893624,nothing,7.952443959141949,-10.091925029822313,6.802740153180951,9.357527138749763
230.7964544296264,-1284.3153038835153,-840.682761289645,-342.5991452909075,-56.64826462883502,nothing,-3.9765026341260685,-19.83387412518803,-4.182115657173098,-0.3114062106986657
230.89772009849543,-1332.320659714751,-880.0526881231926,-391.0981679162942,-67.63235079869628,nothing,-17.05395749994377,-28.429596226370606,-18.7378986058016,-3.3831384357095757
230.998564004898,-1330.1814369400963,-877.105646958109,-404.2775753601454,-63.67927654553205,nothing,-12.386550462043104,-20.11188478431745,-17.107431171402705,2.470099385433691
231.09991598129267,-1284.319043783471,-827.5108336457051,-345.38911065785214,-54.99522884842008,nothing,3.4290769170274316,-2.3462861473606518,-1.9194693859301344,12.688489876724148
231.2001996040344,-1298.4521257160231,-841.9692868744023,-363.4752668435685,-38.13201994821429,nothing,10.994964333508513,5.714927686662534,6.863332117621168,21.41951575988333
231.30116224288932,-1325.035334601067,-866.6937654814683,-393.3121886900626,-57.2129895221442,nothing,3.4846753249442353,-2.618646723312655,-2.0828421067062104,20.464776746058863
231.40191221237177,-1286.4320872584358,-839.8151044999249,-360.9994530729018,-39.28764903452248,nothing,-8.713233003577333,-19.601906076877682,-21.344829738409956,8.18223648971156
231.5026943683624,-1322.4286243319511,-882.2367896973155,-404.70392395509407,-77.51316648162901,nothing,-6.327609039240107,-30.63764436485209,-30.77235699339983,-1.2778456402718192
231.6035199165344,-1305.243784035556,-881.6945042037405,-402.6694183791988,-65.89703721925616,nothing,20.877066308440774,-22.850518619533847,-14.084417110242516,5.014896155768428
231.7045936584472,-1231.3097018115222,-832.5634384858422,-328.56704065715894,-37.08858786057681,nothing,53.06267073415536,-2.1254521832900477,16.950687243466323,16.7637530573277
231.80556488037104,-1252.5448537599295,-835.8040617974475,-342.3803611434996,-48.246579378377646,nothing,57.52107671930343,8.590517007249273,29.985442378231827,16.244957493094237
231.90651035308832,-1288.6947267316282,-857.832072536461,-365.0067558754236,-70.61866091331467,nothing,32.6602509482371,-0.6909477873945407,14.844129354687372,6.448500916371323
232.0075187683105,-1290.6357348086312,-851.4443234121427,-360.44407792948186,-58.14983446104452,nothing,6.933940863133174,-15.351434856552578,-4.731448499299624,0.7766273226362825
232.10819840431208,-1310.696558170952,-865.1547966497019,-384.8357054404914,-59.65327424323186,nothing,-2.055822542314812,-18.201306132520855,-7.500387331925699,0.03621801394564672
232.20923495292655,-1308.6396131953225,-855.3749582655728,-364.857159877196,-70.65979981282726,nothing,0.07384279711596231,-7.49979929279516,0.9518558967466617,0.11180849351989774
232.310176372528,-1311.250063364394,-842.2591291209683,-364.7748820781708,-66.08216226706281,nothing,4.275690584424658,6.578641766312569,5.658448688030601,5.054594822857321
232.41091275215143,-1281.7459926139563,-817.5645697135478,-353.1437932159752,-30.37733739009127,nothing,8.358263947316383,13.893991397348918,5.460565532721713,17.878297224692012
232.51135683059687,-1322.4248844319957,-856.5605065515265,-388.28389319963753,-50.655074949841946,nothing,10.239121328702774,10.836221917987107,5.6163650468391095,31.05569049006731
232.6118705272674,-1287.744792142883,-832.3895331379026,-345.7126120040193,-25.680023045744747,nothing,4.099362746223932,-1.6556729029811792,0.23669505194734186,33.12560721719164
232.71235013008112,-1318.5615677777678,-865.4689482459798,-388.5868250960484,-38.01795299956575,nothing,-9.760416762715414,-17.951763143802157,-14.966060746691284,21.408211477267837
232.8130526542663,-1334.9647689834237,-875.6676554251462,-402.2299801344052,-62.03933041496202,nothing,-18.744012925432102,-26.167918793564546,-23.904689279706517,7.339827594585569
232.91357874870292,-1329.41475744918,-876.0117262210697,-384.4804149447009,-70.58500181371346,nothing,-13.321746933300629,-19.092651752439217,-11.310365007635705,5.298261874356301
233.0144219398498,-1278.6119564510882,-819.8795677861199,-334.0553438421339,-19.23617542209104,nothing,0.7169496113183789,-3.6828725674031513,11.585688543979934,16.748114686006044
233.1150569915771,-1330.981775530614,-872.9113491578028,-373.8403995707631,-66.03354356763884,nothing,12.940468451710881,8.449887780195947,23.926431208530765,30.205778131973315
233.2158081531524,-1278.963507046923,-816.8951276214793,-339.9120271727443,-15.88522506179288,nothing,15.773890793495799,10.456278952721597,18.9289879847679,32.607176578612645
233.3166337013244,-1296.369001440704,-845.7634153794497,-363.409818594344,-38.582677892874926,nothing,4.711177215412071,1.1473286061085646,2.286273829054662,21.431348493896138
233.417445898056,-1328.8724719556049,-859.3392522186041,-385.5874253315851,-62.26372441230342,nothing,-10.6027706481261,-10.418426446301694,-12.204853462140155,9.955658347875897
233.51830053329465,-1330.9032376315445,-869.9979670923203,-391.3992298627272,-62.435759810265154,nothing,-10.282897704980643,-10.355186025181744,-9.043105398676916,11.176567038552184
233.61957979202265,-1274.8570968955755,-816.8614685218781,-334.9641395313665,-18.551773730199784,nothing,6.515103939173526,0.631933725533669,8.956765923731291,18.822135469513913
233.72021269798276,-1325.2111098989844,-876.3894561165944,-389.7424541823566,-70.22597141796723,nothing,16.950967011064485,6.426109828880751,17.495713039197554,20.291464847725994
233.82121038436884,-1276.8822527215816,-819.4064704417251,-331.5309113720432,-32.46420156536624,nothing,7.99919011174888,-0.5550684231912821,3.5948686932997966,18.15111161144348
233.9218049049377,-1323.3766889707183,-860.7061856524087,-395.5430390136317,-42.95462094107643,nothing,-4.623187964679367,-6.656086654611878,-10.925759522597282,21.334214119489413
234.02314090728757,-1317.8565966361202,-858.436066379305,-388.8822771925479,-43.21267403801903,nothing,-0.8963249060103446,2.8665979195953755,-1.2253224137244287,26.90827339948458
234.1243722438812,-1292.0101480423473,-815.5319340876304,-334.3769752383232,-33.63105035154149,nothing,14.193090199180789,19.699826922228205,19.008797647621712,25.956194263165337
234.22479605674735,-1271.9418448801152,-807.9586366773583,-332.33124996256083,-35.13075023377314,nothing,22.840147509852862,26.374627483931825,22.763176854935203,20.86497588487624
234.3256170749664,-1311.0948575162329,-853.1815069415607,-395.2139278175309,-57.31209687096998,nothing,23.20776121630221,24.10777050189974,16.474640985452957,21.33464533638886
234.4268200397491,-1283.326100345235,-808.9721495653503,-332.9707728549838,-35.58327812841162,nothing,22.06491180216785,22.14195479225453,17.85905924817001,23.75482249869091
234.52756023406977,-1272.775842570234,-818.3592984541319,-335.72707912232727,-31.117837581317872,nothing,15.746667029200255,16.544488386347027,17.14693349839413,15.481005564265836
234.62879776954645,-1335.8567351228558,-870.9198524313979,-404.5748974066228,-80.67899179412052,nothing,2.689301973163632,3.434459153532428,1.7598978602426312,1.2948709203967481
234.72943758964533,-1306.4237224715762,-837.9825535216369,-367.4152514468879,-67.6043015490286,nothing,-5.586379105206955,-7.30844222520726,-14.381669148252424,-1.3422242577464987
234.829874753952,-1300.2472776947543,-850.4233307242393,-378.7602379624732,-28.54665636178106,nothing,-1.4053949085165747,-5.99852724847738,-13.363393530470955,8.101683617930192
234.9306740760803,-1320.5698940539733,-858.9615223230794,-391.0869482164271,-75.9611080000177,nothing,8.656341968883146,4.0675823494296806,0.9326208246159897,14.520105601282372
235.0312869548797,-1289.5362042216584,-826.0691022127867,-347.31515913503245,-41.44183140899986,nothing,13.374671913155888,10.853737719786935,10.06098113370358,10.858427133628151
235.1323018074035,-1294.99271825701,-838.1714184693992,-368.4792529842816,-49.134805617854,nothing,8.028696936926545,6.806389063413966,3.3925981473873414,2.6299443370253663
235.23297739028925,-1325.6561579937115,-857.1701102443039,-388.54755614651367,-85.57639078609645,nothing,-0.570751756484006,-0.7934585093229771,-8.955996306383016,-2.2311581620013543
235.3338999748229,-1304.4696247447282,-847.2257162621245,-383.128441110719,-45.81003455724567,nothing,-0.569102407925967,1.3795716746329192,-8.903387136895306,0.26320577841389614
235.4350218772888,-1295.849155346863,-818.8136962987483,-349.334705111105,-55.15604454651475,nothing,10.564619994745929,14.051001994499881,5.6262894194185185,9.19630812266709
235.5363180637359,-1298.766277312301,-843.8261472024024,-380.7498647389002,-48.061454330571,nothing,21.714087988750624,23.22832425921832,17.608168072897453,19.322188541248202
235.63723063468927,-1290.493618610315,-826.7385443048552,-344.2147820717655,-42.49274329654872,nothing,18.723326759694245,14.729213237332617,10.629868393705987,21.56018485624216
235.73752808570856,-1300.7259848890826,-844.9331575892866,-382.6347743165679,-33.86105419881642,nothing,1.1109056263340882,-8.424168279676204,-10.419867367620661,12.095442725370386
235.8381927013397,-1330.3085935385898,-883.1642848863266,-403.3257708214224,-70.40174671588466,nothing,-13.591982441734135,-23.81583921762914,-22.896378941312864,2.369112598223889
235.93836140632624,-1340.3128259200605,-877.2028843569569,-400.3375907568261,-72.12210069550201,nothing,-12.645271329959403,-17.519822660011023,-17.54007328920351,3.7088086636411015
236.03874659538263,-1286.42834735848,-824.3356585833244,-354.2059248033911,-18.510634830687195,nothing,-5.799102400292696,-4.60203551608943,-9.894927082060784,8.73530284909517
236.14010620117185,-1330.2487551392987,-863.8813607147895,-400.69662115257233,-74.8297882634215,nothing,-4.504537013667038,-2.266965266720508,-10.761242528523965,7.641228040607024
236.24057507514948,-1333.1920564044267,-870.0596754415892,-408.2998377624899,-66.60200836090371,nothing,-4.693068602139332,-5.260964743187575,-15.229342062169884,4.174359073363263
236.3422229290008,-1285.897281564772,-826.7179748550989,-358.0355823580176,-34.54732584068552,nothing,-3.696152154326648,-5.953721362175605,-23.794602865994577,1.5850153223424508
236.44343423843375,-1328.4760425603015,-866.8284018798731,-428.9440855178982,-70.4989841147326,nothing,-4.418458229245768,-6.799352088653217,-35.25525060255087,0.04019505529911349
236.54451489448545,-1317.7238301876932,-857.362715092022,-412.7241394100711,-61.77379751810804,nothing,-0.03545993802608427,-4.218030396094463,-30.362884017352602,7.482930859837157
236.6453166007995,-1290.9947652043777,-834.9719340573065,-360.3281410308555,-29.367564402054995,nothing,14.172194893508903,7.403175465421748,-1.6961535509303967,24.770523705771588
236.7459561824798,-1284.7566120782867,-829.6463165204041,-354.6846319977194,-14.636098476592451,nothing,24.301765581565235,18.788838887598207,24.538631717591528,35.369829022352306
236.8466231822967,-1293.087239229586,-827.0433461512439,-341.8006766503677,-43.75682948157191,nothing,19.30288092104733,18.414141116083808,26.141808111821963,30.74714301591675
236.94752907752985,-1309.7148344325833,-848.0428844024427,-377.2848474299535,-34.89326658658683,nothing,10.187723452943736,10.624430557350614,14.000281127992292,21.86661636776035
237.0484976768493,-1287.2941341982223,-828.4794677342288,-341.3556285556406,-34.12284719571471,nothing,9.044418299382738,3.9927040716973687,5.478162917583953,15.507605005098956
237.1495718955993,-1322.3182972832583,-871.7127112220041,-407.98942606616765,-71.1104577574879,nothing,10.191045261688652,-2.9450520711474115,-0.3292869815177789,6.893106795175905
237.2501101493835,-1276.4858233262785,-833.1917416783981,-342.5112576419488,-33.4982839031145,nothing,7.277298790147511,-10.527749996304127,-6.2785760734648095,0.18858686345297926
237.3511543273925,-1325.3812753469683,-875.7443233742379,-404.92270810250193,-74.08367822226137,nothing,7.2657550812767555,-9.616921337046461,-4.034438924790893,7.399664552784772
237.4519851207733,-1306.3489244724624,-855.7021995116957,-374.1807304667309,-38.54714884329587,nothing,11.379141642033616,0.13956212574715998,5.356149895031875,20.577247954748742
237.5525135993957,-1274.1558656538837,-816.1976362797432,-338.91347388457507,-20.408634058199823,nothing,7.069713742670391,2.9869367905832487,4.633966916865195,16.77529992322937
237.6537997722625,-1337.4274931042455,-874.8841463844292,-401.2688258457929,-71.3647709544748,nothing,-4.969278396230169,-6.745458105728229,-7.9511267869827105,-0.10075804671627653
237.7548694610595,-1330.3516023880802,-874.2184441923164,-404.2607458103448,-75.28418610803783,nothing,-8.132258365946395,-16.17689340567272,-13.139653953889912,-2.1080795764744282
237.85598564147944,-1290.929316955153,-842.7901949146762,-351.5524657848291,-27.45086567476392,nothing,-3.534279657813002,-19.716407219017707,-8.026208766631786,10.478313948825917
237.9569947719573,-1324.023691663053,-881.7262933533639,-392.3024157020264,-49.36667941510677,nothing,-5.782533551415629,-21.93301794992874,-7.610793069233855,9.749438921179923
238.0573403835296,-1330.426400387194,-873.5658316500485,-400.11880660941824,-71.073058757931,nothing,-8.20718676837982,-18.480801609296513,-10.201508287556798,-4.500548725606604
238.1582345962524,-1301.8386051259004,-847.7530421558768,-362.480453455355,-66.37574441358447,nothing,3.916664117134895,-6.171318002438706,-3.3775268938184424,-4.900071913193841
238.2592470645904,-1283.9618833377026,-838.4930498655885,-364.1634084354155,-33.52820310276002,nothing,18.053167774140242,1.562555799938015,6.426274670055671,10.162844980484078
238.3600907325744,-1316.3681164537556,-871.3705103760585,-397.07078814553097,-52.8036474743858,nothing,11.583811981293751,-5.892596671716862,3.409411071831318,14.116944874288523
238.46064782142636,-1304.714588191826,-850.5467474227771,-349.4132430101745,-56.01622153632343,nothing,-7.879820837987389,-16.718693350265585,-8.194520167433684,0.9130798608891126
238.56127095222467,-1325.7515254425816,-862.0282402867451,-401.7157438904978,-54.14627155847848,nothing,-9.368725008244834,-11.509602946102701,-5.483150134158113,-4.351871648774992
238.66198277473444,-1302.3696709196083,-845.5053622825071,-358.35908370418474,-57.13071172311902,nothing,15.660733606028161,9.673363743437527,18.227366486685646,12.024403412325931
238.76283216476435,-1270.8535339930097,-821.9477324616164,-335.2502418779768,-25.165786801837385,nothing,36.2246390264417,23.664628462870397,34.63254312341334,27.92449578380653
238.86423850059504,-1273.1647921656258,-820.2086789822206,-340.9218001607805,-21.775567492004484,nothing,24.42826286667555,13.448065136884388,19.294336479912097,19.201480040643826
238.96501040458676,-1333.923206845764,-874.2726727416739,-407.70145376957953,-79.2802692106925,nothing,-3.102089725817841,-6.530976522250628,-6.534111040555629,-1.9097422963341848
239.06596374511716,-1324.7529721544124,-855.4422764647752,-377.9206304224208,-63.49789139768109,nothing,-11.599995278049716,-10.838896108162912,-7.7452279392395464,-6.487044263315864
239.16670536994928,-1278.7522026994266,-827.3406681977212,-339.70633267518133,-18.903324326034635,nothing,3.3540482705210515,1.7591446625003788,11.986822175616881,9.22041831252329
239.2673788070678,-1324.6557347555645,-859.2494946196675,-381.6605303781107,-64.7544977827929,nothing,20.218757459667433,13.009804517872313,24.138894560744454,25.420815741462174
239.3680837154388,-1273.4078856627457,-824.7227382287383,-344.426086419262,-14.976429372560233,nothing,24.807339760760193,13.612877041398988,19.233255560352085,27.664545035701014
239.4685814380645,-1275.876219633501,-819.8833076860756,-350.96343154180795,-17.646717940922827,nothing,21.25976117939008,12.577204288415897,11.980122063313708,20.41790605156826
239.56924200057975,-1311.4277086122893,-854.2492483789101,-381.11824488453567,-67.28641005279496,nothing,20.524781346776845,20.74225468472873,15.358571254928734,18.46247268656627
239.67008519172663,-1288.50212188391,-805.1705412603915,-352.5341895231977,-18.33859943272546,nothing,21.827808962708346,29.35961766882016,20.270627671908812,24.226768050719958
239.7704694271087,-1276.093133830931,-817.8899410096928,-347.55264278221875,-20.245948410127312,nothing,13.161433831997801,19.796710438226494,8.751509884554983,22.913575274183145
239.8708083629608,-1327.9618063163944,-858.5950121274218,-402.20380083471537,-57.717876016162336,nothing,-1.6446828132451874,-1.1671627437245229,-11.392604417997871,11.066772541239708
239.97153663635248,-1325.9796593398787,-866.0486327391118,-402.8620232269168,-54.935390449129045,nothing,-2.0577317616258624,-6.045743803688294,-12.698558149575545,5.722234893054735
240.0720400810241,-1267.4801442329772,-811.1506412895396,-334.07030344195664,-21.055636750534177,nothing,11.351317800142363,7.180437656709179,5.307391427230557,12.414642061800372
240.17292571067804,-1326.6304019321688,-864.0739655625075,-401.35110364481807,-61.37923807278276,nothing,12.578687529547267,10.461295437144571,11.666939268959421,13.434668457520594
240.2736377716064,-1303.4804212064482,-838.5341887651011,-360.22342383209616,-48.32324732746929,nothing,-6.5253923494742505,-7.158928845306373,-7.067661616008455,-1.4902624283664125
240.3741927146911,-1326.3686089352705,-868.1841156138107,-402.17014173511416,-59.89823769032955,nothing,-19.081407532506066,-20.525653398987874,-24.147135989158564,-15.241671536959263
240.4747273921966,-1326.0918563385494,-867.6455700201914,-401.83729063905776,-79.09140426293015,nothing,-0.7768065746374684,-6.172489241392719,-9.789533704517893,-5.892375964518093
240.57545399665827,-1266.806962240953,-809.2694716118276,-334.62754853535444,-24.18967291340232,nothing,32.3324819348939,21.82500445416689,25.211026329178246,19.44910311530559
240.6760222911834,-1270.1130338017829,-821.9963511610404,-339.47445887792856,-16.9716659989208,nothing,41.36308831423906,30.461030641140066,40.98738496645765,30.536428555952142
240.7766592502593,-1292.2420218396,-835.9199986960739,-358.9892568467185,-47.68372443504632,nothing,17.400271156913746,12.908230236886705,21.46911817884665,16.11291213361143
240.87745499610892,-1324.7641918542795,-852.8336962456815,-377.25305828033015,-53.85268941195682,nothing,-6.860315533190931,-5.836877738487143,-6.277652766476466,-1.7698458556133114
240.97823810577387,-1304.5949113932438,-847.6576747070067,-390.8625542190857,-48.7813850720413,nothing,-5.4417713643622045,-6.312633965848428,-12.481781444736182,-1.9771650658505182
241.0787093639373,-1318.5858771274798,-856.4240002031438,-390.51474352320656,-53.17202762002125,nothing,7.520329346046468,2.97805094042238,-2.7315283928114678,9.698682097576242
241.17922902107236,-1279.0326951961033,-824.436635882128,-349.7797532058321,-26.52898033568636,nothing,8.960690057991314,5.743244470763551,1.2429726753348298,16.276290203898444
241.27969980239865,-1316.6186897507869,-849.5313645848073,-393.1251936922781,-45.58377060992643,nothing,5.291588828854256,3.5858117724031127,-0.25882931347062527,13.301747252837718
241.37998890876764,-1313.4883934878744,-853.8509490336291,-387.7659170557745,-47.12086949171498,nothing,11.411356532004781,6.281782187125791,3.869257600363567,7.082403773794203
241.48096919059748,-1267.4016063339077,-816.3883711774834,-340.86757161142305,-47.1507886913605,nothing,15.698598075227105,9.99169559320879,4.62075119185486,0.628058055636735
241.5816700458526,-1314.9806135701947,-842.5265319678001,-396.479883952532,-61.99445161549375,nothing,4.3883877483012155,8.484650346955974,-6.987992425004279,-6.085495905698474
241.68244099617,-1320.089316909667,-845.3912953338586,-398.4321117294021,-53.80781061248854,nothing,-5.522917454247456,10.080005961750231,-13.412501832429717,-9.283621532197992
241.78290987014765,-1319.2889783191497,-829.8856701175682,-382.7694107149728,-81.80470168078318,nothing,1.3195659443714474,18.289475174335813,-3.6098603362107458,-8.213758069173752
241.88341784477228,-1270.1504328013398,-804.6413454166614,-347.2422310858965,-32.52403996465728,nothing,7.9732315276681796,20.008587177567442,3.7527856438455314,-9.120508005737886
241.98395037651056,-1325.8038840419613,-850.9188674683683,-397.4503879910335,-75.6824854533188,nothing,1.749041627933829,12.714618215424768,-0.8902685809796304,-11.522561803171676
242.08518099784845,-1331.3576354761608,-845.7017070301808,-394.83245802205056,-76.5389225431718,nothing,-2.932422852517327,10.359533078340094,-3.0843946012617924,-8.015135114982925
242.18569374084467,-1274.0212292554788,-804.2149968217127,-342.6384142404422,-27.10866482881829,nothing,-0.1741309548341623,13.5192700501242,-0.9369910633574308,-2.4953318289755497
242.2860264778137,-1329.2371122012846,-855.7956970105879,-404.2383064106107,-62.20388601301238,nothing,-2.5956285597669266,9.81027228836594,-6.113650057562247,-3.887409132839692
242.3869414329528,-1326.42096753465,-844.9537270390429,-392.330464951694,-77.88154662726447,nothing,-9.892990939473371,0.48963443281875496,-12.262688211525004,-7.540885365262309
242.48752903938288,-1305.6196439811029,-840.79121838836,-372.8605457823724,-36.04328582296148,nothing,-11.571981897502395,-5.305712743997717,-7.766420732322082,-8.289825448098133
242.5883951187133,-1333.575396149885,-868.0438693654723,-391.23841416463256,-75.5366293550469,nothing,-13.259039414979256,-11.075577630724151,-4.580727401561973,-14.177125980225426
242.6889526844024,-1327.8907482172365,-861.3831075443886,-390.1089643780142,-78.13959972420707,nothing,-23.86218865434147,-21.55608617988594,-16.398855987350167,-26.264482873003256
242.7902038097381,-1330.680713584181,-860.1863395585679,-391.1935353651643,-74.44457856798545,nothing,-28.986955000592395,-22.896925376773694,-25.25659004413387,-28.208282441198406
242.89075374603263,-1336.4775585155005,-865.5138270454481,-408.6065095588565,-67.99138119444251,nothing,-9.928581016485598,-0.2888221940994513,-6.2993455637918885,-11.924066568168627
242.99178719520563,-1280.2257232819684,-804.6170360669494,-337.29783710371703,-42.81811459269375,nothing,18.481192539409506,29.57005607767601,24.47001438594278,6.207196112906979
243.09236955642692,-1277.4170584152453,-802.5039925919846,-340.14390096999705,-37.387779857032,nothing,22.86069165340419,33.66686122975684,27.683100662026675,8.143874487091132
243.19394707679743,-1313.5856308867224,-844.1627381984144,-388.1754361009225,-52.927064172923565,nothing,1.9228774199663874,10.707180277693013,2.304081765930304,-1.3413022045651768
243.2942538261413,-1340.3184357699938,-869.0592522034422,-404.0550513127818,-73.4404154298827,nothing,-13.242196036592144,-8.455345644508562,-13.84057342706183,-7.16943983070138
243.39515304565424,-1273.6472392599098,-810.9973053913563,-340.3159363679588,-27.996891068294644,nothing,-6.261487828454577,-5.624847752068341,-2.190604787010348,-6.837211788177473
243.49627041816703,-1336.1746266190894,-873.4311952516437,-401.17906824685633,-76.51461319345981,nothing,9.84160933221887,9.154142371600013,17.51336724903073,-4.461623315716489
243.59714126586908,-1275.9210984329693,-814.4043542509899,-336.4264404140413,-44.48237007297576,nothing,17.89555830351797,18.726984233891972,22.28739642107693,1.235967309590483
243.69779157638544,-1284.2199364346452,-811.0721033904701,-350.74277744442225,-36.95395146217197,nothing,14.318323764780068,17.209572002576824,14.076113356739713,8.51537441153119
243.7984311580657,-1315.8146112603135,-853.4264703886583,-394.7800994226709,-38.46113114431501,nothing,7.997215366468375,13.62663654669797,10.895134572500744,10.559302498434844
243.8998355865478,-1295.2657309537751,-821.4521957174875,-345.51813720632344,-46.42898799991235,nothing,7.216769584426136,17.196990130274628,16.91753744953842,8.422495162048843
244.00046730041495,-1295.5275239506736,-814.6754969977774,-354.6135738985613,-41.19312806194648,nothing,7.400848294516742,20.626870455708215,16.044790536081734,8.132916610004912
244.1013951301574,-1308.725630894303,-833.8836231702007,-382.5543664675206,-33.432835653889924,nothing,-0.16972638997486666,12.636278954961302,1.8575869457598289,6.725566527344152
244.20435476303092,-1332.4141572136432,-865.0893484004773,-404.6870944052935,-67.32006915239617,nothing,-12.068583786942167,-1.1308748701050764,-10.006215311500089,-2.25254704535471
244.30573320388788,-1299.8321487996727,-813.5423073112033,-346.2025388982147,-44.26732582552359,nothing,-15.979761846381146,-5.1706246327680905,-5.9237472521490595,-13.136178214877622
244.40657973289484,-1334.9647689834237,-868.2271244633012,-397.36063039209694,-75.29727575788274,nothing,-6.652961259694383,5.355136052660061,11.490971084511624,-12.80409393027973
244.50725460052485,-1295.811756347306,-823.3969436944462,-344.3924273196608,-48.09324348019436,nothing,5.7100598237411475,16.406004302970548,28.739785826695176,-1.7274456774979403
244.60861778259272,-1294.1213215673342,-817.6935962620191,-332.9745127549395,-44.12894952716306,nothing,6.574114526768086,10.124975134992155,30.45591754804502,4.339160838886194
244.70993375778195,-1308.0823681019249,-858.5632229777984,-367.5012691458687,-35.044732534792274,nothing,-1.0155578065726618,-6.753068792847559,17.274259120928175,0.47784682335489714
244.8134787082672,-1321.3664927445352,-865.2763433982618,-379.7494415007532,-74.24636387033388,nothing,-1.0206856507313513,-8.904398853906514,8.721202274740387,0.23383760613930926
244.9149646759033,-1292.4776355368083,-825.4557586200535,-352.74362392071635,-28.518607112113383,nothing,5.1114045193091,4.720195052980403,12.953725841023697,6.521141455272739
245.0151917934417,-1294.9010907080956,-827.198551999405,-359.41186554171145,-31.798499373253435,nothing,0.4443696966973194,8.680360389354007,13.979139991216545,4.1354874761589
245.1158211231231,-1341.029016761575,-865.7756200423464,-397.4429081911221,-78.25553662283346,nothing,-13.254945096698263,-2.969736566525478,0.8573439776764296,-8.724667078805446
245.21659612655637,-1313.383676289115,-841.1072399346158,-366.29702136013657,-59.09602914983407,nothing,-17.41050131037963,-9.406465104456652,-14.317267394977373,-16.25156550576551
245.3175282478332,-1313.581890986767,-844.8359201904386,-415.03165768273175,-55.06815689755604,nothing,-9.875907799015318,-1.9846658785540905,-16.059677107953952,-14.822137096413556
245.4189357757568,-1314.965653970372,-840.3256008438766,-374.9287104578689,-64.07009609090164,nothing,-3.9208973820135427,6.754797843923807,-5.930517959599035,-12.558307291196012
245.5196869373321,-1305.268093385268,-827.5575823951513,-371.4019847996533,-63.11268170224503,nothing,-0.9089295653237217,10.609672406399326,4.9033654564232805,-6.433389000938058
245.62084865570063,-1297.2647074800916,-829.334034874104,-363.7239701906219,-26.4018237371929,nothing,8.351350810812681,16.71117030013203,13.658829668637997,9.591151123247707
245.72171497344965,-1287.7653615926392,-818.6154816010967,-364.7150436788797,-31.23377447994426,nothing,20.174606984993353,24.66355666058063,21.85668983600742,24.03833883802351
245.8226344585418,-1289.3922180733643,-821.988871361129,-356.1768520800397,-31.93687567161396,nothing,19.731601503497462,22.88121865431808,20.87061514935183,20.67630828391967
245.9241387844085,-1277.7611292111687,-810.8420995431952,-347.6741895307787,-19.466179269365966,nothing,7.953819645414428,12.980233510341229,6.299200597297204,6.011560231606095
246.0255839824676,-1332.8348959586583,-858.3500486803241,-418.3283794936724,-76.7390071908012,nothing,3.1909999834126856,13.558195037570872,-3.842125806888006,1.421684803078025
246.12608242034904,-1282.417304656003,-799.8991522728465,-356.01790633192286,-28.93560595717281,nothing,8.816661042864666,26.445406069136126,4.345487403228438,7.81433315236614
246.2267296314239,-1281.5234685665928,-804.8769591138698,-353.3438778636046,-21.48572524543852,nothing,8.952169767014851,29.39810266612733,15.584300736248355,7.197050247382505
246.3278517723083,-1325.1755808494054,-837.0326189328916,-377.0211844830774,-71.17403605673462,nothing,4.28943449531761,17.898582706332288,16.34786336387964,2.518708647583313
246.42830920219416,-1281.1868775705807,-822.0057009109296,-350.4379755980335,-23.538930321112275,nothing,12.494607313165373,15.517652755915314,19.313954746128317,14.250567370774426
246.5287954807281,-1280.9587436732836,-819.4476093412377,-356.6611691243015,-15.842216212302446,nothing,26.12862860042853,26.158625325558187,28.837189399728466,32.64606960876849
246.6298012733459,-1286.228262710851,-813.8751584072597,-351.8815769809298,-18.377868382260203,nothing,15.061971535680653,20.123321823781662,19.939306929564466,23.144160049297394
246.73077630996696,-1329.6522410963662,-855.1262549185194,-392.5155899995007,-68.02130039408803,nothing,-19.868611900348263,-11.222715215345966,-16.306684737574464,-13.266283479075168
246.83128714561457,-1332.8535954584368,-869.9063395434059,-418.9903417858295,-75.66939580347389,nothing,-36.22357504780979,-29.53165148804934,-40.84279493478876,-32.163243136092696
246.93283939361567,-1329.1193053526804,-861.7982364394702,-413.0700801559724,-63.87562129320577,nothing,-10.008738421936588,-7.703886491277975,-19.724827484425784,-10.427488487417449
247.03422498703,-1272.5159195233136,-804.2075170218013,-347.6367905312218,-23.60437857033685,nothing,24.51332792392249,22.25132763965704,18.01307640076927,19.085281834410168
247.13656783103937,-1267.8223450789228,-819.3466320424341,-340.807733212132,-25.22001535119489,nothing,22.726407173468836,17.205227162050235,22.499180208188893,17.13332934646727
247.2375662326812,-1328.0459540653974,-868.6011144588701,-407.0525811272673,-58.46772595727816,nothing,-6.448752269284199,-12.33482338641958,-2.042159980400698,-6.758885329045226
247.33961772918693,-1334.6506173871458,-870.3065088386647,-393.9479716825299,-77.37292023329064,nothing,-21.218528267327766,-26.391417350234793,-14.733596802214032,-16.100173882353563
247.4408226013183,-1276.5849306751045,-827.2340810489841,-342.6963826897554,-20.38806460844353,nothing,-9.51191390500975,-15.493367328950402,-2.8612720543259957,-2.2204553145223156
247.54116964340204,-1333.0349806062875,-873.305908603128,-408.6158593087457,-58.06007686210796,nothing,7.361372501411528,0.27999834510841026,15.035179061562165,13.196621245427465
247.64184641838068,-1279.614249639213,-821.4559356174432,-338.9639625339769,-27.265740626957268,nothing,13.34602555310541,6.7973054349258435,23.972838525189275,14.700684203867489
247.7422394752502,-1273.4546344121918,-819.2306951438077,-329.1392453503795,-27.23956132726744,nothing,10.460053186877417,5.016906801676031,23.469791554887173,7.388656497985765
247.8438098430633,-1332.702129510231,-872.2662164154463,-402.2131505846046,-63.221138800960034,nothing,5.472576786660654,0.2864919211370778,20.269257521885343,2.3499131371586346
247.94442605972284,-1278.5390284019522,-819.0848390455358,-334.5770598859526,-35.37197378091514,nothing,-0.9301528853888138,-5.117854447923993,16.60490186716014,1.1565269953014055
248.0457458496093,-1318.5372584280558,-856.083669307176,-367.0319117014296,-50.144578605890274,nothing,-9.602163274775844,-9.608256146760395,8.61697257579493,-2.2656995890699063
248.1467974185943,-1317.8865158357655,-852.6766204475425,-387.7659170557745,-51.55452088918537,nothing,-12.62986926093955,-7.470841794573641,2.113211986141194,-6.931853966498719
248.2473948001861,-1314.9132953709925,-839.6393292020075,-375.5327043007128,-63.64187754597515,nothing,-3.633750650605678,2.4912839677181617,8.328980591212387,-4.866517048666707
248.34803247451777,-1279.5936801894568,-813.0785597166978,-336.97059585759416,-33.02705650869757,nothing,4.998659674408175,9.028618745580308,18.294507573534023,2.1857888671855745
248.4484207630157,-1319.438574317377,-858.8362356745638,-391.9733045059256,-42.22721039969474,nothing,-2.5573662143380944,3.0762886694268854,11.284981212892284,4.532069101060215
248.54902672767636,-1319.475973316934,-834.9270552578382,-372.9259940315969,-54.99896874837577,nothing,-19.423980591793672,-7.972931715900334,-9.94147495505486,2.7915648704210576
248.65012240409845,-1322.3856154824607,-845.133242236916,-399.47928371699527,-30.887833734042943,nothing,-25.82889977081298,-9.258284506455992,-19.779833796387916,5.377146733422213
248.7508671283721,-1329.7532183951698,-848.0728036020882,-397.9010459356941,-41.78590220492333,nothing,-17.61875855255755,5.975560817733639,-7.795049645942038,13.34421877196263
248.85181784629816,-1305.107277687173,-793.1710722525604,-364.615936330054,-13.142008444294332,nothing,-8.18199156757182,31.976478942502858,5.606632937195201,25.20156801799658
248.95291757583607,-1299.57409570273,-784.178482809104,-362.73102675238624,-8.0407849047333,nothing,-5.974738864041483,56.54939244933387,1.3646160548156756,45.52630674974038
249.05372691154477,-1328.842552755959,-781.7363281380385,-421.0024079619907,21.841015741229057,nothing,-6.815524226972733,67.9750517173564,-10.917783636642277,69.14658012784895
249.15478754043573,-1297.2628375301138,-769.1927036866546,-371.5347512480803,23.31453632377088,nothing,-9.803066276798475,57.63816122691721,-15.983241500314753,70.12182103007144
249.25575208663932,-1320.655911752954,-814.7559048468247,-399.30724831903353,-7.835090407170355,nothing,-20.052178444723772,27.433955139597046,-18.60957888562218,34.13418676048181
249.35658288002008,-1339.6620833277702,-843.1080864109099,-410.0407611918636,-52.137945282273,nothing,-30.94527608553733,-3.248769847881754,-24.725559331063877,-7.563687634325998
249.45762801170343,-1330.0991591410711,-853.6658239858225,-399.7672560135834,-78.7398536670953,nothing,-28.047293219968783,-14.137576508412941,-24.372142286830375,-12.574664596380373
249.55842065811152,-1309.8102018814534,-846.4814761709422,-391.2253245147877,-20.808803353458643,nothing,-14.555845092417973,-9.78666048663171,-13.140174870458097,9.57849361438672
249.6596400737762,-1313.8941726330668,-848.6805373448879,-387.5714422580786,-31.923786021769047,nothing,-9.223831331055962,-12.183456770601804,-6.212698444020612,12.031209081788784
249.76052618026728,-1319.11507297121,-867.6193907205015,-386.5915884696879,-72.4792611412704,nothing,-18.161172451530117,-27.86734501267456,-14.960001684438463,-15.59504982276463
249.8608744144439,-1331.6269082729705,-879.4580440302379,-413.7657015477307,-86.9134050202556,nothing,-27.861550094503663,-39.5257217919355,-26.911304605965437,-36.61698367792799
249.9615664482116,-1316.9739802465774,-864.6218609060161,-395.51872966391966,-62.005671315360814,nothing,-25.49211829877821,-32.66698310093176,-23.54291741281685,-29.318740330445515
250.0626182556152,-1332.9171737576837,-866.8396215797402,-398.0730813336559,-78.80156201636419,nothing,-12.36252150460547,-15.033049404792909,-5.978043190653503,-11.758403110409802
250.16340112686152,-1267.7980357292108,-813.9836155059747,-336.67140386113897,-21.40905729634688,nothing,3.074087759629527,-2.3235425945557955,11.900789822926441,-1.7096620279214512
250.26412129402155,-1315.3845227654092,-864.3002295098267,-392.8447011956014,-70.15491331880912,nothing,13.92651869651532,1.3372416224755168,22.880504897957056,5.0298239026560205
250.3649990558624,-1277.4507175148465,-827.2565204487182,-336.0206612688489,-32.546479364391416,nothing,13.730565434560333,-1.514078299427465,23.659813307567063,8.579439357153516
250.46623802185053,-1284.0067621371709,-837.9601141219027,-357.8093184106983,-28.600884911138564,nothing,1.0933414380070163,-10.01754514586453,11.904606382074283,-2.3628014676682625
250.5670764446258,-1329.8766350937076,-866.5030305837281,-394.59871427482,-89.07880709460005,nothing,-11.786554139127947,-18.525016043386213,-2.2333838167438467,-21.488410342180746
250.66808366775507,-1321.574057192076,-868.0251698656939,-397.5307958400808,-84.9088186440058,nothing,-12.870599339364011,-19.271559320254557,-4.897830992339875,-27.23295055546248
250.76917076110837,-1269.6866852068342,-815.9470629827119,-332.7220695079304,-30.53067328827456,nothing,-6.372608587390253,-12.931119542035088,2.531577076951362,-18.14939272165005
250.86996221542356,-1333.515557750594,-870.2560201892629,-406.2615922866389,-88.54587135091424,nothing,1.6418278311430836,-2.1551905784291634,14.015372055903928,-10.307070957599207
250.97050809860224,-1277.7012908118777,-816.4463396267965,-337.91866049636155,-44.51228927262128,nothing,12.090346789761531,11.16121360428333,27.99876619214733,-8.086873358110678
251.0714788436889,-1275.7041842355393,-817.7253854116425,-336.73685211036354,-54.894251549616456,nothing,15.561281135799524,14.13427969554706,32.174232790447284,-6.929983026791305
251.17237710952756,-1305.8402980784886,-840.1423457460478,-376.3723118407652,-51.89485178515315,nothing,-1.8372262756960298,-4.315549075651878,11.216390553731415,-8.779768049631109
251.2729654312133,-1337.2704173061063,-874.2764126416296,-407.6528350701556,-77.61788368038833,nothing,-29.16921472780687,-26.757750755057785,-22.559714190625133,-14.63342769856076
251.37375283241263,-1317.4078086414374,-843.601753205061,-391.60492436029017,-39.1305732363835,nothing,-36.925967482443205,-23.79531226280083,-34.98036873105573,-15.928390595660176
251.4746258258819,-1335.7370583242737,-853.3404526896775,-419.6728735277429,-77.99561357591301,nothing,-17.07991829518552,2.446467361259815,-13.150165479262414,-6.869855766791753
251.57527089118952,-1289.9419833668508,-802.5301718916744,-352.9119194187224,-39.71773752942681,nothing,3.410864603964648,18.79934328596642,15.102541753685802,1.6746852367091738
251.6758754253387,-1283.8160272394307,-823.870041038841,-340.6113884644583,-38.34893414564431,nothing,-0.9258915410787798,8.686702459174748,17.592964390527566,-4.15049195756702
251.77656579017636,-1338.3101094937883,-860.8913107002154,-413.6591143989936,-78.67627536784858,nothing,-17.745245508416147,-6.514583018268415,0.8972962201012935,-15.04279818933623
251.87788844108576,-1308.7443303940818,-826.5066705076024,-363.2359132464044,-55.13360514678061,nothing,-18.158354930796936,-4.151665400738308,-6.053446888902143,-10.136748666732425
251.9784269332885,-1297.0234839329496,-825.8559279153123,-376.0114114950411,-41.83826080430299,nothing,-2.803612833382828,8.428366072936427,2.687072702399823,5.145183920314578
252.0795803070068,-1298.0781357204542,-827.4266858967021,-376.95012638391927,-35.55148897878826,nothing,4.421004382747713,14.75522458307909,10.981305244338365,6.617796173199335
252.1803541183471,-1295.7444381481037,-818.2788906050846,-360.6366827771999,-56.80160052701831,nothing,-0.9102646281882392,15.610165337791878,12.526096316556945,-3.5901814463828328
252.28165817260737,-1304.3574277460575,-812.8373361695558,-362.312157957349,-50.74296259880066,nothing,-2.109531784864444,18.03747056568905,14.198258451797889,-0.12438754449213496
252.38224005699152,-1296.1932261427864,-824.834935227409,-372.1368751409464,-33.84983449894935,nothing,2.205582691208789,17.28188856412479,15.726447382916351,15.962475122229884
252.48320865631095,-1299.779790200293,-827.2583903986961,-367.80233109230176,-22.89566752873361,nothing,-4.556809526894277,6.256842907977068,8.604397796438416,15.48857831872603
252.584332704544,-1306.6462465189395,-827.9128728909418,-361.9007689622231,-55.82548663858324,nothing,-20.098257349175547,-5.159382274414666,-2.4605877810018386,-4.309268241119403
252.685082912445,-1342.5044072940946,-854.2529882788658,-412.9691028571688,-66.19622921571136,nothing,-21.589925127671044,-0.3360699137268812,-0.8273436261398945,-11.793310131726269
252.78570985794065,-1299.2075855070725,-819.8346889866516,-355.24374704109505,-56.62956512905657,nothing,-10.57991493709175,12.288156704463148,8.17407019516485,0.13637120706040806
252.8863189220428,-1294.691656310577,-809.4602065095678,-367.62281589442864,-19.93553671380505,nothing,-14.594326851959558,6.940072915671272,-0.9840117853348325,0.8399811676794986
252.98709893226615,-1344.656719718594,-858.3257393306121,-413.5974060497247,-81.66632538242266,nothing,-32.20239414003034,-11.953020127247951,-23.776209236715925,-15.857095353444635
253.0878670215606,-1336.8739879108034,-859.9413761114702,-418.2012228951789,-76.49030384374782,nothing,-30.381333475860842,-11.803828422003127,-25.17188608956121,-16.32959033786947
253.18849015235892,-1286.5648537068628,-805.7577055534348,-360.6965211764909,-26.44670253666117,nothing,-6.32745819691523,10.322762030328413,-1.5507575624524126,8.112606345142664
253.2891898155212,-1286.007608613465,-807.564077232033,-363.493966343347,-14.493982278276237,nothing,4.866468538973283,21.414939724203485,11.287456868432923,21.87643691283345
253.389663696289,-1337.1657001073472,-853.4489097883925,-411.0131351803429,-79.04465551348403,nothing,-10.358004974952895,8.51749443898995,-1.6747585143998847,5.190767804071179
253.49070429801932,-1285.46532311989,-809.7481788061559,-356.522792825941,-32.03785297041759,nothing,-25.95041940618345,-5.763563692673586,-15.623834464134202,-17.489672767336913
253.59131050109855,-1341.9826912502758,-856.4670090526342,-417.2924272059463,-83.67839155858383,nothing,-21.555431998964863,-5.447042124221137,-11.301706661943049,-18.910287533143208
253.6919667720794,-1311.3865697127767,-840.5425150413066,-382.6759132160805,-64.20473248930648,nothing,-11.213165328162935,-3.0398856731013115,-3.43484074789943,-5.4549942771203845
253.7929830551147,-1282.3462465568446,-827.5501025952399,-365.5209921193309,-28.35031161410734,nothing,-14.54239681779589,-12.39836332978042,-10.93598977273253,-1.1375115415032666
253.8938801288604,-1334.9404596337115,-866.4431921844371,-416.9240470603109,-66.93672940693796,nothing,-21.77000781643038,-22.64596773008778,-21.721517181214384,-9.19080413968626
253.9952812194824,-1335.1162349316292,-869.3977131494321,-417.27185775619,-76.59689099248499,nothing,-16.885920715547115,-18.682229408961206,-16.904347450705004,-10.92958024676111
254.0964965820312,-1269.5146498088725,-815.4234769889154,-349.1346204634756,-30.17725274246186,nothing,-13.949100734894131,-12.153213266939703,-10.718334706066798,-3.8506160632432485
254.1970472335815,-1329.2483319011517,-869.6856854460202,-420.0954822227359,-71.72006145026535,nothing,-24.260782553772685,-20.81243026413399,-22.030608718348436,-8.92399098621991
254.29806804656977,-1339.218905183021,-867.0640155770816,-418.6481409398839,-72.52040004078299,nothing,-21.314889794442212,-34.14695781447742,-32.92728212810256,-31.87990514783301
254.39851975440973,-1278.770902199205,-878.2201371449046,-407.02827177755535,-118.47255079634488,nothing,9.196322504660504,-33.133383929601465,-22.810841613974702,-49.270649490075705
254.4990661144256,-1227.6651693047024,-818.4378363532014,-348.07622877601534,-59.61774519365281,nothing,34.150112063075454,-20.558786685032423,-5.230907521863216,-40.37289934658906
254.599606513977,-1306.1581895747222,-878.0780209465884,-417.7131659509614,-90.55419762711972,nothing,30.440068437056194,-7.605210307822442,5.335736595533998,-13.345270865792779
254.7024238109588,-1262.5434762914665,-820.40876362985,-340.77594406250864,-43.34918038640171,nothing,18.68882687868862,0.6093769939888728,16.949699822170793,2.9259480535706803
254.804205417633,-1267.375427034218,-820.4536424293183,-347.9752514772117,-35.644986477680504,nothing,17.061760476508702,-1.4152717304384947,30.858266407401167,-8.048946551950598
254.9045588970184,-1281.579567065928,-859.8441387126222,-350.0546358525753,-100.4200537102297,nothing,17.747615319387485,-12.135380731800572,32.87339692151377,-26.851969473586756
255.0057001113891,-1293.255534727592,-852.0090483054519,-363.0059093991295,-78.369603571482,nothing,12.995088137576538,-17.370056754429154,20.48934745617668,-25.40003814266905
255.10737872123715,-1273.026415867265,-830.2465704632923,-358.58908755145967,-39.81871482823044,nothing,3.583539686369546,-11.848896963805414,5.9560891817532875,-10.40605269287266
255.2079684734344,-1312.7478932966478,-855.5806527631357,-412.3501494145021,-71.20395525638014,nothing,-9.424085050588022,-7.705218413578091,-5.644606346129009,-8.305023491754746
255.30868601799008,-1312.130809803959,-829.550949071534,-361.9811768112704,-76.52209299337119,nothing,-19.485411495254535,-11.219772400108196,-16.739040580572194,-20.753449632959978
255.40955734252924,-1308.7948190434836,-857.1140117449686,-422.2982832966373,-70.45971516519785,nothing,-16.091025698754933,-11.93797242946018,-19.845418232354508,-27.75841133992153
255.5106103420257,-1293.6220449232496,-825.6614531176165,-382.05321987345815,-67.63235079869628,nothing,-2.03064695827278,-0.9748788014664309,-6.8447065098408135,-19.2256955338845
255.61169767379755,-1296.7224219865166,-815.7694177348167,-374.842692758888,-63.54090024717152,nothing,4.225176158735992,15.31331898083122,5.873450511698776,-2.3916096845198784
255.7123594284057,-1289.8036070684902,-816.8577286219224,-371.57028029765934,-38.3152750460431,nothing,-6.895138867511898,24.610278052562645,-3.970942907186036,9.394489073031286
255.8141832351684,-1309.453041435685,-793.0083866044879,-408.68878735788167,-28.25868406519293,nothing,-18.46316931048842,22.86000219742571,-22.732531487964046,9.713176427152934
255.91484355926508,-1325.469162995927,-836.2734192418866,-416.090049370192,-67.18169285403565,nothing,-11.400738397801328,15.30105001225812,-20.806154397569976,5.767001202399839
256.0152194499969,-1268.158936074935,-806.4402372953482,-363.3499801950529,-32.88307036040351,nothing,0.9887219858556462,7.594742443926465,-7.438553643294503,5.740182084019307
256.11598372459406,-1306.4592515211552,-841.756112576928,-403.0789374243468,-43.17527503846213,nothing,-7.461319308127527,-0.025978112458003078,-12.643908577833184,4.086874019164574
256.2174613475799,-1325.0241149012,-843.8354969522916,-396.0254861079157,-75.73484405269846,nothing,-28.105260133585222,-9.92398508917002,-24.481030769971575,-7.266240993576682
256.31822252273554,-1316.6392592005432,-837.0737578324042,-402.5590913305059,-49.72757976083085,nothing,-28.561157360692764,-20.55609055475762,-5.934246605789042,-21.118308133008693
256.41947793960566,-1308.2880625994876,-878.2425765446387,-338.24777169246227,-96.99991520075127,nothing,-7.002626397615778,-26.075096753611422,32.79376227324499,-23.259857916841575
256.5207333564758,-1264.7593670152128,-841.3559432816692,-320.05315840803087,-53.23560591926798,nothing,6.112963655876386,-24.228230039628706,43.2292942537619,-14.346904928522187
256.6216554641723,-1312.891879444942,-852.4335269504227,-383.5529197556898,-66.07842236710712,nothing,-2.3717645150107716,-20.24555079297535,16.40549275226178,-9.667320574805116
256.7226419448852,-1304.1517332484946,-860.1751198587008,-390.05286587867886,-62.25250471243635,nothing,-16.744374459094637,-20.37452423240603,-9.892001311888862,-15.350308634808966
256.823519706726,-1315.3527336157858,-849.4603064856492,-383.1901494599879,-81.08290098933503,nothing,-27.291301062487584,-26.171377343809567,-16.652857775727497,-19.96445089008802
256.92449903488153,-1327.3428528737277,-866.274896686431,-402.4880332313478,-63.30528654996306,nothing,-38.00327352664763,-34.157803966905384,-18.5494197599079,-16.858632124414985
257.0250725746154,-1334.299066791311,-869.0386827536859,-402.65258882939816,-67.7744669970125,nothing,-42.34129142971975,-36.73976512019124,-20.729750026965174,-16.639185598074537
257.1258358955383,-1330.0206212420017,-866.5815684827976,-399.941161361523,-85.88306258246303,nothing,-28.66493774517024,-26.228832144879867,-11.277757590792932,-23.357819683358535
257.22674489021296,-1279.8536032363772,-800.774288862478,-343.40135383140296,-40.71629081759602,nothing,-10.343275757415633,-1.2313295686893024,7.9175550954127925,-16.970668525957358
257.32725453376764,-1332.3468390144408,-851.7566050584428,-402.8620232269168,-87.87268935889006,nothing,-19.523494943030812,27.223929921968356,16.607251334527813,15.751889253644391
257.4281647205352,-1336.8870775606483,-752.4847006346099,-341.95401254855096,44.17195837665349,nothing,-64.23614419471676,37.65766160276036,2.3191415767346744,48.48944870783691
257.5289254188537,-1405.731155944988,-821.5082942168228,-419.2278254330158,-22.9742054278031,nothing,-110.26969724359563,21.597917129170472,-22.620145040151826,48.67614218878473
257.62951445579523,-1411.3148265788332,-833.1393830790184,-413.0607304060832,-26.246617889031768,nothing,-117.95695552564197,0.9753850239110444,-34.542066678390135,27.890037438897405
257.7305138111114,-1384.62690049503,-843.0875169611536,-413.9321270957589,-45.26400916371495,nothing,-88.43098933101558,-0.6505301603901066,-26.045599122211883,18.25572978691438
257.83134531974787,-1314.133526230231,-783.080822172109,-355.3914730893448,-4.330804148688912,nothing,-55.26172633628691,9.932356970361687,-8.515270251300215,20.527107602422394
257.9320745468139,-1365.426254122518,-855.5731729632244,-416.9539662599564,-61.7887571179308,nothing,-38.10041535290713,15.290517376564518,7.844223160389827,16.75906686515152
258.0331048965453,-1301.8255154760554,-797.4065089523792,-338.6816000873223,-37.64396300399676,nothing,-30.51500046391036,15.715080185677573,18.100119388388578,9.012650274027074
258.1337029933929,-1300.2659771945328,-797.5112261511385,-342.5000379420817,-34.637083439622074,nothing,-23.76951488386039,20.11912060066532,19.508960099483524,10.395848827448415
258.23439908027643,-1328.8275931561366,-828.5411760834977,-399.8514037625864,-49.94075405830517,nothing,-17.610481302861377,27.11442776229557,17.385669137099168,17.095809735663796
258.33524060249323,-1299.480598203838,-793.9059625938535,-348.45021877158433,-33.402916454244405,nothing,-16.114975282228745,25.257902553891075,15.88779467100936,13.956318294916086
258.4360003471374,-1286.0655770627782,-800.7125805132091,-347.489064482972,-43.76617923146114,nothing,-20.789610273908984,11.477517763708416,10.006486602716407,0.7921099082258349
258.53645086288446,-1341.498374206014,-856.5530267516151,-410.4988989364356,-77.71325112925842,nothing,-22.016005051083276,3.5183357456083626,4.984980389918944,-4.336177605512903
258.63696980476374,-1280.844676724635,-797.806678247638,-345.2413846096024,-32.80079256137833,nothing,-10.179114963760302,16.195975097370162,15.904446641809589,6.633711748936918
258.7378997802734,-1284.1170891858635,-794.5043465867639,-343.9735585246235,-44.27106572547928,nothing,3.9267619055493856,33.640623953268765,35.56663774843723,17.20337078750294
258.8383371829986,-1285.6654077675194,-799.953380822204,-347.6199609814212,-30.590511687565595,nothing,3.043660812497682,31.946811747361927,38.271962370953695,13.369825338966542
258.93881773948664,-1296.7916101356968,-819.5149275404401,-354.6042241486721,-63.18186985142529,nothing,-8.619680281547181,15.17007018417255,19.72683180939367,5.413908997698204
259.0401287078857,-1301.9900710741058,-820.2666474315338,-381.22109213331714,-42.31322809867561,nothing,-14.560186001037096,3.7105844488510686,2.3620957352909278,6.12445786799122
259.1411821842193,-1295.8341957470402,-828.5093869338743,-383.8539817021229,-39.13431313633919,nothing,-12.257380458049088,4.26005607055678,1.4116832463154154,8.8702090971746
259.2420194149017,-1296.8290091352535,-812.4652161239646,-353.2204611650668,-60.90053087845445,nothing,-11.621400546838167,9.177678695325415,8.294549981899667,3.6531087821152686
259.3425695896148,-1308.9687243914232,-836.2846389417537,-397.7813691371121,-54.097652859054506,nothing,-16.720373942928955,10.391487301997184,8.156700714430048,-4.602403902655426
259.44341397285456,-1301.470224980265,-805.0302950120531,-359.80642498703673,-64.27766053844243,nothing,-21.076547543864802,6.1871686279947555,0.6096924717772936,-6.624004505662222
259.5441191196441,-1298.3361888173968,-827.8100256421603,-380.8620617375709,-54.127572058700025,nothing,-16.730388455587807,4.466767453231693,-0.32494714998844637,-3.0465234372720444
259.6447875499725,-1302.8876470634714,-829.4368821228854,-383.3790144077502,-59.004401600919664,nothing,-6.836756775726295,12.40955291379269,11.777508343561554,-1.411944042231446
259.7453927993774,-1291.8773815939203,-805.5351815060712,-356.0216462318785,-68.24943429138511,nothing,-8.320150625570063,17.523475465250105,18.54341733554256,-6.9940601901609885
259.8457312583923,-1295.329309253022,-812.1809837273322,-358.91258889762685,-55.99378213658929,nothing,-28.673598330006747,3.137680384900791,2.4601477442847886,-15.796896721779962
259.94655156135553,-1348.927685467992,-858.3818378299475,-416.30509361764416,-81.55412838375196,nothing,-47.113669899319916,-17.451916376087542,-17.79091826336372,-16.952709867971567
260.04752635955805,-1340.4306327686645,-865.7756200423464,-411.4656630749814,-80.03946890169755,nothing,-45.006772229959985,-20.449998752981696,-15.915301717944258,-10.486437663360125
260.14792418479914,-1289.010748277884,-812.3735885750502,-346.5110806445591,-37.33729120763019,nothing,-37.2527619711922,-14.094693799330667,-5.127979384382757,-10.298521295475037
260.2485733032226,-1339.327362281736,-853.755581584759,-410.9719962808304,-82.3544669742696,nothing,-40.129419353414946,-15.73009387000209,-9.163561197931731,-15.444209287082604
260.3492221832275,-1337.9473391980864,-856.1640771562234,-405.00685585150495,-80.51069629611447,nothing,-40.02249566555962,-12.607377976212764,-15.91480913589853,-6.628479673883462
260.4495966434478,-1290.820859856438,-814.8868013452739,-371.815243744757,-22.3627317850478,nothing,-26.948739353699235,6.728961684837221,-6.653158843279008,13.98445542525009
260.55052447319025,-1300.275326944422,-795.2934654774144,-376.7818308859132,-28.952435506973416,nothing,-17.405291919093624,20.321571087634243,6.042719145848246,21.36334456765173
260.65115284919733,-1313.4996131877415,-826.7871630042791,-378.3899878668599,-61.37736812280491,nothing,-19.5932550775048,13.681564071887362,6.903260445120668,13.77879752010915
260.7516541481017,-1294.6243381113743,-824.3637078329921,-367.51061889575794,-38.47422079415992,nothing,-18.537547638150368,8.285376142629607,7.5173154319741435,12.263450692134537
260.8522763252258,-1288.625538582448,-802.245939495042,-366.02587861334905,-28.83275870839134,nothing,-9.42292827796734,17.8254021756514,18.97262238029113,17.219046358297007
260.9530651569366,-1299.514257303439,-812.074396578595,-359.3258478427306,-54.86433234997094,nothing,-9.299616859138993,21.14953492437524,24.782734382422298,11.843890978147334
261.053393125534,-1293.4668390750885,-816.5061780260876,-354.33308140188456,-52.59421307686716,nothing,-26.984462387842186,2.670234166594769,7.146509009976292,-2.0100161759625625
261.1537976264953,-1341.8087859023362,-861.2241617962718,-419.11188853438944,-71.97063474729657,nothing,-47.81085814767293,-20.82545220825973,-20.337364019084735,-9.56187826322605
261.2546198368072,-1340.787793214433,-866.1795292375609,-421.1501340102405,-67.96894179470837,nothing,-54.96716852783936,-30.304863736834807,-30.66347289546652,-9.955124801250918
261.35547208786005,-1297.7714639240876,-815.6198217365891,-354.2882026024163,-45.63051935937256,nothing,-46.10618358432918,-24.943599335746402,-16.6767377168135,-7.859567350581971
261.456154346466,-1339.1908559333533,-877.2234538067132,-416.20972616877407,-79.57011145725846,nothing,-28.445768708227273,-8.494446570762182,8.6649435957086,1.2724562129000332
261.55659604072565,-1292.943253081292,-815.6871399357915,-347.99395097699016,-44.89749896805733,nothing,-17.819290895549717,7.361688926073703,22.696639035743605,11.673057773343348
261.6574294567108,-1288.7171661313623,-800.3348506176844,-351.00457044132054,-28.774790259078145,nothing,-30.000079188733277,0.43024017733452063,7.299585247988919,4.126166311741291
261.7577741146087,-1342.6278239926323,-869.4519416987896,-416.02647107094526,-84.1888879025355,nothing,-51.692169235080144,-24.24193232719976,-21.40861835725251,-13.666936807951874
261.8586590290069,-1343.1701094862074,-871.7968589710072,-421.1763133099303,-82.3338975245133,nothing,-50.93697112094793,-30.925992664599107,-25.728132243993624,-9.634764992354885
261.9871423244476,-1296.5578663884662,-832.5765281356871,-372.62680203514174,-30.706448586191986,nothing,-32.06821192194683,-16.27289949006691,-7.565650413987931,11.53323752983876
262.0880815982818,-1298.9925412596203,-830.3400679621845,-374.5865096119233,-34.659522839356214,nothing,-30.333322481122554,-16.497838866231394,-4.173156948387462,11.16955093893625
262.1894643306732,-1335.093795531895,-878.2182671949267,-411.0580139798112,-84.69564434653148,nothing,-45.8375097449841,-34.84914675418841,-16.806944568331946,-10.545018314815318
262.2905223369598,-1335.5687628262676,-875.0543118324131,-408.0660940152593,-80.21898409957066,nothing,-45.55146993465453,-34.939597548217726,-12.769331220173598,-14.678635022521913
262.3912770748138,-1281.052241172176,-817.2391984174028,-344.8131660646759,-34.00878024706617,nothing,-27.845663400775482,-12.881007399462895,6.442567692938839,4.873458956936019
262.4919424057006,-1299.067339258734,-833.0851545296609,-378.6704803635366,-35.63937662774697,nothing,-21.72009255168125,-4.248877684668928,9.004912074377513,17.406398873020695
262.5926361083984,-1334.0989821436815,-872.6495561609045,-411.89575156988576,-77.9825239260681,nothing,-32.849115711917605,-21.121095300857238,-8.531754813282891,11.67330347254972
262.69332528114313,-1291.8231530445628,-842.3376670200378,-375.7608381980099,-24.26634086249396,nothing,-42.45479080376915,-39.5230347744705,-22.389369631468494,1.7119388167663332
262.7939512729644,-1325.4037147467025,-876.550271814689,-412.9691028571688,-73.40488638030365,nothing,-42.84747461851651,-40.68421388532452,-21.881850368682148,-5.081347941702334
262.89444446563715,-1326.5518640330993,-867.0621456271037,-403.9970828634687,-78.47619072021917,nothing,-39.08382461185214,-27.131168615229324,-12.193612914478205,-9.302413515857397
262.9950368404388,-1281.4748498671688,-806.4738963949494,-349.39454351039603,-44.55716807208955,nothing,-34.28598707615976,-10.44089950090401,0.9847573742776634,-7.698690845067825
263.0959331989288,-1342.244484247174,-877.1767050572671,-417.139091307763,-77.91333577688783,nothing,-33.42017132431218,-5.401964274555409,7.4954164255887274,-0.007247607716484472
263.19655013084406,-1290.192556663882,-813.1047390163876,-349.1589298131876,-45.39490566216409,nothing,-42.4756916328799,-20.99094762952793,-3.719179783235445,5.501654572207127
263.2969622611999,-1320.863476200495,-869.1284403526224,-400.5713345040567,-45.58564055990428,nothing,-50.9517656113256,-40.3857639798379,-19.641861117632665,4.37761008490601
263.3974056243896,-1338.9758116859011,-887.9663164294325,-420.3628850695677,-67.39673710148782,nothing,-39.8118451052508,-33.2200700469085,-11.674309888867139,4.516007732774205
263.4980340003967,-1275.913618633058,-814.7016762974672,-356.6424696245231,-42.7994150929153,nothing,-19.305787021107754,-5.104947381006268,12.532828022619494,10.405100556419237
263.59864068031305,-1282.634218853433,-814.8774515953846,-345.50130765652284,-49.688310811296105,nothing,-20.759069047312817,4.119485308198784,12.942067024754756,10.686426298977002
263.69958376884455,-1316.966500446666,-844.179567748215,-409.05342760356143,-45.94093105569482,nothing,-39.537230728101584,-12.135666799482525,-10.487419951710958,0.29700182198679626
263.8004267215728,-1333.4258001516573,-868.7768897567876,-419.0800993847661,-80.53874554578215,nothing,-41.458565274502305,-18.710938411831194,-16.796944750753543,-2.7476513227195882
263.90108323097223,-1277.9892631084658,-808.8412530669011,-349.9891876033508,-40.26376292295754,nothing,-29.751109213561797,-8.199978375679951,-2.5675953402912426,12.052123008436146
264.00149989128107,-1297.150640531443,-836.8942426345311,-384.89928373973817,-26.895490531343967,nothing,-35.04125310183506,-9.981438138369317,-0.5096196734241822,22.786079722669367
264.1020920276641,-1331.886831319891,-873.8257546969689,-408.28113826271147,-60.348895634990185,nothing,-44.57879934362916,-26.760141099930422,-6.863835308089529,7.589047180403304
264.2027547359466,-1300.3445150936022,-840.1105565964244,-362.6543588032946,-79.21669091144577,nothing,-17.993323544550393,-32.38024141728001,5.974229466174284,-21.98496858129304
264.3032550811767,-1188.3345114206895,-877.4048389545642,-361.4201918179169,-103.05481322901323,nothing,37.33261960921433,-28.219679241755998,23.34725836488207,-41.73893298452773
264.4042744636535,-1228.1607060488311,-836.5352122387849,-356.89117297157645,-99.18401677487418,left_blink,66.47103047359364,-31.300224834489587,14.435806856663843,-42.332562062909005
264.50500035285944,-1259.8862773729488,-835.1664088550024,-385.9614153271541,-72.26047699386254,left_blink,30.73859668911444,-20.086700746000236,-0.352680140718038,-22.289611640741875
264.60610961914057,-1266.8237917907536,-854.3371360278688,-378.8705650111661,-62.8621084052138,left_blink,-37.392928673822766,17.523618644730178,12.074285072647069,8.378540708744465
264.70699906349176,-1274.82717769593,-815.8086866843514,-366.96646345220506,-65.82410917012021,left_blink,-36.52334712873722,9.938113190941522,18.028093529881346,10.684014730712422
264.807418346405,-1279.939620935358,-838.7641926123761,-386.432642721571,-55.154174596536905,left_blink,54.251104827341656,-68.93884426669773,-23.025893751916072,-28.047954318741613
264.9083762168884,-1287.5203981455415,-833.6779286726378,-380.1795299956575,-43.76991913141683,left_blink,40.64857214097248,-39.44292368262538,-42.922418913590825,-20.965085206514683
265.0087563991546,-1240.5453847520985,-794.2743427394889,-477.6263632411137,-81.80657163076103,left_blink,-188.45472837102585,242.00589157936065,43.75801073799376,103.53261156204066
265.109657049179,-1571.5246608806774,-108.21213526790962,-102.69017298333348,239.402215863578,left_blink,-230.46792753868365,523.2228866368611,149.18792923837856,213.08903905669763
265.21022415161127,-1024.57177216094,-381.9541125246324,-284.5876871282235,100.28915721178056,left_blink,423.82353358537847,425.0327537842885,108.70301071592789,108.87719832588175
265.31110477447504,328.8494031038136,-922.3472167220898,-481.3961823964492,-289.85720616579056,left_blink,1475.8511997533988,27.017558551300944,-50.52046087042849,-143.46454778901563
265.41159605979914,933.9652159344404,-1061.778166870121,-533.6725039770827,-348.52127687074244,left_blink,2039.2067432555157,-250.26491005767457,-157.1494709190775,-281.4370787609959
265.5123300552368,496.280984220095,-1026.0471626934595,-522.3331273114309,-227.38217740599063,left_blink,1884.0281834757086,-262.78666745986976,-166.11920184334576,-228.97914652877813
265.6127738952636,223.1411308562383,-1038.9759968402795,-523.0848472025245,-215.8071870431304,left_blink,1573.597946825845,-191.13155345175807,-145.77760429815658,-127.7327122728404
265.7142910957336,-4.966587141156197,-897.9144503115676,-443.8625464411453,-63.89245084300637,left_blink,1258.5986867860886,-92.62483473963654,-66.24056038442592,-28.79414496208605
265.81510114669794,-615.3855781089514,-794.599714035634,-299.09101915638894,19.006171574816108,left_blink,471.909527991786,122.28290238953956,136.43293422066745,135.62031371525399
265.9156637191772,-1738.290539804846,-435.0083332960494,-21.47076564561576,242.6372293252498,left_blink,-600.5474561401841,337.2998630160063,334.71667410531455,290.912306512657
266.0161528587341,-2720.4761558179744,-445.1602917257696,15.615952264983209,262.7298418371938,left_blink,-906.5683797286032,297.35217924332744,318.5220804381327,240.9812988234678
266.116815328598,-914.4373283158056,-923.0297484640032,-369.5750436712988,-153.1619928353466,left_blink,-95.28501257007386,22.835309140041748,111.50898371949421,-12.285761588743114
266.2174444198608,-402.1832313849591,-1016.501068056561,-439.3877561441623,-295.03509765444323,left_blink,847.0910333896943,-209.68627538390868,-67.84805470568936,-233.09603303731635
266.3176879882812,-358.3329044044949,-1075.284815560095,-462.7808303670026,-306.6549668167718,left_blink,1030.7745661829633,-279.5777024069862,-126.84990752896323,-276.6135928442468
266.4183993339538,-584.8025462212972,-1095.0913257254288,-534.2241392205469,-273.7176679070108,left_blink,698.2982596549117,-279.17397011727667,-140.96258860655323,-218.4903863239961
266.51876807212824,-774.5762896728702,-1038.2373665990308,-523.7860784442164,-203.47112703928724,left_blink,434.99621676943343,-213.03817822530164,-131.11351905356432,-140.58993387597184
266.6193168163299,-901.0185672747904,-912.371033590287,-447.77635174477473,-124.39468237617984,left_blink,281.8434063705352,10.203772250908315,-35.84566900728984,-16.148938737169345
266.72031307220453,-1309.514749784954,-387.30777931120247,-184.8800843595527,166.12448608176783,left_blink,42.32926801061582,300.7286726372049,122.20944681703922,148.64837929934913
266.82109713554377,-1408.397704613395,-507.0743354922161,-233.1173139880412,109.62955735111608,left_blink,-170.3081875355423,404.0533735823211,219.4036638696984,236.5035731230756
266.9217340946197,-1254.2240688400343,-579.7966901306063,-168.04305475903675,129.09573662048206,left_blink,-88.45425054233024,226.10235408064904,178.8497892377157,153.8747766461731
267.0220961570739,-1147.92489239946,-868.687132157851,-330.73805258143693,-93.6564446403645,left_blink,270.7284587559148,-52.02586263945897,47.223731555053476,-37.41234720278675
267.12267351150507,-522.6360592078418,-1050.9548963983543,-470.9730812199414,-264.49133471632376,left_blink,608.7941634614383,-212.56639875828665,-74.04729164081674,-184.38659419784364
267.2240140438079,-424.55718286987394,-1074.138536223676,-526.2188833653927,-291.2316193995066,left_blink,757.7373558789209,-233.28821772395054,-136.23867663726176,-216.6352073586698
267.3248605728149,-582.5081175984815,-1029.9665778470226,-515.1487794965506,-205.60660991398612,left_blink,792.5299181666555,-221.49275148484173,-155.9853671006969,-183.4667118044034
267.4258832931518,-775.1728037158027,-955.3219146314076,-496.84196921344846,-160.44357804907486,left_blink,620.7480494970133,-180.35531173378632,-126.67524572903744,-112.00348880291
267.5268757343292,-886.4610066972673,-929.4268473382108,-432.3212151778862,-98.22286248626187,left_blink,-46.841569817047244,1.2044951494978857,-2.665489292878208,39.48049601868158
267.6274390220641,-2503.511469738558,-507.0649857423268,-173.0414310498163,231.92428590217605,left_blink,-987.4562308612013,279.95240184011317,177.0103464060886,227.4017581257585
267.7282502651214,-2623.7978720134124,-382.9788451124914,-129.92412446066737,209.32033056998625,left_blink,-1352.6467881288597,392.71290955105684,255.62149253754248,282.92374197238274
267.829112291336,-1962.2843678509817,-661.1825230163522,-220.8485721834004,75.77224305225536,left_blink,-744.3465001655284,200.99518347297715,142.95270168312726,129.86129379243803
267.92987203598017,-936.4410297051072,-942.5127572831698,-471.9716345081106,-175.53781427023932,left_blink,184.96445522765322,-93.44409121590532,-51.26712772189529,-88.88803163413854
268.03025722503656,-730.8774286406115,-1029.706654800102,-508.8152589215897,-233.3585375351832,left_blink,639.0752292766805,-232.75787055632327,-158.43760184847812,-196.8232881962782
268.1312155723571,-563.5842238226905,-1075.3970125587657,-562.1574519895948,-271.6027544820681,left_blink,623.1768519527113,-222.45433907094986,-154.49090544543316,-187.37041513814495
268.2328557968139,-700.973188594915,-987.4570050006732,-485.3623462994583,-180.37537486292425,left_blink,562.3042431073529,-202.10771162717293,-129.3461769558596,-152.83728515721828
268.3336029052734,-902.71087200474,-980.0744424881414,-485.0706341029145,-170.0831701848656,left_blink,450.7174747342523,-154.03618640088877,-108.24582917684867,-101.01354506481489
268.43414711952204,-1014.6011988790706,-871.3518108762801,-453.6180754755624,-70.68036926258355,left_blink,-44.055400293372635,36.890796637677745,-25.939622887416366,30.72413097687975
268.53442382812494,-2263.035902587697,-433.843354459852,-215.1882336004637,202.2276103040204,left_blink,-788.204545410257,298.61612902983114,118.85769718837874,208.1867839904747
268.6355113983154,-2239.0855832714587,-477.1962747462094,-206.79963799985129,187.36524788010863,left_blink,-1111.9256197338739,388.53675759064697,206.14184449815082,284.34313212283985
268.73631548881525,-2063.201828255318,-592.5983676789328,-205.62530941376465,146.83221216034144,left_blink,-682.0810046547682,220.262743284664,148.73315703179895,184.0735268989722
268.83777308464045,-993.0294559346512,-855.5320340637118,-374.3882949142717,-56.7679414274171,left_blink,62.67897198739226,-27.879418486300345,12.673180410033801,3.411396962583563
268.9392597675323,-698.9798219185323,-1052.9426532248035,-515.734073839616,-229.6672562789172,left_blink,564.5828176898532,-177.0213815624325,-87.62136564486218,-124.00906348117962
269.0399229526519,-620.3259859504178,-982.8924571047536,-458.1788834715262,-181.7366984467953,left_blink,725.4269228788662,-225.935255402687,-128.93422429119656,-167.85625977239133
269.14061021804804,-684.4241312909871,-1005.4964124369436,-489.47810620069504,-181.2355518527329,left_blink,593.3754248527035,-200.72017360675667,-127.22553747643526,-145.10637803821558
269.24113798141474,-875.3871629284695,-999.7182670054026,-514.7037314018235,-182.76517093461007,left_blink,66.20538359199637,-47.60705106058998,-49.066448436728145,-34.119894101099554
269.3420176506042,-2258.854694437236,-517.1290565230884,-219.20301620289683,153.2199612846598,left_blink,-727.0258316904857,201.57890562497045,104.59196714665592,147.13335344213888
269.4427609443664,-2367.251954752952,-474.0491489334963,-150.54593281634152,210.18611740972847,left_blink,-1245.0190196691904,355.04616991907517,220.92471417176031,273.0010928514801
269.5433135032653,-2322.664867481217,-597.469587371219,-224.96620203461492,143.6233779983595,left_blink,-1081.8235117470113,282.4415913637108,198.3942230058407,234.54070965887595
269.6443171501159,-1562.833133383654,-723.97170337243,-274.9911038419232,34.32854169327766,left_blink,-401.5762095643581,70.53017115478815,74.96452652467462,72.61314103052871
269.7449638843536,-1083.1647847667336,-923.1064164130948,-438.2190374080092,-141.56643302273005,left_blink,295.1228455199659,-107.39113771256739,-39.315405415707104,-79.8787593992034
269.8451631069183,-483.6438622698188,-1022.277343538124,-474.20061488170177,-221.85834517143667,left_blink,644.2995516321699,-175.64399297061252,-95.26326025985797,-146.8602069319123
269.9460525512695,-484.919168154709,-1019.9847848652862,-496.3520423192531,-216.0577603401616,left_blink,675.5067674462401,-185.48736620957106,-121.83050438839982,-159.77926860119746
270.0467772483825,-696.7134425453842,-1001.3806525357068,-542.580945671536,-212.66380113037303,left_blink,637.0557918250772,-198.92763881812175,-145.509090645866,-166.37755467501265
270.1471147537231,-855.4460163647309,-957.94919435028,-491.2059399802238,-189.10243140952664,left_blink,517.8768109043447,-165.49783237642805,-136.31570739073814,-132.44623556519878
270.2477326393127,-777.8879710836336,-925.4270243356004,-472.1885487055406,-109.08353195758536,left_blink,40.069744382486135,5.2257646051306015,-55.256112500200665,-2.614331128474083
270.3485238552093,-2212.117164690979,-507.4333658879623,-302.1128583205864,145.96642532059923,left_blink,-667.4988430529671,232.12978787195817,56.11834394874727,157.1382567421974
270.44933843612665,-2049.289400420152,-556.0745047116652,-314.76867977064103,108.3617312661372,left_blink,-926.364114045545,289.3325584648669,90.13959270166528,194.6174987170534
270.5503268241882,-1749.5588583713395,-700.1541505046189,-322.65612877719104,43.35105033637956,left_blink,-424.6303236767369,114.43263080689442,10.23845339703654,75.2666110740626
270.6509833335876,-746.1773593593389,-947.5447926735504,-523.6383523959666,-163.14752571703866,left_blink,272.0646384534101,-90.72943936875869,-89.19342743690743,-65.56040097695939
270.7517230510711,-837.4271783782169,-976.5514567298816,-499.47111888229847,-168.86583274928853,left_blink,529.718666366,-154.77111687467203,-119.20618746691137,-116.85992544087033
270.8530106544494,-700.9133501956239,-955.174188583158,-461.3129196343944,-166.33766037924215,left_blink,445.9298770250806,-145.56138318037046,-112.86388408257466,-118.51008837536752
270.9540779590606,-868.5281864097342,-982.0378899648786,-513.1703724199906,-179.71902242070064,left_blink,405.9649332323608,-167.9398376414714,-120.46441348505402,-126.58676745264556
271.0550475120544,-1001.3039845866152,-965.5262316605076,-478.4248318816535,-150.2205615201965,left_blink,309.33733680875997,-141.40294041679198,-91.72188811483453,-83.79370338492502
271.1557450294494,-1038.1046001506038,-879.1233229842037,-402.7741355779581,-53.671304264105856,left_blink,-139.80080264955538,29.644330601279023,13.850794388992007,52.01536003022166
271.2565116882324,-2069.677465028595,-520.7885486297309,-228.8500881385989,156.27171964850277,left_blink,-643.9040077010909,208.42561150001447,101.26439348962836,162.60319959618616
271.35716414451593,-1969.324729517568,-632.1627693101764,-311.6477332576178,75.32532500755042,left_blink,-583.9171036671521,187.83560699913656,67.68997231214492,116.10810972699198
271.45786523818964,-897.5666396156885,-903.698205593042,-471.6780523615889,-159.66006900835782,left_blink,-10.915660669905293,6.442204047608378,-31.799071641140426,-23.703896498333236
271.55842256546015,-930.4814991257152,-897.415173667483,-414.97368923341855,-111.8641475746408,left_blink,394.72462711721454,-125.16093463110484,-77.32072963308934,-95.60759528162512
271.6593370437621,-964.5968665215188,-951.1762355305254,-446.7030004574917,-119.67679858207704,left_blink,334.3684705864886,-134.42898455914928,-61.667345471114,-74.55699100007926
271.7600443363189,-927.5419377605432,-982.8831073548644,-460.0432235994376,-165.04926484450698,left_blink,171.82079365832294,-122.66506021012418,-59.66799438841354,-60.52401836407889
271.861485004425,-1040.4083785233088,-944.0741655146704,-446.68804085766897,-105.2370448531583,left_blink,194.99656532521277,-143.43472102337444,-81.12771217169289,-85.40675111484916
271.9622180461883,-1168.0137650114484,-921.4627303825692,-434.301492204424,-122.56774124782532,left_blink,162.2415050376965,-112.34157347931917,-54.64817171361744,-60.88360550961392
272.06364893913263,-1167.477089367807,-851.7360356086865,-361.61653656559065,-44.72359362011776,left_blink,-250.9725217016423,32.99121807424285,48.68629683021683,64.42354094539157
272.1643106937408,-2346.6600655969232,-614.6637774175033,-222.09956871857867,161.12049994105473,left_blink,-874.9768482690474,183.08820334013504,145.40497276714683,185.21389429018046
272.26511621475214,-2339.5056369816884,-591.2781829945743,-203.05225824425,145.607394924853,left_blink,-1211.9556956241963,175.00531938649362,138.80786901516777,164.1460272685906
272.3659512996673,-2207.425460196566,-894.8122032983229,-411.4955822746269,-119.8507039300166,left_blink,-1083.3558983400526,25.386424992192136,47.371326348492985,28.43552179071895
272.4675402641296,-2100.6101775621064,-867.9597216164693,-356.57889132527635,-75.37581365695223,left_blink,-810.3596249036312,-96.77628025978088,-34.11983115724985,-76.31237174521385
272.56851792335505,-1912.347353692632,-955.9745271736756,-473.5442624394782,-169.56145414104685,left_blink,-740.9311009747354,-116.32197747633096,-67.29885787284863,-92.54764158377003
272.6697432994842,-1978.5922016077675,-949.4484017509968,-475.10754062095657,-156.3932663970627,left_blink,-835.1527214912874,-110.89138208718404,-84.40681237803913,-82.9419322235527
272.77277588844294,-2030.7301468900405,-893.7500717109069,-441.4447011197917,-101.3606385490857,left_blink,-827.2479603328054,-117.76803337345264,-93.11763257982798,-78.83349306493179
272.8734123706817,-2131.849561891984,-924.1853775503114,-462.96034556487575,-114.0762983984314,left_blink,-679.6975520439541,-54.89081524797679,-54.808810587927574,-28.158811856929415
272.9743382930755,-1282.4154347060248,-772.2126729008742,-390.6792991212569,-23.35567522328347,left_blink,-609.886323411774,99.84645324678968,28.73728360970656,79.50211190224998
273.0755770206451,-2283.653971043416,-495.3553589810617,-197.06467841519043,189.4334125556052,left_blink,-636.1320266688313,205.96984325217477,86.63737489178867,149.60412132079432
273.17643022537226,-1544.6123407995328,-767.9828460509889,-396.8463941481896,-23.060223126783967,left_blink,-498.30699894912453,148.20065258896463,73.48929781063256,110.39323088740889
273.27701520919794,-1266.4872007947415,-827.8212453420274,-344.8991837636568,-46.056867954321206,left_blink,-142.48406109410018,0.7960301025207386,21.131960093441258,13.639793972432951
273.3775255680084,-1102.036319943145,-873.7920955973677,-373.2326658279635,-75.97606759984046,left_blink,153.44304466658113,-97.54244748113655,-28.035676343867614,-54.701599568044365
273.4787504673004,-927.9028381062672,-973.5913259149528,-476.8615537001752,-163.08955726772547,left_blink,234.7478094354466,-121.07376962552274,-66.30705729063253,-81.70229273242464
273.5793759822845,-927.9851159052924,-983.3188056997024,-497.9134505507536,-179.06640987843275,left_blink,243.78187860325767,-129.25619165769777,-92.49354544853624,-97.89814271479626
273.68009567260737,-981.3160892734304,-894.4176438529976,-415.4411767278798,-110.99649078492077,left_blink,250.6033215601011,-133.97339571373772,-91.50572827257774,-99.15852294327495
273.78105831146235,-1147.700498402119,-923.3719493099488,-465.3950204360299,-122.94547114335,left_blink,76.44232987873467,-69.67282902981077,-47.070670662279156,-44.43410426504701
273.8817579746246,-1210.5906560570002,-808.7514954679646,-389.9836777294986,-50.20441700518131,left_blink,-321.27458342579865,83.1982424363351,25.82823183802433,62.886607756176545
273.9826335906982,-2203.047907298431,-507.5268633868545,-230.67702926695347,165.55228138854727,left_blink,-592.782482924057,206.13767972169273,68.9957861083922,133.93584029987085
274.0832135677337,-1333.3229529028758,-714.6238234331831,-411.9686796190217,-17.418584043625742,left_blink,-438.7270968544278,175.58830474094194,42.31340747697411,98.10363823040916
274.18443655967707,-1295.0749960560352,-777.6224381867796,-372.7146896841005,-44.80961131909862,left_blink,-67.67839717806994,42.33066800793082,-17.20615785650834,7.9950618283981765
274.2853276729583,-1091.0335342735052,-865.7943195421249,-421.10151531081647,-97.71423609228805,left_blink,117.00971364826961,-46.24739571298215,-43.29408216231265,-39.00385738937027
274.38589477539057,-1101.0751656545326,-881.8497100519016,-416.62859496381134,-81.26241618720815,left_blink,70.1821778388973,-54.697326264774546,-25.486152596442352,-35.02014043963027
274.48658585548395,-1073.7813757779077,-892.2615915285423,-403.5576446186751,-116.05096557503566,left_blink,46.364886051352826,-63.24396366246921,-10.302796229452865,-39.25779530436855
274.5873162746429,-1122.2878782032058,-896.5549966776744,-381.8774445755407,-111.43592902971432,left_blink,118.18528502298845,-92.2804728286183,-22.787311677160556,-61.19383963268203
274.6880102157592,-1179.8898173207417,-898.3090097568929,-392.7642933465541,-84.51238924870268,left_blink,28.362458546678525,-53.27104369024705,-15.209566791657533,-39.18202227779642
274.78908395767206,-1331.0154346302152,-757.9543043198064,-370.4483103109524,-38.7397536910139,left_blink,-376.3849709106257,86.75173479489588,61.68932422685107,56.14882027851156
274.8896670341491,-2123.672270638868,-597.6023538196459,-194.36260069720447,101.12876475183292,left_blink,-760.6958123275039,197.67088689783932,150.14290855167178,145.2095141563083
274.990418434143,-1853.4607589403167,-666.2968362057582,-219.0347207048908,102.31618298776448,left_blink,-676.2142137768409,143.00050104789872,139.5942182423382,124.47273228712494
275.0913035869598,-1275.3058848902583,-900.7212452283128,-409.492865848355,-104.492804761976,left_blink,-213.97210082085252,-22.401535277909243,31.45950924938256,11.254578470909529
275.1925113201141,-1003.8901254059748,-912.1279400931672,-400.0159593606368,-105.12858775444327,left_blink,136.5346420999973,-127.94700222079177,-56.52573601751162,-76.76651646479218
275.293143749237,-1085.2778282416984,-961.5918569071218,-447.71464339550585,-143.28304710239172,left_blink,173.1758371553803,-119.60154552402365,-57.245049073877475,-83.22218957673965
275.39372324943537,-1050.537897553295,-932.1588442558424,-425.256544161588,-143.1409309040755,left_blink,90.23279918631664,-97.58345725407932,-27.362700574099044,-65.72991979902844
275.49431490898127,-1069.5665085278451,-922.2892482727766,-398.69203477632254,-105.64843384828418,left_blink,38.36666904031549,-120.51283455333015,-32.99531459910218,-70.57670816210486
275.5950148105621,-1160.4273779513314,-890.4514799499884,-396.6874484000728,-86.8180375713855,left_blink,-3.1978634494663467,-91.98262415688652,-40.412072757135775,-43.15516858832824
275.6955034732818,-1214.715765708126,-875.7686327239498,-449.2966210767627,-66.17378981597722,left_blink,-26.711560517537585,65.5748364880768,14.615095965493019,65.44131695213248
275.7966222763061,-1193.5236226092093,-500.1480407742784,-226.23776801954955,165.49431293923408,left_blink,0.9955597639768214,219.39863071303412,92.80696021463933,167.48195534007064
275.8981366157531,-982.9934344035572,-620.0118343541399,-267.081215435639,116.59138111863284,left_blink,26.085409493174616,186.91879713563893,96.27892800973385,141.69586913281103
275.99890446662897,-1270.511333147064,-900.7380747781136,-421.62510130461305,-111.67528262687848,left_blink,5.501203145359042,17.45792094297459,27.00713758215614,24.416035953711248
276.1000134944915,-1129.3562891194597,-883.8748658779077,-375.5345742506906,-84.21319725224748,left_blink,20.351479745602777,-100.31460190624115,-28.251655342974047,-55.689909660896085
276.2005298137664,-849.6416916335002,-935.4780054665172,-420.5442702174186,-122.29285860108212,left_blink,163.42718496983437,-128.71112528566155,-47.29152538134943,-79.46162312714202
276.3013746738433,-922.7529958672822,-995.2303870585748,-489.3808688018471,-173.68282389221713,left_blink,341.04104352215626,-149.298282946621,-72.29215368391989,-102.85244982826242
276.4022026062011,-993.8559738248588,-925.9450004794636,-406.6954206814989,-123.24653308978304,left_blink,245.24586329277358,-134.45317407867958,-84.58997191316256,-87.9489482701595
276.5035200119018,-1134.091002463363,-896.1192983328365,-472.3418846037239,-79.97963050240651,left_blink,-321.18663917278275,6.346418545152403,-14.822671494632008,39.992264616032095
276.6043515205383,-2483.08413618058,-556.3680868581869,-231.0771985622123,202.2668792535551,left_blink,-1018.8640371831813,200.9410883021139,114.46016878281185,204.12317252142358
276.7054712772369,-2139.1068377560005,-576.350372321438,-191.0116503369063,162.60524022346362,left_blink,-1177.20584877437,254.11348277437907,174.523697521097,229.30113521854972
276.80603480339045,-1872.040581920184,-735.924423630815,-311.7804997060448,23.1032319762744,left_blink,-614.8974907699072,114.54522456661145,98.50531020896693,86.7413342459844
276.9071280956268,-946.4714413862677,-880.4790367181413,-406.8562363795936,-140.2368985884823,left_blink,89.74874252297846,-65.88608786673267,-28.06558259693769,-68.4156059301487
277.00786924362177,-757.3764897766523,-981.8359353672712,-461.97114202659577,-169.16128484578803,left_blink,361.88590075182253,-152.09827726038066,-90.57358291664285,-120.04473711700764
277.10890817642206,-904.519113633316,-985.1831458276138,-483.6363824699074,-162.93435141956434,left_blink,290.1860352395581,-160.97688028211903,-83.36289689521313,-110.95123334865997
277.2096140384673,-901.5010143690744,-952.8143117111176,-444.0570212388411,-158.7643629689701,left_blink,231.6000534951744,-145.46861606996038,-70.75620008383274,-104.98119327575621
277.310185432434,-1031.5261161285453,-919.4581440063192,-422.4590989947319,-130.4121814048849,left_blink,130.24410674889918,-76.3768481585792,-62.94809475398447,-63.75367278424483
277.4108779430389,-1217.9601289196871,-764.9815763365477,-438.5855476036668,-14.894151573535057,left_blink,-268.07456727377775,70.36900672452394,-13.906443290347593,54.3599549327965
277.5114645957946,-1993.8883924265392,-626.2163283806294,-324.8290106514469,116.34267777157947,left_blink,-741.8560521659151,193.4386736290317,61.028784139978654,165.28442933557514
277.61214160919184,-1991.9436444495805,-623.736774710007,-245.31499769352376,117.38984975917263,left_blink,-759.024072751831,163.6896971513793,71.91326226147255,147.31291605385852
277.71290779113764,-1200.8538265223615,-864.3133191596717,-453.4740893272683,-81.50924958428368,left_blink,-279.78765227555124,13.06640460065163,-2.5049078842763253,19.85079100821134
277.8132810592651,-1021.6976590449922,-900.0854622358456,-426.7674637436867,-107.79700637282804,left_blink,171.6972182757438,-101.65124286698929,-68.21783967957319,-78.76207917497834
277.9144759178161,-901.4710951694288,-956.1428226716816,-445.30240792408586,-160.30146185075864,left_blink,243.36192662788378,-113.76774688191234,-62.214615778228676,-81.70213777012472
278.0152297019958,-1011.375535167288,-904.1488635377028,-422.505847744178,-97.7366754920222,left_blink,88.29281288632443,-97.03601845497882,-37.3203806175686,-55.259582867415325
278.116452217102,-1143.390263703186,-914.444808115717,-427.9249627799727,-105.42964970087633,left_blink,-35.04238375631948,-93.71203483336775,-46.84641449621692,-55.09230464166604
278.21704554557795,-1216.550186636392,-875.9500178718008,-404.3000147598796,-94.9504500250332,left_blink,-94.53611488440175,-33.365208202102146,-42.173635825154165,-29.20964295985484
278.31767368316645,-1247.8531492655163,-720.6394525119103,-405.66881814366207,-11.89849170902744,left_blink,-138.74365531119938,111.57542814745031,33.393496584277095,67.25683004268184
278.41836237907404,-1125.4518335657194,-605.4318343768828,-228.52097694249824,111.0320198344998,left_blink,-75.85341555964881,211.3925163394659,115.80947698182135,147.93444780886455
278.5188312530517,-1030.7725262874735,-649.2784214573912,-257.987648693379,70.39052701601759,left_blink,238.78575625185093,141.7603553861854,98.8591143546711,103.09475227821349
278.6194686889648,-145.15673698019236,-888.6394984214567,-428.2615537759848,-115.2917658840306,left_blink,764.1913331660148,-23.058968208456278,3.6193887864378578,-24.17413539114207
278.7207951545715,38.797722140327096,-955.0227226349524,-433.3552975156345,-168.01313555939123,left_blink,1230.0766531507445,-124.18789556535526,-62.02464390189072,-105.55119031042668
278.82173037528986,92.79439770057796,-967.3980515883304,-457.69830632722005,-169.08648684667423,left_blink,1319.4180130390403,-146.54900747902087,-75.50334206938462,-119.03084090883041
278.9232168197631,105.0163907557726,-931.607209012378,-437.4392682672478,-136.09682933753356,left_blink,918.4452934130132,-156.50315226106102,-81.93266445513672,-117.15303921805555
279.0239374637603,-1097.1127416514792,-955.873549874872,-449.7771982210688,-151.81188895134255,left_blink,278.1507069976976,-104.46223835853387,-55.8087702788556,-69.83840593784491
279.1247291564941,-1082.5159121244214,-844.0056624002755,-403.510895869229,-51.42549434071407,left_blink,-151.29096223193545,71.64823461368631,44.79061493776769,65.315094977244
279.22532367706293,-1375.9503325978294,-467.588471760042,-156.53164269542322,206.9267945983447,left_blink,-162.0238279629179,229.2838098517075,135.9027604610595,177.56012431749713
279.32600069046015,-920.1537653980776,-668.6567130777985,-303.0422234595753,62.12534811394289,left_blink,35.612849411494985,180.80303576400965,102.2366536419532,125.7436271384612
279.4267718791961,-1092.097535810899,-893.9146273089573,-438.6809150525369,-141.57578277261928,left_blink,132.3759897608267,-3.816395383779117,-12.712128078938266,-27.50091108635953
279.5274949073791,-942.1986056868918,-891.2742579402402,-420.0075945737772,-125.99161965725943,left_blink,77.14616187390591,-111.99271382133311,-74.51509279116044,-108.33417333373502
279.62848734855646,-1012.4040076551028,-949.4484017509968,-454.0481639704667,-161.45709093706682,left_blink,51.984135675990586,-109.86394821780176,-57.03479322770502,-89.50935897559668
279.729126214981,-1003.9742731549776,-905.6691328696908,-404.0008227634244,-95.97144271293656,left_blink,137.314711255316,-101.78090548749863,-29.41866224304782,-62.81686596081716
279.8296999931335,-1089.240252244752,-882.9642002386972,-377.3615153790452,-83.32310106279328,left_blink,86.08407960253115,-71.89978854977586,-4.4391891651274245,-28.925460009885676
279.9301636219024,-1177.2251386023129,-846.3131806729361,-368.88690207945183,-37.18769520940259,left_blink,-380.28470984966634,76.17459170588529,62.864960731957275,83.86594982887516
280.0312564373016,-2409.5539631517604,-430.52606319915503,-167.36426291707903,253.33334319852293,left_blink,-1031.15488671532,270.93042304233364,151.046435760727,225.53061879812847
280.13203001022333,-2123.634871639312,-599.5807608962059,-274.258083450608,129.5763137647882,left_blink,-1227.7154547594546,303.2933730982991,163.66042399569665,238.84767619464301
280.23262143135065,-1954.8195275394248,-664.1463937312365,-278.63376639876515,62.8078798558563,left_blink,-717.0138885198829,120.10253052583701,62.79392068839107,86.06641711206785
280.33363199234003,-892.2167127290741,-945.1774360015988,-472.1810689056292,-166.4105884283781,left_blink,10.826908765252355,-95.20577878382174,-65.24933476512821,-84.85888747774432
280.43416547775263,-832.2511568395421,-997.2069241851568,-496.5278176171705,-192.6871255170554,left_blink,339.1842788827878,-175.40753919791658,-117.79601301060273,-140.65054070300536
280.5348622798919,-860.7192753022537,-992.5582285402344,-500.0470634754747,-170.40106168109924,left_blink,217.27360243075938,-159.70048227194386,-102.08384074376035,-115.2749966160369
280.6353044509887,-969.3297099154444,-946.8603909816592,-440.89306587632746,-138.48101555928588,left_blink,39.72624628564707,-154.25499516533034,-89.82585558640841,-97.50055542164858
280.7359762191772,-1114.374249896966,-943.1504102256148,-460.28070724662393,-111.07128878403456,left_blink,9.77702688686275,-122.68249554199865,-77.01536465229877,-64.10528060129788
280.8365290164947,-1266.5021603945645,-889.9765126556158,-441.6784448670224,-74.76434001419693,left_blink,-107.8678903318027,27.890462832570158,1.7498630408240885,53.92537844537234
280.93755006790155,-1296.909416984301,-494.5007918411866,-194.1419465998188,231.78403965383768,left_blink,-499.20490604487065,216.71670978707596,119.29096170246365,196.09195824641648
281.0380611419677,-2049.502574717626,-627.669279513415,-268.2443243218586,111.15543653303756,left_blink,-826.3024442029903,250.88080636282263,152.64741139496113,217.21823320900484
281.1392247676849,-1911.9303548475727,-702.1493871309794,-291.52146164607257,59.26058474788442,left_blink,-646.4931333476821,104.30570710867644,64.44502069718018,93.61696966596146
281.23989892005915,-848.0073553528637,-913.528532626573,-456.1443778956309,-131.82960348809138,left_blink,-118.14460963612223,-61.007814710103716,-42.19087039796843,-55.16452969214969
281.34072995185846,-862.6490636793897,-961.2309565613978,-466.5188603727147,-194.6225237441249,left_blink,255.37667582519126,-143.85396613715332,-85.60651221728178,-140.32859228123746
281.4412326812744,-880.9446542626247,-979.07775914995,-458.6314113661647,-197.0684183151461,left_blink,326.66089212940426,-177.54721447737768,-93.23254788187913,-165.61427479353017
281.5421595573425,-922.491202870384,-969.4886556635612,-446.3645395115018,-179.9882952175103,left_blink,176.17648727763162,-158.52617587547064,-84.02069035081156,-126.02722138119957
281.6426217555999,-999.4097252590582,-927.2390058641322,-459.1400377601385,-109.96988824708389,left_blink,-268.68162963027396,-20.470906512994887,-7.1297744572844435,2.774022460146952
281.74317407608027,-2220.184128895402,-572.8797451625578,-206.0385683588684,163.39809901406989,left_blink,-882.2898176164632,175.28608911037895,125.97423527318556,150.67665580192718
281.84340667724604,-2091.2996966224164,-615.2677712603472,-207.47842984180892,80.18158510001376,left_blink,-1125.02645096869,233.10124550013884,187.9802951478991,175.70950876147438
281.9440715312957,-1826.3427443616088,-722.1840311936103,-255.00133857876065,26.132550940383226,left_blink,-725.2710416390223,90.21645578626769,112.39484704947989,53.025196646228885
282.0446064472198,-1057.8363123168238,-928.592849648092,-407.85291971778497,-151.9932740991935,left_blink,-119.35542049925445,-84.22821176479405,1.0361263784975776,-78.71037967650133
282.14529561996454,-920.3725495454856,-980.0239538387395,-434.1032775067724,-192.2046784227714,left_blink,176.62909402123188,-142.41551287505442,-40.16056898361222,-114.8262534619668
282.24594426155085,-861.7271783403121,-936.0913490592502,-396.5135430521332,-126.37121950276196,left_blink,198.60535084981447,-144.56436256831313,-50.79301929026237,-111.9683135731815
282.3469519615173,-835.2711260537617,-1014.632988028694,-494.60363908996806,-204.38553257845345,left_blink,203.55519213363618,-179.29815647755646,-94.47639663972612,-138.31350906490275
282.44779253005976,-970.0907795564272,-958.2539961966686,-485.6877175956033,-169.2603921946138,left_blink,125.35687772167714,-155.08690310494546,-106.24249538146009,-118.0644677707811
282.54805803298945,-1055.4764354447834,-857.1196215949021,-415.2841009297408,-65.02564052958041,left_blink,-158.18760870021177,38.4589055991687,-3.9765782666627816,31.041051284512832
282.64918684959406,-1321.355273044668,-522.0919037642889,-234.0859480765648,173.3406230462715,left_blink,-295.0301713339789,262.1786113368569,131.6838824925477,194.8257071854313
282.74982309341425,-1191.861237078905,-498.3510188455693,-199.72748718364164,158.42964192293584,left_blink,136.73086585266208,266.1377134432679,148.95136374129845,185.60327653683436
282.8505752086639,-7.468580211512744,-843.5400448557921,-379.47455885401,-69.76409377343953,left_blink,785.084062695947,59.481684781594886,48.24495945253264,23.146397540270247
282.9513432979583,-60.3619852848351,-938.2193521340378,-434.4548281026073,-171.62400896660984,left_blink,859.1810114901149,-110.04234579079454,-38.848387896765274,-98.32082775582836
283.0519287586212,-962.6053697951138,-903.6327573438176,-390.5951513722539,-108.73011141177268,left_blink,323.2199127534084,-127.45898617095571,-55.49823125636687,-97.31856384471166
283.1528859138488,-982.2548041623086,-958.093180498574,-468.7179215466604,-141.2560213264078,left_blink,-59.27467370904867,-109.89855111645991,-58.94118300589357,-71.75839071860179
283.25317049026484,-960.9785133143888,-957.9847233998588,-479.0886641237885,-151.08821830991656,left_blink,55.4137783351356,-133.0658062406459,-80.91308106087686,-85.8301076694656
283.3546583652496,-978.148394010961,-904.4293560343796,-423.4800916826353,-97.68244694266468,left_blink,119.03059890759081,-93.7601558274959,-71.87040262054174,-64.83150783501473
283.45530295372004,-1184.721768063493,-775.0325574674644,-394.4135892270133,-36.22467097081244,left_blink,-354.08088011889987,86.78088486202061,10.529442786468177,54.56306970665504
283.5563569068908,-2227.035625614226,-513.0862246709876,-270.7911961916834,164.31250455323607,left_blink,-984.1437308541456,277.04835732087685,118.31000242640413,185.17408117865546
283.65694475173945,-1987.5137329520653,-563.2756820763461,-229.5737587800249,106.57966893725096,left_blink,-1061.8436745110812,275.43014957156004,148.63211325540345,184.95846102526826
283.75775408744806,-1589.8651302633807,-708.9821843500249,-279.7706959852949,38.872520139440894,left_blink,-536.7055850476816,84.94860447240285,71.01573616370639,53.192312583452875
283.85857391357416,-959.3890558332204,-967.5177283869124,-464.08792540151626,-174.06242373771966,left_blink,-9.438164106942835,-87.67951336563475,-23.400191142074828,-66.27511889008045
283.95921111106867,-919.0579747110604,-916.5279323910364,-404.64969540573657,-126.9546438958496,left_blink,126.78437378817142,-119.63420219608746,-51.05171859283406,-89.38535067265805
284.059895992279,-988.2479938413016,-929.6979900849984,-440.5396453305148,-118.145309550222,left_blink,59.83074094105291,-106.38840116322679,-51.39330932220038,-84.92152135116005
284.1603937149047,-963.8488865303808,-949.9570281449704,-463.80930285481736,-178.08842604001984,left_blink,45.21160018854705,-139.57727432899077,-85.98534928048433,-108.65143051910161
284.2618799209594,-1007.5196983129716,-946.9688480803744,-466.0233236285858,-115.43762198230252,left_blink,-3.537255098542717,-120.89996624559231,-99.12619692071696,-79.58492075894341
284.36245656013483,-1112.442591569852,-840.3891791431233,-457.6646472276189,-55.04197759786621,left_blink,-174.59983410257772,44.67553577187133,-13.555258112989872,59.52304947209055
284.4637818336486,-1241.1194593952969,-561.130849451758,-257.1461712033488,178.01362804090604,left_blink,-192.71691901962802,211.6453292809007,95.06087294093818,178.96247038054943
284.56713986396784,-978.7018992044032,-600.5606146845967,-235.9072793549858,98.61181208165362,left_blink,216.58126413300423,176.8223047213054,89.44207025654381,128.89370274526195
284.6687483787536,168.35533640533686,-904.5097638834268,-473.08425474492833,-132.25221218308434,left_blink,840.622290936148,2.6088845247513035,-4.3025585006844445,-20.746089242023228
284.7692942619323,48.65235852357,-907.6699793459848,-416.656644213479,-144.17875314177945,left_blink,1215.4147403747106,-93.22577158003266,-50.66169240828384,-94.72175453377484
284.8700535297393,-29.204878753982484,-880.7875784644857,-401.29687509546056,-112.90570971230044,left_blink,1136.3497791327325,-82.0764046973977,-37.43078835697434,-81.83177474423178
284.97027301788324,43.77552898135036,-891.5921494364738,-422.2066557477228,-126.61618294985963,left_blink,711.3411811826952,-87.80000184046794,-50.91900927284683,-83.90942182863202
285.0709738731384,-1054.202999509871,-945.188655701466,-484.6274559581652,-146.85465156007558,left_blink,172.2675895094494,-92.01260023776543,-71.73690039213861,-79.73115047369942
285.17176651954645,-1237.3234609402716,-824.8573746271431,-399.4362748675048,-67.02648700587451,left_blink,-225.77471213119733,27.58588164676847,-6.776488947118775,27.695503043472385
285.2727239131927,-1151.1243768115528,-581.0869556153193,-249.6794609418139,173.01899165008217,left_blink,-300.73285626100824,206.67442479619442,109.35054781185454,177.576228797727
285.37328958511347,-1060.1064315899275,-589.0492026209831,-253.6250553950668,140.08917254023254,left_blink,-17.061604274441507,226.06543743836667,135.7476624039199,193.87781706518277
285.4752187728881,-660.3447854262777,-788.5504258573055,-339.99056507181376,-19.956106163561344,left_blink,487.0820629038877,46.62642612782412,41.06222510882671,53.755600306001476
285.57560706138605,134.61956885503605,-973.0022916719316,-460.075012749061,-139.38981124851853,left_blink,928.2360946655717,-124.73265012533376,-55.67998176357705,-78.92572401906632
285.67643165588373,91.57706026500092,-951.1276168311016,-445.1266326261684,-135.63869159296155,left_blink,1111.389568968856,-145.3814632557618,-70.30947778838382,-98.51163189650262
285.7772612571716,27.35175832593813,-935.5733729153872,-425.5557361580432,-140.52674083504826,left_blink,1103.970271249353,-107.14410377493613,-49.50399126995655,-72.18518601405916
285.878113746643,-62.57787600858137,-922.8913721656428,-433.9368519587442,-109.32475550472736,left_blink,976.0543321652586,-116.93209476686486,-49.44027532456417,-74.67816633326296
285.97932910919184,-136.0818697377108,-910.0635153176264,-423.3304956844077,-97.18878014851362,left_blink,606.9728188078191,-94.04796006279582,-35.194178108471796,-51.64710041763815
286.0803468227386,-1171.469432570506,-859.9694253611378,-381.0079178358428,-70.30824921699241,left_blink,29.77916243772303,63.077084083679885,33.82020960766799,61.93988831537742
286.18136548995966,-1312.6300864480436,-444.8554898793809,-218.58780266018584,240.1071870052256,left_blink,-356.47075734924385,244.41002086793546,108.29832187338668,187.76303629319634
286.2823362350464,-1097.7952733933926,-631.7831694646738,-304.2913500447757,85.84379363292828,left_blink,-224.71271298539568,256.87362813721614,116.21929234972642,195.2116087311231
286.3827800750732,-865.0463395509869,-735.3634386374615,-331.098952927161,28.567225811537355,left_blink,263.9507792252616,102.67625422575264,62.22220587789543,87.0249694217217
286.4834058284759,-182.52581733744591,-848.0840233019553,-358.3665635040961,-60.58824923215434,left_blink,692.6893102742848,-51.44443186953049,-0.4965296842309126,-25.80616715302271
286.5839703083038,-86.92275477014482,-956.7617761143484,-442.35723670898005,-150.74227756401524,left_blink,900.074357133876,-120.28153557790398,-45.77776508487849,-86.13236957258395
286.6849884986877,60.72475558053702,-989.111910731066,-481.5775675443001,-177.90517094219103,left_blink,1059.3155790170288,-154.97305602006864,-78.58516189143462,-119.09982457740361
286.7855598926544,203.56275458820164,-964.7576822196132,-440.0497184363194,-150.46926486724988,left_blink,1212.0486470729918,-178.89271481696238,-94.3141183362175,-127.31826056302043
286.8866174221038,-25.8651480935514,-973.6175052146428,-484.943477504421,-157.2010847874917,left_blink,994.0615592706232,-112.71500290831294,-65.63496127491031,-60.588220850356215
286.987509727478,-542.7829002691433,-749.9191292650066,-355.7822926347144,49.20025386707857,left_blink,170.79231198298805,78.43089203177324,18.083982366947442,82.46723051112605
287.0882093906402,-2025.191355055664,-548.4600684018806,-272.09829122619703,144.7715272847563,left_blink,-753.574936795026,252.08276248061665,102.83460775367789,192.5201155094954
287.1886985301971,-1854.82021257421,-613.1304184356704,-317.048148793634,82.34137732442468,left_blink,-1001.7898702283959,226.1522524170245,102.7616056159686,158.13169724759086
287.2893240451812,-1540.76211379515,-764.9890561364591,-312.5415693470277,0.8601769898086786,left_blink,-521.5223827671921,27.47083343887867,9.109260230489749,11.626917660731618
287.3899788856506,-803.0369283356704,-1006.5940730739384,-519.4216151959263,-210.74336250312624,left_blink,19.61349815271211,-135.98349690986464,-80.05187928214119,-108.33768859456784
287.4912033081054,-951.0771281816995,-985.9386056186632,-475.85178071213886,-184.17137331794947,left_blink,160.29097827468462,-160.8448460132623,-88.27580502210466,-136.3732699108945
287.5920131206512,-934.696366375778,-926.0515876282008,-414.0985526437871,-152.06059229839593,left_blink,36.14694985034528,-139.0098337549267,-57.869047280548884,-126.00063010616569
287.6929006576537,-974.8516722000204,-916.4886634415016,-414.00505514489487,-140.1041321400553,left_blink,-90.96297860188541,-121.00842831309582,-44.986211307521216,-99.01508466237954
287.7934298515319,-1158.1105099287815,-942.1144579378888,-450.1698877164162,-118.28181589860468,left_blink,-196.33639176606576,-10.391036121865227,-8.913130326866625,5.049079632606884
287.8946003913879,-1477.2978814970702,-554.4326886311173,-274.5928044966422,160.815698094666,left_blink,-343.1658043113216,195.16039753441547,82.93047649426148,162.93814167166752
287.9955582618713,-1131.8956811893731,-533.0554204843938,-237.16014584014192,158.30996512435377,left_blink,-478.1523800201776,291.83170573988855,143.19681069855892,217.57228338842071
288.0963537693023,-1760.8009976381436,-656.9583060164005,-277.0966675169766,60.752804830204695,left_blink,-479.78239487502765,157.73183600991894,89.74923397844698,98.46754030106578
288.1972699165344,-1116.6555888699368,-924.8959585418924,-444.56190773285925,-156.6438396940939,left_blink,-334.8728780493882,-45.58290883764621,-10.33107603682736,-55.01017751203126
288.2983040809631,-1144.3233687421307,-887.6016761837527,-397.58502438943833,-117.3300113598816,left_blink,-172.35635118253163,-109.55530087722742,-43.46149079511453,-92.93992098186797
288.39900422096247,-1082.6449386728927,-888.0093252789229,-400.9284949498251,-94.85321262618528,left_blink,-91.1044789596442,-57.51366155096641,-17.8783225916665,-51.511259214019844
288.49957680702204,-1051.8094635382297,-894.5279709016904,-427.4593452354893,-133.8267100644298,left_blink,-72.58542309582793,-51.350083526395146,-22.622470511624865,-54.089712292223666
288.6004106998443,-1009.301760641858,-916.084754246287,-431.73779078479856,-142.24896476464346,left_blink,-97.9039134888847,-116.52027738092151,-67.94280556412048,-105.42192479745955
288.7013080120086,-1138.8406754070893,-906.7574437567964,-452.0005687447265,-125.5241321627982,left_blink,-180.61681380090275,-99.94963003014502,-65.53789787065853,-88.5652307719048
288.8024840354919,-1238.2771354289723,-830.889833255671,-399.1146434713155,-70.03523652022704,left_blink,-255.5175915309485,77.12749836379231,23.107856213125338,41.49619001512377
288.9030096530914,-1150.387616520282,-518.4286717576906,-256.88624815642834,133.22084627160802,left_blink,-206.15043262163937,243.56388747780485,101.17800148562998,152.64031649533405
289.0039658546447,-974.6983363018372,-575.7276789788157,-278.78336239699274,99.43085017194971,left_blink,-36.3547443265849,192.94730165190145,68.71073184532182,104.85088167202979
289.1047766208648,-869.1976285018027,-945.0820685527289,-484.3581831613556,-174.1802305863239,left_blink,92.9628280836681,-8.738073307072163,-24.717645340397844,-38.60058378575269
289.20550346374506,-941.0074475510046,-904.893103628885,-418.7939970381558,-130.01575200958175,left_blink,35.47182546935571,-126.13795022837168,-63.09126621687949,-104.27472574607228
289.306407213211,-1046.801737497561,-886.6835307446308,-396.8482640981674,-95.45159661909564,left_blink,-146.07777153693982,-97.57943898404777,-38.75829369178294,-64.48664153947959
289.4078154563903,-1149.349794282578,-940.9681786014698,-456.3388526933268,-120.774459219072,left_blink,-207.78219759448706,-66.32571677737738,-31.36338518820413,-42.75025898086856
289.5086524486541,-1094.930510027334,-913.225600730162,-436.5510420277715,-141.43740647425875,left_blink,-65.42822610030925,-108.5989158439512,-60.36476141839658,-87.89464493981099
289.6093506813049,-1006.0742269800976,-892.2485018786974,-407.8697492675856,-104.8088263082318,left_blink,-45.271405212304714,-111.69123148175639,-55.04372974287018,-90.86651049671568
289.709825515747,-1234.7691092705354,-884.5330882701091,-414.111642293632,-98.45099638355896,left_blink,-487.49531994476604,37.46176232276204,35.671559127871085,37.438646516365125
289.81076598167414,-2264.550562069752,-506.3282254510559,-178.69615978281945,215.5248245964758,left_blink,-1106.6076031446212,239.88190018493677,152.72805420604055,199.14995827439145
289.9112861156463,-2049.491355017759,-562.9054319807328,-231.63818355556572,141.10829527815804,left_blink,-1211.4722433756974,274.5725248603208,179.11788738864536,213.8764703518066
290.0123732089996,-1754.0355186183006,-733.355112361256,-293.97483601700515,7.44801076175645,left_blink,-658.4824925025907,95.13657953982207,83.44775005699167,62.66731237287172
290.11431455612177,-782.8620380247012,-936.7121724518948,-424.49547452060506,-153.16760268528014,left_blink,-64.67062774372265,-104.68986884933727,-36.917539609488394,-89.1336462073714
290.2154593467712,-946.9052697811276,-990.3273782166652,-478.4136121817865,-172.09523636102676,left_blink,86.52326679216156,-163.7403947065598,-83.20694575382177,-123.3760294021344
290.3162012100219,-1038.0354120014235,-965.6028996095991,-464.37402774812654,-157.7826392306015,left_blink,-11.971371279590894,-138.3825494164442,-69.99553815926467,-96.52758125535085
290.4167957305908,-983.1935190511869,-905.0015607276,-401.1996376966126,-109.95305869728328,left_blink,-71.29118959284567,-129.9511150950997,-60.192594331283935,-87.78804192435844
290.5175900459289,-1091.145731272176,-953.9605910475366,-472.8523809476756,-123.71215063426644,left_blink,-235.872178363065,-82.80564878887873,-43.91217038191455,-48.187229858231674
290.61885285377497,-1636.789655007422,-763.6370823024772,-372.87363543221727,-5.703347432427108,left_blink,-672.4612284952145,86.66003260022288,25.473337544130775,87.2231825304025
290.7192516326904,-2149.619696531445,-492.4531966154464,-227.98617124883452,232.30388574767852,left_blink,-1104.9311166797095,271.1501654956048,114.74638488645384,230.29863863591123
290.8201918601989,-1996.893402040936,-545.1072480916046,-261.8098264480941,185.5139974020421,left_blink,-1131.824309434277,279.64203241729444,135.61042578675736,232.30771294880284
290.9204494953155,-1572.8149263653904,-783.6268475656398,-372.87363543221727,-36.041415872983634,left_blink,-722.5927041678115,105.95758699822008,65.0339677442791,93.6353021667973
291.0217769145965,-1357.9576739110053,-823.3296254952438,-334.1843703906052,-17.958999587222934,left_blink,-182.71064196601236,-78.9489185641448,-34.47048209208075,-52.872357252553506
291.122165441513,-493.2984140054323,-1046.410917952191,-554.8272480764426,-249.55043439334256,left_blink,181.94582184491338,-164.11699910888427,-97.39388278036023,-127.49921818852614
291.2229821681976,-826.5160202574916,-999.0712643130682,-493.5377676025964,-184.9661020585336,left_blink,260.1373011455023,-186.38674022088838,-115.5657379440709,-157.07246166825024
291.3235349655151,-857.9124803855084,-965.0680939159356,-457.3766749310307,-195.0974910384976,left_blink,103.27566171715996,-184.03411597220048,-110.7204161792373,-158.60887806902343
291.4243957996368,-997.7585594286212,-951.9560046712868,-476.2145510078408,-151.97270464943722,left_blink,-179.69918119772927,-98.1601402533373,-72.2263263118234,-81.58465659179679
291.52505850791925,-1466.2072081784718,-782.9013069742359,-420.6994760655798,-12.912004597019404,left_blink,-404.3510377419329,86.4810430425624,12.36903325602912,73.25273222633565
291.62600159645075,-1063.2909564021977,-556.5326424562372,-265.1009384091012,144.81453613424674,left_blink,-289.09101773606045,209.7234478351702,75.69701548854437,166.61994681500263
291.72703814506525,-898.151933958754,-667.9667015359737,-322.3363673309796,65.80914957029745,left_blink,277.4276991182522,122.28309709518145,37.96823926798541,83.09380549009079
291.8280341625213,236.49257369805127,-986.3967433632351,-509.68291571130976,-207.3269638936036,left_blink,943.6643410748003,-72.88779174856569,-54.20517673749219,-81.71403669748466
291.9290673732757,67.64731039851904,-950.1234536929989,-451.33299660263583,-187.1689031324349,left_blink,1158.5963130850942,-163.28598839775825,-88.96891660145164,-149.30880410997773
292.0298943519592,26.755244283005595,-924.8716491921804,-413.9377369456925,-126.76203904813156,left_blink,774.3215856817629,-127.90911790056994,-56.287185131318765,-107.14151112217775
292.1306705474853,-1051.2914873943664,-950.9742809329182,-446.7927580564283,-151.59123485395685,left_blink,144.66501354675947,-99.30293397942862,-31.559872698596468,-72.23905315678827
292.2313203811645,-1130.8428993518464,-920.8606064897032,-441.0108727249317,-133.18718717200682,left_blink,-326.98984729884364,-106.04786346291203,-40.656044054748804,-74.62957979864261
292.331969499588,-1153.8732032789849,-861.306439595297,-379.37358155520633,-70.6822392125614,left_blink,-436.8820651971046,-44.76795940818993,-37.84535368464695,-33.20259509393119
292.4326961040496,-1511.7965886383315,-743.5332500906661,-423.3136661346071,-2.5562216197140515,left_blink,-127.80664117349569,112.22405365233777,11.537866090906272,78.36640502550846
292.53400373458857,-184.2405614671297,-554.9300953252241,-291.4859325964935,129.92225451068953,left_blink,444.2921552798441,230.8605592946451,77.39362191128576,163.05935466981586
292.6347844600677,78.75668321689591,-649.3700490063056,-286.7811384522356,64.84799528168514,left_blink,976.6707985253855,187.9002602332432,97.56316342406889,128.79708520629708
292.73560380935663,271.7392608304508,-767.6855240045115,-317.904585883487,-10.978476319927722,left_blink,1385.5442683745046,40.58898431573644,57.08657297293882,17.899988188407185
292.8364033699035,950.6545194867068,-937.56673959177,-426.98624789109454,-173.42851069523022,left_blink,1775.9334466761215,-66.575183892164,2.4209005611064107,-59.84087301958094
292.9370508193969,913.3340578288772,-885.451233709231,-384.44862579507753,-97.11585209937766,left_blink,1974.4870883987332,-100.38440577628985,-32.17515801093971,-82.39637526981245
293.0382370948791,981.4002370224334,-930.8087403718382,-446.96105355443433,-138.47166580939663,left_blink,1577.6647667276984,-115.35155343627157,-50.89928369768377,-96.01742275231622
293.1387827396392,-882.3938654954545,-913.44438487757,-420.07304282300174,-140.6351979337633,left_blink,551.9651659432436,-90.07657059886087,-41.233329070892665,-76.76595931971274
293.23984980583185,-1061.4004369745962,-854.7803141726181,-402.62266962975264,-74.81669861357659,left_blink,-561.4489686621794,31.621822990408432,17.72486117500587,28.10406629710643
293.3402409553527,-2156.985429494176,-586.4724115515128,-284.37451283074915,133.83231991436332,left_blink,-1098.059731980342,165.28720581687148,80.41592887033063,139.60915479258114
293.44068837165827,-2013.4256297950635,-680.7365899346769,-306.1781295724213,76.5183530934155,left_blink,-855.5842475435669,151.87341972695486,69.35458105819345,115.98224076425535
293.54153585433954,-869.5286096478812,-850.0942195281386,-406.3363902857527,-119.54964198358356,left_blink,-272.58996786688556,-2.183507310777305,-3.2928437126732124,-21.471333840466848
293.6426389217376,-1039.1368125383742,-952.7769127115608,-456.3837314927951,-162.4462944753468,left_blink,53.51521202483097,-126.52331202514996,-47.449553436060775,-110.57874538959082
293.7432355880737,-959.5704409810714,-924.7426226437092,-386.0960517255589,-121.8384607564658,left_blink,0.2692141815824449,-127.16427850899001,-32.230036141620786,-88.44914593963559
293.8438580036163,-996.457074244041,-920.87182618957,-414.69506668671966,-109.21255850605668,left_blink,-128.18905209907643,-82.74598762607822,-16.581378876095958,-49.492067703266926
293.94458699226374,-1109.899459599983,-926.8145272191614,-445.9868096159771,-137.93873006571084,left_blink,-151.72230389197844,-94.1030314512636,-41.86418511320784,-68.25726583871399
294.0452215671539,-1153.6974279810674,-934.802953524515,-446.3533198116347,-137.38522487226874,left_blink,-197.27092608125395,-132.01742776613636,-70.96059328607402,-91.87490066182025
294.14594483375544,-1218.781036959961,-886.6349120452069,-417.36161535512656,-73.16179288318381,left_blink,-370.67455264182644,-75.73480094798585,-44.36589192552138,-31.58528062872213
294.2465085983276,-1550.1062538344413,-795.3289945269935,-396.8333044983447,-0.5254559437744319,left_blink,-498.27576479530114,101.00290545916542,35.853141983869165,99.09160121888375
294.3471844196319,-1102.625354186166,-511.1078175944276,-265.2673639571294,162.3546669264324,left_blink,-304.0136073578717,242.60580430953846,94.60737276976552,179.02456790164536
294.44829583168024,-873.4742041011341,-610.2563053197227,-286.4763366058469,78.79408221645281,left_blink,208.4200478064056,196.6694894608268,73.08793038439573,124.84963226925959
294.54925942420954,-140.70438608294353,-868.0513491653837,-446.5178754096851,-97.62821839330718,left_blink,689.531810021133,27.58734165540569,6.467974171285155,0.16450431752151218
294.64994001388544,-76.74461704073474,-872.3671937142499,-390.075305278413,-109.59963815147056,left_blink,860.5591031004138,-84.27858083810689,-33.0465530044407,-73.84918259620741
294.7503795623779,-69.07408223161474,-890.5318877990358,-392.72689434699714,-110.3326585427858,left_blink,861.9210685873204,-91.62061830782531,-32.80901543329513,-73.87425066653735
294.8537375926971,-46.23451320221648,-953.1976514565758,-473.32547829207033,-164.86413979670033,left_blink,947.6347929415667,-86.80812685682933,-28.032497926227485,-69.5377377271242
294.95541477203363,-17.239068845752627,-909.4707411746494,-395.7262941114605,-118.38466314738616,left_blink,965.2575456016095,-110.17862906619393,-34.839938024602816,-90.64787985927961
295.0561640262603,-87.63894561165944,-883.9721032767557,-392.8914499450475,-108.93767585931346,left_blink,574.3429402715243,-83.63361696941286,-32.09237625160287,-73.55079186099239
295.1569051742553,-1291.1294016027823,-839.658028701786,-444.1355591379106,-96.56982670584694,left_blink,-47.91164294977693,45.46880629518718,3.2163504375046092,28.891341281963324
295.25795030593866,-1020.4597521596588,-617.0442237392999,-315.12771016638726,122.44245459930973,left_blink,-256.8796127906361,175.02068431655687,47.86339938127618,131.54185873208388
295.3586452007293,-844.1459086486138,-624.03783665644,-311.7356209065765,75.83582135150209,left_blink,195.49121203282567,157.02541979574312,46.5513093429941,108.87653673404725
295.45953774452204,-6.516775672789663,-867.7521571689285,-445.41460492275655,-106.7386146853678,left_blink,811.1507925682736,13.218906769501618,-6.038307869095486,-11.499098244300372
295.5601353645324,-2.889072715770453,-902.1405372614972,-414.5080716889352,-146.76676391111687,left_blink,1020.0840601559678,-91.51307688819378,-50.01798603177224,-83.36633930939382
295.66118192672724,-33.74324735021219,-904.2498408365065,-435.3206149423495,-95.72460931586102,left_blink,864.4715832430168,-90.4006167396202,-47.94467592862998,-63.454507681857336
295.7621655464172,-111.87349732453004,-899.6123648914509,-430.5372828990221,-96.42771050753072,left_blink,790.5147652065579,-73.23056084984624,-27.061228668289644,-41.26004909946548
295.8630719184875,-149.05932258395478,-891.9680093820207,-390.8008458698168,-110.77022683760153,left_blink,905.8588320257059,-88.85223491870957,-18.367686766619382,-51.595879800391735
295.96385812759394,-139.14484780142084,-915.2975053056144,-408.4868327602744,-101.54015374695882,left_blink,766.6582335883645,-55.236810727170074,-6.444612638187397,-21.32017999554579
296.0645666122436,-613.4427000819705,-735.8010069322772,-349.84520145505667,46.83663709508255,left_blink,80.5993123725776,72.66081820964477,34.1793128229845,75.7644220653056
296.1650202274322,-1982.3152720136568,-637.5089562968351,-321.7267636382021,77.58983443072066,left_blink,-697.009303162374,180.3455072588687,80.21026227070442,147.51156690635
296.2658627033233,-1694.788023520261,-675.584877745714,-292.963193078991,65.45385907450691,left_blink,-913.1304505513584,141.438795542208,77.79943754693728,114.1440090891324
296.36682796478266,-1550.2932488322258,-823.1538501973264,-375.4766058013775,-37.819738301914185,left_blink,-602.7831045282721,3.749618949460519,20.59860166224874,19.871106901110878
296.4677169322967,-1163.856866210699,-927.9271474559793,-433.57969151297584,-109.05735265789554,left_blink,-276.6869875944659,-89.94357622641027,-38.39315683479136,-45.61080524155361
296.56838321685785,-1067.9546116469428,-942.7932497798464,-473.1740123438649,-152.51125024305657,left_blink,-99.53386567378375,-112.59934411652274,-65.44176495858038,-75.57788430061049
296.66912412643427,-951.434288627468,-919.1458623600192,-417.49064190359786,-110.9983607348986,left_blink,65.95688787592499,-139.44182660872352,-74.43101901416351,-108.49153573161408
296.7697134017944,-955.6753351772204,-984.1004447904417,-484.569487508852,-182.8044398841448,left_blink,42.51295314037331,-151.16286980236126,-62.31597491795779,-104.2748926715265
296.869990825653,-991.7017914503812,-922.7623456171714,-404.4346511582844,-112.187648920808,left_blink,-450.77650951701634,-42.24111549037134,-2.547899908975026,3.745381853053252
296.97057509422297,-2507.1728317951784,-620.5634695976041,-289.58606341900304,167.70646376302466,left_blink,-1077.2680994107575,147.9828954851749,73.56838304390406,145.01797237511693
297.07138371467585,-1863.3303549233824,-615.6866400553845,-323.42093831812963,75.70866475300863,left_blink,-1160.5515601934706,221.31459663839544,86.8332774629642,166.0118774067649
297.172325849533,-1663.5692086401395,-683.0945968567394,-324.959907149896,9.622762585990133,left_blink,-655.7674953647635,103.87775953514469,29.497894751269143,54.15954596399894
297.272946357727,-990.92202230962,-953.1565125570633,-469.7650935342536,-144.91364348307252,left_blink,-149.07568339436816,-55.1467950767869,-22.792615879836625,-56.62200673959886
297.3738870620727,-997.3696098332292,-925.8103640810588,-401.7774522397667,-142.2134357150644,left_blink,24.814140725454884,-129.88884886996146,-36.15039571507006,-96.8443113828174
297.4744012355804,-982.1781362132168,-925.3017376870848,-405.8651628913358,-131.61081934068352,left_blink,8.986773196846789,-149.27528722077582,-45.97407189346364,-106.65259271072172
297.5749232769012,-1042.659798296634,-962.8091943426988,-467.9998607551679,-155.774312954396,left_blink,-112.67540383079212,-128.0132747729859,-50.91422319300111,-87.31862036836492
297.6756417751312,-1183.5493094273843,-928.1253621536308,-432.85976077150553,-122.12269315309824,left_blink,-425.7488741994088,-11.35469032133851,-8.829862066491737,3.3728459643202653
297.77634096145624,-2014.820612478536,-565.1119729545899,-280.55981487594545,143.34662540163845,left_blink,-796.8902639442276,149.43414935170915,57.71766797897164,114.39859874070594
297.8769466876983,-1739.0852685454302,-632.710664653685,-307.363677858375,69.42002297751606,left_blink,-926.5000592835726,206.97513125294012,83.68547226173112,143.73022161131547
297.977545261383,-1723.8713555256836,-720.5085560134612,-363.4546973938122,6.817837619222701,left_blink,-781.1489082577011,140.3347849910503,71.70686106852229,100.59684983849456
298.07828116416925,-1539.509247309994,-764.4336809930392,-304.05760629754514,19.15202767308801,left_blink,-572.9397810482742,54.590550298322995,60.13945395422772,61.56298027173126
298.17897415161127,-1323.2308328724466,-820.1039617834613,-354.46958775026724,-32.51843011472374,left_blink,-390.96162106906286,-18.398633726676795,32.4683317487309,17.97872828226508
298.27988457679743,-1202.117912707385,-929.8401062833144,-421.8925041514449,-118.89141959138216,left_blink,-186.1711491737065,-108.84943168403018,-27.442568935355613,-67.9581058590948
298.3804638385772,-902.4285095580854,-967.6579746352508,-441.9009689143859,-178.3820081865415,left_blink,-7.644776641119989,-153.01110799867845,-56.84047743393932,-121.94540837828501
298.48101067543024,-848.1625612010248,-954.583284390159,-429.7126349587925,-151.67912250291556,left_blink,47.294056377498,-62.28302920669931,-1.6925287954314165,-45.54619645835449
298.581761598587,-1052.6771203279495,-649.0633772099391,-268.0816386737861,96.1565677607432,left_blink,39.14686426849994,91.35720274667206,77.33003824243927,98.21533536833357
298.6822197437286,-743.1405605953187,-691.047494112514,-311.34106146125123,78.52293946966529,left_blink,115.01927658038011,150.0280589503473,89.04152183223765,150.30164249683895
298.7831833362579,-650.1329885972664,-756.1853316407651,-362.42435495601967,20.326356259174645,left_blink,295.3164483450465,96.03850712904988,48.99971135441593,84.5364305433241
298.8839564323425,-533.0928194839507,-767.5733270058408,-345.49382785661146,-44.38887257408351,left_blink,467.120310913255,38.3576446595904,33.54647162425579,19.721696888188646
298.9844896793365,-468.45612854976207,-810.084769802168,-354.5630852491595,-52.96072327252477,left_blink,522.3537246235903,15.35459447858624,44.132632159183096,12.605704878286327
299.0855388641357,-337.5110114011913,-840.5387751413509,-350.69228879502043,-33.70771830063313,left_blink,442.01513245949883,-32.02852536124383,20.837362897401082,-7.988500377360442
299.1857318878173,-910.9554814570585,-956.8272243635728,-449.0834467792884,-162.42011517565695,left_blink,278.3480064603697,-110.28439500180947,-36.01471957321779,-77.18181670460427
299.2864437103271,-791.6003142711706,-921.911518377252,-434.5614152513445,-146.34228526614606,left_blink,87.01302745590593,-130.97844072060738,-55.78023951374602,-107.61588478931469
299.3867888450622,-821.422276517842,-917.749009726569,-423.6184679809958,-141.9927816176787,left_blink,-59.17512247301738,-41.81217994716278,-8.582244891950179,-32.238059028394794
299.48729324340815,-1327.9075777670369,-676.7835156815127,-297.5090414751321,93.30676399450748,left_blink,-55.63785523000847,86.59865722267756,53.384423010929474,77.97999827895701
299.58784270286554,-764.8731192378327,-706.9271093243733,-347.81443577911705,16.02921121008694,left_blink,74.33612366550487,149.2614902992952,78.57517225911887,120.71406914681464
299.6885061264037,-668.8848469750956,-684.19599739369,-303.2984066065401,50.59336660057306,left_blink,185.2136710757618,125.70677832554034,72.17532994863161,96.59386210776789
299.78921198844904,-649.2915111072361,-786.2840464841574,-358.49185015261173,-25.88010769337416,left_blink,339.04854610500803,61.813723668560584,52.8706121467701,56.613837153969776
299.8899374008178,-457.4084640806541,-791.0449391277507,-337.1145820058882,-9.173974591307342,left_blink,725.7566334386489,-15.020877327732066,17.376201004711135,0.630380021214827
299.9904630184173,341.6174215525389,-971.4951119897888,-459.4504494564608,-191.8306884272024,left_blink,1111.603377510764,-101.03805857244052,-31.531956392923632,-86.03074695748383
300.09140777587885,86.60486327391118,-965.0699638659136,-459.2896337583661,-194.40747949667275,left_blink,980.061017689791,-164.35031879186002,-69.28798431884303,-154.2525392061982
300.1919081211089,-756.4676940874197,-942.0789288883096,-425.9166365037672,-166.821977423504,left_blink,367.1952695455791,-145.57837695425698,-72.42578594557601,-128.3090402855924
300.29252123832697,-1050.4500099043362,-922.1078631249256,-480.63137285551056,-128.60019987635314,left_blink,-99.45578022930653,-29.31621553778109,-33.74150686229907,-8.346255968789208
300.39329004287714,-1021.0263470029458,-649.3793987561949,-319.96901065902784,124.32923412695528,left_blink,-86.2284083551225,108.17591143023061,31.762846883316367,113.68676338082325
300.4943976402282,-789.4966205460951,-671.9571747886948,-327.022461975459,63.18560975138098,left_blink,140.29320571945038,165.61474844588295,84.61812646660903,154.05090524983174
300.5949895381927,-639.246139826253,-722.730056587141,-295.25201185187325,40.96686411462724,left_blink,319.5024620214041,121.75244226600861,86.74603875424708,114.69945903858454
300.69542551040644,-641.7331732967868,-777.7701642350294,-366.80377780413255,8.396075400523841,left_blink,533.0371152229235,25.609440270577014,34.085538962749176,37.97604443906533
300.7964639663696,206.89874534867704,-918.7307334649375,-435.0345125957392,-145.0707192812115,left_blink,866.8531571791378,-81.3994466622006,-41.82947913569813,-55.5783295176415
300.89727258682245,-20.348795658908784,-959.6041000806728,-470.3915267768316,-166.10765653196722,left_blink,1145.690919966188,-158.87601396397358,-89.19931087799473,-133.22335720803238
300.99796581268305,25.81652939412743,-956.8515337132848,-452.7130196862854,-170.33000358194113,left_blink,1105.5732213019064,-137.24390036387032,-64.4874748646789,-123.23036923816578
301.098301410675,107.3126893285662,-889.2902410137467,-425.4902879088186,-152.31864539533854,left_blink,709.8703116162526,-1.7152000237770135,16.515449534195263,-7.705696093698128
301.19909787178034,-1078.9854465662502,-603.4571672002785,-243.6283028135076,158.80737181846052,left_blink,254.3557046217772,136.66728765090326,78.04151886395078,112.99955340222662
301.2997598648071,-830.6822688081302,-678.9320882060565,-347.0926350876689,48.929111120291054,left_blink,71.24547691486481,162.3894373869337,77.5147322699061,140.82675177620996
301.4001483917236,-664.7279481743462,-766.400868369732,-357.6615923624486,-5.370496336370707,left_blink,185.83806719250168,96.01439482832687,51.416698443206116,97.06135071164492
301.5011036396026,-546.259137277957,-786.7683635284193,-358.9780371468514,-1.9671873766928911,left_blink,440.9990685711678,21.135399956017544,28.549977419145893,37.055541647645484
301.60175538063044,-472.6915652495809,-817.5365204638802,-369.9471637168899,-48.83561362139881,left_blink,748.8929341885903,-40.615525928311094,-15.874992138085215,-39.52254454657978
301.70242094993586,293.6438548709266,-972.6563509260304,-513.1367133203894,-237.89877608139068,left_blink,1020.1070876681325,-98.06734810252885,-78.19682612424603,-119.06803585824093
301.80297517776484,171.86523251375183,-955.8305410253816,-491.7968441732228,-214.34488616045564,left_blink,1154.8936909972422,-136.17451993369463,-103.46613022821714,-149.94336440369764
301.90317440032953,36.88102341303602,-943.0587826767004,-459.45418935641646,-150.64691011514515,left_blink,1177.8766214864388,-149.71551511007502,-79.52483792198926,-134.72284185338995
302.0037505626678,58.96139275142923,-978.6327110552228,-449.1208457788453,-200.8475872203708,left_blink,1074.953583181843,-145.2164569994353,-55.04747377862402,-122.09690029134131
302.1045131683349,23.447302772197872,-942.931626078207,-438.884739600122,-183.5094110257924,left_blink,691.1253356990675,-105.73599266598546,-48.984237949069175,-110.2537139323661
302.2056274414062,-1207.9072778387929,-843.7476093033329,-451.1796607044525,-124.82664082106204,left_blink,94.10467587709311,-28.766134616001793,-31.951264315076823,-67.91717246666408
302.3065359592437,-1249.221952649299,-784.541253104806,-364.0287720370106,-62.205755962990224,left_blink,-333.361650679977,34.72591795053628,2.4075142188075747,-14.322965041517971
302.4071948528289,-1318.499859428499,-760.7068706871942,-358.54607870196924,-43.81292798090726,left_blink,-404.54629759589415,42.29500287693483,25.291583857056995,10.14484563800904
302.5080747604369,-1359.0889936476017,-860.9623687993735,-412.9391836575232,-91.40689481701702,left_blink,-327.63679716544186,12.363470593129534,22.160677954922512,4.2187424737069765
302.608852148056,-1281.796481263358,-803.6558817783371,-360.4870867789723,-50.122139206156135,left_blink,-288.92050900304264,-25.25148965216871,-1.5962560643948644,-19.366241530245425
302.7097721099853,-1235.5189592116512,-898.6044618533924,-435.4533813907765,-119.70671778172256,left_blink,-238.51906046911046,-65.84079596360215,-37.630080100268614,-58.03977098112992
302.8104090690612,-1146.9992671604268,-917.1618454335256,-460.7201454914175,-151.53326640464363,left_blink,-158.90209083978425,-89.45575506494734,-62.07245708185252,-84.15010238196557
302.91090011596674,-1234.61764332233,-883.0726573374122,-450.9552667071112,-121.81976125668734,left_blink,-207.57824766080947,-55.85678337210337,-46.02100286637844,-52.72647342657718
303.0113804340362,-1336.754311112221,-780.3413454545662,-369.8031775685959,-18.96877257525921,left_blink,-464.6491536000266,34.78455685745297,4.7959418981596205,31.756515863040946
303.1119055747985,-1909.168438730296,-688.6483482909389,-333.5579371480271,58.18162361066789,left_blink,-749.3770328023519,126.5099755527476,55.724275207527725,110.67951343421454
303.2127392292022,-1777.1350106946193,-677.5184060228057,-346.2361979978159,64.15050393994898,left_blink,-821.1083676249717,157.51854516482567,77.09728208240517,133.9342255862172
303.31335330009455,-1465.926715681795,-737.1585906161927,-325.9061018386856,-0.9162754891440272,left_blink,-621.3176594304196,99.01722518913009,49.95065503539217,85.67528346021504
303.4144897460937,-1492.7829372636045,-798.313434691634,-388.9234160920605,-22.446879534050822,left_blink,-255.2465390797264,-23.738158239384,-20.39271827882163,-18.215282660281247
303.51531457900995,-760.3945890408941,-996.0756044485606,-526.4357975628227,-215.07790655177087,left_blink,96.44439867803254,-128.21941276711988,-82.5965968927314,-115.387719298794
303.6166746616363,-752.230387437623,-955.8417607252486,-440.2311035841704,-200.41001892555505,left_blink,244.73208299750218,-147.33777374454263,-86.47380364604197,-138.13265017324508
303.7185328006744,-925.795404481236,-946.2563971388154,-471.35829091537744,-163.13069616723806,left_blink,151.15814780022572,-112.66601095564457,-51.72892635391375,-103.88539570607357
303.81933450698847,-963.3963586357422,-879.8619532254525,-406.6804610816762,-124.29931492730977,left_blink,-10.238274236724546,-89.05120914628917,-30.797560284965197,-82.21347535515069
303.9207754135131,-1058.2701407116838,-872.1390598169528,-400.54328525438905,-108.9395458092913,left_blink,-88.11659820063589,-47.37919060915093,-20.77326227651145,-57.84042207828788
304.0218393802642,-1372.6835299865345,-818.9726420468651,-440.1637853849679,-80.407849047333,left_blink,-185.96929841589375,77.89664911570217,17.359296925214416,48.63244536938942
304.1227211952209,-1228.8077087411657,-493.1974367066287,-245.4533739918843,210.9191378010437,left_blink,-482.4604099430892,229.36444479543928,71.62255578961101,206.60293030257375
304.22347998619074,-2001.055910691619,-594.1859552101232,-339.51185787748545,204.234066630248,left_blink,-839.5017659190873,269.5867065880317,87.92960321631858,269.3356140375261
304.32411146163935,-1872.825960910879,-680.3682097890414,-364.6589451795444,73.5731818783097,left_blink,-875.4874636753432,170.9863131631955,53.09747381974068,175.5200013024103
304.4251313209533,-1612.5326638948172,-725.9725498487242,-335.4278871258721,17.51208154251799,left_blink,-517.4129531248589,38.74458049369954,6.2247319529370415,29.190947527667056
304.5258598327636,-901.8768743146212,-914.6841617128812,-456.7876406880096,-161.84978043241426,left_blink,-116.2444044208824,-42.93057491851477,-21.89599528940247,-54.98652573123618
304.62711167335505,-1055.6204215930777,-900.4987211809494,-429.5723887104541,-122.10212370334192,left_blink,84.5423032359725,-87.48007110751097,-37.713820865787156,-80.04354611987404
304.7276344299316,-1001.728463231586,-907.0472860033624,-417.1970597570762,-135.5321044442244,left_blink,124.57028653263058,-118.60228154305784,-48.56027539426674,-90.90758100071837
304.82866692543024,-991.2754428554326,-934.1952197817154,-420.3909343192354,-126.60870314994828,left_blink,-50.157294064101606,-89.74988885238537,-25.98726948043593,-59.766455495760304
304.9291396141052,-1284.7753115780652,-827.054565851111,-399.253019769676,-57.38315497012809,left_blink,-520.6395696361478,33.53949786146637,47.135184343237405,50.75531907660374
305.02959132194513,-2397.212293297984,-603.7600990966894,-228.994074286893,154.67291241744533,left_blink,-976.9506248444284,164.32216752261698,109.68131027635283,165.0628508303147
305.13039946556086,-1865.0581887029111,-636.039175614249,-305.1758363842964,118.15652925008908,left_blink,-1017.296094493535,188.5766914369136,92.40660911112892,174.61396906461036
305.23082709312433,-1695.764137408696,-722.8011146862991,-376.55369698861614,17.84493263857439,left_blink,-749.1201583012037,127.25307658431946,35.64158295276985,104.46349018755318
305.33147001266474,-1596.0995434895158,-756.1647621910088,-389.2843164377846,-29.22170830378309,left_blink,-524.9056250402173,71.71291231491662,21.232357187745624,52.10863241938321
305.43765521049494,-1403.0459077768028,-782.2954431814142,-342.4458093927242,-17.11565214721486,left_blink,-350.6575792475386,21.766136758082084,27.4708470824059,14.438809530321041
305.5380682945251,-1152.524969344959,-853.5704565369524,-379.1716269575991,-88.03911490691826,left_blink,-61.99791850724219,-68.81658299287791,-13.847932767786048,-65.89509629131754
305.63870263099665,-598.6233465075493,-1070.0957043715753,-529.7586986734532,-307.76945700356737,left_blink,238.48780107297705,-161.6755989526922,-73.073569032469,-153.13968293453087
305.73936605453486,-803.704500477761,-954.3084017434156,-443.3370904973708,-183.0325737814419,left_blink,328.2729121095584,-182.55511099301083,-74.70990151136657,-169.82211398443266
305.84075975418085,-956.8534036632628,-922.0816838252358,-405.55662114499137,-142.2751440643333,left_blink,165.46054314593704,-128.6490315140222,-31.44906570717713,-118.27318094592488
305.9422552585601,-1038.1326494002717,-930.9527265201324,-414.01627484476194,-171.52864151773974,left_blink,-173.21118732688058,-41.650543494461886,-3.6210853629481177,-42.678618053792164
306.04350137710566,-1637.7882082955912,-733.8712185551412,-393.9330120827072,7.141338965389878,left_blink,-571.7955962886103,47.53998341462515,10.18333048422538,39.895488865513855
306.1442959308624,-1948.964714158792,-712.8997295536101,-334.68551698466763,61.472735571675,left_blink,-834.0073530120902,106.57324473219543,40.91059195196883,108.80738053005592
306.24495744705195,-1818.674079502467,-739.6923728361726,-349.8470714050345,40.26002302300185,left_blink,-824.9770519561794,108.65886242925934,65.62901619062636,127.17945400494825
306.3457052707672,-1560.3778890627436,-729.9200142519549,-329.9582834406756,40.069288125261664,left_blink,-616.3342415304797,67.19487064256838,41.34452880594922,89.97246052905386
306.44678282737726,-1496.5677160187624,-811.9995985794812,-408.56350070936605,-22.97046552784741,left_blink,-342.1774344896945,14.288607261664861,-15.986292824483876,27.51979022816587
306.54834556579584,-1041.8108410066925,-904.5359431831166,-495.6508110775612,-137.98360886517912,left_blink,-74.3822931198014,-47.57464075991707,-55.90271141487975,-40.004461624067986
306.6491565704345,-1000.6382823945024,-896.7831305749714,-412.6138123613782,-134.46436300687492,left_blink,90.03761021934658,-117.13315640530737,-63.82477712482465,-100.15879979162334
306.7499890327453,-904.9379824283532,-922.2593290731312,-414.8166134352796,-125.45868391357362,left_blink,64.11728332589665,-127.89233328528502,-43.67403192791975,-103.36194429031093
306.85083699226374,-1053.5503869676031,-954.7740192878993,-469.5837083864026,-174.49999203253537,left_blink,-70.04200107958323,-12.540108050870572,16.36681533445852,-1.4110654440639614
306.9517345428466,-1517.124076125212,-558.5428386824206,-221.67322012363,182.13686774205416,left_blink,-175.33924788865522,152.27821298462717,92.76757393962029,145.8286949239751
307.0520741939544,-902.202245610766,-626.945608871989,-288.5762904309668,124.97249691933392,left_blink,-268.12990989598904,203.02458909804452,114.0223964694261,202.17277787152673
307.15326571464533,-1612.6504707434217,-779.269864117261,-380.79287358839065,21.859715241007507,left_blink,-370.4938120517928,107.96450579815549,57.30878645140217,123.82579600804085
307.25461935997004,-1479.5698707201518,-787.5387829192914,-362.55712140444666,-34.47065789159387,left_blink,-351.22519375389544,-12.713416081069834,-16.01374863358813,0.34432311403536175
307.355416059494,-1068.3790902919136,-897.1963895200752,-478.8343509268016,-128.74605597462505,left_blink,-166.0970163870815,-72.29556411603453,-48.31163538605643,-75.82328139849339
307.4558188915252,-1020.9384593539872,-927.9234075560234,-407.1928273756057,-180.61098856013268,left_blink,12.335774857184136,-90.68707566310465,-44.35042214771578,-94.59139410581423
307.5568599700927,-1077.9233149788342,-923.8244772045872,-464.4506956972182,-147.05286625772715,left_blink,71.89986424045362,-104.40075032776352,-37.988950673356825,-93.23964564641939
307.6577007770538,-932.6282017002814,-904.2498408365065,-411.05988392978907,-136.68586358055472,left_blink,67.14469943795622,-103.6602196871074,-46.48468739454081,-93.07508680383127
307.7587041854858,-1015.88585451385,-926.7490789699368,-476.9943201486021,-164.43592125177383,left_blink,6.976583139048373,-64.06358631488851,-61.13709901456647,-77.09188233738568
307.8597331047057,-1232.134349751752,-786.88056052709,-448.85531288199127,-81.1483492385596,left_blink,-158.7451501292106,2.1309369551045023,-64.51946564934237,-27.672221790354694
307.96048998832697,-1382.0183202759365,-782.2468244819902,-450.2914344649762,-32.754043811932206,left_blink,-351.2968706052563,50.101741284161676,-51.84096007431022,28.08445074324292
308.0615766048431,-1499.4212596849538,-774.2434385768138,-423.7157053798437,-7.562077710404992,left_blink,-416.7626779165383,54.23924481343751,-33.91875950943931,45.273082447554316
308.1625158786773,-1394.7152806255035,-785.4893177435733,-423.3716345839202,-59.61026539374143,left_blink,-356.5270910542975,31.244895534689377,-21.81678521707318,22.201597691060076
308.2630915641784,-1346.5341494963504,-812.5512338229455,-403.3108112215996,-50.08474020659924,left_blink,-302.61826224543404,5.927392375938365,-16.45802640765441,-6.333473368079526
308.36390066146845,-1285.2521488224156,-861.076435748022,-412.43242721352726,-102.00203139148653,left_blink,-267.9896943681418,-23.490023335532946,-14.051867858480016,-25.848850918167464
308.4642431735992,-1268.6021142196842,-879.517882429529,-413.5282179005444,-106.13088094256818,left_blink,-150.0939530612172,-68.61934580397563,-14.55565647064301,-50.06281310503305
308.56517052650446,-1105.6958120497875,-915.7911720997654,-401.1940278466791,-124.81916102115063,left_blink,-22.76038164575302,-105.13438346946626,-18.40211876941686,-72.49944267355632
308.6657938957214,-1096.0506100640632,-925.4849927849136,-419.2278254330158,-129.89420526102185,left_blink,-105.57715682660924,-77.36236735549994,-16.862932662884866,-52.8285214548747
308.76672005653376,-1227.092964611482,-791.2300641755573,-396.6762287002057,-39.04829543735832,left_blink,-328.37198498743925,28.330010362221035,4.776835225642745,27.36431760312149
308.867672920227,-1811.8712014830671,-646.2565822931938,-324.6644550533965,85.9279413819313,left_blink,-349.45992524299396,147.67432981669404,49.80542833332875,124.82753314932431
308.9692494869232,-974.8236229503528,-643.8929655211978,-309.4094031341374,102.7126123830676,left_blink,-139.4114542645591,199.3128122531644,93.58202706285343,171.3342475258562
309.06983089447016,-786.4972207816318,-702.1531270309351,-343.087202235125,23.77454401832074,left_blink,-9.19122212410298,150.71288855306568,88.14169663428198,129.27123648071162
309.170539855957,-1603.742029048968,-719.0930038802326,-301.7351284250617,35.177498983219266,left_blink,-14.763839576069302,31.13515455233036,13.436736525967332,17.608432874581638
309.27084565162653,-741.5417533642612,-957.683661453426,-526.6751511599869,-207.4672101419419,left_blink,42.324899195740585,-83.29865056786083,-71.45032149940752,-91.72672359391247
309.3716347217559,-880.1461856220849,-967.5195983368905,-487.7727118209005,-212.9947822764516,left_blink,137.42753767814133,-130.27339942950374,-86.31017783316611,-134.62486100309465
309.4719867706298,-980.958928827662,-897.2132190698758,-387.1881025126204,-130.94137724861503,left_blink,135.36547476359664,-126.72525896326844,-40.37568174695917,-122.67941030131539
309.57251191139216,-1061.8417451693676,-975.5603832416236,-435.74322363734245,-190.76855683978647,left_blink,86.3066480268915,-118.31924312009323,-6.869682419661071,-98.26322055275743
309.67302942275995,-1093.9338266891427,-889.8568358570337,-376.9482564339414,-106.36649463977665,left_blink,-22.039976479624926,-83.3160934100345,-2.688118129844507,-50.44272749018613
309.7740485668182,-1170.1342882863246,-826.1476401118562,-412.8176369089633,-44.68058477062732,left_blink,-357.6229810364215,23.64596043217011,16.182584901675007,43.46196147557569
309.874627828598,-2189.649715707172,-629.1371902460232,-284.1052400339395,130.51502865366638,left_blink,-807.6727921571295,156.53594917187087,59.466922521373164,136.4238712128248
309.97523999214167,-1877.2708320082163,-650.0918496977538,-355.82530148420483,42.814374692738056,left_blink,-941.9770686778892,202.51862161055573,82.54674861944378,154.22793259366384
310.0756239891052,-1619.9432756570168,-678.3093948634341,-320.2064943062141,36.76321656443179,left_blink,-597.9611545828038,120.34430348824536,51.36421402798096,86.56301842768247
310.17595911025995,-1299.093518558424,-851.8257932076231,-415.0391374826431,-50.51295875152573,left_blink,-106.4192585069244,-10.324637165843079,-17.395875003655654,-9.915779510240734
310.27634549140924,-782.3515416807495,-901.7384980162606,-472.8205917980522,-160.90358574362472,left_blink,163.3721588648078,-89.05856100236343,-75.60966964341945,-74.63679642484671
310.3769857883453,-933.331302891951,-934.0138346338643,-484.3133043618873,-158.18093857588246,left_blink,188.5673732436298,-104.13936271945323,-89.81491546706738,-95.9417956494129
310.47741103172297,-1000.5148656959644,-932.4804756520316,-463.5157207082957,-149.63900707708672,left_blink,127.85791986704847,-111.2276787583678,-69.47435388474699,-104.55179024663126
310.5779285430908,-1030.0002369466238,-925.4831228349358,-436.9586911229417,-172.2803614088334,left_blink,10.242176770441503,-118.274322367646,-41.505380263372764,-104.65473340104728
310.6784799098968,-1146.2064083698206,-888.0280247787014,-378.34323911741376,-107.87554427189752,left_blink,-180.27045601451658,-57.89961161235401,-5.827156705734302,-48.37265051858468
310.7788205146789,-1507.5892011881806,-774.4136040247977,-393.343977839686,-15.268141569104046,left_blink,-254.9108358195562,83.48090134745699,47.840856265075146,71.70506936941594
310.8799974918365,-959.0375052373856,-593.2416304713115,-267.1597533347085,125.3371371650137,left_blink,-8.37982659047649,183.99336731464015,87.07679947815194,158.803896503633
310.9817175865173,-819.636474289,-689.5216149305925,-337.84012259729207,70.46906491508707,left_blink,381.48783721226624,131.26719804252278,61.1567784949917,123.62580340478353
311.08238029479975,-387.8837239043787,-862.6228843796998,-423.40903358347714,-76.0938744484447,left_blink,501.4760291442027,-10.71432113831234,-17.010915093665112,12.499477684074717
311.1829359531402,-982.3670011609792,-921.8161509283818,-470.2475406285376,-129.41923796664923,left_blink,263.7416072493353,-94.95935252236333,-74.707577199558,-64.00460400508308
311.28380537033075,-1021.9014835925772,-880.4191983188502,-446.11396621447057,-109.99793749675156,left_blink,9.631431808189589,-94.18416447606019,-72.16221252677828,-80.29291484388789
311.3847079277038,-1022.858897981234,-940.990618001204,-462.3002532226965,-166.16001513134688,left_blink,15.243278294926597,-90.51836580678224,-42.09746827246822,-84.25846588793043
311.4858276844024,-1003.3515798123552,-928.159021253232,-407.20778697542846,-152.64027679152787,left_blink,132.49971461009721,-110.9821131461812,-30.597146092020775,-85.96910080752299
311.58675408363337,-1107.2422606814653,-898.9653621991165,-421.3558285078034,-89.82491713576019,left_blink,15.933261045568976,-90.5796636798603,-33.063703931298086,-47.622618554614675
311.68789339065546,-1259.94611577224,-850.7692714701407,-425.0209304643795,-49.48261631373316,left_blink,-402.899756880425,8.087876471934916,-9.581132682723995,37.52000754967865
311.7888529300689,-2218.95370180998,-661.1226846170612,-339.059329982847,81.09599063917994,left_blink,-814.6146869653337,123.53459981162017,45.76813204162706,120.47672694375545
311.889419555664,-1837.64846192766,-663.3741043903865,-293.8401996186003,84.9293880937621,left_blink,-919.67948448365,169.6904978331585,86.85417579625972,150.3966485187896
311.9901130199432,-1709.863560241647,-704.374627604615,-327.09539002459496,44.17569827660918,left_blink,-717.7380139358139,131.162142294469,77.46701632031763,117.31402608993288
312.09054756164545,-1636.1276927152649,-767.8519495525397,-373.9114576699212,-14.970819522626698,left_blink,-367.2164837190822,52.79278107812142,32.381278482662296,42.40684905949152
312.1910090446472,-1069.033572784159,-824.9976208754815,-383.7642241031863,-83.10244696540758,left_blink,-25.405636895454798,-21.50776561330094,-14.203805783723215,-38.90766698540356
312.29187107086176,-828.0755585390143,-902.047039762605,-443.8868557908572,-160.66797204641625,left_blink,164.4793548304976,-71.05273642779497,-45.660574625591714,-88.8025796311999
312.39319515228266,-948.335781514179,-962.121052750852,-490.9160977336578,-197.15817591408268,left_blink,180.74493392833534,-98.55298085654972,-63.854716456646074,-100.33238568226011
312.49423074722284,-1045.3899252642875,-866.1103410883807,-412.9915422569029,-93.81352043850347,left_blink,117.88726290326031,-109.91579319900967,-69.79418377435286,-95.32433547314724
312.5953388214111,-1168.8814218011685,-905.727101319004,-455.7872174498625,-131.1526815961115,left_blink,-55.247458318652306,-72.65582430988172,-46.375873131728696,-61.18325992337862
312.69595694541925,-1244.988385899458,-863.5335500189103,-420.67329676589,-105.2501345030032,left_blink,-431.9181580019187,44.28905488508261,16.872212889110273,35.2940589968083
312.79683518409723,-2260.1954485713504,-544.9950510929339,-250.30215428443623,177.49378194706514,left_blink,-811.941275163747,172.47846433913762,81.01543979780875,145.68633694956506
312.8978221416473,-1756.7039372366853,-658.0784060531296,-319.2359902677126,87.87829920882359,left_blink,-838.4292341920881,192.68441281227075,90.04303468343193,165.42367320589892
312.99855351448053,-1592.2418366852216,-786.4205528325401,-395.33547456609085,-35.13075023377314,left_blink,-509.9878679644922,90.66803510705145,41.67167785631392,79.10843800941953
313.0991377830505,-1304.7557270913385,-792.5315493601374,-354.7126812473871,-33.399176554288715,left_blink,-159.66368557099867,-36.38676969161015,-19.457508054047263,-27.171012732117298
313.1999104022979,-1025.1645463039167,-957.82764760172,-472.7588834487833,-163.5271255625412,left_blink,19.20767252973725,-106.53800396093028,-54.20642248467189,-84.3232036370495
313.300440788269,-1075.1221299120225,-943.088701876346,-455.3085102555342,-151.42854920588434,left_blink,73.80092638528262,-112.66344416923901,-50.4382783741336,-88.97215443472443
313.4022679328918,-1085.272218391765,-906.1422302140854,-406.00914903962985,-137.1757904747501,left_blink,19.513513780823814,-91.88000321111201,-27.141387499860944,-68.29764700665044
313.503024816513,-1188.4074394698257,-884.1665780744515,-400.96402399940416,-82.24787982553244,left_blink,-156.8420445884405,-74.00864194745947,-16.134414758641338,-45.76636266283615
313.60355067253107,-1283.1054462478496,-892.3606988773681,-431.79949913406745,-99.2270256243646,left_blink,-238.68415525039413,-46.741214611274,-16.936291442227887,-20.25572294573494
313.7040498256683,-1273.8005751580931,-794.5062165367417,-374.3134969151579,-40.67141201812774,left_blink,97.4184837475624,18.429242514099606,4.222468127391793,26.238717203944166
313.8048887252807,44.3009849251248,-715.2876556753181,-337.587679350283,54.01163516007364,left_blink,817.0012537748039,103.71508027754648,56.16450865665344,88.05187171076805
313.9058067798614,235.63426665822044,-687.7769516012631,-308.9101264900528,35.10644088406116,left_blink,1470.913764521433,142.12726425691304,94.30317943334597,120.29388882550383
314.0065522193908,427.1545433891006,-738.2244621035643,-315.88877980737016,17.581269691698253,left_blink,1644.294635031185,89.10763037318152,68.97165416545813,80.1564987900417
314.10697698593134,428.1493567773141,-815.7039694855921,-388.9552052416839,-37.52989605534822,left_blink,1287.5638218474792,-20.124530337407343,-8.99464332211934,-17.27988695360175
314.2079236507415,-599.9584907917306,-969.3241000655108,-499.0559899872169,-212.57591348141432,left_blink,682.8654736476785,-102.6132828919514,-73.62451803359637,-100.79003500940473
314.30829715728754,-864.9715415518731,-906.7555738068186,-446.338360211812,-156.3726969473064,left_blink,212.55939267815828,-121.01798422854877,-82.07106583610124,-123.42973997447203
314.4091460704803,-942.0471397386864,-969.2268626666628,-465.5913651837036,-183.98437832016492,left_blink,73.11576901250973,-116.08170370768376,-58.48834791935564,-116.1254654156439
314.5099186897277,-1046.2108333045617,-914.2017146185972,-426.88340064231306,-163.10077696759254,left_blink,126.66360503212603,-119.58091571912644,-41.07080031857434,-114.71834694083435
314.6108436584472,-1139.966385293752,-905.8355584177187,-412.8475561086088,-135.93040378950536,left_blink,40.62894252799482,-82.44773003150188,-22.557713196664604,-78.08283953950702
314.71165728569025,-1237.5740342373028,-831.6097639971413,-387.6294107073918,-64.11684484034777,left_blink,-352.50934697121784,38.98539616847776,19.358128747663798,37.52823070798639
314.8125493526458,-2095.888553868048,-609.5681637278758,-322.1250629834831,155.90520945284516,left_blink,-791.2383352648789,164.54309625286498,60.008151521937684,160.43899313823923
314.9129121303558,-1855.5887620151043,-658.8563052439131,-341.28457045648247,75.55719880480319,left_blink,-824.6634650254798,167.16913835576577,49.432488775307796,166.7114023262528
315.01342988014216,-1523.1378352539614,-789.1207606005482,-395.83475121017545,8.141762203536928,left_blink,-389.748232594553,53.536565625123785,-8.156846211481923,50.79503167949742
315.11418247222895,-997.7379899788648,-869.0499024535529,-465.68112278264016,-141.4018774246797,left_blink,78.29370352843597,-47.520102483592424,-50.978716338906224,-65.16224245227963
315.214672088623,-888.7666550199501,-888.0298947286792,-418.99969153571874,-154.29518252192065,left_blink,216.1151097025179,-70.01240436670135,-45.66138051824304,-96.63604036304827
315.31501317024225,-962.397805347573,-887.5025688349269,-412.9073945078999,-127.1509886435233,left_blink,136.70286774873526,-68.71512366278382,-27.35592129923031,-82.00640019473896
315.4154651165008,-1114.035788950976,-914.2054545185528,-466.3917037742213,-150.94797206157818,left_blink,84.6958796041513,-84.84598790355561,-36.28162787510948,-79.09477946811751
315.51596379280085,-1080.8254773444496,-874.8766665845178,-382.05321987345815,-102.2507347385399,left_blink,-22.354381313884858,-64.11128734736276,-50.94257893318976,-58.937718445707574
315.6165926456451,-1350.7789359460585,-815.3411991898902,-465.5277868844569,-56.309803682845086,left_blink,-362.0067202829823,40.681406890877476,-17.485044757318526,30.93648665107313
315.717384815216,-2003.8103470089843,-634.9994834265672,-315.9654477564618,100.86323185497896,left_blink,-718.0581919825013,156.65399647597442,57.499642120499146,141.63879964602185
315.8186721801757,-1749.1007206267675,-670.423815806862,-298.6646705614403,96.27811450930312,left_blink,-682.452989317065,161.47704011526642,90.15052097782835,153.72364364633194
315.9193246364593,-1343.5796285313554,-774.5800295728259,-338.66290058754385,-13.86941898567602,left_blink,-270.2513451917332,43.18881767770418,31.994415443350107,39.27009484143829
316.01988577842707,-1014.36745513184,-935.623861564789,-491.3817152781412,-170.07008053502068,left_blink,86.65460244129486,-87.9734709456983,-52.60863772427077,-90.32217380555201
316.12085771560663,-1044.8476397707127,-940.9868781012484,-441.5438084686175,-179.4048708244227,left_blink,126.5871486271584,-141.21402293164553,-77.29864820531266,-129.9222025002215
316.2213857173919,-1074.7799290660769,-949.796212446876,-428.487817723304,-151.15553650911897,left_blink,7.642833678676222,-129.8869145584142,-44.80771868955881,-102.81041364088969
316.32238650321955,-1112.8708101147786,-968.5331112248824,-420.5068712178618,-163.63932256121188,left_blink,-21.677637542350514,-113.03170635575295,-12.077034621103273,-90.46408365584023
316.4229624271392,-1152.883999740705,-894.7074860995635,-393.72170773521066,-142.628564610146,left_blink,19.004402101690644,-101.69356007605067,-0.6417368043928489,-91.65862164125028
316.523847579956,-1225.4343189811334,-847.8577593546361,-357.0258093699813,-60.50784138310701,left_blink,-122.40853902854202,-43.35163759544318,10.61901404097829,-20.17863069597284
316.6247599124908,-1584.8873234223574,-815.6721803359687,-393.2766596404836,36.10499417223036,left_blink,-558.0256302007888,89.91284661497686,39.10513744323318,148.66249145706672
316.7253022193908,-2251.42351322528,-521.1887179249898,-267.8591146264225,283.9406844358891,left_blink,-985.0210407485454,213.8186511737559,72.01876476114883,287.67795691699735
316.825689792633,-1877.5718939546496,-659.2583444891497,-375.0035084569827,165.95058073382825,left_blink,-941.7041625911569,202.26246576028004,73.58927630491442,244.1504747043945
316.9264245033264,-1753.235180027783,-774.4846621239558,-323.452727467753,-10.628795674070716,left_blink,-382.63143674086155,51.02162987507363,21.549271424161866,37.939139185095286
317.02752971649164,-662.6279943492264,-929.3202601894736,-458.205062771216,-237.038599091582,left_blink,205.8243949544723,-108.18830160827318,-53.1151614201167,-152.17495671307776
317.12875652313227,-825.3360818214715,-978.1446541110054,-492.8851550603285,-232.31136554759,left_blink,380.03216688439,-162.5743984322732,-86.41390615570232,-198.5575701790337
317.22894549369806,-976.7646310273558,-957.659352103714,-438.8230312508531,-194.3008923479356,left_blink,206.68334257367553,-125.28422807665923,-61.15208396429732,-141.08249378339548
317.3297843933105,-1073.1792518850416,-915.7088943007402,-422.9209766392596,-179.65170422149822,left_blink,8.485233554231542,-85.98074622563564,-30.512335101972397,-91.5217815308244
317.430750131607,-1157.0053694918752,-892.3644387773238,-422.446009344887,-115.15712948562576,left_blink,-79.29874228021879,-86.14768898593383,-34.18208679831831,-87.50933012134053
317.5312371253967,-1236.1566121540964,-876.0023764711805,-427.9735814793967,-109.82029224885628,left_blink,-98.3234455638866,-63.851601211208155,-39.00084819996166,-65.89059537561965
317.6321592330932,-1267.4745343830436,-842.6649082661606,-426.4888411969878,-103.72799522103742,left_blink,-75.66447111857667,48.68526215846566,-2.459656469640393,29.802705505689488
317.73290228843683,-1088.178120657336,-548.5703954505734,-279.3723966400139,180.46700241183865,left_blink,-7.72398082149401,195.74180889045323,52.655777583630744,146.65179197908282
317.8331408500671,-866.0804218887351,-610.349802818615,-365.0871637244709,78.34903412172571,left_blink,162.66781964530747,242.61853523814443,69.23490400754272,172.88965076607278
317.93377852439875,-684.1829077438451,-709.4908107439987,-370.4240009612404,-17.355005744379014,left_blink,525.5894420512067,141.90686102627689,25.333373110728736,75.41318771214758
318.03411698341364,-394.5762748750858,-793.6722188466229,-396.8463941481896,-47.902508582454175,left_blink,930.5698289699884,-15.391037408184495,-49.425610345091066,-64.08412212913146
318.1351876258849,304.7887567388825,-954.7422301382758,-526.5423847115599,-251.51762177003548,left_blink,969.3400059382399,-109.32028289073473,-100.3670857742885,-141.0703038970509
318.23595714569086,-944.0330266151576,-954.5664548403583,-496.1893566711806,-192.48143101949245,left_blink,539.9033131264124,-111.51430170833437,-95.30777061266221,-132.7307305911361
318.3369853496551,-988.0366894938052,-885.9018916538917,-404.4496107581072,-128.14393208175898,left_blink,78.90570805802355,-91.61155014670751,-57.1631796041847,-105.08593614689846
318.43784785270685,-1113.817004803568,-929.1426149415784,-451.2394991037436,-171.59034986700863,left_blink,-53.65125557202364,-100.1252096272892,-26.93118839561731,-102.40714243780835
318.5383930206298,-1140.2094787908718,-900.7268550782464,-392.3323349016719,-133.19653692189604,left_blink,-10.494533746557462,-80.02915693576453,-8.31585817359278,-73.12713444869763
318.6394832134246,-1230.8459542170167,-828.2326343371533,-370.9662864548154,-53.04300107154995,left_blink,-59.19560750308946,38.596080541312446,18.64380255666874,33.104131811666406
318.73996615409845,-1255.807916471269,-565.2391295530833,-318.89565937174484,165.22130024246871,left_blink,-120.68736328735052,192.85342885757825,53.204057051610164,153.64758618153456
318.84129953384394,-930.6759739234112,-633.9560513389297,-362.7871252517216,62.75926115643233,left_blink,94.8479408833833,236.50657323482145,67.42216859822908,178.37375117743562
318.94238138198847,-632.7031848537736,-682.761745760683,-322.59068052796647,42.21225079987198,left_blink,625.7153512138201,123.35772052240688,33.87628814778612,83.4152047915899
319.0429601669311,-107.00414758222178,-861.3756277444772,-421.7616076529957,-82.40121572371572,left_blink,1055.442152504521,-38.88595956414491,-34.79007601199809,-50.12596795281429
319.1434741020202,37.16899570962414,-958.9982362878508,-507.21084184059873,-206.03108855895692,left_blink,927.2279906512248,-118.37099679604512,-80.35729350167287,-120.76523747154779
319.24444532394403,-988.390110039618,-894.6252083005384,-411.4488335251808,-146.0524430195801,left_blink,376.58353563967376,-95.83218804980395,-65.78505651575274,-101.60319014605945
319.3450236320495,-1042.2858083010651,-916.555981640704,-461.12592463660985,-127.56611753860489,left_blink,13.556478630589858,-59.66331333071935,-31.200896612424287,-62.84584981734589
319.4458723068237,-1070.8287247628905,-872.1820686664432,-401.3660632446408,-108.06253926968202,left_blink,62.22940035286348,-71.5676115115688,-31.534525411481795,-68.07202191255648
319.54660010337824,-1140.4694018377922,-859.1672168206424,-391.9153360566124,-100.81461315555498,left_blink,59.86381146687174,-67.77508145359789,-38.02434778601447,-65.12280212138802
319.64754533767695,-1263.792602876667,-876.5577516146004,-459.858098551631,-103.56343962298706,left_blink,-355.5949455626146,40.76616440231524,15.485468650883611,28.681464442681886
319.74803328514093,-2197.342689916026,-566.0862168930471,-239.4321350632236,165.32788739120588,left_blink,-812.193879455945,186.83281622617028,93.56679639414061,152.09899262457654
319.848865032196,-1842.21300982358,-625.1915957927704,-287.96855668816715,91.08339347084984,left_blink,-750.7931563038989,199.0931420714169,87.23305174750075,154.29181743017773
319.94928932189936,-1290.1065389649011,-781.0743658458814,-416.37054186686873,-36.35369751928374,left_blink,-257.2441851208487,53.04771033589735,-3.781207150838865,25.09750338882636
320.050214767456,-1048.882991822902,-948.842537958175,-479.0811843238771,-171.39026521937922,left_blink,120.17367378180904,-88.96560154244554,-61.1345640707848,-87.82088636095015
320.1510174274444,-1047.6039460380562,-899.176666546613,-384.3382987463847,-128.8077643238939,left_blink,135.60929284102062,-113.18390276185369,-37.81016913939113,-97.9949752321825
320.2521967887878,-1152.1565891993232,-884.8135807667859,-398.4190220795572,-89.52946503926069,left_blink,-14.923635669065874,-70.93491654316628,-6.868685938845181,-61.06852800447653
320.35336279869074,-1210.1512178122066,-906.5872783088124,-427.8744741305709,-138.8026469554752,left_blink,-114.27539420649879,-47.25118677599265,-12.927971398363663,-41.564696568942395
320.4541177749633,-1226.258966921363,-872.8272014087997,-389.8060324816033,-101.96089249197394,left_blink,-109.73679761463971,-55.10137441059826,-16.652201382189656,-41.43047073946925
320.55517578124994,-1272.2410368765704,-861.2709105457179,-388.7700801938772,-45.90353205613792,left_blink,-43.12630444450107,-62.96189969396079,7.736937924079385,-47.28836339114903
320.65597391128534,-1170.960806176532,-871.6229536230676,-344.96463201288134,-143.61589819844812,left_blink,-55.3939036434952,-29.101509676861614,33.848465445379986,-40.59523857652166
320.7564659118652,-1321.7460925900375,-768.4690330452286,-345.10300831124187,-44.893759068101645,left_blink,-288.3083269094914,69.54933354667192,47.92492155221157,6.695231254823312
320.85732245445246,-1898.393786957953,-617.0778828389011,-329.518845195882,48.59626002423465,left_blink,-616.2422724303059,181.5963980017822,64.6560544601478,76.68558031230997
320.9585111141204,-1739.32836204255,-643.2609224286862,-327.63767551817,15.890834911726415,left_blink,-685.419666885058,200.38821611948867,69.46043725642082,94.76612881863377
321.0590777397155,-1557.8983353921212,-723.7323497752659,-343.2330583333969,-25.173266601748765,left_blink,-360.0431439651538,90.0211707505249,24.137051328569672,23.73540022301786
321.1599278450012,-1051.272787894588,-864.8125958037563,-436.098514133133,-97.30471704714,left_blink,66.65295726528065,-52.08012688228733,-51.92953178702108,-72.93409635031361
321.26063370704645,-877.8349274494685,-974.0270242597908,-519.5038929949515,-215.04424745216969,left_blink,244.5716940005786,-111.12058718086446,-88.30008644215408,-107.82592663043667
321.3614542484283,-961.735843055416,-899.4048004439101,-433.4113960149698,-114.07816834840924,left_blink,185.93775943982266,-95.19786058314261,-72.1061456893659,-83.48745428993884
321.4621670246124,-1066.5502792135812,-880.8249774640426,-421.9972213502042,-83.94953430537134,left_blink,123.70786820186693,-85.1862286845646,-57.11772157311791,-65.04749857987254
321.56346964836115,-1089.8573357374407,-940.640937355347,-476.1173136089928,-153.74728717841208,left_blink,72.88655363647412,-79.57357922486408,-52.213251032897745,-56.03141612951913
321.6639351844787,-1175.9760120171122,-833.518982924521,-402.23558998433873,-55.55995374172926,left_blink,-157.39848478137282,-6.98944514162078,-11.408383368145655,-1.5828659086498575
321.76455831527704,-1765.0513939377852,-689.1326653352007,-305.9743050248362,63.783993744291365,left_blink,-522.9673846717959,115.09406717070488,56.91365542886553,86.20003861161506
321.8654012680053,-1871.253332979512,-666.106101308018,-318.6563057745807,44.89749896805733,left_blink,-678.8345719269182,166.8890750555571,82.33212063913307,117.70106370511844
321.9667332172393,-1496.0590896247886,-729.6058626556769,-350.20610180078074,-6.234413226135075,left_blink,-448.49627175556475,95.91551461412315,41.81075073108777,55.39464474844687
322.06736779212946,-1269.869940304663,-816.5211376259103,-390.7690567201935,-45.260269263759255,left_blink,-62.62729997049977,-8.720200563614988,-14.065358964802455,-31.350938357081706
322.1691577434539,-966.436897299718,-927.0464010164142,-463.0575829637237,-177.43207359779626,left_blink,153.85964619819688,-53.073513394031046,-48.36221398647742,-64.44796847392402
322.26984500885004,-1076.1749117495492,-833.6237001232803,-429.791172857862,-64.47774518607184,left_blink,110.23946161268827,-57.37489956401279,-74.4882845468504,-51.64888573871547
322.3707726001739,-1192.8822297668085,-896.7008527759463,-492.9842624091543,-86.32998062716797,left_blink,-61.50090514809688,-69.84252653372441,-93.59471654245941,-38.69062565344987
322.47136020660395,-1283.4925258932635,-888.1065626777709,-466.9246395179071,-74.67271246528253,left_blink,-165.31106692622657,-49.878019836522675,-68.95104404919589,-14.122491173187207
322.5719163417816,-1299.551656302996,-812.2987905759364,-392.0593222049065,-42.48713344661519,left_blink,-85.72312802590108,52.56116608302613,4.833228132211291,55.86634517680816
322.6729710102081,-1024.113634416368,-565.906701695174,-271.821538629476,162.79223522124812,left_blink,106.98443811215964,172.9723704997126,70.68128964129238,133.56543655055415
322.77406620979303,-911.2097946540453,-677.153765777126,-356.46669432660565,44.4468410233967,left_blink,256.07850729541275,205.05440373482628,81.46751372146096,147.41841417849247
322.8748407363891,-649.727209452074,-695.3932578610256,-322.0932738338597,30.84482488455251,left_blink,392.2048204254512,137.31963604643184,49.678058373030666,92.31237216892083
322.9751713275909,-604.4893795880489,-750.6315802065656,-359.35015719244257,4.358853398356587,left_blink,690.0523667942573,32.86691624136963,7.642589509246723,18.22943674771569
323.075835943222,-220.77190423430875,-916.04735524673,-454.2351589682512,-118.33978434791788,left_blink,1031.503990171525,-61.76646223631788,-32.30168121533055,-42.60162150454281
323.17636418342585,202.47631365107367,-955.5406987788156,-433.4749743142165,-152.45141184376553,left_blink,988.5626187490741,-127.93091371654387,-66.61668668063261,-86.90507924438123
323.27686119079584,-1029.1868087062612,-944.5061239595524,-465.8120192810893,-120.54258542181924,left_blink,463.8353361703045,-140.4107901960045,-77.24390505538956,-101.84680866177914
323.37765693664545,-1154.2902021240443,-893.4303102646954,-420.95191931258887,-105.93827609485017,left_blink,-70.66811966816275,-71.5273248526223,-38.297727868654384,-53.82709026132577
323.47838902473444,-1273.548131911084,-823.9953276873566,-384.2111421478912,-60.02352433884517,left_blink,-184.46626092399669,57.90896281892864,40.808517666578425,55.3883351976788
323.57898187637323,-1126.4971356033348,-582.3342122505419,-230.0711654741317,175.41439757170156,left_blink,47.919124502302395,162.55947395967513,100.51332851073656,146.1135912923671
323.67935323715204,-929.4492867379448,-690.3013840713538,-325.3077178457752,65.70069247158244,left_blink,296.7343234855665,177.27912391934188,98.62351122205781,145.7948308647665
323.7799034118652,-752.4884405345656,-701.3490485404618,-317.869056833908,16.434990355279297,left_blink,390.7997317166569,130.71799730251206,65.36374485296996,90.2361443470972
323.8804950714111,-583.9161899317987,-723.9941427721642,-331.2691183751449,24.045686765108258,left_blink,460.48026316696337,81.50345969052812,45.19089340958609,54.16362655948817
323.98093056678766,-534.3999145184644,-808.3812453723513,-388.0146204028279,-31.34597147861496,left_blink,738.3202942225868,30.245282259688032,22.49892831002412,28.91882452371906
324.081540107727,-189.68959570257,-850.4625996737741,-387.0459863143042,-65.30426307627931,left_blink,1112.6904065080414,-48.263850958603285,-38.52777670795952,-36.866174542609855
324.18216419219965,257.9465097938664,-998.1475090240128,-533.4219306800514,-213.1200689249672,left_blink,1083.1839961633123,-133.61022183600522,-111.48191722984564,-123.39726743376276
324.2825741767883,-945.2279246510006,-957.2330035087653,-504.577952271793,-174.2737280852161,left_blink,482.6438604788977,-165.9901902063353,-127.72064702571647,-151.3728292795694
324.3831996917724,-1108.8186285127886,-920.1406757482328,-448.7898646327667,-130.6702345018275,left_blink,-67.2113370011439,-100.89545459158678,-68.54439976603861,-83.54607973241701
324.4835450649261,-1158.3610832258128,-837.1410760316066,-385.7912498791702,-60.26287793600932,left_blink,104.21794262941052,46.942527660796586,17.935993957059956,36.90106938071421
324.5842368602752,-357.72704061167315,-546.8051626714878,-265.9274562993087,163.78704860946164,left_blink,791.7268137971158,196.18679388688122,87.90977653536223,140.33854865370756
324.6850378513336,181.487995099742,-626.1471402314492,-292.06935698958114,85.01727574272081,left_blink,1274.2823327777155,248.828329960788,126.60766730199178,181.04866910054204
324.7855641841888,304.18289294606075,-682.1035233684815,-304.80745623866096,33.60113115189597,left_blink,1429.8854487443557,165.5952889433783,102.68432694659448,124.6448133581289
324.8863608837127,425.3780909101479,-737.0837926170789,-314.26566322660074,9.85650633322075,left_blink,1803.9917653963937,4.1639790016091816,-5.103748503123439,-34.09646719134729
324.9869198799133,1451.9095706478693,-1018.9114335780032,-562.4342045863159,-288.21352013526484,left_blink,2463.0220272954407,-115.02248685166128,-111.64498241317735,-181.8749767700267
325.0875599384308,1228.4131492958404,-932.8376360978,-460.85478188982233,-177.2170293503441,left_blink,2571.5357263957485,-118.61198914460807,-78.88114585340269,-146.43773505009736
325.18833160400385,893.5051082638092,-841.3783826814033,-288.61368943052366,-99.61036536982284,left_blink,1607.634786688474,-61.292372703648006,88.03969066567481,46.27204510648191
325.28905320167536,-1432.4695706781931,-919.160821959842,-153.4611848318018,277.31545166438445,left_blink,316.082418780729,-46.74090399230454,221.3029666260543,147.6120993054896
325.3895909786224,-1189.039482562337,-883.1942040859722,-180.13041141582653,-125.8233241592534,left_blink,-251.9609745931043,-87.58762813088744,205.05749377578164,36.982093118026654
325.4899220466613,-1163.641821963247,-959.7910950784571,-341.3014000062831,-201.9676872570999,left_blink,-89.4023125461545,-104.89376881377449,92.48558939347996,-117.58547489586971
325.5907247066497,-1162.411394877825,-824.642330379691,-331.64497832069173,-120.00777972815558,left_blink,83.67551935000128,-42.70120260277699,-6.066370263921723,-141.65232357311112
325.6914455890655,-1303.43554240698,-813.1309183160774,-451.2843779032119,-99.66272396920247,left_blink,-47.42782518655534,59.18064663134232,-37.667215976436054,-49.240982347204294
325.79216098785395,-1372.5077546886168,-707.5348430671729,-403.4847165695392,17.624278541188687,left_blink,-254.10400129191507,98.25611127679085,-0.8676195167123666,93.20284964177877
325.8931694030761,-1472.7632528007962,-784.2962896577083,-272.0010538273491,150.19251227052882,right_blink,-339.8309330236565,21.803677384492417,83.25844408293374,240.35183776322694
325.99362707138056,-1554.7942184288986,-935.9380131610668,-225.40938017936423,328.1107728625648,right_blink,-313.8264096137189,-93.68926312077771,176.7884331268032,292.9716338265534
326.09412741661066,-1410.3069235407747,-972.5366741274484,-156.22497089905664,85.0958136417903,right_blink,-228.6811573074719,-126.87183942969106,238.89895881808025,174.60761813705895
326.19469070434565,-1293.6706636226736,-866.117820888292,-124.742493072059,-98.6940898806788,right_blink,-142.43127842177898,-69.96866411046047,244.35841282100606,-28.464061777429396
326.2953205108642,-1282.0133954607882,-849.6005527339876,-196.3802767232992,-188.84998816251755,right_blink,-108.08482240063445,-21.074921006394614,194.1067730587002,-159.08143168170207
326.39590692520136,-1329.0575970034115,-858.5725727276877,-286.8260172517039,-211.4202843951061,right_blink,-100.70029297672096,-27.476561125271775,111.7835250147454,-178.03764066159988
326.4965138435363,-1203.019228596706,-872.5261394623667,-353.2204611650668,-247.3046244699508,right_blink,-59.77857654473579,-37.99049774731938,24.94499457724492,-160.32570154656483
326.597165107727,-1217.623537923675,-825.5492561189458,-414.30798704130575,-177.0842629019171,right_blink,-11.376687959120964,-14.84945839842526,-40.99901244736861,-149.3776213101563
326.69767189025873,-1229.9165890780278,-833.3469475265592,-466.4571520234458,-110.51778359059244,right_blink,-46.950427056839615,4.407775717039874,-57.12897672688457,-92.96031773936241
326.7985513210296,-1342.1883857478388,-824.2215916346759,-390.8363749193959,-67.45283560082316,right_blink,-177.10111468131038,-18.145273211283243,-13.882632340836883,57.232066284571985
326.8993301391601,-1501.2238914635964,-900.1303410353139,-324.1315193097107,212.38517858367413,right_blink,-289.9714057990118,-56.463708747933126,52.09769849197455,215.19352682234623
326.99946928024286,-1486.3390896399503,-898.2155122580007,-316.4198456010781,190.7947361394763,right_blink,-285.49959460904944,-66.89698210497555,86.34368314580632,220.97265649316876
327.1000952720641,-1341.8667543516494,-848.4411837477237,-304.2464712453075,-27.8285955702886,right_blink,-191.200993560234,-47.79146577976572,71.02386041938412,56.3768512963994
327.20037102699274,-1308.3722103484906,-852.4279171004891,-349.3085258114152,-152.46824139356613,right_blink,-103.56639176629926,-20.36226086751323,32.49186923789638,-111.10941285348785
327.3010370731353,-1293.3939110259523,-851.947339956183,-409.734089395497,-192.43094237009063,right_blink,-70.8548298920413,2.312802761303688,-0.7085281830923058,-145.01003433080226
327.401626586914,-1221.711248575244,-784.3449083571322,-385.2078254860826,-136.77001132955775,right_blink,-73.37016389483189,6.320467144370363,-29.56579150285681,-96.66374950269386
327.50224399566645,-1275.0010830438696,-842.1338424724527,-474.7559900251217,-162.67255842266604,right_blink,-70.42739235573735,-9.328977981681001,-67.26969974103915,-91.51934951311603
327.6029307842254,-1263.4223527810536,-837.7357201245613,-482.3292874353938,-145.9439859208651,right_blink,-54.20564391343937,-9.538030141269989,-104.11626200342272,-127.9523895923382
327.7035324573516,-1299.5535262529738,-827.4322957466356,-493.1076791076921,-121.4850402106531,right_blink,-82.8308707621559,24.873146589420763,-108.91444984101739,-70.47143337557559
327.80495762825007,-1318.0622911336832,-730.5651469943114,-456.61747524002567,26.9964678301476,right_blink,-208.23421016599127,45.990103606680506,-64.60182405748738,136.59771021757197
327.90588498115534,-1635.8902090680783,-842.3881556694396,-370.9326273552142,353.5944511606358,right_blink,-355.9125592305915,7.063741980704086,8.98460094721941,327.32734381336337
328.00665116310114,-1574.29031689791,-898.6998293022625,-322.08579403394833,219.83318934543053,right_blink,-383.8931553538585,-55.66515155114807,71.57411305621719,294.5720826259584
328.1086122989654,-1426.4857307490893,-862.0001910370775,-270.50509384507313,20.137491311412305,right_blink,-276.2293432291478,-72.03442692135656,98.10882510911803,70.24976617381338
328.20954895019526,-1407.2177661773749,-887.3978516361676,-319.1424927688204,-175.81456686696038,right_blink,-158.45191009473726,-32.79902798469633,90.27488156347607,-114.69442871572436
328.3104274272918,-1289.5100249219686,-802.1917109456845,-317.1304265926592,-173.75388199137524,right_blink,-115.03780975115366,12.336394467056316,57.50444514254118,-133.03127497271927
328.41162991523737,-1303.6655462542549,-787.0151969254948,-362.54403175460175,-116.94106176448986,right_blink,-104.4553726049528,28.10898379714393,9.762331388319884,-79.46298073675379
328.512528181076,-1305.1764658363536,-812.3604989252053,-441.0819308240898,-135.1917735482566,right_blink,-76.18221066828164,28.30059222934598,-30.468659349751302,-72.98424640065188
328.6132695674896,-1277.3665697658437,-791.282422774937,-411.45070347515866,-105.82607909617946,right_blink,-76.94025961445536,37.939845603864995,-37.3850341269484,-74.84601039898274
328.7137956619262,-1322.1481318352744,-749.5937579688616,-382.6123349168338,-53.72179291350767,right_blink,-165.7373849814265,51.73460316578757,-6.633546980460439,18.647269633705893
328.814824104309,-1532.3978275442496,-798.8332807854749,-359.6643087887205,120.9240552172996,right_blink,-277.9520620750438,47.63575136556204,42.254818200125996,172.0851188909861
328.9153132438659,-1510.2314405068755,-806.6085327933542,-302.26058436883613,203.46364723937583,right_blink,-290.65250766503493,18.805707011635484,78.57696952108023,219.71975994023586
329.01617956161493,-1360.6466619791463,-833.3001987771131,-304.9121734374203,24.71138895722106,right_blink,-199.24582199455426,-21.082438414289886,76.92857799106137,92.1873135100448
329.1170833110809,-1333.307993303053,-874.5699947881512,-337.23612875444815,-126.5600844505243,right_blink,-109.52765469613362,-46.116539225590024,42.11271543384715,-77.58148313964435
329.21749162673945,-1315.3527336157858,-877.0383287589066,-397.6990913380869,-198.758853095118,right_blink,-80.95405422062426,-38.23150773859227,6.96010129944626,-135.97697670883716
329.31874847412104,-1273.6285397601314,-830.6860087080859,-386.3559747724794,-128.83207367360592,right_blink,-82.76966221160512,-14.611978148762134,-11.868856191779381,-99.78179889586079
329.4193336963653,-1273.8454539575614,-826.0597524628974,-407.60234642075375,-118.169618899934,right_blink,-74.99355835201837,-8.512166581822584,-29.750221702210485,-79.26389307560581
329.520092010498,-1306.173149174545,-847.4931191089563,-450.9365672073327,-167.51385891530663,right_blink,-61.18472081957697,-13.469573226396452,-52.97575294695185,-89.5409726672287
329.6205477714538,-1281.6693246648647,-818.6921495501883,-439.5635314420797,-75.82273170165718,right_blink,-77.41812744888102,7.011456988326929,-60.842716845389944,-50.95292067920796
329.7212874889373,-1328.062783615198,-788.7467706049792,-439.42889504367486,-14.368695629760625,right_blink,-142.143491166355,46.35858220360374,-42.50538291437087,54.79958793245703
329.82270264625544,-1461.4949342343025,-745.5135271172039,-376.965085983742,104.11133496649563,right_blink,-209.7932663547871,53.37734505328731,-12.092293257923062,134.81018102706338
329.9234156608581,-1424.0921947774475,-822.8396986010484,-377.21939918072894,58.27138120960444,right_blink,-210.85810011154138,18.07099687692863,20.00929420783225,106.97573923293311
330.02430081367487,-1340.8195823640565,-842.2796985707246,-345.50504755647853,-57.63559821713716,right_blink,-144.56035981447735,-9.043207919812923,48.13328808073335,2.7474617234899714
330.12515974044794,-1320.9158347998746,-823.3371052951552,-333.1297186031006,-130.5449478533119,right_blink,-79.84439509523952,-3.3625241802950825,46.95299010221238,-84.5455021275725
330.2259483337402,-1272.8656001691706,-813.3478325135075,-365.8276639156975,-150.23552112001926,right_blink,-62.08560134330439,-1.4456548945149066,1.5547295272391433,-110.72225143894053
330.3267443180084,-1284.081560136285,-862.8641079268418,-449.9604533188976,-157.58629448292777,right_blink,-66.01549186740266,-24.39754260109429,-48.03904204923671,-102.76550671691938
330.42765116691584,-1281.448670567479,-861.8767743385397,-459.4448396065272,-152.26067694602534,right_blink,-50.125849974022586,-32.57946229224936,-58.041529118676564,-92.01672138587593
330.52811932563776,-1250.6318949325942,-797.240083404351,-418.7659477884881,-73.65545967733487,right_blink,-29.06679627704323,8.328144680789599,-51.40727257850482,-60.89216249310137
330.6291089057922,-1289.5380741716365,-796.9371515079401,-411.6264787730761,-61.50826462125406,right_blink,-60.3767858434003,62.275288931582416,-61.08848417818367,26.007651106980816
330.7298758029937,-1344.3986666216515,-719.8765129209496,-512.0614920831285,99.29621377354488,right_blink,-151.10727304358227,64.44394325733678,-51.82748019926377,137.83253591156327
330.8306362628936,-1501.1116944649257,-841.2998447823338,-327.2431160728447,130.8908885992132,right_blink,-221.12904679758884,10.793867548289452,11.929391922548513,172.2253150813039
330.9326214790344,-1386.966207917314,-853.0992291425355,-295.17347395280376,48.95716036995873,right_blink,-199.27950910164682,-34.703471679979415,80.1395440192918,82.09195338161977
331.03301119804377,-1361.8527797148563,-855.8817147095688,-332.9240241055377,-125.43811446381731,right_blink,-118.1151120372749,-28.415372029309616,84.56809597626213,-42.73894391827834
331.13406372070307,-1295.7463080980815,-825.4838078697212,-331.5776601214893,-124.84347037086263,right_blink,-62.87364979657169,-1.6630998719097843,36.48435819179476,-91.28223296223652
331.23449373245234,-1267.5736417318694,-817.5963588631712,-379.1417077579536,-116.5147131695412,right_blink,-55.82682417340144,-3.000341749001801,-5.870274567334562,-78.06545387150445
331.3355240821838,-1303.8731107017957,-871.6042541232891,-452.9392836336047,-166.62376272585243,right_blink,-52.81549644735689,-21.169176338017124,-23.48611409698064,-84.57193265638466
331.436000585556,-1287.8962580910884,-788.8253085040487,-371.3645858000964,-70.7364677619189,right_blink,-48.58965975201266,-7.3935236533823465,-39.159114673722364,-93.23431820676528
331.5372993946075,-1330.1907866899855,-857.3178362925537,-454.9289104100317,-127.7250632867217,right_blink,-101.58929769636457,37.409880731160456,-55.92835095825017,-9.855849191348568
331.63774538040155,-1390.8183048716746,-700.7805837471969,-481.9459476899356,54.33326655626297,right_blink,-209.51309208278076,50.80356850170219,-48.863769521153394,134.6837606165342
331.7380981445312,-1593.58820066927,-856.3791214036755,-334.83698293287307,255.13597497716543,right_blink,-253.99640442120685,4.632800475212662,-18.138369655755923,169.0608285810966
331.8386967182159,-1318.7915716250427,-869.1658393521793,-408.87578235566616,-117.45155810844152,right_blink,-157.6070010924201,-44.30350454660651,5.343994177404159,36.05635923039907
331.9393007755279,-1266.504030344542,-874.6485326872207,-408.2773983627558,-174.8926815278828,right_blink,-12.676788712214126,-42.20090551153854,3.828816183514418,-111.9233165857212
332.0403304100036,-1214.8709715562873,-813.8265397078358,-360.6759517267346,-124.79298172146082,right_blink,40.6065902029584,-15.501138475411059,-22.364586664940624,-142.5994171027722
332.14181613922113,-1225.0434994357638,-849.5051852851175,-480.50234630703926,-163.82631755899638,right_blink,-2.0736426368346166,-10.201782120646103,-67.85458019015738,-96.50960387934771
332.2424314022064,-1273.1460926658474,-856.1285481066443,-495.8022770257666,-158.94948801677674,right_blink,-31.515810854401188,-18.29410726994184,-105.89359141847999,-71.7176295707063
332.3433580398559,-1267.0089168385605,-822.5087174549699,-450.426070863381,-122.9660405931063,right_blink,-1.6728089363876117,-11.391035987649092,-93.72967709859627,-91.53806062912673
332.44403791427607,-1241.925407835748,-803.7755585769191,-443.66807164344937,-73.92847237410024,right_blink,-4.529426195892156,6.966993783759255,-24.453344623346354,-89.73939392467267
332.5445957183838,-1328.930440404918,-852.1175054041669,-326.91213492676616,-139.7918504937552,right_blink,-124.33383472053731,14.222590982700044,46.69974925773446,14.112193359245246
332.645101070404,-1560.5125254611485,-782.129017633386,-310.12372402567416,164.31063460325822,right_blink,-277.5565224324017,0.28164702074110504,59.37719478340612,178.92884923406342
332.7460210323333,-1577.8058228562586,-865.382930546999,-369.1131660267711,245.3991454425268,right_blink,-307.90521148336006,-23.67003834630291,24.728028864834805,237.8981333469935
332.8469836711883,-1406.552063985262,-872.0549120679498,-408.4606534605846,12.474436302203683,right_blink,-205.26033048351744,-36.60649282098937,1.619621411695813,115.32433933773018
332.94791674613947,-1352.3983126268722,-842.2067705215886,-349.6469867574051,-122.16944190254436,right_blink,-98.77599294255745,-31.927112924890526,4.2194716869373305,-58.45858703316982
333.0481896400451,-1346.6687858947553,-846.2570821736008,-391.7582602584735,-135.31145034683868,right_blink,-63.385367491958064,-22.595140110665895,-2.9748816738112915,-128.29455350247844
333.14895319938654,-1287.2118563991971,-852.3605989012867,-425.95964535325766,-155.6153672062792,right_blink,-59.10441169474936,-18.47073599291233,-29.94175997350364,-93.63974834653085
333.2494528293609,-1286.1422450118698,-847.4351506596431,-450.94217705726624,-131.68000748986378,right_blink,-34.084150021166536,-16.402692212141986,-50.78840480052406,-55.3199575570999
333.3506698608398,-1241.469140041154,-802.8929421873763,-392.5249397493899,-89.32377054169774,right_blink,4.130439328913361,-8.233724414179429,-50.42080544111642,-68.25867294090499
333.45159029960627,-1298.39415726671,-843.612972904928,-442.7592759542167,-119.14947268832476,right_blink,0.22058809447889338,13.292643279322505,-29.59152239201213,-73.84079344215984
333.55254960060114,-1293.076019529719,-779.5447467640042,-408.1839008638635,-34.003170397132635,right_blink,-88.01817828997318,39.76742537137566,6.518332421794927,22.948373761996862
333.65312075614924,-1453.7383817262016,-760.2506028926,-266.864301238209,75.16076940950006,right_blink,-208.96995192362343,42.04601697794437,39.3895840540876,185.4002428101817
333.753611087799,-1580.1357805286534,-842.3601064197719,-417.223239056766,291.8730122419074,right_blink,-242.7549256165175,7.126132208230395,49.750611766040585,233.01690753902835
333.8546481132507,-1349.155819365289,-847.6670244568959,-302.97303531039506,-24.290650212205943,right_blink,-155.38418836029058,-34.69246936025626,38.483592592066074,82.91295091316485
333.9549710750579,-1297.0477932826616,-873.6256700493395,-374.9810690572485,-182.29020364023745,right_blink,-44.43509244092572,-46.25966556258702,15.531227219482197,-110.60292961630114
334.0559759140014,-1294.0783127178438,-851.2872476140037,-403.8269174154848,-188.3825006680563,right_blink,5.063682431940537,-29.62920708659779,-13.169959522624149,-166.43662548332185
334.1563735008239,-1252.902014205698,-849.6042926339433,-440.234843484126,-152.19522869680077,right_blink,8.183867507725786,-14.274340049273068,-40.693186159612736,-101.8675590478079
334.25715994834894,-1205.23698927043,-812.0893561784178,-402.86950302682817,-92.3792688054964,right_blink,10.956221077638403,-10.887533559329748,-55.61718095464672,-46.346513943015225
334.35780453681934,-1288.141221538186,-847.8783288043924,-469.2882562899031,-127.16407829336822,right_blink,22.346485440058764,0.268495715774573,-48.72613171176937,-46.374112691779565
334.4587793350219,-1249.7212292933837,-790.0295562897809,-416.2003764188848,-64.50205453578383,right_blink,10.174179072280126,28.76471305687077,-29.00714233431417,-42.5471510001331
334.559677362442,-1317.7126104878262,-768.1848006485961,-370.4240009612404,-7.550858010537922,right_blink,-65.45160235606431,47.05220605892038,-19.449324321857205,25.605445834953123
334.66075611114496,-1419.9352959766984,-799.169871781487,-427.20316208852455,2.172881874255836,right_blink,-181.4779781483787,28.30071988614491,-19.48014667418175,133.4156686638731
334.7612733840942,-1592.3783430336043,-845.1893407362513,-411.5890797735192,223.2570677548647,right_blink,-241.6260052289412,-10.978046599430911,-3.185286018759945,179.50954217439534
334.862251996994,-1378.7851767642424,-844.542338043917,-305.4133200314827,7.292804913595319,right_blink,-191.19357694765864,-35.04883349663256,29.693617464121715,102.44028727147503
334.9630689620971,-1396.7703556511551,-875.3478939789347,-379.1716269575991,-87.97740655764937,right_blink,-90.61861149721588,-36.60464272423283,45.766146468456974,-31.517102750265312
335.0645213127136,-1305.5018371324986,-848.46175319748,-346.7392145418562,-164.69397434871644,right_blink,-28.84255456487425,-32.26256697828579,27.78072709940431,-111.2215457873239
335.16670227050776,-1265.7953193029389,-836.1687020431273,-382.4141202191822,-126.539515000768,right_blink,-20.687437054629243,-26.351231588488904,-6.930306682790564,-108.75622456089421
335.26845669746393,-1330.630224934779,-876.5072629651986,-438.46400085510686,-160.61748339701444,right_blink,-22.550313906308737,-11.57788082497307,-35.416083871576156,-72.13946078767182
335.36938929557795,-1249.7212292933837,-779.0697794696316,-423.18089968618006,-89.77442848635837,right_blink,-7.624677785083442,4.565380266371516,-52.11653235846619,-45.9501584410154
335.46974253654474,-1298.3474085172638,-821.7420379640535,-461.9786218265072,-73.9060329743661,right_blink,1.332142730664435,11.459419893856479,-65.53403575944512,-35.58001445003725
335.57013916969294,-1297.8574816230685,-818.6379210008308,-452.27358144149184,-60.341415835078806,right_blink,-32.817479467484596,21.745141029076397,-81.06692907742787,-10.116942015740968
335.6711657047271,-1373.7811906235293,-768.5232615945861,-502.08156905137,-27.5499730235897,right_blink,-102.35363988510409,46.94299998816276,-88.18952825997391,56.44750164119883
335.77279067039484,-1435.7662924891338,-743.6903258888051,-406.4448473844677,103.00993442954496,right_blink,-147.3179541251952,65.81592266103007,-67.11157807771114,124.75198287526392
335.87391018867487,-1405.1140724522993,-792.114550515078,-452.6513113370165,61.77379751810804,right_blink,-124.27818679123803,51.429040207685276,-16.325157823293203,115.36571963891251
335.97447562217707,-1341.4796747062355,-813.8433692576364,-334.500391936861,-52.47266632830724,right_blink,-62.60930175457757,9.779326373934481,28.74486257021397,17.34860259478325
336.0752243995666,-1284.124568985775,-826.1214608121663,-337.36889520287514,-119.71980743156746,right_blink,-20.461871676795166,-26.87614709009808,30.099287457974743,-82.64311519114884
336.1763203144073,-1312.8993592448533,-885.8177439048886,-412.496005512774,-161.9844168308191,right_blink,-9.437552892795061,-33.96967292050483,-0.2568164127667387,-106.07736960188261
336.27668881416315,-1295.8790745465085,-843.3137809084728,-411.31793702673167,-149.5679489779286,right_blink,-4.415006774068289,-20.904102601223997,-23.46243703776271,-75.02927066644055
336.37730216979975,-1245.410994594451,-814.7933038463816,-404.44026100821793,-80.03946890169755,right_blink,2.96260641305345,-15.50350004696231,-37.97283423601081,-60.633220954157494
336.4780504703521,-1305.7804596791975,-850.7000833209604,-454.068733420223,-118.24628684902564,right_blink,1.4369410220078969,-16.174760472264648,-62.39039755627309,-63.00800567296754
336.578948020935,-1331.776504271198,-847.3005142612383,-466.0625925781205,-104.93224300676955,right_blink,-22.817183317536166,3.6976403769366666,-78.39214900447311,-14.208156132567641
336.67963027954096,-1323.5786435683258,-748.4586983323097,-464.791026593186,58.59862245572731,right_blink,-81.90611863758986,36.5359782747822,-58.072384992753825,90.32460308386437
336.780158996582,-1463.9782278048806,-792.4361819112673,-363.97454348765314,131.87074238760397,right_blink,-155.17932132010097,43.53290023602588,-19.40257756653712,157.3451472580219
336.88120937347406,-1480.5385048086755,-815.0064781438559,-412.7241394100711,25.72864174516872,right_blink,-177.90099665328248,20.795223637553985,4.430773343001623,125.16744370163129
336.9815690517425,-1389.4345418880694,-808.3980749221519,-359.6886181384325,5.940831079613417,right_blink,-116.82457428812988,3.1949524943059293,15.306797707098351,39.77285105999953
337.0826272964477,-1323.649701667484,-817.9759587086737,-371.7684949953109,-70.28954971721396,right_blink,-28.136711593602307,3.515240129379189,23.481179734410404,-25.473223067197175
337.1831393241882,-1283.427077644039,-842.9210914131254,-359.71105753816664,-130.5655173030682,right_blink,13.368182191542056,-2.993897422057838,14.520564761223104,-55.337217958860776
337.28378725051874,-1265.3297017584557,-829.876320367679,-400.8424772508442,-118.13408985035494,right_blink,10.632648862607635,-29.460621039638358,-16.74282498508197,-76.78027481884124
337.3843681812286,-1297.657396975439,-880.0227689235471,-443.75408934243023,-149.16964963264763,right_blink,13.794740487252643,-47.36778165130146,-43.14524629632726,-96.2476882032141
337.48506164550776,-1295.073126106057,-864.1805527112447,-435.7469635372981,-136.0613002879545,right_blink,17.28427249786411,-29.034180510974522,-47.05260760320604,-77.40766800311879
337.5858476161956,-1276.553141525481,-816.6352045745589,-397.4391682911664,-52.160384682007134,right_blink,-32.430155838639934,-0.6231979625980926,-39.734517165552894,7.414412401046649
337.6863265037536,-1441.4490704718046,-811.5339810349979,-428.7870097197592,58.536914106458426,right_blink,-123.10325268395702,-6.077033820490101,-24.243366405352333,115.87107539196049
337.7866649627685,-1510.7157575511374,-871.207824727986,-406.1755745876581,130.12607905827463,right_blink,-170.0523253751878,-28.76030572045712,3.7454838013863028,165.56629977706325
337.88763499259943,-1387.6618293090723,-844.3478632462211,-330.2256862875074,53.375852167606354,right_blink,-140.3628850453739,-15.246070788756741,20.08795334543986,126.6065242372339
337.98836350440973,-1365.596419570502,-778.0992754311301,-374.82025335915387,-18.08615618571639,right_blink,-81.90016210423164,28.104900317348456,2.5076201308554413,43.987814532526905
338.0888383388519,-1408.4257538630627,-792.3894331618212,-470.7898261221126,-62.81535965576768,right_blink,-30.702590936213664,38.10837447536843,-25.61247664850454,-27.34268552495036
338.1899542808532,-1215.802206645254,-818.3181595546193,-373.0101417806,-132.41489783115685,right_blink,13.299129418588869,-4.887696622651181,-38.57864939358175,-70.6306713937714
338.29079890251154,-1279.4478240911849,-895.0908258450218,-438.6902648024261,-176.80751030519605,right_blink,41.99990182158285,-50.520960913909235,-46.89966374420947,-98.11645334810265
338.3915655612945,-1281.4916794169694,-867.5857316209003,-461.56723283138126,-148.3319120425731,right_blink,41.16784787410505,-54.92218373422173,-53.98897310205666,-114.03026654831356
338.49286866188044,-1276.756966073066,-820.324615880847,-417.163400657475,-113.52092325501144,right_blink,7.9052372341687445,-25.953273554827245,-39.96682235697908,-84.24388168778641
338.5938234329223,-1357.9202749114484,-877.189794707112,-388.0744588021189,-110.26347039360552,right_blink,-53.64387934734795,3.303632428876647,-8.226402087013877,21.178561884392096
338.6951615810394,-1434.0571582093835,-773.4599295360968,-382.2177754715085,130.08120025880635,right_blink,-119.90984377292038,4.874098838735593,13.447386220735266,136.74703087201596
338.7959933280944,-1445.0936029786244,-847.7418224560097,-356.3264480782673,97.65626764297484,right_blink,-143.80572167006795,-21.97693757278169,19.092763508637134,140.5574620690574
338.8968112468719,-1404.272594962269,-879.2018608832732,-382.60298516694456,-65.8484185198322,right_blink,-99.14585946959366,-41.287049385729986,20.694024811657588,21.376429414961883
338.99779224395746,-1338.1362041458488,-859.1372976209968,-372.4042779877782,-162.27051917742938,right_blink,-18.676902424628082,-26.581068356406423,10.491832509571172,-97.36207379904864
339.0986218452453,-1254.1455309409648,-790.4577748347074,-386.80663271714,-157.4086492350325,right_blink,38.361127476789235,-4.391766442727569,-22.057470026641194,-126.67052970216636
339.19910001754755,-1262.900636737235,-855.3375592660159,-463.50450100842863,-166.88181582279503,right_blink,53.80652518003829,-6.182186755501347,-51.64134879054773,-99.30516974275002
339.29997467994684,-1252.3989976616576,-834.9719340573065,-438.3125349069014,-146.71253536175936,right_blink,58.61195535818732,-11.266351065600498,-51.2969719626881,-74.24747703355581
339.40066432952875,-1250.3383127860725,-793.3019687510096,-426.5318500464782,-79.5177528578788,right_blink,64.7413229199187,12.494326823361451,-42.70080851723036,-46.70805204897261
339.50136780738825,-1285.1306020738557,-796.9334116079845,-400.6592221530154,-59.88327809050679,right_blink,32.175687224428145,48.621963416028024,-50.00618795444552,19.085396242303002
339.60234403610224,-1331.9317101193592,-736.840699119959,-495.1664940332994,53.39081176742911,right_blink,-58.345530299032106,57.60618315817264,-42.21102084435224,111.37729281452684
339.70336771011347,-1515.3064847467467,-808.3251468730159,-338.77883748617023,110.5738820899278,right_blink,-144.46084052903876,35.50108464208036,7.888343274563997,160.6869872872789
339.8038618564605,-1432.011432933621,-805.9054316016845,-324.40266205649823,61.01272787712514,right_blink,-153.4052543800586,9.937761517132447,56.99744538818938,116.43380977427482
339.90470170974726,-1423.518120134249,-830.0464858156629,-359.1687720445916,-64.79750663228333,right_blink,-96.74999826391343,-4.541221410022498,52.21233471780485,10.419704225015034
340.00527310371393,-1339.2282549329102,-820.7603142256849,-361.5323888165876,-134.22500940971076,right_blink,-34.641418505315855,-11.475657904643468,11.069755766012495,-77.96159374924818
340.1066262722014,-1313.4379048384726,-840.8360971878283,-398.4377215793356,-138.56329335831106,right_blink,12.780821604574083,-7.9590875061457345,-13.70074010995572,-100.61914077264244
340.2077596187591,-1271.3341111373156,-826.0597524628974,-421.3296492081136,-164.99316634517163,right_blink,58.111494469486644,5.6388904246987215,-14.096223874260973,-73.48699182718256
340.3094725608825,-1201.3643228663132,-796.5556817124598,-395.0381525196135,-104.72093865927307,right_blink,91.92299429498348,10.205666333386928,-24.561638595334493,-48.84685874272119
340.4103436470031,-1230.7748961178586,-807.1134192873724,-421.0080178119242,-76.10696409828961,right_blink,91.10168336915814,1.170880942015321,-50.89838640914591,-48.62020714323845
340.51135134696955,-1301.3505481816828,-857.0897023952566,-489.9343739952892,-110.4953441908583,right_blink,50.66861087571115,4.333384371934421,-52.950672131422266,-27.631385712534154
340.61207199096674,-1304.555642443709,-782.7404912761413,-365.4742433698848,-51.03467479534447,right_blink,-20.8095781605594,24.557008605792753,-14.784976601007362,54.200862212096816
340.71295762062067,-1423.233887737617,-751.7180211436935,-362.9124119002372,174.91138102766126,right_blink,-97.56733844521585,32.33181818536407,23.802775111976352,147.61324815537066
340.81381297111506,-1472.1293397583067,-850.1634076773189,-374.82025335915387,51.16557129379362,right_blink,-126.53074705927145,24.25253549954614,32.035336503767326,171.766962308529
340.9145238399505,-1375.123814707622,-777.1343812425621,-348.02013027668,54.25098875723779,right_blink,-76.49570947925089,26.103291022737743,25.879418771730922,117.0996060278716
341.0153262615204,-1332.8891245080158,-780.4105336037464,-382.1167981727049,-7.9472874058410525,right_blink,8.326942272263244,30.087876474607892,21.165057009378643,30.750120570915932
341.115835905075,-1247.4548499202356,-823.4829613934271,-356.5321425758302,-107.7539975233376,right_blink,55.383087613399994,6.51177658742763,6.7431995583888344,-43.17432832706813
341.21716356277454,-1291.6417678967118,-853.7013530354016,-430.1707727033645,-152.96938798762858,right_blink,52.76673132410566,-30.152853235246425,-23.00235613051419,-75.31961656261315
341.3180539608001,-1266.6068775933236,-857.7666242872365,-446.1607149639167,-123.66727183479816,right_blink,45.764409240608416,-37.57994155262433,-55.0049489835523,-64.7671502795988
341.4188337326049,-1284.9922257754952,-842.4891329682432,-455.3795683546923,-102.29000368807463,right_blink,54.41611346929371,-14.531078390155262,-74.2877639286424,-43.93841501569635
341.5194451808929,-1273.5182127114383,-799.6448390758596,-423.6652167304419,-67.31071940250695,right_blink,42.780873685007194,3.7812429104020473,-61.36911096235241,-23.548364355484857
341.62009787559504,-1336.8122795615343,-830.2596601131372,-451.9276406955905,-77.92081557679921,right_blink,-19.513185290631192,4.8416168413227005,-4.760187439312036,29.602173545419845
341.7207357883453,-1462.8469080682844,-825.7605604664423,-294.40305456193164,79.4055558592081,right_blink,-103.87648930158728,3.1546829641117826,55.99098752626665,115.58812404459533
341.82254719734186,-1450.3780816160142,-807.6070860815234,-312.89311994286254,106.89382053352892,right_blink,-149.8177559456675,-0.19956885479106218,60.413931882982155,162.99678505822027
341.92306017875666,-1453.4597591795027,-830.4279556111433,-397.4784372407012,35.27847628202289,right_blink,-121.12710145995254,-12.564540294545068,20.565082145876282,118.10765351312324
342.0240890979766,-1380.445692344569,-856.2332653054036,-389.4675715356134,-36.49394376762211,right_blink,-32.313614316176334,-19.73910021945189,4.138552447283904,20.0073396682244
342.1249732971191,-1258.7044689869508,-828.7823996306397,-343.2536277831532,-117.07008831296116,right_blink,57.63295244083102,-8.422721231523186,21.342112507021426,-51.92642027692361
342.22588944435114,-1237.9143651332706,-802.9920495362021,-372.406147937756,-131.2891879444942,right_blink,91.82299744485844,2.0074387884169718,18.158372796895925,-68.19196034781561
342.3268110752105,-1255.2936802273616,-841.6139963786118,-438.0002532606013,-133.28442457085475,right_blink,74.26869913341876,-8.26362570868569,-26.78511868745981,-62.84057185342301
342.42736339569086,-1295.9950114451349,-845.7652853294276,-451.8902416960336,-142.18538646539673,right_blink,51.97570882466266,-21.740947434440795,-74.29884042678121,-70.70843632881855
342.5284016132354,-1295.6771199489012,-823.9766281875782,-445.457613772247,-91.03477477142587,right_blink,33.72718607336237,-14.31496871989437,-78.39967054299753,-64.46442169066411
342.6293413639068,-1323.3149806214496,-837.1148967319168,-459.2728042085655,-108.4440090651624,right_blink,-17.24343239987327,1.0284750035625452,-28.193394543173188,15.956127275774708
342.7301723957061,-1473.475703742355,-805.9353508013301,-319.5389221641235,118.08547115093096,right_blink,-100.97948340615218,-5.847870512043133,41.57458719005623,153.561873962914
342.83056974411005,-1466.7999823214486,-869.4425919489004,-317.5044165882282,173.00590200023726,right_blink,-154.27374150668538,-33.02597116727714,76.6084325870713,231.34502883347048
342.9321506023406,-1460.513210495934,-862.1273476355709,-322.33262743102387,89.00774899544194,right_blink,-127.15129199721707,-48.13368136568236,61.08688490248772,168.3980217528896
343.032529592514,-1402.873872378841,-867.2659701746888,-387.18997246259823,-40.15717577422038,right_blink,-44.90781008238061,-36.302072455558786,29.445789593602647,26.03722307180312
343.1332635879516,-1283.017558598891,-822.2525343080051,-346.41758314566687,-143.42703325068578,right_blink,26.226408461012014,-15.846444207749016,8.884017619165,-71.96202563080404
343.2339830398559,-1288.6685474319384,-823.4829613934271,-418.5228542913683,-129.54452461516485,right_blink,55.05069871814164,-3.454614796505715,-12.432455098888262,-82.36469633855303
343.3351967334747,-1294.7664543096907,-847.6614146069624,-453.3955514281988,-171.33229677006602,right_blink,61.15814337384994,2.8603352134575863,-47.982557903603315,-62.40940968448464
343.4357860088348,-1256.181906466838,-775.4439464625902,-423.4688719827682,-85.06402449216694,right_blink,59.308773584847586,4.952662189763428,-74.2755715980316,-66.04731943046912
343.53685283660883,-1320.3361503067426,-837.1186366318725,-476.7100877519697,-147.23612135555595,right_blink,30.381572847046613,2.81558526015277,-54.07559309448337,-65.11335401967169
343.6373307704925,-1364.79982087994,-826.1794292614795,-401.9719270374626,-122.70237764623016,right_blink,-34.21297354839129,4.993087276017875,-0.9505185327156935,-7.332883745190079
343.7381279468536,-1443.6406518458389,-789.2142580994405,-335.66724072303623,75.91996910050511,right_blink,-98.5937604949969,12.899568731295787,17.28328494884917,78.2119944333833
343.8391835689544,-1466.192248578649,-814.7465550969355,-424.5721424696967,7.670534809119999,right_blink,-118.60998560315598,12.37011018922959,-23.967275449943045,107.26111861814779
343.9398779869079,-1404.7157731070183,-825.9438155642711,-473.8640238856897,-17.73086568992585,right_blink,-87.00371555202835,-1.9161672139422103,-57.92956253823215,57.175648358601116
344.0404889583587,-1395.1266696206294,-836.8605835349299,-405.0573445009068,-82.82756431866437,right_blink,-28.912061542501135,-17.198085069418934,-29.77548642549664,-16.566455067777948
344.14121794700617,-1297.71723537473,-838.2181672188453,-354.37422030139714,-113.89117335062474,right_blink,23.76807423956177,-24.938103055459436,17.975813491608342,-61.94518467082536
344.2419383525848,-1316.7682857490145,-866.5292098834179,-402.8620232269168,-169.7054402893409,right_blink,49.23743164863264,-29.41472212137517,21.551828121584105,-71.40748111067442
344.3425769805908,-1249.9437533407472,-826.0036539635621,-362.9703803495504,-113.06839536037296,right_blink,52.674587160141364,-30.176690673444693,-8.843679010254192,-62.70851363325913
344.44328856468195,-1320.3623296064325,-859.5281171663664,-457.8329427256249,-132.6916504278779,right_blink,59.19517523760706,-16.127478177439897,-25.40666373619854,-50.70097388924778
344.5444791316985,-1278.348293504212,-798.0778209944256,-383.5847089053132,-80.44898794684559,right_blink,65.84223821413174,12.666267075161713,-20.72561273644509,-27.858164204028338
344.6453831195831,-1275.8238610341214,-788.9150661029853,-399.9579909113236,-81.49242003448308,right_blink,33.69850227364554,33.22699960709815,-17.630443384682795,22.62600428058067
344.745675086975,-1400.2914714594372,-781.4315262916498,-447.0171520537697,49.19090411718935,right_blink,-40.10278419475906,25.746397588035883,-19.48183840864249,85.00546926056067
344.846206665039,-1470.4781739278696,-855.2309721172787,-384.17561309831217,5.033905340358615,right_blink,-94.67946483354353,-0.9485203139832468,-14.84140615442016,111.13359229727484
344.946566581726,-1376.5730259404518,-798.8033615858294,-376.3554822909646,50.7280029989779,right_blink,-83.50401024544773,-21.761018610799,-1.506264531726428,80.60868826536921
345.0471940040588,-1404.405361410696,-874.0090097947977,-408.6270790086128,-89.61922263819724,right_blink,-27.543290472257148,-21.34948198902726,20.01603891644519,28.42509813907609
345.1476242542266,-1318.0361118339931,-814.9971283939667,-326.79058817820624,-51.56948048900813,right_blink,25.878083968590428,-6.571944839431154,45.998125954257716,-7.984664404586829
345.2483451366424,-1285.3419064213522,-821.4409760176204,-322.6093800277449,-115.86210062727332,right_blink,51.887737032936364,-1.1282897958801856,59.33431276311187,-33.26740100980299
345.3488988876342,-1288.756435080897,-836.6717185871676,-359.95976088522,-127.8746592849493,right_blink,54.03657469377156,-15.67965594535115,47.14496450307722,-58.594897760267784
345.4494123458862,-1320.0593977100216,-836.9746504835784,-382.7993299146183,-132.2353826332837,right_blink,47.45786984739257,-22.225643752993523,13.853529390250593,-59.255269096953235
345.5501372814178,-1288.7265158812515,-817.7814839109778,-407.78934141853824,-94.27165818307547,right_blink,35.03868858195354,13.073830383573863,-32.136260457487076,-9.35809457752304
345.6509225368499,-1355.8165811863728,-749.4722112203017,-471.7565902606584,1.61189688090235,right_blink,4.5429769706672305,69.56125458576425,-74.47589029864704,63.68931065822887
345.75188136100763,-1390.1451228796504,-725.3087176065892,-486.3870788873173,25.831488993950188,right_blink,-40.511471482262486,85.80113101987418,-78.35920289625918,102.58128559573794
345.8525130748748,-1395.0855307211168,-770.0940195759758,-391.7937893080525,17.573789891786873,right_blink,-64.61732300593883,43.420086699871206,-22.61301969428553,88.48688575563008
345.95299386978144,-1411.787923923228,-859.6234846152365,-349.5104804090224,-42.54510189592838,right_blink,-39.3295961521903,-10.484870940037101,60.04240481126762,49.17449467590261
346.053619146347,-1333.6015754495747,-834.7045312104747,-293.92060746764764,-47.14143894147128,right_blink,10.38036241926031,-37.4436130837536,103.31119399074002,9.012814049846948
346.1545538902282,-1295.8585050967522,-866.2842464363202,-290.1844474119134,-109.42947270348668,right_blink,35.5892673246165,-47.417820509148214,77.8612483756128,-29.971841664413503
346.2553927898406,-1318.1931876321323,-874.295112141408,-385.37238108413294,-148.20475544407964,right_blink,37.96025794177486,-51.6465809881292,24.80074898265496,-63.9072559599824
346.35577464103693,-1313.1218832922168,-877.1168666579761,-413.34309285273775,-149.8634010744281,right_blink,57.12029875323365,-37.80830955173842,-2.994970424720231,-76.26609404728825
346.4564998149871,-1259.499197727535,-796.3873862144537,-379.88968774909154,-111.89219682430848,right_blink,80.45237209918795,-4.4244430135564485,-6.845148713391368,-47.4632940653052
346.5574374198913,-1272.9254385684617,-794.4239387377165,-370.1173291648738,-53.30666401842609,right_blink,48.31739768909662,29.890056348344416,-10.738564008048723,28.56930445159115
346.6580827236175,-1429.5262694130652,-795.9647775194608,-499.4019307331182,11.333766815718263,right_blink,-37.855958561832814,49.24250823581317,-10.92332393625541,114.34940116316872
346.75872969627375,-1433.5653613652105,-750.0537656634115,-308.91760628996417,100.11525186384095,right_blink,-99.20350910475686,42.368133539909095,-5.241390087196375,135.15298594802957
346.8591213226318,-1435.281975444872,-818.6248313509859,-436.0816845833324,-32.73347436217591,right_blink,-84.50575311580573,7.356422384834717,-10.853384879068988,63.07442185411131
346.9598643779754,-1366.4678162601776,-852.3101102518849,-427.1470635891892,-116.35015757149084,right_blink,-21.38005061064859,-29.62229433823358,-21.166403425328166,-33.43123190175357
347.0602610111236,-1332.333749364596,-870.6543195345439,-406.2784218364395,-160.11072695301846,right_blink,37.69365537217766,-37.67075292895925,-13.256294482026977,-75.22990586168186
347.16104578971857,-1265.9954039505683,-815.6067320867442,-367.43582089664415,-116.65682936785744,right_blink,65.36569247543994,-25.15384580527001,1.0014696378044512,-66.50217526666336
347.2617535591125,-1310.331917925272,-870.1606527403928,-433.16830251785,-159.53104245988652,right_blink,62.36029951386484,-23.273580461179474,-6.069601451446214,-55.295376230205285
347.3627903461456,-1280.3659695303068,-839.0091560594738,-402.22811018442735,-118.36222374765202,right_blink,50.5983063021237,-36.214263545467986,-29.6900877040214,-52.7572586104834
347.4634821414947,-1310.5955808721485,-868.602984408848,-457.7506649265997,-129.301431118045,right_blink,55.22696452306479,-41.78513941612502,-48.90703907220556,-42.997552595985304
347.56416225433344,-1297.610648225993,-856.4034307533875,-455.8807149487548,-111.83235842501745,right_blink,68.21166899750068,-28.547795034868873,-56.4103465975887,-27.244534755057455
347.66466927528376,-1271.6968814330176,-798.5322188390419,-397.7963287369348,-60.57702953228727,right_blink,47.80336046046349,-3.2695434946679804,-40.393028686326026,-7.309943214005278
347.76536345481867,-1404.7139031570405,-815.5861626369879,-433.1757823177613,-65.57353587308899,right_blink,-20.608396936171026,24.15939509708785,15.744299384108938,34.15478639609925
347.8658475875854,-1422.5382663458586,-793.0495255040005,-295.9738125433214,-23.11445167614147,right_blink,-87.65195798838408,36.64747290398956,82.47769759717742,84.26114036438155
347.96651172637934,-1464.9674313431606,-772.6932500451803,-271.0062404391356,58.804316953290254,right_blink,-93.11154052197806,14.229298781405127,93.5901285618884,81.09043410699353
348.0669932365417,-1369.2409520773217,-864.2273014606908,-382.8217693143524,-100.74355505639689,right_blink,-35.24638608929882,-28.083227313833152,43.22167010558918,8.278099669802147
348.1676769256591,-1333.442629701458,-878.263145994395,-403.8512267651968,-149.5716888778843,right_blink,34.693468383822086,-42.80895340654315,1.7868530614535665,-55.57855617437413
348.2682788372039,-1284.199366984889,-817.3551353160292,-365.32277742167935,-126.66480164928362,right_blink,69.65351411785792,-18.020538443224563,6.850821326804997,-50.66412988694037
348.36871170997614,-1280.289301581215,-814.8699717954732,-382.6833930159919,-79.6299498565495,right_blink,65.33168491363676,5.658744531798236,18.62321225670103,-20.595918530028385
348.4694991111755,-1306.9136493657716,-820.1619302327745,-406.9516038284637,-117.61611370649187,right_blink,50.123417379505796,5.7137151843294305,1.6464224384278472,-18.893768662466663
348.57036852836603,-1333.380921352189,-813.3740118131973,-411.7985141710378,-105.54371664952488,right_blink,40.097278929138525,7.77250487496622,-24.870274726439405,-17.49793590885443
348.6713962554931,-1313.05830499297,-787.1872323234566,-432.12487043021247,-46.513135748915374,right_blink,16.144163865765314,28.110618690038702,-30.97549598033065,27.362249857816987
348.77201962471,-1399.7304864660837,-782.4001603801735,-414.1060324436985,8.283878401853144,right_blink,-33.43047740802406,41.1130064174892,-15.259559235723025,87.8231502671636
348.8729090690612,-1426.7250843462534,-782.8676478746347,-379.6091952524148,7.9884263053536415,right_blink,-70.63522011137735,25.018114883174785,8.939494965711374,99.67995565145966
348.9737117290496,-1411.533610726241,-836.6436693374999,-377.3615153790452,-26.12694109044969,right_blink,-52.31404930326964,-2.001410786340974,30.150651793556698,47.89542790819013
349.0746607780456,-1352.095380730461,-831.6509028966539,-369.84805636806414,-109.2761368053034,right_blink,1.4678676905545087,-14.40055501422576,34.76758461967571,-19.888891179021826
349.17519140243525,-1314.109216880519,-824.2571206842549,-355.87579013360664,-135.92292398959398,right_blink,35.68473830807362,-15.436745650450243,17.785858467568445,-52.92010583758522
349.2758038043975,-1310.1785820270889,-841.8009913763963,-410.1305187908001,-130.92267774883658,right_blink,43.117249363664264,-18.390122841282658,0.4095900444464009,-49.60611721189585
349.3763787746429,-1316.7177970996129,-853.4376900885254,-420.4171136189252,-136.35488243447617,right_blink,59.560883045918175,-19.039025933262668,-0.7378233757015653,-40.74494180524696
349.47758364677424,-1262.7846998386085,-802.9378209868446,-386.7580140177161,-83.59985365951434,right_blink,82.7660765144027,-4.953013126908673,-9.286589278631482,-27.339564711880783
349.57806229591364,-1273.043245417066,-798.5621380386874,-411.4039547257125,-80.39849929744378,right_blink,64.53230407502332,25.950071681436857,-39.350745386579995,26.958003992890355
349.6787686347961,-1391.3288012156263,-778.9014839716256,-500.96333896461874,13.300954192411156,right_blink,-7.29634914297438,58.463566422595164,-46.72103705463761,117.31883021066706
349.77936410903925,-1430.227500654757,-737.0258241677657,-388.2577138999477,127.92514793435112,right_blink,-77.01757949771115,65.15356956973584,-0.9994054450181382,166.14742407424944
349.8803181648254,-1411.5130412764847,-772.4912954475731,-296.6189452856779,17.624278541188687,right_blink,-83.78908904654912,36.75538677805131,50.33949636465763,123.68867038874484
349.9812219142913,-1422.437289047055,-846.1074861753732,-403.8381371153519,-60.92858012812212,right_blink,-25.704016105545115,2.9285670446104515,56.75999805470692,43.11694916943205
350.0820171833038,-1299.8134492998945,-810.784131093882,-350.2117116507143,-72.71300488850102,right_blink,40.97121582891044,-5.98187203138526,32.81971312931316,-2.244399827503239
350.1829266548156,-1274.067978004925,-804.7105335658416,-371.4468635991216,-86.44591752579436,right_blink,65.98700387858844,0.7456499221074446,9.338213418944935,-13.297521726892477
350.28383851051325,-1305.3447613343596,-841.9561972245574,-427.6500801332295,-136.5605769320391,right_blink,67.01312393809998,0.41662988593880423,-9.433624414738366,-26.809866463288095
350.38456702232355,-1279.855473186355,-817.6898563620634,-425.8006996051408,-122.74351654574276,right_blink,89.04111937173947,-3.8962013857904236,-22.04095003993844,-41.38090441679954
350.4852514266967,-1234.9953732178546,-791.7087713698857,-397.4597377409227,-88.2616389542818,right_blink,106.87544832154128,5.775510690372204,-23.602992761679435,-22.827466147365264
350.58583593368525,-1305.1259771869518,-828.7562203309499,-478.6978445784189,-78.32098487205803,right_blink,49.74486467134763,29.93790292898657,-24.760670040201425,41.65560818604669
350.68644905090326,-1423.0450227898546,-745.7454009144567,-364.1073099360801,39.11561363656074,right_blink,-63.63873396404322,46.32835673201064,-33.651089579168165,111.02684609775586
350.78712201118464,-1470.848424023483,-771.75640510628,-483.4624771219678,43.12104648910463,right_blink,-112.05693098108827,38.797519048657215,-29.67325559189316,121.28975778469955
350.8877916336059,-1411.2643379294311,-835.8545504468493,-392.84844109555706,-42.12249320093542,right_blink,-34.81027798175522,18.778811280558504,1.2104797647562733,59.85314636463019
350.9887118339538,-1252.008178116288,-792.4904104606248,-367.31614409806207,-99.21580592449754,right_blink,77.7259172316549,4.367611208968999,25.663219034670693,-12.747959364222917
351.0897107124328,-1238.2977048787288,-807.0199217884801,-364.1372291357257,-114.32500174548476,right_blink,115.16777374350647,-1.8516298325682046,13.235039399912395,-34.69976547527354
351.1908326148986,-1294.4934416129254,-856.6670937002636,-460.3237160961144,-115.37591363303363,right_blink,94.54135415049711,-2.1994073581759235,-8.710404962691713,-14.250317321738045
351.29157781600946,-1232.758913044352,-799.3194677797146,-395.9787373584695,-92.83179670013487,right_blink,100.88373005735924,1.1068909040986261,-13.784020384976955,-5.255377638366104
351.39198589324945,-1226.935888813343,-807.1358586871065,-414.42392393993214,-88.0989533062093,right_blink,137.22082756874624,0.9942489486704713,-28.076883870582606,-19.729282229910552
351.4931168556212,-1240.829617148731,-843.6036231550388,-458.7828773143701,-109.82777204876766,right_blink,122.4459015010802,-1.7839423842246551,-58.0799916441574,-3.0570357755403403
351.5935621261596,-1313.398635888938,-808.7178363683634,-500.6996760177426,-39.80188527842984,right_blink,22.644299423347142,0.8013775001448735,-52.66938803202165,76.86328763661349
351.6942336559295,-1470.979320521932,-816.9979748702608,-357.1697955182753,131.65008829021826,right_blink,-87.18405733517311,1.8799541630393164,3.6383660717815998,157.95771890809016
351.79498434066767,-1457.7475544787012,-829.3172053243034,-353.0110267675482,14.142431682441384,right_blink,-111.75243249376535,-10.397467893404592,51.15052586353523,151.60915899788543
351.89557504653925,-1403.159974725451,-842.406855169218,-374.8520425087772,-39.74952667905018,right_blink,-45.76910691351887,-23.38857812975591,48.61475754448971,52.06093424640249
351.9964036941528,-1319.7003673142754,-844.3291637464426,-378.0833160704933,-119.09898403892294,right_blink,33.388954442302754,-17.86638678783999,19.593185485542037,-50.23269506431415
352.0970602035522,-1307.7588667557577,-824.3356585833244,-409.6518115964718,-119.36451693577692,right_blink,62.40447214721903,-6.978259700802168,-9.471520044102789,-54.04402290581241
352.1978185176849,-1292.544953736011,-826.0709721627645,-439.2045010463335,-151.20976505847648,right_blink,57.09646892169438,-13.074823358245961,-36.07134481015525,13.753685921215006
352.29858613014216,-1256.0996286678128,-828.4271091348492,-448.1615614402108,-128.44125412823632,right_blink,81.59444867772532,-14.206164367772843,-44.22869192460496,-27.5087050635503
352.3993482589721,-1250.934826829005,-813.3272630637512,-427.0591759402305,-162.88947262009606,right_blink,145.5257260248845,26.01315036184386,-13.08905151225676,-242.60305197076528
352.5004374980926,-1211.400344397407,-751.566555195488,-374.0610536681488,-600.9215150303207,right_blink,154.94712935952583,78.4238353919227,36.556856478411234,-372.96688690834367
352.6014091968536,-1220.3237456916831,-676.1439927890897,-301.00958783365786,-434.9896337962709,right_blink,39.64836345555624,78.93423236997477,65.44073384923762,-197.61516708449116
352.7022414207458,-1566.3991279914044,-847.6745042568073,-371.97418949287385,286.35852975724265,right_blink,-99.26251643504476,38.054372593390646,76.27698746421716,50.567236634212094
352.80336761474604,-1432.6677853758447,-789.436782146804,-310.90162321645766,-265.39265060564503,right_blink,-101.93172453795694,23.346576674751198,91.21252421816666,23.637520835722192
352.90425777435297,-1303.457981806714,-742.9049468981102,-284.7335432264954,-307.7881565033458,right_blink,19.885002267257743,42.82185155640302,94.24799237412999,-197.75937274070688
353.00541543960566,-1249.405207747128,-786.0222534872591,-355.26057659089565,-324.1053400100209,right_blink,116.33474538329118,46.96189453984777,61.3337549985408,-296.7196223299358
353.106561422348,-1273.6771584595554,-821.7756970636547,-417.0923425583169,-319.81941466080025,right_blink,119.39588117779677,22.44145443138801,13.64404980742171,-215.71556870159958
353.2074563503264,-1230.0624451762997,-794.0480787921697,-391.0065403673798,-227.1297341589816,right_blink,88.72873206302343,-3.0014628519715316,-14.33166385935548,-131.49980921162015
353.30817389488215,-1283.8347267392091,-838.8408605614677,-433.0205764696002,-250.26475528487936,right_blink,81.6235381199425,-14.868374426352982,-20.926980843435715,-133.17283392624353
353.408878326416,-1295.594842149876,-851.4723726618104,-446.3308804119006,-211.93265068903565,right_blink,83.1272110251705,-12.609616128275414,-17.587187532208148,-146.03725526234095
353.5097315311432,-1275.9154885830358,-781.4689252912067,-378.0290875211358,-157.4834472341463,right_blink,51.293066985251855,7.601454061383331,-1.5939815150847658,-74.18420178740354
353.6110732555389,-1381.949132126756,-816.7848005727865,-397.3456707922742,-74.92141581233591,right_blink,-15.845809900532322,34.614012966211355,28.674235680534327,72.710472574246
353.7125134468078,-1441.5219985209403,-767.6873939544894,-365.2947281720117,116.55398211907595,right_blink,-68.79627044005646,36.267386174511245,54.107092128069425,169.88782853701966
353.81370568275446,-1398.3485934324565,-809.5406143586151,-320.9469944974408,40.42083872109652,right_blink,-60.87945482742721,1.5751222264767486,52.832471640648016,116.31655923001145
353.9146618843078,-1354.199074455537,-862.8192291273735,-397.9814537847415,-157.65174273215234,right_blink,-1.6807100781778352,-32.91835214319929,32.97296026614977,-23.126307592318447
354.01570034027094,-1341.0308867115527,-871.8099486208521,-403.1948743229732,-190.15521324705333,right_blink,53.579798519409,-33.56862431452283,18.848756382960282,-100.43332701017441
354.11716389656067,-1237.8320873342454,-806.1672245985828,-369.78634801879525,-166.231073230505,right_blink,66.43507804605929,-20.448825475232827,6.648249293111897,-86.58298536288889
354.2179164886474,-1316.9721102965996,-854.4979517259635,-452.0417076442391,-167.55499781481922,right_blink,58.43109222161263,-22.563910109765914,-22.052534268084074,-69.72463256063847
354.31845188140863,-1320.4202980557457,-853.1515877419151,-455.201923106797,-165.42325484007597,right_blink,64.21303432302251,-20.19190582006181,-45.12089769280394,-74.9824493776401
354.4192469120025,-1278.494149602484,-800.1964743193239,-398.1609689826146,-142.58181586069986,right_blink,53.75764938798321,11.79639544612656,-15.101541356435597,-28.91012614704541
354.5201995372772,-1349.8140417574905,-766.4700565189123,-408.4868327602744,-6.6626317710615695,right_blink,-20.412539202021303,44.49257986294579,61.161976394205176,82.43222906671089
354.62092137336725,-1506.9384585958906,-798.0946505442262,-226.85859141219407,56.55663707992062,right_blink,-106.41108689831438,36.498130966366055,113.4112231729746,149.50103859928583
354.7219576835632,-1438.41601160774,-800.5368052152917,-340.2149590691552,16.034821060020477,right_blink,-97.42376131688071,1.2099509919070122,100.2640875979981,89.19724712499081
354.8240160942077,-1345.7450306057,-860.6033384036273,-374.2181294662878,-173.0956595991738,right_blink,4.912863562760677,-17.61209062638964,56.33480093589346,-33.87360694696173
354.9249939918517,-1269.050902214367,-822.3927805563435,-364.8982987767085,-179.9209770183079,right_blink,87.25244772548461,-13.160796965332969,24.272849248863903,-102.54879450045523
355.0263278484344,-1257.0084243570454,-817.272857517004,-388.9234160920605,-174.72251607989892,right_blink,91.3668222606952,-11.376647412068873,5.057874166296044,-91.81295129420535
355.1272876262664,-1293.1246382291429,-857.3047466427088,-454.719476012513,-165.57098088832572,right_blink,77.76396792326813,-15.837377550202083,-7.912367462719839,-57.10675878820212
355.2279934883117,-1248.4777125581168,-821.2109721703455,-417.4401532541961,-149.6502267769538,right_blink,99.19192446451886,-7.108376130129811,-12.261049533381485,-37.99263540498604
355.3289651870727,-1260.6884859134443,-804.1570283723995,-395.7113345116377,-92.17918415786698,right_blink,105.03307911840926,12.222722696751978,-10.082235464702462,-21.968467644139427
355.4296813011169,-1285.1829606732354,-795.3981826761737,-411.19265037821606,-73.58066167822108,right_blink,32.116858499282614,20.639786764492534,8.878335192487715,27.581996238046912
355.53033709526056,-1470.6632989756763,-811.375035286881,-399.15017252089456,-8.902831844519824,right_blink,-73.71569728281192,17.008202250970243,57.033262415372505,111.83266227873139
355.631504535675,-1455.1240146597847,-808.3008375233039,-252.6358518567868,64.18229308957234,right_blink,-108.90379770741718,15.40211561174349,100.506086125705,156.3495828735143
355.7325122356414,-1385.7526103816926,-791.6395832207054,-342.04564009746537,28.01372061809525,right_blink,-50.53133868322878,15.141421795456274,90.86273069323386,88.50839141745297
355.8341870307922,-1335.7613676739857,-815.6347813364118,-384.80765619082376,-167.2464560684748,right_blink,30.9871991712973,10.340761882112659,44.432689493758566,-36.57093113636573
355.9348821640014,-1289.7119795195758,-818.1105951070786,-389.568548834417,-197.65558260818943,right_blink,73.89035487677046,9.399248714371904,15.058139254804301,-88.43920692986039
356.03602790832514,-1250.2635147869587,-793.2440003016964,-387.1712729628198,-125.76348575996236,right_blink,80.71372817426078,15.56132127890234,9.952321474762554,-51.93383362615689
356.1369738578796,-1288.010325039737,-822.9575054496527,-438.1573290587403,-147.054736207705,right_blink,81.5977651774108,11.33732723275433,-0.4463101635035476,-38.54718438555368
356.2379374504089,-1283.7617986900732,-810.0099718030542,-419.491488379892,-167.48206976568326,right_blink,77.42797035489347,-9.247667118513824,-15.550119290407759,-82.26188485973904
356.33867883682245,-1297.5358502268791,-848.2093099504709,-398.8696800242178,-167.54938796488568,right_blink,38.10134523195496,-18.76452778664549,-1.8906326316677982,-69.79910531057944
356.4392986297607,-1387.4561348115094,-839.3120879558846,-408.0866634650156,-102.3872410869226,right_blink,-36.89952045588407,-0.3702521278607831,47.936756944797274,55.179204597548896
356.5402779579162,-1470.1079238322563,-779.3091330667958,-292.5873331334442,136.29317408520728,right_blink,-88.13519710435037,17.087300892660682,91.11437274135295,158.39007567409143
356.640837907791,-1381.5919716809876,-797.313011453487,-309.0690722381696,1.1855482859537003,right_blink,-62.854855659511855,9.714114091258526,91.96798657197706,106.77508838160384
356.7419245243072,-1365.413164472673,-864.1712029613554,-384.3981371456757,-177.51809129677713,right_blink,12.997975447565583,1.3842762612850112,71.54228877239169,-26.168124407703374
356.8429417610168,-1274.7168506472372,-787.6341503681615,-341.89043424930423,-164.70145414862782,right_blink,71.74096069194779,9.124807660820913,58.54045526306276,-91.4908004853961
356.9436612129211,-1232.0745113524608,-792.862530506216,-356.4573445767164,-171.4931124681607,right_blink,94.91618342996836,6.6845996037547355,35.916554140887335,-86.54545287720865
357.04412555694574,-1272.6898248712532,-860.3452853066847,-451.3498261524365,-197.11516706459224,right_blink,110.22605385541208,-12.547255571174091,-9.481345938656265,-92.580138697376
357.14529442787165,-1277.4544574148022,-831.3610606500879,-449.8276868704706,-206.8015079498291,right_blink,99.4378908837393,-10.019551537677067,-37.07876052377584,-94.29536330045461
357.2458932399749,-1264.117974172812,-779.499867964536,-414.39961459022015,-112.08106177207084,right_blink,5.075999046244367,25.51401198817479,-5.9162334231313505,-17.662868113000535
357.34704804420466,-1548.0549187087454,-772.8952046427876,-356.21799097955227,8.05948440451175,right_blink,-133.9893118745741,52.10082303193794,63.66165712595968,108.56126028316964
357.4512193202972,-1529.4470464792105,-784.6758895032108,-309.1195608875714,64.22343198908493,right_blink,-174.18634066471753,42.057094591308974,115.20186353663601,158.61102740594268
357.55196857452387,-1382.1884857239202,-794.9194754818454,-280.7150207241066,-25.09659865265712,right_blink,-60.05170840660975,15.162702700664653,114.9988459570367,73.78011466943221
357.6523194313049,-1279.109363145195,-844.9443772891536,-382.8928274135105,-170.2495957328938,right_blink,88.43328799057662,-5.133937159300025,72.14984957101287,-60.188266865071775
357.7532222270965,-1197.2878319146112,-814.426793650724,-351.87409718101844,-216.29150408739224,right_blink,141.61230894119623,-18.94617214990777,22.63786061176112,-121.50530368529957
357.85433125495905,-1247.810140416026,-855.8873245595023,-440.46110743144527,-190.882623788435,right_blink,114.67945610539155,-25.777482721954698,-1.8775605817551937,-93.16634107881605
357.95534133911127,-1248.9134109029546,-855.4310567649081,-449.5004456243478,-175.07406667573375,right_blink,100.22006395605904,-16.11710371620181,-7.899511014282036,-57.75927624738948
358.0561046600341,-1226.7507637655362,-785.8614377891645,-406.0689874389209,-132.99645227426663,right_blink,116.19074927582746,2.9119966673385553,-27.353390154864748,-61.81974911434855
358.1571025848388,-1279.2589591434223,-833.0066166305915,-462.5302570699714,-145.43161962693557,right_blink,92.3871755500741,8.407157309572561,-49.382649531916904,-43.42290464726062
358.25783157348627,-1307.693418506533,-822.8714877506718,-498.2537814467214,-103.66441692179068,right_blink,-1.6538693220307819,-5.872505999520355,-19.52797584682264,51.998989443946584
358.35895037651056,-1471.6730719637126,-839.0091560594738,-312.6762057454325,95.507695118431,right_blink,-85.29436845578918,-23.34585651203336,55.80671794609797,140.57326965532832
358.4595501422881,-1430.4911636016332,-854.9168205210008,-328.0004458138719,5.82863408094272,right_blink,-70.32996257917341,-28.795379104200475,90.0413165569065,101.72214164785336
358.5606787204742,-1292.6721103345044,-837.788078723941,-395.79735221061856,-159.23185046343133,right_blink,14.098725346777533,-21.77017185257126,46.276959951180984,-25.847425378565383
358.6612608432769,-1307.1530029629355,-837.4664473277517,-422.5413767937571,-198.98698699241504,right_blink,70.83349497414862,-10.48750800845222,-7.680889146089712,-93.85530350617844
358.76220822334284,-1274.4999364498071,-811.388124936726,-418.9174137366936,-135.16933414852247,right_blink,70.41760612704212,-1.5849576782897803,-11.354955796270778,-62.74470885348179
358.8627524375915,-1281.4224912677892,-830.1138040148653,-432.6204071743414,-138.4903653091751,right_blink,61.78900408332738,4.743136723401879,8.02054115922302,-26.392824310937087
358.9639446735381,-1280.689470876474,-795.9909568191506,-396.1975215058774,-150.00177737278864,right_blink,71.86561887026245,11.293749853953711,5.026341830347307,-36.84681525196757
359.064514875412,-1293.6706636226736,-812.3006605259143,-411.4787527248264,-112.13903022138402,right_blink,64.39902440743069,17.65549094893215,-0.4594890312920237,-31.560143033179486
359.16542124748224,-1308.4208290479146,-795.9124189200811,-437.3364210184664,-73.86489407485351,right_blink,6.0496113636111115,18.856749496686277,33.51552202776087,50.122812916412265
359.2663741111755,-1461.0947649390437,-818.0526266577654,-292.6209922330454,63.48667169781402,right_blink,-71.5778863612356,9.404896268302242,82.98136154342382,156.8997790411398
359.3672361373901,-1428.1312867295928,-819.552326539997,-324.4924196554348,81.78600218100473,right_blink,-105.68938519560574,-10.048832003439449,88.94760486617223,175.23114314268852
359.46836900711054,-1430.4350651022978,-863.5634692185558,-411.1907804282382,-34.796029187738895,right_blink,-76.72018587694909,-30.140288859075063,51.46380854607144,69.44094581317897
359.5688092708587,-1362.0547343124636,-853.7836308344267,-393.2430005408824,-188.5582759659737,right_blink,-17.761632959875637,-39.88005336113496,14.379487836429336,-71.85960446374295
359.6697978973388,-1322.6324488795362,-852.8897947450168,-403.7259401166812,-221.78728707227856,right_blink,35.7220936615043,-35.398076751456514,-9.917247893654118,-140.72747659500374
359.7704615592956,-1246.2749114842154,-849.1087558898143,-480.98479340132326,-243.75545941200107,right_blink,75.0670549845126,-21.79896555326607,-33.172994421662736,-124.83259002271538
359.8712358474731,-1278.9541572970338,-834.2688328656368,-494.145501345396,-195.1554594878108,right_blink,98.32515934864195,-8.645492241171656,-52.629649147390346,-89.17948842507494
359.97173428535456,-1247.1089091743345,-795.1382596292533,-429.3554745130241,-125.29038841556758,right_blink,85.6985892329985,1.1557534353180323,-58.49438334128067,-64.97195211618977
360.0724408626556,-1307.8187051550483,-834.8859163583256,-497.6086487043649,-170.7862713765353,right_blink,20.772256622784756,14.478573845647588,-41.24400686486753,-13.187791200769354
360.1737184524536,-1444.6616445337422,-784.6964589529671,-431.6368134859949,-4.667395144701004,right_blink,-67.67335986102712,28.251453893181992,4.281873740524757,80.10296204563213
360.2746589183807,-1442.9786895536818,-783.3987136683427,-334.934220331721,61.68964976910502,right_blink,-119.51220300924825,23.165275494666126,54.726564282467,141.32734844443448
360.3751997947692,-1457.5306402812712,-831.9313953933306,-361.322954419069,-14.967079622671008,right_blink,-105.20929859404569,-3.3024247516845278,71.90960061944703,102.50160240028919
360.4760735034942,-1397.9970428366214,-862.2133653345518,-397.3456707922742,-121.06617141561584,right_blink,-47.3114788164136,-23.09619324751433,52.847959523680395,1.22143680094781
360.5765526294708,-1305.9842842267826,-802.3375670439564,-352.3097955258563,-134.7916042529978,right_blink,16.351310121570243,-15.647487445627192,30.207070239730847,-70.57532356586145
360.6772751808166,-1317.2152037937194,-838.3490637172945,-424.29912977293134,-208.80048447614536,right_blink,62.60215301545212,4.531721009570674,24.44941418907113,-78.10369875687105
360.7782254219055,-1235.1206598663705,-819.9225766356103,-413.25894510373473,-169.12762574618682,right_blink,82.86711520242278,8.812105608231189,19.360805374209626,-64.14532431691573
360.8791987895965,-1255.0169276306406,-798.9080787845887,-410.9439470311627,-150.11023447150365,right_blink,81.31214535128692,-7.4294562048077,-9.385273742751345,-70.37415605530651
360.9796023368835,-1311.6315331598744,-847.6015762076713,-463.3736045099795,-171.11351262265816,right_blink,64.07518913932378,-13.979828970194339,-46.55450064005464,-64.91814755286426
361.0804548263549,-1314.1484858300537,-836.7109875367023,-526.4245778629556,-120.12745652673766,right_blink,18.417020242940662,9.752548870517291,-47.82820681409333,9.375361232861156
361.18143963813776,-1368.032964391634,-755.2110877023079,-371.3346666004509,25.287333550397307,right_blink,-59.102358728364116,30.059878692342018,-7.898393316393174,114.91192778624277
361.28205871582026,-1494.7819137899205,-816.874558171723,-421.4755053063855,51.90794143499807,right_blink,-112.31480394638284,7.616110239621521,30.50051757962841,135.85790526795645
361.38301086425776,-1420.0998515747488,-865.8597677913494,-386.4102033218369,-65.10978827858344,right_blink,-77.84363127681421,-27.691376127330845,43.54913072281954,43.04040018230153
361.4838201999664,-1308.862137242686,-838.571587764658,-369.416097923182,-198.41478229919448,right_blink,12.636123182461317,-20.334535193022706,46.77608260324612,-59.07567542751654
361.58480095863337,-1273.5425220611503,-787.761306966655,-376.8771983347833,-145.31568272830918,right_blink,70.30359235238721,15.28457270710277,49.7364178197463,-85.51859469000816
361.6853466033935,-1276.7775355228223,-822.471318455413,-390.2847396759316,-189.218368308153,right_blink,79.26866024205432,16.90411929392499,39.5710581811129,-70.38479591570368
361.7860312461853,-1234.5428453232162,-830.7140579577535,-409.3021309506148,-187.09036523336545,right_blink,96.8630917502393,-23.275589066930113,9.187679581500674,-76.4107219845452
361.88692307472223,-1215.5553732481785,-864.9416223522276,-466.7469942700118,-174.41958418348804,right_blink,131.434862273729,-43.10444128349512,-24.633251159238664,-88.49886528610267
361.9881246089935,-1232.6579357455485,-839.2260702569038,-424.9199531655759,-160.69789124606177,right_blink,111.14368458121245,-2.553073370110817,-32.64908500654173,-45.044326022695714
362.0885257720946,-1319.2029606201686,-748.4886175319552,-480.5285256067291,-49.72383986087516,right_blink,1.7993190095066893,56.21457412422034,-1.3298363015121746,59.7187941725147
362.1904668807983,-1464.1166041032411,-743.0844620959833,-322.644909077324,61.82241621753201,right_blink,-109.56856399828536,67.34928056166495,48.06355446047437,145.99302119311477
362.2910087108612,-1463.2900862130336,-819.408340391703,-386.35036492254585,18.30868023307994,right_blink,-109.99105568069108,27.18232525276767,78.04182476295296,130.6284087364215
362.3912847042083,-1335.2172122304328,-825.8147890157998,-343.6033084290102,-93.77238153899089,right_blink,-8.752028982738583,-14.135864036689942,75.10887471084773,23.45515380364712
362.4919073581695,-1238.0209522820078,-815.4720956883393,-344.9758517127484,-143.98427834408358,right_blink,80.40063353819491,-20.850977923676805,58.683341678961526,-75.73783096857458
362.59262609481806,-1293.5958656235598,-863.58590861829,-420.8397223139182,-217.7650246699341,right_blink,90.31442732977057,-1.4023725736637234,45.59041503944257,-85.37240354146427
362.6931054592132,-1242.710786826443,-788.4550584084354,-384.0652860496193,-158.77932256879285,right_blink,65.64856139515442,12.626511789606363,26.307601492175813,-42.457005561069195
362.7937676906585,-1248.6871469556354,-786.7384443287738,-397.39054959174246,-115.57599828066304,right_blink,76.16083144527056,7.4698099054663505,0.670322518947488,-46.05170404048154
362.89454507827753,-1288.0047151898034,-860.5079709547572,-458.5229542674497,-169.66243143985048,right_blink,106.0682576978706,4.213558529894668,6.017068095918002,-78.6532032948234
362.995305776596,-1236.8915024953894,-787.9576517143287,-388.6504033952952,-142.66783355968073,right_blink,62.88351040546873,15.133166908476277,55.531910096168225,0.3021274168394632
363.09588670730585,-1378.2298016208224,-795.5571284242906,-271.2736432859674,67.02835695585236,right_blink,-75.25771260834347,11.19929738329365,92.51380982863238,202.4419305643859
363.19647836685175,-1579.799189532641,-847.1079094135202,-394.5669251251966,314.8341280198656,right_blink,-174.9690252345074,-21.849694028199693,76.47796069420862,314.67590485957936
363.29735875129694,-1430.7903555980884,-878.7138039390557,-384.7010690420866,28.185756016056985,right_blink,-109.71382970514514,-39.278511185309895,51.722672188918374,188.92097921486044
363.39810657501215,-1253.7397517957725,-798.9342580842786,-340.192519669421,-174.2138896859251,right_blink,48.0758965192817,-3.941853743434161,61.54736548551159,-38.924141532501935
363.4986939430236,-1241.5682473899797,-790.0089868400246,-372.5594838359393,-214.78058450529352,right_blink,124.33464373898578,45.4745025348565,71.8446291613189,-153.04664470014072
363.5991599559784,-1249.077966501005,-770.008001876995,-373.8908882201649,-217.1180219775997,right_blink,81.85721410210685,44.17376611634173,41.28179970515434,-125.22734866404623
363.6999707221984,-1291.5894092973322,-821.3456085687503,-443.87563609099016,-220.00522474339232,right_blink,35.720299166974186,-3.7580061782092544,-3.50760602917483,-77.41878379252296
363.8006150722503,-1295.9351730458438,-839.7758355503902,-442.8957823025994,-188.1786761204712,right_blink,56.15655217325159,-24.482342897142086,-14.310417364434622,-93.32593663412112
363.90178108215326,-1272.2167275268584,-818.5967821013182,-416.1442779195495,-188.3282721186988,right_blink,67.86363998955994,21.30902900176969,9.057536319143441,-114.77086816505118
364.0021214485168,-1307.5139033086598,-742.1681866068393,-374.9679794074036,-86.0981068299152,right_blink,-18.752539040274502,71.75475245647692,36.20849157699011,6.455034481863069
364.1027467250824,-1532.5436836425215,-730.739052342251,-415.4972752272152,83.61855315929279,right_blink,-150.6925898563704,48.849591230957515,53.55692923880182,292.63072554239085
364.2034578323364,-1528.9496397851035,-899.4870782429352,-331.5402611219324,507.89524353249,right_blink,-194.80730783532377,-22.83526544137776,60.48947701597286,504.923121020327
364.3039772510528,-1429.5131797632205,-849.5182749349624,-387.6911190566607,304.7850168389268,right_blink,-121.73567275498117,-55.56657054104553,51.849535800940984,399.6262207498663
364.4046213626861,-1371.7392052477226,-842.0646543232724,-412.086486467626,-95.94526341324672,right_blink,-24.53023079477746,-26.677574860768775,31.22617022698634,76.28053253153234
364.505546092987,-1302.616504316684,-804.85077981418,-387.4517654594965,-243.94058445980767,right_blink,26.062384195250424,10.588319452281212,17.653411684295794,-153.8289884163255
364.6059443950653,-1307.089424663689,-829.1451699263416,-426.6421770951711,-255.3248399249278,right_blink,46.02305298025233,16.399682947349834,22.614366925422388,-180.30821934746194
364.7066459655761,-1232.010933053214,-786.88056052709,-386.0567827760242,-237.171365540009,right_blink,67.21397463289951,2.1378793415830866,30.47657424805252,-136.48764227074722
364.8070921897888,-1281.452410467435,-828.1166974385269,-431.8593375333585,-234.77034976845607,right_blink,79.23891122748228,-0.5561153511373813,11.758690216853077,-108.90104840540552
364.9081726074218,-1277.7611292111687,-814.4660626002587,-442.080484112259,-150.88439376233146,right_blink,50.56210897046923,21.412566050761086,-35.11952906058375,-48.78887150480261
365.0089361667633,-1332.0046381684951,-754.7660396075808,-509.1181908180006,-40.93133506504819,right_blink,-22.236730115368314,45.27661051178083,-63.043878385122746,58.14250583186771
365.10946846008295,-1456.2141954968683,-779.9916648087092,-457.1522809336893,46.32427080115304,right_blink,-93.82301182525275,40.800883865496736,-25.774733169871638,130.4758381782243
365.21014213562006,-1417.3491551573388,-805.4042850076221,-367.7499724929221,-16.898737949784845,right_blink,-107.53309140918644,17.15986171948655,54.61028469556842,113.55284147882809
365.3109655380249,-1399.9623602633364,-815.1168051925488,-317.1042472929694,-46.47012689942494,right_blink,-59.592268190740825,8.82810695522786,106.93350725984543,44.500506808492354
365.4114925861358,-1342.1584665481932,-798.2573361922987,-348.78867971757427,-126.72837994853036,right_blink,-5.138495947868561,19.301665713154016,97.30499751098054,-16.898818163506533
365.512404680252,-1293.7099325722083,-773.2448852886446,-347.45727533334866,-130.0587608590722,right_blink,13.718946209618684,22.03499596127616,57.738165679068445,-50.267666780299756
365.6133120059967,-1329.9944419423118,-846.4496870213188,-435.6254167887382,-208.3573063313961,right_blink,19.64395430764069,8.78200342016519,27.38393121369703,-66.62954839646818
365.7140522003173,-1283.533664792776,-805.8044543028809,-397.0259093460627,-162.0423852801323,right_blink,49.138438377252584,-1.8930828040446477,10.779619562109906,-77.58852561036065
365.8145446777343,-1242.1703712828455,-779.1875863182358,-397.1381063447334,-135.48535569477826,right_blink,73.46716664047302,6.293138778154014,7.53179214869839,-67.84240716784456
365.9154090881347,-1312.914318844676,-855.1225150185637,-470.3092489778064,-180.06122326664627,right_blink,27.50341133723495,28.003318201243378,29.730601623967924,-7.794606542779949
366.0161969661712,-1392.892079397105,-732.5136348712258,-301.3368290797807,14.166741032153368,right_blink,-82.15440348550318,35.645280912747936,64.07358835127664,81.27313845463422
366.116904258728,-1513.9825601624325,-811.5339810349979,-374.7959440094419,46.434597849845886,right_blink,-159.8282056167357,9.973270064872906,74.11902003212418,122.19913575613145
366.2178652286529,-1443.616342496127,-861.1287943474017,-373.3635623264127,-70.02588677033782,right_blink,-136.68284567414784,-24.62859023194629,59.569117558389394,79.97731878983407
366.3182265758514,-1408.1471313163638,-855.590002513025,-396.5060632522218,-85.80826458334923,right_blink,-54.592762206343856,-30.617799777539084,53.84144146520314,4.724469015469841
366.4188847541809,-1278.78399184905,-786.3532346333377,-315.7653631088324,-121.44577126111837,right_blink,6.823926771375222,-12.596879793769531,63.94821365425049,-45.70918154482903
366.5199296474456,-1317.1310560447164,-865.2595138484612,-407.06567077711225,-203.71609048638493,right_blink,43.39655742693785,-2.0541199635317766,65.91406315970498,-67.50066476635372
366.6208727359771,-1227.983060800936,-815.5712030371651,-378.6237316140905,-186.0525429956615,right_blink,96.48863283877607,-8.655425560842637,42.107537091910785,-85.89678009376186
366.7214331626892,-1179.427939676214,-803.9027151754126,-424.8713344661519,-172.8581759519875,right_blink,135.3656785102818,-12.395714394936544,-4.100872231685315,-100.89578034972494
366.8221814632415,-1270.3187282993458,-827.8081556921825,-455.8676252989098,-195.4770908840001,right_blink,70.766257950023,10.546446421811845,-42.34064657010674,-73.40682143008523
366.9231519699096,-1382.661583068315,-793.7713261954486,-518.0883408617228,-129.1724045695737,right_blink,-92.15437898579553,52.41639862769147,-27.818592331358296,15.061179163888204
367.024130821228,-1578.5089240479283,-670.2461705589667,-304.8878640877083,93.72937268950044,right_blink,-209.67275198402825,71.07494422145496,46.49850473804854,107.83762910229143
367.124700307846,-1477.3820292460732,-839.7047774512321,-354.69959159754217,-50.39141200296581,right_blink,-169.28561980159841,44.87327521310835,120.00575095748079,127.34356489898816
367.2255153656005,-1361.3104942212813,-796.987640157342,-339.5642164768651,-19.31284337118268,right_blink,-34.67986414793079,1.6121619848899815,112.55179688513509,62.16274931631227
367.32596659660334,-1251.6902866200544,-822.3441618569195,-345.5779756056145,-117.59367430675776,right_blink,54.61718152309075,-26.227654840795836,28.981869611748415,-36.61623013242431
367.4269874095916,-1273.9052923568524,-870.689848584123,-422.88170768972486,-241.87428973428905,right_blink,69.13931987254125,-31.794686979122773,0.02235023379083234,-110.66441853139308
367.5277941226959,-1247.1388283739798,-826.5515493070707,-392.379083651118,-224.05927629536012,right_blink,77.56454632602077,-17.35884438263664,95.5924541701633,-125.08262932169234
367.6287841796874,-1236.2669392027892,-806.1952738482505,-398.6060170773417,-149.66518637677655,right_blink,94.19491459976545,7.470179548549821,100.7795372009323,-76.159652123754
367.7295327186584,-1223.2894863565452,-803.5773438792676,-404.2009074110538,-138.79703710554168,right_blink,61.423078017548455,19.347612321462236,-251.26314749723892,10.48780370666157
367.8300712108612,-1383.458181758877,-796.6809683609754,-1491.6572273769416,27.445255824830383,right_blink,-23.707262559416986,5.895033772882819,-793.7407201452811,88.88008018895127
367.9308402538299,-1401.6340955435298,-845.4604834830388,-1429.698304811027,-17.029634448233992,right_blink,-82.17750784603207,-14.515846904689212,-1059.5719652016294,113.56671960738275
368.03150200843805,-1373.1734568807296,-824.5469629308209,-1310.2571199261583,-5.342447086703032,right_blink,-68.09068940069619,-17.453311989145604,-950.1998856756763,73.91941998858368
368.1322889328002,-1354.174765105825,-823.1893792469054,-1319.4348344174214,-121.47756041074172,right_blink,-20.745210997780376,-3.44805376072918,-840.8242510543189,5.779513053574267
368.23295712471,-1303.2635070090182,-795.5776978740469,-1373.1622371808626,-126.44414755189791,right_blink,14.226145435990183,10.838469665214655,-947.2447917988777,-44.542646205679674
368.33338308334345,-1270.8011753936298,-807.721153030172,-1339.5031375796534,-172.1793841100298,right_blink,42.966294760964004,16.414393654752907,-1001.6491068279079,-64.47563315174362
368.43415951728815,-1267.121113837231,-810.3316031992435,-1388.5257461988367,-199.8546437821351,right_blink,79.28058353938734,12.908212865117608,-717.0930285991057,-75.2184906428259
368.534963607788,-1190.54666224448,-780.0197140583768,-418.9622925361618,-146.2600074671209,right_blink,94.959279519878,4.56191474079348,-254.10080645476143,-84.0802335568992
368.63570022583,-1290.989155354444,-839.3569667553529,-480.132096211426,-172.0092186620459,right_blink,51.41910889273835,1.547330798721108,26.126266014644564,-54.73392077445216
368.7362117767333,-1354.8442071978934,-822.3030229574069,-484.9752666540444,-107.95595212094486,right_blink,-40.76538068403161,2.990894894642816,52.308096894061265,36.06526397717455
368.8366346359253,-1441.1872774749063,-780.9397294474766,-292.00764864031225,91.95292021054776,right_blink,-122.195342554934,-8.511262936974926,15.746508226421497,130.10327191280064
368.93732666969294,-1449.8937645717524,-873.0422456562519,-420.3310959199444,10.213666778989136,right_blink,-138.3985307033031,-29.6583703948305,32.95555944547132,144.02432990863883
369.0381834506988,-1420.5243302197196,-849.9147043302655,-395.7001148117706,-27.17037317808717,right_blink,-87.42773239048967,-29.87296454699304,72.7084034990709,77.61007071917471
369.1387867927551,-1334.7759040356614,-807.5752969319001,-307.5880718557164,-108.70393211208284,right_blink,-20.444386623216324,-5.667208856371275,88.83979583422453,-0.5317300307471697
369.24021029472345,-1282.424784455914,-786.4972207816318,-342.33174244407564,-112.21195827051996,right_blink,13.949408836391388,9.694141328860955,75.91523430433249,-45.69955629411537
369.3411297798156,-1325.4785127458165,-850.2849544258788,-406.3476099856198,-211.45768339466304,right_blink,24.336620896899845,3.368646240843284,50.52968710455457,-61.83606768317726
369.4423773288726,-1244.0047922111116,-787.0806451747194,-395.0456323195249,-142.38173121307045,right_blink,47.72156493691526,-2.6797533380950602,24.183625075506644,-65.42823053053401
369.54294133186335,-1261.535573253408,-802.3600064436905,-417.3410459053703,-147.33896860433742,right_blink,73.79266975399213,4.687238719580971,-6.955064853867455,-58.9756938402722
369.64352035522455,-1258.625931087881,-842.4891329682432,-471.3414613655768,-169.6886107395403,right_blink,49.73946645412436,12.598374855490308,-32.692108700602276,-31.403046988126253
369.7441008090972,-1326.5499940831214,-746.4335425063036,-463.78312355512753,-62.63023460796103,right_blink,-29.26837500817237,9.968135989000457,-18.94828064312506,17.946102367444762
369.84467625617975,-1439.3902555461973,-837.8591368230991,-350.83814489329234,-26.27840703865513,right_blink,-93.06325892786143,8.102837536419885,41.55800129657462,64.0941297688173
369.94568777084345,-1401.5312482947484,-802.8050545384176,-355.9730275324546,-53.71431311359629,right_blink,-91.17823480775274,17.45444135455141,101.5126665230031,76.93524591995286
370.0468688011169,-1351.5961040863767,-772.5417840969749,-306.9391992134042,-44.51789912255481,right_blink,-56.48953267755668,20.163741141485716,109.47633731120575,46.30655428770649
370.1473033428192,-1349.5615985104814,-798.4555508899502,-341.93344309879467,-91.94357046065852,right_blink,-33.87335438624644,1.3570847058127788,70.66466244005903,-10.017095293208744
370.24829101562494,-1355.930648135021,-865.6316338940524,-411.74615557165816,-183.477621876169,right_blink,-12.387476511215283,-16.112714121787768,36.22264659849431,-55.17561021848757
370.3487849235534,-1266.2478471975774,-810.2811145498417,-394.3631005776115,-176.19229676248506,right_blink,26.22953350084074,-13.902635880837668,31.85373116599352,-70.15129005296257
370.4494836330413,-1238.344453628175,-800.1123265703209,-380.9405996366404,-145.72707172343507,right_blink,59.820472740743824,-11.311153599494613,26.576194094867166,-72.23868671420445
370.55013990402216,-1277.0860772691667,-845.193080636207,-442.5909804562107,-181.40945720067248,right_blink,60.65670616298314,-14.88563366765338,-6.301475650175021,-68.30267493982758
370.65110039710993,-1303.4486320568249,-828.1952353375964,-468.45612854976207,-154.1979451230727,right_blink,22.205363615617987,-0.0690763960196053,-36.20047622516524,-30.07063231290794
370.7516560554504,-1304.222791347653,-751.4973670463078,-442.9574906518683,-31.390850278083235,right_blink,-48.830854171079295,27.40311239307684,-21.119657170347047,45.8447558633268
370.8525278568267,-1488.5961192632094,-798.4518109899946,-389.1852090889588,1.452951132785529,right_blink,-121.5895502865743,26.235521170016423,27.12108503050446,105.93096171750899
370.953336238861,-1450.3706018161029,-816.9904950703494,-384.9142433395609,-7.171258165035397,right_blink,-148.53387551467247,-7.571095672669509,60.679976528220635,102.67818216099927
371.05391049385065,-1393.5615214891732,-848.3196369991638,-341.95775244850665,-59.82156974123791,right_blink,-113.23299029804053,-30.12634606252522,57.77976866259957,45.973928087453835
371.1543927192688,-1384.2229912998157,-811.1076324400492,-406.5046857837588,-104.3637782135047,right_blink,-43.75052662997478,-19.142861804166465,37.58475588041739,-22.2510091996816
371.2548177242279,-1296.0735493442044,-832.9449082813226,-407.8959285672754,-197.3376911119558,right_blink,20.35636118556294,-1.9924075978101885,21.251470567224906,-69.59322773409174
371.3559777736663,-1216.4922181870788,-798.3059548917226,-392.7119347471744,-167.39979196665809,right_blink,54.658653440851246,-7.662225950818117,6.183517553043801,-88.06299779114218
371.4570140838623,-1286.162814461626,-839.9759201980196,-462.4012305215001,-209.46431671828032,right_blink,57.751570604388235,-24.94447304789442,-14.747637457767974,-88.4411126939207
371.5577850341796,-1276.5213523758575,-846.3449698225595,-461.63829093053937,-164.89966884627938,right_blink,38.91473507742192,-22.667544308477858,-32.15207188286113,-75.6137751340147
371.65826678276056,-1266.419882595539,-777.8823612337001,-416.7520116623491,-125.38014601450412,right_blink,1.430579150039546,4.745049467544219,-29.092446886763874,-31.71274916361067
371.7589004039764,-1389.4962502373382,-799.7196370749734,-468.9722347436473,-82.48723342269659,right_blink,-45.837169661865275,29.51839860018869,-2.0010500536639846,48.90696142292111
371.8598260879516,-1390.2180509287864,-780.07768250769,-381.3949974812567,31.175806030631065,right_blink,-80.28530703393096,24.315939829996985,28.425349490769797,115.71514058118679
371.961370229721,-1368.1489012902605,-804.5291484179907,-364.5504880808294,22.046710238792,right_blink,-89.01807650756308,-7.050497373138766,37.51219553044112,105.62108595062112
372.0625410079956,-1405.9106711428612,-849.1872937888838,-410.7120732339099,-98.5613234322518,right_blink,-75.26596990783176,-35.48587347045325,33.063464288800965,29.8972644140226
372.1639158725738,-1351.154795891605,-870.1681325403042,-399.0473252721131,-146.5517196636647,right_blink,-37.895790458173664,-43.95418375824435,39.74719292922422,-42.40529433817802
372.2653675079345,-1244.1038995599374,-818.153603956569,-332.7837778571993,-155.80049225408584,right_blink,24.143467101536807,-44.50946879066605,48.374481932597604,-78.09417682266674
372.3662054538726,-1274.198874503374,-870.4037462375127,-428.8393683191389,-212.9162443773821,right_blink,81.1847024367395,-43.25960097663473,33.72042926891036,-89.07506817845525
372.46680140495295,-1216.7128722844643,-826.198128761258,-375.3924580523744,-147.46051535289735,right_blink,75.72371512544117,-20.352117286403992,14.854409491223562,-67.99544223187483
372.5677268505096,-1268.3066621231849,-786.338275033515,-412.8643856584095,-129.92786436062306,right_blink,-10.026460646109816,23.714537975959352,31.556875178781816,5.235863129134454
372.66860651969904,-1479.3604363226332,-751.3702104478143,-365.483593119774,26.62808768451214,right_blink,-106.00331170812143,42.940781795482806,65.68376611470393,96.77093974818395
372.7690227031707,-1409.6374814487062,-804.1289791227318,-325.5788605925627,9.177714491263032,right_blink,-128.73212313101322,10.065995672272235,60.060945704652084,129.09107311738967
372.8693914413452,-1360.577473829966,-830.5177132100798,-413.7844010475092,-18.13851478509605,right_blink,-84.5389406528962,-30.991540439280058,20.923067733950425,74.01135316629139
372.9698367118835,-1381.6929489797913,-844.5460779438727,-440.5508650303818,-115.4619313320145,right_blink,-39.48235393610892,-24.694018379312553,16.748658373463176,-9.794329291890554
373.0707669258117,-1311.3379510133527,-783.346355068963,-318.66752547444776,-159.28981891274452,right_blink,-19.222611146372603,10.791341305592967,58.97852088467478,-54.1573028847755
373.1718204021453,-1281.2093169703148,-793.9377517434768,-353.7515269587748,-170.50577887985855,right_blink,5.684544375861577,11.424394326954038,75.86483707326812,-63.60979880666367
373.2723369598388,-1268.523576320615,-830.0277863158844,-406.7608689307235,-165.7822852358222,right_blink,52.99674881814787,-31.01823119221275,25.47230793420791,-83.69917219959882
373.3731455802917,-1236.0350654055364,-876.5072629651986,-472.8860400472768,-222.2211154671386,right_blink,80.90852289954242,-55.50199642250017,-45.871332348324124,-107.1839050212122
373.4740352630615,-1231.0048999651335,-827.8287251419388,-450.4728196128272,-183.0830624308437,right_blink,31.072862137905126,-27.23118749024822,-70.64855409992332,-71.97669234127079
373.574845790863,-1394.4273083289154,-772.3416994493455,-514.2661631070077,-46.4308579498902,right_blink,-74.13477919600854,13.424749208856642,-33.238790136763335,34.08137544685698
373.6756711006164,-1457.5231604813598,-805.0658240616322,-339.69137307535857,-5.8940823301672935,right_blink,-134.86363284158284,17.22781043581668,25.925282894175357,122.4446960031445
373.7760815620422,-1387.5720717101358,-813.8134500579908,-390.7933660699055,18.42274718172848,right_blink,-106.1505748661348,-10.621697953004876,58.25061598991002,101.4681591825615
373.87677526473993,-1347.816935181152,-823.0584827484563,-350.70911834482104,-85.62500948552042,right_blink,-51.30036217426468,-35.01115102785506,57.1640266357777,-2.5772742358442624
373.9775967597961,-1335.5126643269325,-863.0230536749586,-370.82604020647705,-238.7103343717754,right_blink,-26.49636458852855,-38.24618656909075,50.0738521543361,-80.14255182388261
374.0788476467132,-1300.6455770400353,-805.3051776587963,-383.7960132528096,-149.3641244303435,right_blink,-3.7635773860968005,-23.60442585760711,43.940445131063875,-84.35193023733538
374.17949366569513,-1270.303768699523,-811.8724419809878,-393.4150359388441,-148.04767964594066,right_blink,37.484084577039006,0.40782891589006076,16.735244306205903,-61.44435160474978
374.2800045013427,-1280.214503582101,-789.0852315509692,-425.050849664025,-166.77335872408003,right_blink,33.060897689869876,19.936187476048627,-28.08318299569299,-37.908759579849644
374.3811812400817,-1300.3426451436244,-774.2565282266587,-518.9559976514429,-99.48133882135151,right_blink,-63.46609147520632,17.9529130042649,-46.196719293644364,13.12516216632594
374.48216295242304,-1533.4973581312224,-793.0831846036017,-378.2908805180341,15.140984970610589,right_blink,-167.91867697975783,-3.609873070109987,-12.571809948972572,81.02101335419249
374.5827844142913,-1459.6492936061695,-856.6652237502858,-386.2007689243183,-29.52090030023828,right_blink,-166.781273785887,-20.897178843137368,44.17094998901699,100.89597050095836
374.6835317611694,-1345.5187666583806,-799.3175978297368,-362.81891440134495,-44.7422931198962,right_blink,-82.03997746350338,-22.287927311868938,80.75599259358106,49.025855584142334
374.7847120761871,-1323.961983313784,-804.8713492639363,-297.5763596743345,-111.53316642856224,right_blink,-22.53312639585203,-20.45533943940936,78.90166255329876,-21.384616642327437
374.8854267597198,-1367.236365701072,-873.11330375541,-400.8985757501796,-192.4421620699577,right_blink,-22.938946448284447,-25.490538338544958,49.101477012159236,-58.74781320059746
374.986676454544,-1275.2348267911002,-794.6165435854346,-371.7161363959312,-149.92697937367484,right_blink,-31.37715591815227,-34.54545088050145,18.422847308343414,-72.91164992491356
375.0874214172362,-1325.7047766931355,-847.7418224560097,-436.4276253292337,-183.9974679700099,right_blink,-9.046350180643568,-39.05778914993925,3.269913077493324,-86.49269149285537
375.1881356239318,-1285.5045920694247,-831.5293561480939,-417.9001609487459,-192.1467099734582,right_blink,25.051223287136747,-25.47814848131114,-6.14432783511074,-73.61250314520348
375.2890646457672,-1260.8885705610735,-803.3716493817046,-391.0439393669367,-118.7773526427336,right_blink,21.795039842084886,6.721135919581563,-14.65454093150132,-5.1617953772638225
375.3898231983184,-1322.9222911261022,-735.1109953904524,-485.24453945085406,10.458630226086823,right_blink,-39.46648124417384,29.147322675478637,-1.2349913368861603,78.17066369095039
375.4907481670379,-1431.4354883404449,-816.4145504771732,-325.4816231937148,-23.467872221954167,right_blink,-110.41520521840829,17.25294487744242,38.83043074974649,104.13872662440872
375.5913796424865,-1404.429670760408,-798.9454777841456,-354.4882872500457,-43.25942278746516,right_blink,-120.70365604841851,-14.58731868036397,69.35645147781426,58.008866975096566
375.6921772956848,-1357.22465351969,-822.5031076050363,-357.9289952092804,-108.6814927123487,right_blink,-70.25211953865659,-34.336481958218585,62.00021035162813,-13.045427055910167
375.7929861545562,-1350.85560389515,-855.2122726175003,-401.1921578967013,-163.6355826612562,right_blink,-29.42619884986026,-32.35026064924404,30.18191407350905,-60.037975519549576
375.8936614990234,-1291.510871398263,-797.2475632042624,-371.9685796429403,-177.85094239283353,right_blink,-34.2270945923004,-25.816363420147923,2.7860559707754677,-69.873753812664
375.9946205615997,-1336.0680394703522,-841.8757893755101,-440.150695735123,-166.3806692287326,right_blink,-33.08931154448757,-31.01125459261233,-5.329517168070757,-62.809610910978996
376.09515452384943,-1322.458543531597,-840.5930036907084,-449.4929658244364,-157.16555573791263,right_blink,15.031299682230777,-38.82891254836429,-8.40659735726645,-59.27351880656381
376.1961441040039,-1206.6787207033483,-795.3925728262402,-404.4795299577527,-136.24081548582762,right_blink,42.142942009559675,-24.530253820357625,-37.026215090066394,-44.61649550707318
376.29702877998346,-1309.4549113856629,-822.9855546993203,-486.0729272910394,-131.82399363815784,right_blink,-32.68537305339024,12.979551252767713,-77.89381484998388,8.295030129498466
376.39748382568354,-1493.3682316066695,-731.2308491864242,-547.9645316577516,12.49874565191567,right_blink,-152.62442961270844,34.368830108227364,-68.0766793595301,77.16683894326398
376.4989902973175,-1474.9043455254289,-793.730187295936,-343.4780217804946,-25.50050784787163,right_blink,-191.7088819952136,5.826359505201044,4.2490521947603295,97.88376504338652
376.59929537773127,-1397.33882044442,-850.5018686233088,-357.7008613119833,-45.6323893093504,right_blink,-131.55310280002408,-47.03325898119309,66.6964726982451,48.34529367906767
376.7009172439575,-1351.3417908893898,-862.6752429790795,-356.1301033305936,-131.29479779442772,right_blink,-53.35111768939635,-67.81365435746171,69.24945113960891,-20.78492078494994
376.8016407489776,-1330.4918486364186,-839.5813607526943,-378.4647858659737,-159.99852995434776,right_blink,-8.34208492404178,-45.56554194465182,38.73706775047609,-53.21434979971734
376.9024472236633,-1251.7407752694562,-802.1636616960168,-373.5318578244187,-136.28756423527375,right_blink,8.375610946386036,-21.208798408492164,10.678623129538016,-46.75681088396375
377.0034031867981,-1284.9062080765143,-840.3779594432563,-445.8690027673729,-147.92239299742505,right_blink,13.82542063217764,-25.65959914821828,-12.528965822722965,-37.24928801029844
377.104254245758,-1259.9984743716195,-834.0650083180517,-437.2597530693747,-174.66641758056358,right_blink,29.36269448006801,-48.552053751646945,-33.21506768581697,-51.79624151343862
377.2049040794372,-1242.7425759760663,-843.6578517043963,-457.1148819341324,-144.33208903996274,right_blink,59.44829364331225,-59.08447329210772,-44.69092823001559,-76.73593626805643
377.3055002689361,-1234.4699172740802,-835.1121803056449,-439.9375214376487,-176.05018056416884,right_blink,56.39627432504852,-36.966102942308744,-43.14690465425565,-59.509856430103454
377.4065268039703,-1283.14845509734,-815.5225843377411,-470.4738045758568,-113.22734110848978,right_blink,-21.78463749337208,2.9699758052695127,-27.783897298691066,28.533570882777425
377.50721788406366,-1426.6502863471396,-721.8212608979084,-356.7191375736147,81.66445543244481,right_blink,-118.65139903127239,18.320307556947757,2.241945860300098,127.81586142792831
377.6079287528991,-1448.259428291116,-844.6246158429421,-422.85552839003503,7.169388215057552,right_blink,-136.8582777214672,-7.697666678139553,37.12817494200416,144.30709244171157
377.7084567546844,-1349.9112791563384,-819.2082557440735,-340.6001687645912,-34.422039192169905,right_blink,-80.30336224665463,-39.55319485446861,53.27703586954487,69.39678999331232
377.8092489242553,-1292.1560041406192,-813.3665320132859,-323.7369598643854,-100.99973820336164,right_blink,-31.031154187493264,-39.17465006584146,39.898625112606425,-14.173620034079986
377.91002511978144,-1334.248578141909,-839.8712029992603,-471.664962711744,-175.61822211928666,right_blink,-6.723669286503137,-18.316534164351264,15.132144997745632,-46.277120653889966
378.01071715354914,-1261.5337033034302,-789.7789829927497,-369.4235777230933,-144.57331258710474,right_blink,29.90742786073824,-15.391771160481218,-4.205168074102556,-50.30367276608514
378.11117506027216,-1216.277173939627,-802.8349737380631,-392.9251090446487,-150.5496727162972,right_blink,50.49344779540661,-32.00381952266032,-14.709832955287725,-61.94625138057203
378.2122948169708,-1281.9610368614085,-857.7180055878125,-470.24380072858185,-167.7831317121163,right_blink,-7.932719703354675,-29.504641356474295,1.787209755671495,-52.847734910830525
378.3128905296325,-1440.6562116811983,-785.915666338522,-315.2885258644819,-124.7593226218596,right_blink,-115.19442044145221,-1.1524515743385735,55.734073377814795,15.046461316987568
378.41360259056086,-1449.5571735757403,-743.172349744942,-303.7471946012229,52.73632927518338,right_blink,-173.01205915990678,5.64446211897245,103.8553034289768,95.2473994594121
378.5141665935516,-1403.2890012739226,-861.5906719919294,-307.5095339566469,-51.466633240226656,right_blink,-142.8045636046593,-29.160815449874573,97.184496364337,100.16611965881181
378.6147713661193,-1385.3711405862125,-841.1745581338182,-376.37979164067656,-64.87043468141928,right_blink,-66.0341926154397,-58.39633550203527,53.69918158101662,24.413512537584218
378.7156689167022,-1264.1011446230114,-808.0203450266272,-350.9484719419852,-146.88270080974326,right_blink,2.9052513459963905,-45.09917598924477,22.793500323874426,-49.346926887391305
378.8159506320953,-1276.0164658818394,-845.049094487913,-426.2663171496242,-194.67862224346027,right_blink,31.08699308577632,-19.630260136904127,8.132764526257697,-64.57247649118328
378.9168176651,-1233.6433993838727,-786.1718494854867,-416.4079408664256,-140.10226219007745,right_blink,19.791703992638418,-25.343005850382692,-21.180388491460718,-50.684726184297304
379.0175182819366,-1297.6405674256384,-832.4344119373709,-448.013835391961,-142.83612905768678,right_blink,6.87504873503071,-48.19429408078311,-57.71497684137542,-52.576291425182035
379.1184151172637,-1299.3983204048127,-858.4229767294601,-469.5593990366906,-188.8144591129385,right_blink,12.488167530884393,-41.14576165462055,-48.82336935304177,-52.57734739720714
379.21888470649714,-1241.4710099911315,-775.483215412125,-417.0886026583612,-106.38332418957724,right_blink,-2.6585899698393316,-4.518672919054127,17.023809516600927,-11.537135525878416
379.31911921501154,-1366.7875777063891,-756.7201373344287,-265.2337048575282,-53.45626001665369,right_blink,-67.57842823405528,11.543817796089316,72.97082259758182,49.62505100681611
379.4201784133911,-1437.778358665295,-821.8729344625026,-385.20221563614905,-22.66566368145868,right_blink,-132.33934985468704,-11.2944115617599,66.72743663282594,72.62054459129288
379.520616531372,-1415.610101677943,-828.6645927820355,-373.5374676743522,-94.76532497722656,right_blink,-138.593140526983,-38.15730968997976,29.985138615181242,42.125019784928206
379.6218800544738,-1367.5935261468403,-808.7047467185184,-380.46376239228994,-85.74094638414681,right_blink,-104.37617392158887,-46.21274132825617,11.604687503890618,-7.186559568144081
379.72251939773554,-1381.696688879747,-848.6132191456854,-385.2732737353072,-156.86636374145746,right_blink,-74.53421392663768,-48.71639961682766,9.357656324694094,-42.68164521826939
379.823292016983,-1325.5869698445313,-842.0534346234053,-426.44209244754165,-180.00138486735523,right_blink,-46.96143933626255,-54.60605427203604,-0.733762620630706,-58.49834611254821
379.9236960411071,-1288.0271545895375,-836.2416300922632,-424.243031273596,-149.85779122449458,right_blink,-5.272523665630412,-54.03830387512878,-25.44917611143989,-60.30827494223777
380.0246095657348,-1256.593295461964,-814.1650006538257,-439.4008457940072,-144.91364348307252,right_blink,23.67764243455533,-41.127298843798584,-52.53377341337204,-46.590899722281
380.1254124641418,-1303.6711561041884,-836.4061856903136,-462.15813702438027,-171.42579426895827,right_blink,-2.8273249924289745,-24.455619700293674,-53.858885850505715,-14.557699817586009
380.225870847702,-1320.934534299653,-771.5114416591823,-445.8708727173507,-17.412974193692207,right_blink,-74.92377057747542,-17.267438744072184,-13.247939549304062,22.951538593624708
380.32657098770136,-1454.819212813396,-821.7121187644079,-324.65697525348514,-104.04027686733752,right_blink,-128.3584411988684,-22.19458703720579,38.67061872469845,47.21974059369
380.4273037910461,-1386.337904724758,-813.2973438641056,-348.40533997211605,-55.724509339779615,right_blink,-118.95986330391099,-26.095941299732655,61.29214388565956,53.3332968194164
380.5282683372497,-1331.6624373225495,-784.7375978524797,-361.6576754651032,-34.66139278933406,right_blink,-68.40995645847079,-16.316119814970172,62.02557341315181,45.111457837593505
380.6287605762481,-1333.057420006022,-796.600560511928,-322.680438126903,-102.25634458847344,right_blink,-24.576217305611905,-0.20067327940606083,64.55776960955376,27.432946684536507
380.72968149185175,-1294.4242534637451,-781.259490893688,-348.08557852590457,-103.58026917278768,right_blink,-10.315588706840494,-0.6308844830224825,55.208374588263815,6.515513565957603
380.8304200172424,-1272.3513639252633,-802.2926882444881,-371.2654784512706,-114.2352441465482,right_blink,-16.749797028087848,-28.622744116278394,16.560480175391127,-19.03129172758587
380.9309093952178,-1318.2848151810467,-849.703399982769,-458.1732736215927,-169.69796048942953,right_blink,-18.530776100406264,-62.55093266763873,-30.724960881435855,-51.98366077751534
381.0320265293121,-1307.3456078106535,-858.7988366750069,-465.10330823948607,-180.83912245742977,right_blink,-6.003270632776267,-66.19984170180446,-61.964676679368864,-68.62082021705262
381.132624387741,-1255.9668622193858,-789.1544197001494,-420.16093047196046,-111.65845307707788,right_blink,-9.320852648585873,-33.093470026360016,-72.04008416697009,-30.719986100281645
381.23569607734674,-1349.531679310836,-811.9865089296363,-514.2680330569856,-120.18916487600654,right_blink,-56.34708794521339,-0.1617555270481017,-48.722895596410815,50.29779317773761
381.3368027210235,-1421.0348265636712,-767.4891792568378,-368.8794222795405,51.2104500932619,right_blink,-117.09715978594988,-5.395398517338887,12.912051114410755,99.67711002005656
381.4374139308929,-1385.2926026871428,-805.9203912015073,-295.70079984655604,-48.74585602246225,right_blink,-136.40148277639753,-38.21234221493785,73.47577516311638,70.79095929530045
381.5383186340332,-1412.4648458152078,-872.3615838643163,-343.48363163042814,-139.02330105286092,right_blink,-107.36283216961878,-53.86709978131236,86.75310492720966,8.807291357995506
381.6405973434448,-1350.3899863506667,-793.5394523981959,-358.9181987475604,-104.61996136046946,right_blink,-72.20043660490046,-40.01240939186352,54.55361369976279,-24.409671196972788
381.7417390346527,-1322.6062695798464,-805.742745953612,-340.8021233621985,-135.86682549025863,right_blink,-56.94579005013556,-31.44660990154916,11.441272851296695,-34.41102908212355
381.842583656311,-1332.150494266767,-842.6555585162714,-449.5920731732622,-189.26137715764344,right_blink,-38.36639947378879,-48.5425638925613,-16.46306771127723,-56.90270097258034
381.9432654380798,-1286.2095632110722,-853.310533490032,-449.6481716725975,-204.8418003730476,right_blink,6.297620338856305,-67.25401089297424,-31.182260883718108,-90.69544335292298
382.0440845489501,-1216.7895402335562,-810.2194062005728,-398.662115576677,-176.60929560754448,right_blink,41.11979461026005,-60.47812758511804,-51.29353629077406,-98.02620607376262
382.1448092460632,-1286.9575432022102,-836.256589692086,-488.7937045088038,-175.3788685221225,right_blink,8.612627037813954,-32.04375276842286,-70.10039296803409,-44.85901747696017
382.2451479434967,-1355.0199824958108,-791.0748583273962,-501.816036154516,-97.54407064430416,right_blink,-82.12836818253521,-7.496995218946016,-56.795875721119366,52.47851446331685
382.34570169448847,-1441.153618375305,-745.7210915647447,-347.15247348695993,98.72213913034648,right_blink,-155.04498050113253,-6.875720178177179,-15.991354496456802,123.6339546631614
382.4465403556823,-1448.52496118797,-849.0246081408113,-411.07110362965614,-66.74225460924208,right_blink,-157.9827495857065,-22.913305860924744,13.672586766515042,118.63508954630356
382.5474169254302,-1364.2294861366972,-778.6415609247051,-396.6201302008704,-29.2927664029412,right_blink,-110.43435010011059,-32.8157147447997,21.242562015061427,60.056756720182086
382.6478700637816,-1362.7522256541995,-825.1285173739307,-361.8315808130428,-107.5539128757082,right_blink,-57.10170996134597,-32.383255614392155,20.77608065561128,-2.8045593146414394
382.7488045692443,-1287.441860246472,-798.530348889064,-366.1212460622192,-152.23075774637982,right_blink,-16.96956993479207,-37.20619173377305,12.176709930953045,-44.70527033114413
382.8508048057556,-1272.5794978225604,-854.2062395294197,-443.48107664566487,-202.30801815306768,right_blink,12.75790209801308,-52.96224978185876,-8.899478344523208,-62.75813921042556
382.9517619609832,-1229.0956810377538,-815.6852699858136,-417.9151205485687,-159.17575196409598,right_blink,36.11191216662193,-64.15949548848123,-38.14173653950257,-68.52976955173051
383.05225491523737,-1254.2614678395912,-835.4543811515905,-471.6013844124973,-179.8087800196372,right_blink,45.038095191984446,-50.92063503711917,-70.08963943876776,-69.58728073908884
383.1528613567352,-1274.6962811974809,-806.2569821975194,-451.7686949474737,-164.5051094009541,right_blink,11.652237301777285,-14.702079055927358,-85.0226192321609,-42.86555277477882
383.25754332542414,-1318.3147343806922,-739.4810684886761,-533.1414381833747,-93.360992543865,right_blink,-76.46353722839824,14.328524432632372,-57.16771280929254,30.867867374306545
383.3592944145202,-1478.876119278371,-769.8340965290554,-310.632350419648,11.41604461474344,right_blink,-158.48029055161462,11.48152891392811,-2.2030995052169757,105.72302519305379
383.4602198600769,-1393.5353421894831,-791.4955970724113,-417.66454725153744,-15.765548263210803,right_blink,-138.82870341808498,-8.533121418727575,31.46224126915387,105.28269774357659
383.56099963188166,-1328.0590437152423,-789.5209298958071,-357.32313141645864,-90.98802602197976,right_blink,-13.556104722978503,-18.35774273408976,26.297090401604546,22.434420798181606
383.66202020645136,-1123.2434226418843,-796.974550507497,-405.8969520409592,-190.31976884510368,right_blink,108.41355556405871,-21.9473911266362,2.8956106917283355,-68.39201158408247
383.7630243301391,-1166.6225222279318,-802.6853777398355,-386.0156438765116,-201.3861328139901,right_blink,142.74317056846772,-38.408410503151366,-19.77279988408587,-103.42411574385706
383.8638095855712,-1166.0951963341795,-857.157020594459,-466.5431697224267,-234.90311621688303,right_blink,120.63678823123345,-60.199827576957595,-35.27172458314521,-90.92785287402
383.9641325473785,-1145.346231380012,-809.2152430624701,-429.9332890561782,-145.11185818072408,right_blink,109.52545053591578,-62.2819729816778,-47.58052877662037,-67.25229653384893
384.0651447772979,-1200.6855310243554,-842.8556431639008,-468.4766979995184,-161.2644860893488,right_blink,109.79020768141334,-43.50708894780949,-66.741238921959,-30.57483257824413
384.1665222644805,-1173.848008942325,-790.2389906872995,-445.7119269692339,-106.99479783233257,right_blink,79.69213011372668,-29.88218342933154,-80.31145898423362,39.202388881788465
384.26693558692926,-1263.4634916805662,-797.2737425039522,-516.3212381326593,58.37609840836376,right_blink,22.75696942848152,-36.29233621891072,-58.125413489283694,114.03202304282085
384.3679873943329,-1302.5716255172156,-855.1748736179434,-358.7442933996208,-41.03418231382966,right_blink,-10.653201527071772,-49.72715800645637,-11.922175868981984,130.02211741867603
384.4685320854186,-1286.8303866037168,-805.864292702172,-404.801161353942,-15.453266616910696,right_blink,-5.852431779589397,-55.20315321658236,10.281277396266976,72.67307367037944
384.5700244903564,-1264.5218833680265,-815.3374592899345,-358.2655862052925,-101.53454389702527,right_blink,-8.259873254774428,-51.22738579673874,9.511967425986704,6.605049248562772
384.6710002422332,-1346.1078009014018,-835.0841310559772,-432.6559362239204,-152.13913019746542,right_blink,-47.52053153871226,-39.19008779037317,28.845404472511333,-1.2959428077836206
384.7713341712951,-1383.8620909540914,-797.6215531998314,-287.73481294093654,-61.67469016928226,right_blink,-92.49698124887159,-27.878381005346117,55.52762548353558,30.77625656171706
384.87197995185846,-1354.5824142009951,-781.3866474921815,-348.2987528233789,-88.61318955011666,right_blink,-104.99356765442532,-34.62317011788746,40.83271617419233,27.637977624379655
384.9729554653167,-1397.5763040916063,-848.0690637021326,-409.93604399310425,-150.21308172028512,right_blink,-95.44806499117436,-53.77908637462501,7.8387922807448,-23.981038595572993
385.0745935440064,-1397.553864691872,-831.9762741927989,-427.0386064904742,-149.7418543258682,right_blink,-103.36242274989257,-55.47455797339863,19.67214694730275,-44.82025648474789
385.17640304565424,-1365.401944772806,-788.1072477125563,-194.5701651447453,-134.61021910514685,right_blink,-137.8834599519033,-34.61528503044509,66.3976310884932,17.082110973504392
385.2771322727203,-1493.4112404561602,-799.001576283481,-460.0058245998807,19.234305472113192,right_blink,-159.16378634640827,-18.7032973949531,85.82100699692393,100.84543425512048
385.3786027431488,-1407.120528778527,-790.6466397824697,-245.77687533805147,-0.602123892866075,right_blink,-136.77390514439054,-20.903025495094766,57.373425962986914,118.78857554325998
385.47931313514704,-1354.451517702546,-804.8582596140914,-400.8256477010437,-78.34716417174786,right_blink,-98.38260364134646,-30.557746759940535,10.605981756388617,69.3326195041476
385.5811262130737,-1369.6168120228683,-818.2527113053948,-451.2731582033448,-97.5795996938832,right_blink,-79.61395376641008,-44.99838958365547,-23.173163870104364,9.699337274634686
385.681437730789,-1372.2497015916742,-820.6724265767261,-405.3621463472955,-122.16944190254436,right_blink,-69.63809812144623,-63.94793783531457,-37.860236734275055,-23.197510588860506
385.7822329998016,-1315.1489090682007,-838.1190598700196,-434.5632852013223,-152.99743723729625,right_blink,-52.88522348214744,-64.3920655835374,-40.29733503542644,-18.090246596413508
385.8831009864807,-1315.9081087592058,-831.9557047430426,-431.081438342575,-125.62884936155751,right_blink,-46.43969035220529,-33.43681450973233,-25.403356744216055,18.75542849988208
385.9834992885589,-1360.940244125668,-743.7651238879189,-405.9567904402502,-27.830465520266443,right_blink,-56.27584615572176,-9.102307315893444,6.824606986057566,48.34652935074878
386.0851562023162,-1327.1988667254336,-803.2370129832998,-335.60553237376735,-105.44460930069908,right_blink,-53.693646815752196,-28.89317253345855,20.473066675015076,36.61281083032696
386.18576693534845,-1288.105692488607,-848.594519645907,-442.286178609822,-117.05325876316056,right_blink,-22.602522673303323,-64.90393383807213,-18.902815056378525,3.74902396073778
386.2865550518036,-1299.3141726558097,-856.265054455027,-490.6991835362278,-151.47155805537477,right_blink,9.792212265866265,-73.29305190747053,-80.57379858668064,-16.92936657520252
386.38723134994495,-1251.7538649193011,-792.5408991100267,-418.53781389119104,-123.97581358114256,right_blink,5.033270915268941,-64.22856015252044,-85.63829836914758,-28.79573268000102
386.4886810779571,-1330.16086749034,-852.0688867047429,-482.8753128289245,-149.55298937810585,right_blink,-40.16456925950652,-61.85491551492197,-1.5155814956401201,-31.74915726846863
386.5901665687561,-1373.257604629733,-845.5240617822856,-249.3970984951593,-166.60319327609614,right_blink,-88.39802775652593,-55.22425372778211,98.58092597965533,-1.0209673975490552
386.6906368732452,-1383.8751806039363,-781.5904720397666,-265.3702112059109,-41.813951454591006,right_blink,-104.0211887257056,-39.27961942304302,109.67318654603123,49.34675475092733
386.7918884754181,-1366.993272203952,-801.5615378031507,-416.7464018124156,-39.76822617882863,right_blink,-91.38049173380854,-37.96596899827329,29.585169956040332,63.873859725226914
386.8926584720611,-1371.986038644798,-851.814573507756,-413.4478100514971,-121.86651000613348,right_blink,-76.82373387657911,-56.345004849411154,-38.666815051937796,33.923043133908934
386.9935853481292,-1324.9605366019532,-824.195412334986,-398.3199147307314,-123.0370986922644,right_blink,-61.70829905189163,-69.17182046044108,-25.707902851700513,1.8614344211839144
387.09412121772766,-1313.83059433382,-823.4175131442025,-419.5438469792716,-120.53510562190786,right_blink,-22.763630154262838,-62.34359220990353,18.551441763159087,-17.96271582836034
387.195449590683,-1265.443768707104,-817.6206682128832,-393.9891105820425,-147.00237760832533,right_blink,28.163623016808035,-43.66108299138783,-3.0128149849882364,-28.71670359516749
387.296183347702,-1248.0083551136777,-808.637428519316,-420.9276099628769,-143.32231605192646,right_blink,26.31513466973322,-27.384640023498388,-90.7835854227172,3.508600646536976
387.397088766098,-1313.8044150341302,-781.766247337684,-602.8924423069693,-38.72853399114683,right_blink,-48.65058367030178,-24.48686654557853,-120.67070784315779,93.59593461369505
387.4981343746185,-1392.3647535033524,-769.151564787142,-395.0624618693255,89.79686788609251,right_blink,-102.62724125349986,-25.14955753037781,-16.441018026558368,170.25368159586273
387.59925031661976,-1367.9375969427638,-824.1093946360052,-234.867587167304,-11.03083491930738,right_blink,-65.27892911302419,-15.936062460762054,110.3579419696981,152.29363378931268
387.6999773979186,-1347.6822987827472,-807.2424458358437,-344.78698676498607,-58.46398605732247,right_blink,-44.744504352784034,-34.6196962053307,100.37064738391597,51.66865875943789
387.8004574775695,-1365.147631575819,-848.2093099504709,-423.8409920283593,-195.34432443557307,right_blink,-134.30402634756376,-106.66500713270213,-21.54726057527772,-49.38797308485106
387.9008591175079,-1285.7869545160793,-778.0226074820384,-381.9802918243222,-148.16922639450058,right_blink,-110.28809547881299,-99.6130134452976,-65.39367808064848,-77.0753070699364
388.0010893344879,-1308.7611599438824,-854.503561575897,-458.6145818163641,-208.35169648146257,right_blink,322.8890832260994,157.48554068023157,78.36352432696766,-10.302733763910751
389.8887386322021,37.29428235813975,12.951273546554148,17.958999587222934,14.245278931222856,nothing,985.0204495953274,558.7994574180237,296.2607072811875,99.22877019122052
389.99054336547846,8.141762203536928,-16.713612901978195,-16.96418619900942,40.12538662459701,nothing,1371.2505175098543,797.4170017881858,408.20125110449675,164.55512318192035
390.09112048149103,11.174821067601442,-16.14888800866902,-17.558830291964114,28.864547858014703,nothing,1358.1468103127181,793.6741095512045,400.013998587225,160.12340070409618
390.19188213348383,-17.386794894002378,-34.24626389425248,-19.29788377135992,-10.239846078678966,nothing,1267.64664756324,742.6075050759111,386.12084403649396,137.99164058695513
390.2931292057037,29.63870714884252,21.79987684171647,36.37426696904004,22.858268529176712,nothing,1275.224875035817,749.111070083831,403.69181178146107,133.03996213429392
390.394498348236,6.327910725027323,-20.030904162675142,-3.321031160652637,15.460746416822076,nothing,1275.0145563739181,746.432986019012,403.59334425166577,129.9560301081367
390.49523687362665,-9.817237383686006,-29.37317425198853,-2.7862254669889808,-19.75789146590978,nothing,1271.7912586000518,740.6881150682333,397.12403284065465,129.10617635618203
390.5961666107177,35.69360517710447,6.268072325736284,41.5764678074047,21.216452448628843,nothing,1371.679980937682,798.6305991638682,434.88279202629053,148.66511943546226
390.69683670997614,18.235752183943987,-8.635428997687995,4.394382447935641,25.27798380050808,nothing,1390.33232611936,805.7601719703124,457.2713329824198,157.18722325066824
390.7973985671997,45.37246626242995,-18.81169677712024,64.76010763272643,5.710827232338488,nothing,1003.1867898365889,566.4301110459012,341.86675822915157,101.02752221905497
390.8979423046112,-1275.262876040768,-787.1666628737003,-388.2820232496597,-174.8459327784367,nothing,337.7794131971774,164.51480021274764,115.09011701953956,3.074025891003018
390.9989438056945,-1290.1962965638377,-799.0146659333259,-420.733135165181,-145.33064232813194,nothing,-97.77142416015542,-89.19975530645564,-51.1685848511506,-54.9049163282921
391.099734544754,-1360.685930928681,-846.5749736698344,-478.9147587758489,-219.81448984565213,nothing,-121.38681161340537,-90.93201302879784,-78.83481653187484,-51.639993287396685
391.2005250453949,-1303.9366890010424,-773.6955432333052,-424.8545049163513,-137.6788070187904,nothing,-25.61289635101535,-29.4183580692454,-56.460563280680084,-44.37020025507034
391.3012280464172,-1365.3982048728503,-840.7856085384265,-489.3902185517363,-197.42370881093663,nothing,-35.16685648186317,-40.88019180465442,-61.80845295707415,-61.53364644672109
391.4025611877441,-1373.7082625743933,-837.2588828802109,-490.5196683383547,-226.8268022625707,nothing,-75.79085047380106,-62.158741875215796,-75.09311435584792,-63.72161543065677
391.5040011405944,-1305.2493938854896,-779.8327190605924,-437.7309804637917,-136.8261098288931,nothing,-61.97346419417522,-31.395963830219316,-74.47378111999976,-29.61719104931444
391.6046571731567,-1322.1013830858285,-744.801076175645,-477.0784678976052,-109.79411294916645,nothing,-41.465639433299465,2.126869773266648,-76.6426098283258,2.8870121654215186
391.70532536506647,-1382.6541032684036,-814.3594754515216,-518.4679407072254,-169.59137334069237,nothing,-49.35501770287449,-6.268532345037162,-81.5296558738066,3.9360178652622517
391.8058393001556,-1313.7763657844623,-774.8661319194362,-439.5036930427887,-119.02792593976484,nothing,-55.891548880917256,-28.66968929127676,-73.2453196941047,-11.430252501318355
391.9063961505889,-1331.1538109285757,-788.2456240109168,-459.6673636538908,-152.66832604119554,both_blink,-53.98032791691701,-34.137013326537016,-60.42213819906698,-25.16855451551504
392.0075364112853,-1371.9935184447097,-833.2927189772017,-486.4525271365419,-193.8109654537402,both_blink,-61.114479626741485,-33.471748457519176,-59.02807236976285,-38.78057823120004
392.1081268787384,-1319.4292245674878,-770.6157356197946,-427.8595145307481,-161.3149747387506,both_blink,-62.32214449004866,-41.64351712334208,-61.20430702574701,-50.96138155318615
392.20867395401,-1362.8008443536237,-839.4485943042673,-477.39448944386095,-194.83195814164355,both_blink,-42.80953905745101,-47.65982411757241,-51.00759098202445,-50.15831649082859
392.3094670772552,-1318.7186435759068,-799.267109180335,-418.4162671426311,-171.53612131765112,both_blink,-36.73500854842228,-39.43490902918972,-31.100787895166583,-36.69683403262992
392.4100766181945,-1311.6090937601402,-805.9540503011085,-425.3575214603916,-168.78729485021904,both_blink,-56.71742254863148,-31.792795577170683,-20.918919717883522,-31.95799436494433
392.5107285976409,-1315.5846074130386,-778.0805759313516,-430.1184141039848,-159.9798304545693,both_blink,-35.469391256463155,-38.20132850537142,-35.21519027499008,-43.84948770058144
392.6116387844085,-1368.597689284943,-830.7346274075098,-490.3008841909468,-188.3507115184329,both_blink,27.992676402266582,-28.8593253070361,-62.00716269425942,-32.88320859392014
392.7122049331665,-1221.9936110218987,-707.8826537630521,-399.3764364682138,-80.03198910178617,both_blink,-48.264160562124445,35.97625152220232,-56.08031116983001,46.70854806067792
392.8126924037933,-1659.1430370425803,-644.468910114374,-442.5760208563879,30.09310499345884,both_blink,-373.8496159907105,131.8713032584534,25.40454771252829,166.1358836605395
392.9135973453521,-2045.2783577176745,-586.9772980455309,-211.62784884264693,91.8014542623423,both_blink,-710.3304782716115,178.36999997859044,158.07297188776198,228.99928497609673
393.01446008682245,-2074.999342665542,-629.6981752393767,-143.44199285050854,47.36022308887914,both_blink,-748.0672194327286,138.29539771552734,252.5409015919736,188.1317313580169
393.1153235435485,-1776.5179272019304,-673.6494795186445,-151.2022852585651,18.907064225990325,both_blink,-545.2786770692503,70.17417389469618,252.99599152439913,115.85753985682537
393.21594476699823,-1600.4060382884927,-771.6909568570554,-237.8782066316344,-108.6983222621493,both_blink,-342.72109847107566,37.12933993679834,190.22981765388818,90.33431678117763
393.3164463043212,-1388.581844698172,-771.9078710544854,-261.2937202542089,-94.94297022512184,both_blink,-94.83890042143672,-6.430572166961147,115.53140525015215,42.08877731085706
393.4172513484954,-1079.4267547610216,-839.6038001524284,-356.3357978281565,-186.6303575388156,both_blink,369.4630542757337,-142.74800299702974,44.79239989581093,-147.99988202260687
393.51795220375055,-238.1773986280896,-1163.037828120403,-437.46544756693766,-636.0915342136286,both_blink,842.4457027797548,-313.59094559932896,-18.494331473604653,-394.4665098457786
393.6188459396362,-477.4150588936173,-1083.4564969632777,-477.33278109459206,-552.7852627006359,both_blink,905.4659481839984,-350.9410195530047,-68.4106417489126,-448.4610806900739
393.7197003364562,-687.6348354029469,-979.5732958940788,-476.96627089893445,-385.1704264865257,both_blink,566.4140825258582,-209.4812518299246,-108.97252298383695,-242.53616434312588
393.8205649852752,-1098.3169894372113,-806.1616147486493,-583.7591141336598,-118.23506714915855,both_blink,247.97979057991222,-37.0153487050235,-138.20442379212298,4.173906100120497
393.9217076301574,-1161.618536087219,-735.225062339101,-517.42263866961,-51.9883492840454,both_blink,124.31344466474334,28.280612802818542,-131.64923526618355,93.37500918815545
394.02242302894587,-1294.2540880157612,-733.7964205560274,-461.1633236361668,-55.19344354607165,both_blink,-65.43886704122846,21.059359697322417,-70.746146436288,81.32595827967415
394.1230368614196,-1731.9308399301954,-758.659275461454,-415.7721578739584,-47.8370603332296,both_blink,-431.08737826137406,40.87418815498809,18.371664642682077,106.86535527880662
394.22396707534784,-1909.3890928276808,-712.0825614132918,-327.31604412198067,-31.79662942327559,both_blink,-602.75010882814,63.883566451122206,72.5689407599601,132.323409793749
394.32475137710566,-1646.739658839535,-694.8416226175614,-308.16027654893696,-12.270611754618583,both_blink,-263.70222103357855,-11.369193092206046,57.979430399523906,22.25938999810017
394.425374507904,-820.203069132287,-1025.639513598289,-435.96013783477247,-447.68098429590464,both_blink,307.5532922936299,-160.26083693844603,15.088230865908251,-189.39285889681102
394.52578854560846,-798.0441618948244,-956.5411220169626,-412.92609400767833,-397.10631719511,both_blink,570.301444541533,-231.13411371293296,-8.282993875236604,-304.4037673570647
394.6262533664703,-911.056458755862,-929.1089558419771,-412.3725888142362,-355.8365211840719,both_blink,396.4176278855772,-160.35108638634938,-38.41430031430664,-226.6941397868479
394.726642370224,-1159.8794826078229,-820.7528344257735,-539.951796002686,-228.2909730952233,both_blink,101.32266266789428,-46.93576617958837,-111.3024837774422,-63.584143667350155
394.8272855281829,-1369.478435724508,-752.3762435358949,-566.8379367841408,-79.67856855597347,both_blink,-59.90093103171686,8.009119840653288,-168.08390739541179,45.41152545304966
394.9277355670928,-1423.2133182878606,-752.1125805890188,-532.1746740448289,-66.24110801517963,both_blink,-136.27184539912315,18.358520576202586,-121.88621884609053,78.27699365939658
395.0281498432159,-1515.629986092914,-751.8657471919432,-437.7347203637473,-65.24629462696612,both_blink,-243.3051225067589,35.66191292342051,-6.378726085362548,87.33302397903621
395.1292774677276,-1599.2055304027162,-700.7824536971748,-300.4579525901936,-50.76166209857911,both_blink,-307.9411855743609,44.7571068574315,53.999447929229305,85.42013929313018
395.2296576499938,-1510.8391742496751,-767.3152739088982,-412.85690585849807,-108.6104346131906,both_blink,-175.1725139310721,-2.1895675506030647,21.822513833704107,30.744350598662784
395.33050131797785,-1144.7141882875003,-886.8836153922603,-453.33384307892993,-224.53611353971064,both_blink,116.05437807137812,-96.07942998998912,-15.85820524819498,-88.87767654053762
395.431261062622,-931.0462240190244,-940.6708565549924,-370.51375856017694,-382.1579370722175,both_blink,330.83728222381336,-174.3711980536753,0.39144272320302287,-209.38326781840658
395.5317957401275,-1015.4931650185026,-924.4097715476528,-376.1610074932687,-355.00626339390874,both_blink,318.775312600765,-184.88834796132343,24.46107212959351,-245.5931912251935
395.632619857788,-1136.1834764885716,-915.1909181568772,-460.0581831992604,-323.32183096930385,both_blink,162.90089928685435,-117.78417267412655,-2.3054436173244737,-170.1486888155414
395.7335095405578,-1196.2350500770845,-795.9816070692614,-429.4919808614068,-208.92203122470528,both_blink,31.327856153991377,-14.9485689145205,-69.96515584099475,-37.79501000141742
395.8344810009002,-1390.066584980581,-681.8174210218713,-558.9373981277458,-50.55596760101616,both_blink,-32.71852589618079,54.4422571941952,-121.94404238139279,65.35075255413261
395.9348316192626,-1441.781921567861,-692.1732039991766,-505.81398920714855,-10.22301652887836,both_blink,-145.24463088725864,74.05014785439947,-110.9799647892014,112.67121873757137
396.0352864265441,-1625.3025522935204,-720.8582366593182,-478.9315883256495,-60.315236535388976,both_blink,-379.11492244236524,90.95553776193715,-46.62188436471113,142.92345980422948
396.13584470748896,-1767.7366421059703,-656.2552048247308,-388.7102417945862,19.22121582226828,both_blink,-546.5055945198719,103.53195888292034,3.131761990882147,149.35811590600844
396.23638296127314,-1902.6011744081045,-680.8899258328602,-412.62316211126745,-35.07465173443779,both_blink,-376.0307487427579,39.82533258978102,-10.393245672494265,60.46003964583951
396.33709192276,-1029.7646232494153,-911.3500409023836,-490.9441469833255,-296.3852015384473,both_blink,57.320220006663995,-101.07271826782616,-52.273783762320214,-116.32775630324194
396.43788218498224,-936.3681016559711,-1008.927770646289,-456.7876406880096,-448.17278114007786,both_blink,367.6436038591105,-209.58262928604213,-60.61889255898001,-255.2592772816122
396.5384426116943,-1008.2601985041985,-916.2231305446476,-444.60304663237184,-325.9865096877329,both_blink,358.5712964236143,-208.15110831819854,-41.214087937412216,-263.4642562401769
396.6389393806457,-1139.29133335175,-919.3758662072942,-495.1066556340084,-344.5139740682207,both_blink,171.99175860650354,-121.93521329048278,-51.142820956469805,-160.0712110382625
396.7396824359893,-1211.617258594837,-801.0192523095757,-458.4444163683802,-183.12981118028983,both_blink,-31.19150717775807,-9.177667133515001,-100.11632158941276,-10.739775555095708
396.84044384956354,-1583.3558343905024,-661.390087463893,-588.8921268228441,5.398545586038381,both_blink,-219.134724967608,80.2771298714369,-124.95398453136139,114.25901761393236
396.9410009384154,-1691.0556033644823,-680.9235849324614,-484.7564825066365,-7.107679865788668,both_blink,-371.91687189737246,109.50395687647018,-78.5817510966982,161.45570455840272
397.0416448116302,-1677.1169962296262,-648.5248316163197,-369.94903366686776,30.05570599390193,both_blink,-446.07684937288,90.74604446810157,2.155292664851446,148.04904041851796
397.14243221282953,-1709.8486006418243,-751.024269701913,-416.765101312194,-68.28496334096417,both_blink,-404.6048963509328,68.26206614460723,46.655197872506946,128.4449054421216
397.2431066036224,-1525.0676236310974,-724.7851316127926,-364.0175523371436,-55.094336197245866,both_blink,-212.94194046963094,32.93906958124438,31.422016504136558,83.3714915135821
397.34344124794,-1214.3754348121583,-790.4914339343086,-407.804301018361,-131.4518735925667,both_blink,98.54353455751159,-64.19763584881282,-9.039747307602193,-49.567894940841285
397.4442870616912,-830.6467397585511,-1021.097405102104,-458.9362132125534,-459.9721655002795,both_blink,377.3266449490151,-196.9484523483832,-26.308848140756684,-228.56718733154466
397.54482364654535,-922.091033575125,-1041.7865316569803,-441.3175445212983,-455.540384052787,both_blink,453.7259989190926,-262.7099275473259,-13.488471272317932,-319.45078293567417
397.64530467987055,-981.6863393690436,-920.9728034883738,-401.9326580879279,-349.79845270561054,both_blink,299.21684794728026,-210.51593088758096,-19.162848227350892,-260.14597157064304
397.7461388111114,-1164.0700405081734,-927.977636105381,-508.3664709269069,-334.86503218254074,both_blink,68.98454183798052,-92.31711120335531,-81.2878176248061,-115.96014092312505
397.8466713428497,-1334.1232914933937,-744.3074093814939,-606.2658320670016,-113.42181590618566,both_blink,-24.75612065013628,7.130569780282441,-160.50829859559772,9.529985287581834
397.9469649791717,-1375.2266619564034,-710.5828615310602,-535.9744123998098,-77.53373593138531,both_blink,7.080832686483122,50.22432556244851,-168.09116069288535,67.32959588523283
398.0474770069122,-1383.3946034596302,-699.8343890584074,-497.3973443568684,-37.85713730147109,both_blink,-170.27050215670744,76.09343455678363,-51.61415188782029,103.07760206670066
398.1478126049041,-2004.539627500344,-652.3002606215887,-281.3021850171499,14.250888781156393,both_blink,-752.7602726709076,142.22748090123372,138.380894701725,195.64896445094647
398.2484097480773,-2595.12218910316,-550.481484327931,-161.66652533458546,167.93459766032174,both_blink,-1288.8871041985628,215.59893794742166,258.19437690855545,312.7857970490274
398.34918045997614,-2495.7231280808337,-567.8757590218447,-182.93159648263827,171.56230061734095,both_blink,-1088.2298495830505,183.33549154057508,200.27044253011056,299.09469396099047
398.4497680664062,-1387.7815061076544,-782.0112107847817,-421.7354283533059,-77.11860703630373,both_blink,-171.841296638734,7.075736331510381,25.640533749239598,77.8641199900641
398.5503158569336,-532.3167902431451,-999.7818453046492,-542.0854089274071,-396.0273560578935,both_blink,679.1912364942101,-204.66493348849633,-104.9790219842977,-214.4118102239134
398.65078997612,-456.0602301466279,-1049.6496713138183,-503.0819922895171,-497.42726355651394,both_blink,892.3974692291615,-307.70427546661733,-128.73449932798144,-364.68103500977236
398.7511236667633,-752.1780288382433,-1027.4234458771534,-570.0112418965437,-419.6897030775435,both_blink,629.5987418988121,-250.9098891227181,-119.02406773112679,-293.2163782150103
398.8521273136138,-881.567347605247,-916.0567049966194,-542.3060630247928,-309.70298528065905,both_blink,288.0089078965808,-94.68619875538141,-135.96951571889,-90.8697696348205
398.95285677909845,-1315.315334616229,-654.7293256428093,-555.5004300684668,13.807710636407135,both_blink,-15.701140529062293,53.320133169457684,-141.44536471867053,96.83005856652785
399.0535721778869,-1705.6374732917177,-689.611372529529,-534.7514651142992,11.387995365075769,both_blink,-320.4806152597976,126.40412410959783,-87.1517510660788,193.45842051413004
399.1539695262909,-1717.8744259467348,-640.2521729143336,-405.4182448466309,45.07701416593045,both_blink,-537.3062644688134,131.17304171672552,-11.410025932104137,212.14352131941922
399.2544009685516,-1792.8145412588492,-688.1715110465884,-415.3626388288103,36.28824927005917,both_blink,-483.334984476611,89.77976299495361,9.627537521290746,172.33462734582852
399.3549909591674,-1520.2805516878143,-755.8524805447087,-452.4250473896973,-102.46203908603638,both_blink,-125.02951893143472,-0.6323790258406046,-24.314202385107304,55.07005898993248
399.4558990001678,-842.1992907216772,-918.2651159204544,-457.4514729301445,-266.1985990460962,both_blink,307.3962225138337,-124.20776211721345,-42.07155100210993,-126.96250059412606
399.5564439296722,-816.8539887219667,-1008.217189654708,-456.673573739361,-475.5469788657501,both_blink,521.4773510049332,-217.57915885427744,-18.003026833879897,-277.6550250961578
399.656965970993,-881.5430382555351,-948.7976591587068,-412.8082871590741,-383.9044703515247,both_blink,440.97652619702114,-215.9331961247097,-11.305011957876644,-288.2564150080936
399.7583117485046,-1077.1098867384717,-927.7869012076408,-484.7003840073012,-340.0541433710605,both_blink,197.86581391777673,-110.34368001923639,-63.737749578843314,-143.99738078578412
399.8594596385955,-1286.8771353531629,-736.3451623758301,-567.1053396309726,-104.76955735869706,both_blink,-58.90615520144196,32.126026384104854,-126.75129812412814,51.1162745422938
399.9599797725677,-1610.5149878687223,-661.2461013155989,-562.8923423308879,34.48748744139448,both_blink,-247.15966453040525,112.59612906734345,-134.68641772621183,164.9517180458568
400.06032109260553,-1628.0663383607753,-648.2387292697094,-483.303531373851,16.876298550050706,both_blink,-346.39921825429326,104.04936285765721,-92.97100375625368,170.70866197321513
400.1609506607055,-1594.6316327569075,-737.8803913076408,-497.2234390089288,-29.53212000010535,both_blink,-368.364946008118,75.95953208508634,-49.97219464762647,148.689836220441
400.2612650394439,-1599.0484546045773,-731.0288945888169,-474.9635544726625,-46.12605610350147,both_blink,-287.6292227630327,63.73457827900771,-30.782046891639006,128.1749519065368
400.3621139526367,-1429.4477315139957,-713.6907183942385,-401.6989143406972,-57.0091649745591,both_blink,-66.66531964613574,-0.1124674888266739,-24.931129774994716,33.16438947388053
400.4627156257629,-958.9907564879396,-959.274988884572,-456.9409765861929,-345.5723657556809,both_blink,211.9129239004942,-140.7379848608059,-5.618273298077174,-147.450737091704
400.5634069442749,-974.0251543098128,-1023.7209449210204,-413.0008920067921,-434.45856800256297,both_blink,365.5341685712114,-238.45287564340146,29.0862774342143,-267.81854732122946
400.6642937660217,-1011.5550503651612,-953.8409142489544,-384.8581448402256,-341.4098571049981,both_blink,301.11501029274285,-181.84510714665055,27.40380002168484,-204.68487542795577
400.7649180889129,-1134.9680090029724,-801.9598371484317,-433.2412305669859,-189.8803306003101,both_blink,93.31744758305246,-29.331712747937317,-42.50249911102659,-24.90245826155261
400.86562466621393,-1429.0550420186482,-691.6552278553136,-580.1818998260424,-26.61873793462292,both_blink,-114.84698796205947,78.56580529076592,-107.93498018506776,112.74424814468496
400.9661848545074,-1526.109185768757,-720.4692870639265,-520.040568638593,-45.41547511192039,both_blink,-235.6244327867168,92.66480250117122,-84.92477293477171,144.48943760311516
401.0664911270141,-1565.7932641985826,-678.7020843587816,-401.7400532402098,-2.7207772177644074,both_blink,-280.0638306708415,67.17274387445106,-19.81328379956059,125.52184069428213
401.1667935848236,-1528.9215905354358,-742.5309569025412,-460.9950281381607,-44.3720430242829,both_blink,-282.3113808243154,51.550701640044565,-12.829704111829093,115.36632650530885
401.267292022705,-1507.5031834891995,-762.2813685685396,-482.7238468807191,-101.76454774430022,both_blink,-204.57937404417643,27.932362403545213,-47.876795936481834,90.86333434822713
401.3690817356109,-1341.2421910590492,-819.8085096869618,-456.8399992873892,-129.11069622030482,both_blink,-7.0031649976901935,-47.639144035970986,-29.316376607650707,-11.452958838686534
401.4698591232299,-979.5676860441454,-915.1946580568328,-368.82145383022726,-320.6496724509634,both_blink,210.37925041053913,-155.07727900493347,46.51668855972417,-166.17186987600138
401.5711069107055,-1078.2860852745362,-1011.3848849171771,-380.3852244932205,-427.23308128817007,both_blink,272.51936692209927,-196.05895101376265,76.20568747403419,-234.61081571377855
401.671513557434,-1105.785569648724,-887.6278554834425,-368.7728351308033,-286.0032392614521,both_blink,140.89282786270198,-113.01613062187081,6.25447882507372,-134.79013101120373
401.7729032039642,-1338.9945111856796,-747.056235848926,-574.5458705928177,-103.09221222857012,both_blink,-53.86349740414336,17.6250663083069,-85.26075796516686,32.80085468671596
401.8733744621276,-1505.812748709228,-715.4204221237451,-505.5596760101616,-51.055244245100766,both_blink,-193.73030397703775,82.03618461757812,-96.29717941854875,121.41687052109071
401.9740738868713,-1514.9081854014655,-681.2265168288723,-430.8289950955659,-23.054613276850432,both_blink,-281.0996806817739,77.86597458202465,-27.980927962955963,127.02442330070811
402.0747907161712,-1638.0107323429547,-743.14804039523,-432.9906572699547,-49.58920346247032,both_blink,-333.86696315792517,77.0405227227998,38.09148799527554,131.06261273514846
402.17528939247126,-1532.2688009957783,-696.2646545507014,-366.6672714557498,-38.39568289509043,both_blink,-281.81973232039076,76.1314515853244,46.11389077585959,122.16866877257885
402.2763714790344,-1420.4383125207387,-738.8658549459651,-399.9037623619661,-89.41913799056783,both_blink,-72.12334681888903,2.714922617598692,15.954779991647229,16.65711843452776
402.3772864341735,-1012.4301869547926,-963.3122108867392,-451.5368211502209,-387.5976215577684,both_blink,185.67203569389264,-131.61282840113674,6.272155232168972,-163.8894525342955
402.4777741432189,-993.573611378204,-981.5928418701516,-386.7841933174059,-409.3825387996621,both_blink,306.7807731014275,-205.79025032302735,35.395948430861424,-270.16201865129864
402.5786066055297,-1072.4331418438817,-900.4557123314589,-381.8101263763383,-332.75572860753164,both_blink,235.90013975276335,-143.95328737838378,49.733622023093375,-201.29313619443215
402.67922759056086,-1164.0831301580183,-828.6795523818582,-419.6167750284076,-234.7666098685004,both_blink,72.65681384104829,-7.611934819359853,0.23594105735339355,-20.865314391887708
402.7799072265624,-1354.93396479683,-664.610141325742,-526.3423000639305,7.702323958743364,both_blink,-67.71117444095327,92.19265151560735,-76.4088808740585,123.74678619659024
402.8805513381957,-1432.4433913785033,-668.9185060746968,-538.5979522187263,-9.549834536854178,both_blink,-144.02027072143997,116.30780820318955,-108.28652161780289,157.81755093135055
402.9813508987426,-1425.633033559192,-703.8248623111285,-526.0992065668106,-45.22848011413589,both_blink,-166.9373122423296,100.22952840133532,-91.25475438980276,126.01662189021887
403.08183360099787,-1401.60791624384,-714.046008890029,-489.3621693020687,-93.42083094315603,both_blink,-142.77954142575834,68.60900055495975,-72.56857856792168,86.35321927532884
403.1827909946441,-1377.6388974278234,-747.1964820972644,-501.5729426573962,-89.62483248813078,both_blink,-62.9629625486297,3.8567546684271328,-56.18321785491761,20.145447938690772
403.2837386131286,-1185.759590301197,-925.3877553860656,-456.106978896074,-303.15068055829033,both_blink,50.698656771579394,-93.20558916542613,-6.377396305349534,-99.10368590816297
403.3855006694793,-1143.0461929072626,-930.8891482208855,-347.80695597920567,-356.28343922877684,both_blink,126.7310292543373,-164.20022124350635,61.62947138854279,-204.29930175235245
403.4861261844634,-1203.9542035856284,-897.4955815165304,-371.1027928031981,-316.88733309553936,both_blink,102.31303970085604,-142.10896737449448,76.0426111780913,-185.77830401952852
403.58718085289,-1241.5701173399575,-878.1677785455249,-422.1935660978779,-259.53596727503464,both_blink,-7.773333993880815,-29.077939195174153,6.933337794060677,-36.835760135069506
403.6879005432128,-1370.394711213652,-662.9888946949504,-537.745255028829,0.2748826467432081,both_blink,-124.15935220263825,87.30601216932067,-84.3040177542743,115.6699493702933
403.7887461185455,-1575.689039481338,-631.9028462632559,-506.2889565015212,14.404224679339675,both_blink,-206.3196959520016,124.25201105031417,-111.43928399669873,161.5671307772792
403.8891968727111,-1467.976180857513,-749.0926113747992,-553.4191757431254,-75.03922266094014,both_blink,-303.1138693278482,102.68316862338837,-58.483726502933465,138.67656136997408
403.9898111820221,-1703.8628907627426,-647.279444931075,-384.9965211385861,20.070173112209886,both_blink,-416.8834942130174,95.19507266597846,6.914345331941246,141.98486071845343
404.0902068614959,-1674.2279235138558,-716.3516572127119,-415.5664633763954,-45.437914511654526,both_blink,-394.5636736072046,95.4572047776878,23.7034459164283,151.61076980420245
404.1912765502929,-1443.0684471526183,-727.6087560793385,-436.96243102289736,-42.98454014072195,both_blink,-129.38057480850205,29.67126746609093,14.572775917054084,62.462992105764684
404.29203867912287,-982.552126208786,-936.5083479043096,-420.1441009221599,-359.4249551915564,both_blink,207.1748965726684,-110.45946285828593,30.35198460983465,-133.27840963570154
404.3928673267364,-915.0057931090704,-984.0761354407296,-343.1283411346376,-419.71214247727767,both_blink,343.4104409117847,-223.96243113096256,54.49936697978974,-292.1575755492765
404.49336957931513,-1096.121668163221,-991.7616298496724,-438.1704187085852,-408.75423560710624,both_blink,238.29831855781015,-203.9134785330478,31.893287397886063,-265.7948204711566
404.59477901458735,-1171.877081665676,-884.0113722262904,-462.1880562240258,-302.47375866631046,both_blink,56.36745917163777,-59.0258232822371,-36.413439290807126,-67.89118565397563
404.6952638626098,-1298.9626220599748,-662.8449085466564,-535.5087948553264,32.954128459561616,both_blink,-77.20951626680257,86.66963712289947,-89.41977293611977,127.7828799374031
404.796406507492,-1452.7585279378109,-658.4580058986321,-501.9357129530981,10.997175819706172,both_blink,-148.5550686568883,130.32563784383427,-82.03043875796135,178.74487099224802
404.8971095085144,-1466.9963270691223,-723.7304798252881,-501.95441245287657,-70.41670631570742,both_blink,-190.70897565651524,97.09644898921044,-34.183045863299284,128.56894764402116
404.998377084732,-1443.096496402286,-700.0756126055494,-430.2586603523232,-43.14722578879446,both_blink,-234.53509548320037,69.71348307578685,-7.792465598054972,103.86316332203242
405.09894990921015,-1504.7562269717455,-731.5356510328129,-459.9310266007669,-44.26919577550143,both_blink,-249.12500791000053,57.74693310394642,-30.263081106747446,111.38340775021464
405.1995062828064,-1475.121259722859,-785.565985692665,-499.5590065312572,-116.17999212350696,both_blink,-152.7542734282462,4.100435158316783,-50.66093580043929,48.58951914292878
405.3000717163085,-1169.9828223381191,-914.192364868708,-478.6754051786848,-286.5511346049607,both_blink,43.152550379028106,-105.06827520489264,-8.886455618164128,-111.01216626012187
405.4005403518676,-1024.4408756624907,-948.0122801680118,-309.0971214878373,-389.38716368656605,both_blink,190.83731442660587,-192.85956421784334,67.94195724557314,-245.0039597421442
405.5012257099151,-1155.920798504725,-981.5554428705946,-410.6241855849512,-389.38716368656605,both_blink,175.50304319161904,-167.06000605758086,91.9508112028889,-217.2869296743129
405.60246920585627,-1177.1783898528663,-852.3605989012867,-376.2358054923825,-239.5181527622044,both_blink,36.07694042937837,-38.56343447619036,26.719802297872626,-47.213623086956034
405.7048003673553,-1339.4302095305177,-670.7772363526747,-521.6169364699163,-10.43806077633053,both_blink,-108.7028709046566,71.80752097079957,-69.30293164710099,104.53464576738337
405.80554628372187,-1471.41501886677,-728.0388445742428,-550.5114035275765,-49.751889110542834,both_blink,-183.85741120666782,83.11298622875492,-111.85764798964617,134.07607246710117
405.9063122272491,-1473.3709865435958,-752.856820680201,-546.6593065732159,-64.53571363538504,both_blink,-207.64162184527035,53.75835785339372,-85.24466237963094,107.74947169892354
406.0075845718383,-1411.3073467789218,-715.2053778762929,-460.0114344498143,-44.3720430242829,both_blink,-227.15572814661257,62.02800310656306,-46.91144162948423,115.83640132642189
406.1087472438812,-1477.432517895475,-749.3618841716088,-476.0780446594581,-77.2382838348858,both_blink,-206.26800935529334,62.04021891904569,-31.80616093457226,101.80553174397409
406.20923638343805,-1386.9157192679122,-785.4481788440607,-472.6148973004893,-156.2062713992782,both_blink,-73.67502095664626,-30.951155328776096,-4.860816209616777,-34.56040930344215
406.30985760688776,-1066.286616266705,-982.3763509108684,-373.30185397714376,-405.86329294135794,both_blink,101.1554706378372,-162.85956479855702,53.309261543973165,-217.1011174253125
406.4107482433319,-1115.29052538611,-976.2578745833598,-356.9884103704244,-424.749787717592,both_blink,147.5240231746935,-183.61079044273077,80.0991687806947,-246.67372796523568
406.5114042758941,-1210.145607962273,-875.4787904773839,-436.7679562252015,-257.8043935955502,both_blink,38.94606949060227,-63.60707929659618,16.162982824658457,-83.91842036983181
406.6124293804168,-1341.4347959067672,-677.9746738173999,-525.081953778863,-21.798006891738623,both_blink,-84.50075061078692,64.70247486801688,-89.2025923564627,90.811663442838
406.7134454250335,-1409.9722024947405,-714.4648776850663,-571.430533929728,-44.68993452051655,both_blink,-152.30259123144512,101.02723827367922,-126.45036609464408,137.265042672003
406.8138468265533,-1388.546315648593,-756.0076863928698,-530.7927810112014,-117.4870871580206,both_blink,-227.2010121334995,81.5514926440311,-64.79817363616304,105.83885190680596
406.914677619934,-1636.4381044115871,-669.0101336236112,-388.085678501986,-8.768195446114987,both_blink,-326.9367441431962,67.33597207270664,12.511450728155562,90.25905345384456
407.0153806209564,-1629.141559598036,-743.5482096904889,-458.2125425711274,-64.5469333352521,both_blink,-373.1662249706607,60.56347621767145,18.440707806985834,98.71101557762996
407.1163485050201,-1497.1455305619163,-775.9245236068964,-484.5227387594059,-112.08480167202652,both_blink,-319.06656582557684,48.317672962581426,-34.085746707622256,100.45410290008944
407.21693134307856,-1406.228562639095,-756.5668014362454,-454.0537738204002,-82.68170822039247,both_blink,-178.43318942910713,20.413466435122757,-56.26796592879565,62.98350400594233
407.3172113895416,-1312.6300864480436,-832.7298640338704,-500.1966594737023,-182.33508243970573,both_blink,17.362878280889866,-45.78642306616887,3.766091539327283,-43.9294483611002
407.4175562858581,-979.63313429337,-935.0759662212804,-338.54696368891746,-363.7389297904447,both_blink,174.7556062652842,-134.78038693651897,84.92826513194058,-176.97844247572888
407.51852726936335,-1061.177912927233,-970.3394829034804,-342.3018232444301,-385.95019562728703,both_blink,169.95099708521377,-166.21844870280717,78.26052402548997,-212.54546021588868
407.6193740367889,-1239.5412216139955,-879.7254468770698,-489.99421239458025,-255.1584143768996,both_blink,19.814749650695802,-90.713833831528,-23.432530482230035,-99.62252458672356
407.7205896377563,-1365.0373045271265,-774.204169627279,-567.0211918819696,-112.66822606511414,both_blink,-118.53658779927125,29.63379369782828,-105.50713087773637,54.24131305880776
407.8214843273162,-1359.1507019968703,-677.2584829758853,-504.6807995205745,-30.40164673980325,both_blink,-167.14946544640608,99.37643279715682,-87.67495573843438,124.74749313748407
407.9220547676086,-1441.5556576205418,-696.8929577432573,-485.5624309470877,-46.29248165152967,both_blink,-199.71113214187835,109.6805796303036,-22.187424835413815,124.92507336180084
408.0227386951446,-1514.2013443098404,-699.2864937148988,-443.2155437488109,-42.91722194151953,both_blink,-266.3915822239049,109.68887333667112,1.7218993141035195,132.71222425396084
408.1235036849975,-1453.469108929392,-703.9987676590681,-445.2874483242631,-50.19880715524778,both_blink,-279.488004996494,90.56177749657219,-16.112194624590906,125.79068976579589
408.2249608039856,-1432.0918407826684,-766.0324882240966,-479.7431466160342,-99.8422391670756,both_blink,-140.63324517433662,-0.9150727878046983,-12.007594012275506,15.760358114595478
408.32603502273554,-1113.1643922613002,-965.5000523608178,-438.3200147068128,-369.1112960767932,both_blink,74.45481702455841,-132.93088024852503,24.140601467582172,-161.17620369642734
408.4271004199981,-1068.869017186109,-969.3970281146468,-360.3655400304124,-392.29119600215927,both_blink,149.41459746502534,-181.91575482204047,35.586770909393735,-230.85031359525001
408.5282094478607,-1259.487978027668,-879.6282094782218,-464.8920038919896,-263.2833470306359,both_blink,-23.660246444457897,-92.10269828898241,7.589830527456015,-108.5592759634847
408.6298937797546,-1497.5887087066658,-786.32518538367,-491.32187687885016,-110.69542883848771,both_blink,-301.4643072104793,38.30329424073652,-5.081105926124162,73.32010817557888
408.7313072681426,-1724.312663720455,-676.5404221843928,-369.5806535212323,6.501816072966904,both_blink,-465.66996314933664,81.96897350116704,18.94740658609326,140.7639798093726
408.8316977024078,-1682.983029310126,-773.721722532995,-433.0766749689356,-78.18447852367535,both_blink,-474.4100764633157,42.677577015763106,35.796140371049226,100.30821932089599
408.9328641891479,-1606.0084084221162,-793.887263094075,-444.71898353099823,-103.05855312896892,both_blink,-421.68611989495184,20.14315859589429,23.00174364154637,81.90220076870872
409.0341069698333,-1509.5358191151172,-749.7732731667347,-414.6314883874729,-59.99921498913318,both_blink,-309.09106850543765,37.772967441681516,12.277249547849983,103.13769870538714
409.1353769302368,-1385.0644687898457,-775.881514757406,-412.44738681335,-96.822269952856,both_blink,-61.93222909247944,7.853433461209692,30.140554176091523,38.98765056556617
409.2358436584472,-875.7574130240828,-920.6044233427384,-423.43895278312266,-323.16849507112056,both_blink,232.98494164223936,-108.19281190973346,57.51547050917583,-147.53514820092246
409.3370869159698,-867.1519032260403,-1008.7052465989254,-366.158645061776,-493.7191527504474,both_blink,347.6653674130526,-206.81877882878223,49.905960893735866,-295.7601855961458
409.4378254413604,-1054.4124339073896,-959.6078399806285,-469.42102273833007,-377.3559055291116,both_blink,211.2971633832991,-171.91486789754393,-10.668947322623204,-249.55133104312304
409.53871774673456,-1190.0137265007943,-860.1452006590553,-541.230841787532,-257.637968047522,both_blink,-18.265753399614226,-34.541723985190416,-82.73545346582931,-63.346600150820436
409.6397664546966,-1429.9582278579471,-693.4989985334687,-541.8591449800879,-59.81221999134869,both_blink,-196.07090703747434,69.8390603332223,-102.27793478793441,82.47610858588547
409.74040102958674,-1479.624099269509,-733.8076402558945,-506.3899338003248,-66.75347430910915,both_blink,-321.113255742435,81.85044975859564,-55.51389236889115,112.413109760367
409.8410289287567,-1680.7409592866898,-732.2481019743718,-450.0633005676791,-41.666225406341255,both_blink,-422.0546234919089,73.43583413386085,5.334388047508758,110.85936754966244
409.9415271282196,-1650.9526561396196,-698.8320958702825,-425.1106880633161,-47.4668102376163,both_blink,-453.4644152255162,99.71336516826236,24.838977366262572,145.1429144982525
410.04221439361567,-1462.996504066512,-719.4800835256465,-414.88954148441553,-34.034959546756,both_blink,-338.9658441310613,88.25905752135472,9.602526132255953,130.31586101081817
410.14260411262507,-1425.5937646096572,-808.4149044719525,-483.35588997323066,-153.70053842896596,both_blink,-87.23143910902222,-36.5246616158774,7.442449001034441,-30.959874865511875
410.2431149482727,-954.2953120935708,-992.2197675942444,-416.0227311709896,-416.3200532174669,both_blink,151.40221029536332,-184.7701662947681,24.43999650695712,-231.7381387712723
410.3440465927124,-976.098928835243,-1037.2556428606622,-394.2415538290516,-476.9288718993776,both_blink,206.4501990572615,-190.89209960783762,15.758834788271121,-254.01330559146714
410.444501876831,-1197.8899558074772,-807.1433384870179,-530.2542354175821,-176.1025391635485,both_blink,75.00717381726874,-51.53533149353916,-29.60549820385033,-76.28985455827018
410.5454697608947,-1256.2249153163284,-729.0691870120354,-499.6468941802159,-83.0575681659393,both_blink,-102.6832982994352,69.40063503380333,-63.90394625353468,94.92265271130545
410.6465601921081,-1426.3417446007952,-744.1933424328454,-489.418267801404,-58.37048855843023,both_blink,-233.21135097846886,75.39035492376757,-53.69977334797408,118.06724773238726
410.7478799819946,-1517.1801746245474,-767.7360126539133,-477.9180754376576,-108.78433996113016,both_blink,-323.4430033388271,36.41553627999958,-15.486271787955914,66.30493293501762
410.84862565994257,-1601.9001283207908,-757.4999064751901,-441.0277022747323,-97.8376527908258,both_blink,-384.1787626806361,42.233668189138676,20.365110246950923,62.25893955275326
410.9490981101989,-1546.9048994723707,-689.744138977956,-389.4806611854583,-28.49242781242356,both_blink,-383.27255419551676,78.78045033288222,35.01969685770729,108.6247002561346
411.0499675273895,-1465.2909326893275,-794.309871789068,-461.232511785347,-109.82403214881197,both_blink,-280.7391556824084,70.51193038273591,26.71747326472139,112.66007946424644
411.1509366035461,-1313.0209059934132,-771.949009953998,-386.8234622669406,-123.05579819204286,both_blink,-83.39118003601601,-22.542437104916967,20.62687336400395,3.214849592019494
411.2512648105621,-1028.4145193654113,-965.0811835657804,-438.920268649701,-340.23926841886714,both_blink,116.86283977348168,-147.53658915650095,44.468837882314645,-174.0403176130675
411.3518574237823,-1016.394480907824,-978.5672628059984,-390.5297031230293,-428.1194375776686,both_blink,190.44586226719173,-187.35349236020667,71.59515413633454,-265.5798341719278
411.4522960186004,-1077.564284583088,-953.12472340744,-375.5401841006242,-401.74940299009904,both_blink,96.678380945571,-91.15640424990964,38.24843143324271,-172.8816085802961
411.5532619953155,-1260.220998418983,-665.2160051185638,-511.7361207869835,-65.6071949726902,both_blink,-72.1206749932358,47.541668388829535,-47.55912723573246,11.886209670313672
411.6539471149444,-1393.4811136401258,-742.7216918002814,-559.2627694238909,-83.77188905747607,both_blink,-207.74603651415327,110.68410782331466,-88.99311955345505,122.75811551966675
411.7544236183166,-1489.0879161073826,-714.0553586399183,-505.5503262602724,-58.8604154526256,both_blink,-300.6055642447141,99.87512808608192,-45.19436337352761,127.3404271488006
411.8552672863006,-1538.2563808248378,-679.9474710440263,-400.567594604101,-14.348126180004328,both_blink,-378.11086501334387,83.70266661534207,2.278836772421437,108.26551469980038
411.9558532238006,-1534.9914481635203,-774.1892100274563,-500.11999152461067,-123.186694690492,both_blink,-376.912784707896,66.54452618975196,-9.008595895177065,87.51424826290936
412.0565109252929,-1456.5152574433014,-787.4209760706872,-475.2533967192285,-152.26628679595888,both_blink,-205.9544198498957,-0.03694298770055404,-24.04924241239387,0.4844846599793362
412.1570410728454,-1064.9664315823466,-887.7437923820689,-429.34986466309056,-268.6033547176048,both_blink,56.263824171931084,-102.36345418286362,13.470641071456049,-147.11750962801943
412.2573797702789,-981.5591827705504,-971.7756044864656,-413.4440701515414,-440.9903032751754,both_blink,187.20551835781464,-145.50215022982204,49.15805921545702,-219.47832139660744
412.3580155372619,-1087.6152657140046,-904.9697715779766,-427.3041393873282,-315.6587759600952,both_blink,93.47866401044777,-78.2289470507167,5.194604983303293,-127.37341654082505
412.4585216045379,-1290.216866013594,-714.9828538289294,-558.9747971273027,-45.50710266083479,both_blink,-89.754030231809,26.27256534429654,-88.91131550323824,30.23343508111524
412.559355020523,-1362.146361861378,-777.6186982868239,-590.6554896519519,-125.3539667148143,both_blink,-212.86326768241656,68.88441383923283,-133.00873637257092,104.12567567231271
412.6602303981781,-1422.0333798518404,-766.6720111165196,-534.1306417216547,-99.78053081780672,both_blink,-273.2795633211014,47.61154294464236,-89.56494011745426,84.68269620705507
412.7608981132507,-1519.8280237931758,-734.3779749991372,-453.0982293817215,-42.092574001289904,both_blink,-324.6840453126492,29.91567741279229,-14.127305059140324,63.29339794523119
412.8619434833526,-1539.918766355142,-779.0361203700304,-456.43422014219686,-117.13740651216358,both_blink,-358.33459034357395,48.07809108984512,29.07216451193254,83.23225181957051
412.9623227119445,-1425.0926180155948,-770.3258933732286,-403.6417923676781,-107.42488632723688,both_blink,-320.1764096905529,58.27723708840418,32.48961285236146,89.11118907967646
413.06293916702265,-1410.1610674425028,-758.4704105136916,-392.9718577940948,-109.57719875173645,both_blink,-185.52415743085783,-1.038513224749833,35.023471554235776,2.5069016936507156
413.16370749473566,-1160.2422529035248,-923.8749658539892,-443.2398530985229,-320.1784450565465,both_blink,-13.17429735875888,-108.61284079044684,60.85797031138076,-151.6300920684893
413.26450228691095,-1074.041298824828,-1001.2422762373462,-373.0755900298245,-458.2331120208837,both_blink,73.93647883504725,-157.74191578477118,67.39033925837361,-232.81758503674956
413.3655369281768,-1144.3102790922858,-859.8628382124007,-405.59402014454827,-271.98235432757065,both_blink,8.817322512642601,-89.30058928652903,-1.3288638803536585,-152.43874288767833
413.4665207862853,-1329.4540263987146,-761.9896563719958,-609.0034388345666,-142.40978046273813,both_blink,-143.26313166353694,30.932425839015366,-104.03833649242151,11.171384057945797
413.5671772956848,-1444.0707403407432,-745.1900257710367,-599.6125500458293,-95.5450941179879,both_blink,-281.0958692955961,102.17005010423357,-136.07373141083895,119.12434220218734
413.6682956218719,-1482.367315887008,-676.9892101790756,-487.7745817708783,-8.68591764708981,both_blink,-382.80745534441314,98.44309724119127,-77.70719959565889,126.44464498383002
413.7689924240112,-1694.19898927724,-725.7949046008289,-470.8590142712928,-56.56785677978769,both_blink,-469.2957325963687,71.75763553351275,-6.38614223238325,98.22133650202325
413.8696961402893,-1640.4117481145076,-755.848740644753,-470.41396617656574,-87.88951890869066,both_blink,-511.8655906011538,76.1969726048825,25.247922268076067,106.21598095098291
413.9707849025726,-1533.405730582308,-713.4083559475839,-363.4640471437015,-61.35866862302646,both_blink,-430.11729616595676,87.70570739777419,33.369444691973726,117.42144580996862
414.0713729858398,-1439.3902555461973,-762.4421842666343,-437.1064171711914,-93.66205449029805,both_blink,-181.89137940031003,24.334732598903802,47.48417990863457,25.186169591105354
414.1720929145813,-907.8794137435034,-930.0420608809218,-396.2442702553235,-356.63311987463385,both_blink,134.07949998781692,-114.25966678786817,69.3430481938233,-164.75973805619543
414.2725110054016,-933.8829381354152,-985.5272166235372,-346.5596993439831,-438.6005072034896,both_blink,289.02325377818545,-191.2618220737488,79.0874671575938,-271.6863343942322
414.3729000091552,-1020.39804381039,-950.5479323379697,-392.25753690255806,-352.00312372948974,both_blink,115.49034006206972,-101.98831764025277,67.03131698827816,-162.84221882088562
414.473506450653,-1370.538697361946,-701.29855989106,-439.6046703415923,-79.31953816022724,both_blink,-287.4232844430675,65.27390692479776,51.24368316829393,53.509565896989855
414.5743265151977,-1840.576803592965,-643.8462167717516,-345.7144819539972,11.432874164544046,both_blink,-621.9242189467255,148.29057825843267,55.856139403546806,176.36534530259848
414.6750626564025,-1885.6201586592945,-714.0815379396081,-397.55697513977066,-21.2688110480085,both_blink,-721.4053850726182,130.79061036127797,84.62465965848392,169.8421246464706
414.77575111389154,-1765.6179887810722,-680.6169131360948,-353.4261556626297,-11.855482859537004,both_blink,-689.401644658609,111.47347093478581,113.3434749806723,142.51150315077456
414.87638592720026,-1722.7736948886886,-710.2556202849373,-335.42601717589423,-51.18427079357207,both_blink,-611.4503978477246,105.6587453075916,105.35282142166727,132.0101665779119
414.9769468307495,-1617.6077081346884,-733.4579596100375,-361.407102168072,-70.00344737060368,both_blink,-357.07534868156773,30.9993948599219,64.0630160547691,57.0823015922581
415.0774705410003,-973.5389673155732,-984.6090711844154,-459.858098551631,-326.06317763682455,both_blink,116.76976308721403,-125.77402080617908,46.084507080858764,-119.88270103563892
415.1780548095703,-570.3590525924228,-1045.9022915582173,-381.222962083295,-452.0454475441948,both_blink,508.0173546785949,-256.0695210653103,66.15120133760605,-294.3515533313504
415.27903223037714,-713.9001527917571,-1027.3112488784827,-363.7389297904447,-458.04798697307706,both_blink,493.7272627150538,-252.8436595951786,50.06491046419508,-319.9791701979465
415.3795406818389,-958.2689557964914,-984.1490634898656,-522.0152358151972,-386.0249936264008,both_blink,148.52319354375416,-123.350193030963,-40.12266325449195,-171.2753053044476
415.48054504394526,-1325.007285351399,-756.8304643831216,-589.6999452132732,-130.18217755760998,both_blink,-179.58762744947177,22.12095610560166,-117.71193413297925,19.88882732849416
415.5819127559661,-1439.9456306896172,-703.8697411105968,-516.7905955770984,-17.36435549426824,both_blink,-299.45757200606204,82.91161745913101,-95.22538703340038,109.89192074546087
415.6825315952301,-1438.9807365010493,-771.8199834055267,-503.70842553209513,-111.47145807929336,both_blink,-309.2859622684292,68.68925414723611,-19.59624469436449,103.47086849871218
415.7831664085388,-1449.3851381777786,-739.9373362832703,-436.7118577258661,-60.33206608518958,both_blink,-336.9983648473621,51.715348134757036,1.650707723450937,95.48030586738457
415.8844232559204,-1450.9184971596114,-787.3293485217728,-482.47701348364353,-85.0415850924328,both_blink,-317.97861365424455,35.16488314546785,-36.85006243534219,84.5808598240558
415.9852039813995,-1317.4190283413045,-819.4812684408389,-510.6534197498113,-166.17123483121395,both_blink,-142.92187885448368,-32.740035606788595,-36.488348685667745,-9.402060349156255
416.08559060096735,-1041.756612457335,-904.2610605363734,-433.577821562998,-279.1723119923845,both_blink,78.85999982591031,-116.91799244186504,37.59183265212704,-145.8560953249492
416.1867344379425,-926.530294822529,-976.399990781676,-324.7242934526876,-417.00258495938033,both_blink,124.32422633576208,-113.3316335510894,74.14342738673574,-171.57417943134297
416.2879371643066,-1200.3433301784098,-838.4650006159209,-553.7333273394033,-210.8817388014868,both_blink,-8.532053858396335,-33.51542342149383,-23.71572636270645,-65.7000389271125
416.3890125751495,-1277.6882011620328,-729.8321266029961,-515.5863477913663,-70.48589446488768,both_blink,-136.8989766322157,8.291428015951295,-144.21000442072338,32.123082068610856
416.4900953769683,-1359.7677854895592,-795.7067244225182,-564.784731708467,-112.50741036701947,both_blink,-225.66022343606002,25.9670478039991,-60.6325634896868,83.92142915116683
416.5910656452178,-1373.4165503778495,-775.4514262625016,-256.40380106214434,-54.92791064921767,both_blink,-300.7168725875946,144.1588736211193,240.36886451617747,192.80866198335724
416.69256305694574,-1087.2637151181698,-380.3048166441731,75.94240850023925,245.8797225868329,both_blink,-60.9352285173555,310.0965630522415,464.6825860048201,327.63367464258806
416.7936525344848,-527.4231311511248,-500.6959361177869,-54.63245855271816,140.73991513252258,both_blink,814.019542138533,301.47077904339136,378.5912121415314,289.8023092868555
416.8945224285125,649.0110186105594,-818.4527959530242,-397.6299031889066,-221.8807845711708,both_blink,1860.9930279381886,68.50519270838387,127.1954227608615,24.27699114901584
416.9960083961486,1554.1453457865864,-952.56934826402,-471.3807303151116,-391.60492436029017,both_blink,2117.4121669224996,-187.36692150277185,-16.702944227334854,-273.1468830957584
417.0967049598693,-217.12363182753325,-1085.7340960362926,-476.4726041047834,-571.1444315831177,both_blink,1423.5146833810852,-289.0382958995971,-52.93731249477837,-397.8270092041622
417.1979236602783,-460.6920962417498,-1066.7503638612106,-551.1397067201324,-494.97762908553705,both_blink,595.0378264238639,-231.32971637052214,-130.51980734901326,-313.81262329228184
417.29858827590937,-817.5720495134592,-844.1776977982372,-693.5476172328927,-228.2030854462646,both_blink,168.3961374790543,-80.61385063563529,-192.85974205993804,-101.59928719507417
417.3991436958312,-1108.48764736671,-787.3461780715734,-594.1635158103891,-127.13976894365624,both_blink,-108.99560861882159,101.14616336897133,-72.1744096883778,130.9285459294918
417.5000405311584,-1965.2968572652896,-466.9900877671316,-133.90898786345497,244.27717545581984,both_blink,-481.93573612103705,244.37514155614272,174.42092322256545,291.32759689397244
417.60139918327326,-1537.8225524299778,-572.4403069177642,-238.1100804288872,89.63605218799785,both_blink,-667.6071077486087,287.56837813503984,314.1965163362874,333.1623558158081
417.7024195194244,-1137.0025145788677,-631.7401606151834,-203.8712963345461,44.46554052317515,both_blink,-217.31379508852388,203.96000494310306,250.06370105688362,240.76667114473048
417.802811384201,-776.3340426520444,-733.1886868132278,-335.8037470714189,-60.84630232909694,both_blink,852.4432289724933,4.308607520596819,86.54529591746008,9.714657887344558
417.90344595909113,961.3992520594038,-1088.1051926082,-500.4678022204898,-526.3142508142628,both_blink,1783.6770801734071,-233.12182324495927,-40.527327717972454,-283.63415655718865
418.0043704509735,867.4529651724733,-1162.6488785250112,-572.4720960673876,-602.6343892100267,both_blink,1764.9435157957607,-365.3356951116293,-90.50110910183085,-457.2356967443682
418.10528373718256,-421.5970520549454,-1122.2916181031617,-570.6619844888337,-559.9696105155163,both_blink,999.0702620808938,-310.21457211962235,-125.04893502574606,-391.7501085297884
418.2062973976135,-727.2740350333042,-960.76907891687,-640.4372979621403,-368.703646981623,both_blink,377.56565858422243,-141.3336106309278,-202.86066932169635,-174.25766203475916
418.3068339824676,-1002.680267770309,-729.2804913595319,-692.6126422439702,-62.005671315360814,both_blink,89.6265511476833,18.21369844755543,-249.73809588839185,27.83692723156627
418.4080312252044,-1215.0841458537616,-759.8130345977843,-653.7850009039976,-95.44411681918427,both_blink,-447.33527830586934,141.68056273012004,-126.9044848060942,169.2053431210855
418.508698940277,-2923.156294016633,-478.3219846328721,-251.03517467575148,185.9908346463926,both_blink,-1310.134338041861,258.2050058244924,134.47369929649886,295.9754058790612
418.6094951629638,-2639.9822890716605,-504.2357514258474,-173.68656379217282,195.17602893756705,both_blink,-1764.9990391944727,325.35642716163426,304.55833951299286,374.33492706473845
418.71024823188776,-2240.2730015073903,-594.1466862605885,-236.3934663492255,94.434343831148,both_blink,-1289.3551917279055,243.42820503432205,233.1520454039586,284.95040283415346
418.8108644485473,-1682.0555341211148,-748.4848776319996,-366.83369700377807,-123.4858866869472,both_blink,-208.30617870583893,2.568395203989976,39.2772934295434,3.8282476158620966
418.9117994308471,-86.70771052269265,-1087.084199920297,-597.372349972371,-492.1876637185924,both_blink,695.1773836473877,-247.07008863518627,-73.45196005040174,-300.883613390661
419.01243615150446,-331.55896062171087,-1153.08782428829,-543.5159206604585,-598.0268324646167,both_blink,896.2092361169731,-329.30648041212584,-97.8497541697955,-416.79404272460465
419.1130170822143,-641.1216996540315,-1035.9578975760378,-556.8187448028475,-473.5218230397441,both_blink,515.3870503841708,-225.22292797851577,-156.81829291629373,-299.0652854999974
419.213593006134,-897.8882710118778,-771.4085944104008,-650.0806299978867,-158.92517866706476,both_blink,95.19167907112276,-46.638242509192125,-206.40243394502124,-69.102682387439
419.3142948150634,-1180.7518642605282,-798.9230383844115,-668.372480681166,-135.58446304360405,both_blink,-11.601794643235783,131.08776101182036,-67.49743113275733,151.84799559971154
419.41538119316095,-1118.5124491979368,-455.3795683546923,-93.80791058856994,215.9698726912029,both_blink,55.84393572467924,289.6649402630682,221.4748707435522,310.7099225040759
419.5158817768096,-907.7728265947662,-409.9697030927055,-73.3693573307246,215.99979189084843,both_blink,97.08000999585975,371.93456806868573,384.3030753687248,370.12269947195745
419.61690330505365,-493.2460554060526,-576.0511803249829,-241.9827468330041,50.44190065236762,both_blink,412.98924440292046,301.0104774825972,294.50480119262306,291.5373854112348
419.7187736034393,-157.04774888930842,-678.0532117164694,-297.1874100789428,-41.73541355552152,both_blink,1380.7459502862262,84.4426868682866,109.7846802886005,76.02008525070869
419.8205113410949,1384.0864849514328,-962.3155275485478,-457.3635852811858,-340.9199302108027,both_blink,2444.768054047037,-161.59959214040887,-10.300434012709387,-191.3164977584335
419.9216694831848,2029.2267071078527,-1136.6808831826784,-581.7526578074321,-577.1133119123988,both_blink,2489.118390911832,-294.03191797602153,-87.86440557186913,-356.0311521156769
420.0229249000549,-338.34687904128805,-1063.9155196947977,-606.6903107119724,-484.0010227155872,both_blink,1440.353888778924,-257.50587896148267,-189.0410452814425,-319.2218836690956
420.1237032413482,-646.8362667863257,-877.3580902051181,-715.3044852251187,-251.4951823703013,both_blink,382.37991094517065,-115.09870931616095,-258.36116094580547,-137.53486218761356
420.2244317531585,-839.669248401653,-813.6488944599405,-664.935512621887,-164.5462483004667,both_blink,-65.24239836785884,44.735038845090315,-177.83832921861114,60.95831200910976
420.3253636360168,-1573.8882776526734,-615.2771210102364,-407.1928273756057,48.77390527212992,both_blink,-296.21736161064996,183.79185880293036,48.88851089422094,210.56164648187882
420.4263930320739,-1823.6724557932464,-496.557736816816,-119.91241227928548,171.96620981255546,both_blink,-605.5530455890076,278.4505070092187,261.39610157853224,301.4239698935603
420.5268456935882,-1426.7381739960983,-583.0429232921451,-254.70214658230543,76.35566744534299,both_blink,-586.0273219647457,274.78924212272284,302.3706501769016,299.2896749475435
420.62801408767695,-1105.18157580588,-653.4764591576532,-259.1264482298866,-11.285148116294296,both_blink,183.39376935746412,127.93547703977876,155.68345171534258,145.5754642724796
420.72907328605646,262.96358558442444,-910.2879093149676,-450.45599006302655,-264.0762058212422,both_blink,1366.026345224159,-115.99161695403313,-49.68064926734965,-138.781273959454
420.8305118083953,1023.363784475252,-1145.7707100249827,-676.0504952901974,-607.6682945503853,both_blink,2046.5998801267883,-308.84103301131665,-145.76943577614713,-386.5157662647366
420.9311296939849,712.2153278617188,-1122.28413830325,-568.9135812595487,-570.5834465897642,both_blink,1717.349989171695,-326.4490777100823,-109.13050234557772,-419.02751471637043
421.032011270523,-434.4361286028288,-1025.9143962450323,-502.7641007932834,-455.67689040116966,both_blink,853.9503646724271,-202.28483217012752,-103.03810884642456,-256.430187230199
421.1325237751007,-821.5868321158923,-844.5142887942493,-677.6493025212549,-181.2131124529988,both_blink,229.20337916505736,-64.84254643999893,-210.95384153760483,-72.79350214241032
421.2333505153656,-1066.8382515101694,-760.3441003914922,-701.5734425378032,-134.74859540350735,both_blink,-44.16830452013942,41.67161182067456,-248.18372265749332,54.67798780483562
421.33372664451593,-1430.4051459026523,-718.4385213879868,-600.4989063353278,-67.29575980268419,both_blink,-354.3958316325463,168.30582697395604,-42.37110519493937,191.39703318606746
421.4346668720245,-2028.4618975669143,-398.1160901831463,-41.71297415578738,311.814158805646,both_blink,-746.867164302986,302.5184808036153,246.82198003130136,340.3607171226281
421.53538680076593,-1559.433564323932,-555.027332724072,-215.8015771931969,99.74687171820553,both_blink,-726.7280533990163,324.46991069888753,330.9867276559541,366.4996780043437
421.636120557785,-1184.8825837615875,-649.1680944086984,-290.55095760757104,-9.342270089313388,both_blink,75.18560696893526,155.28745568639198,183.93948422400354,167.71562279002706
421.7365431785583,66.74599450919777,-875.7873322237283,-381.9316731248982,-248.96140015032145,both_blink,1243.984812980876,-116.99195088979003,7.314122522395607,-164.19795280893743
421.83776617050165,887.2875245874748,-1151.2122644605115,-607.6271556508727,-635.1659089745954,both_blink,1840.8834953536552,-295.72320616912907,-86.69605525239419,-390.6868748135208
421.93883705139154,543.7066555581987,-1080.9619836928323,-577.5845393068157,-542.0311803780496,both_blink,1473.5326670323122,-266.25068037508873,-159.6410780567939,-355.6663802825877
422.039178609848,-763.8726959996857,-882.1096330988221,-701.2237618919462,-265.6076948530972,both_blink,702.871798283019,-102.64288312675967,-244.81648282229708,-145.61870135276072
422.1397507190704,-984.8147656819784,-733.5645467587747,-654.1758204493672,-103.00806447956712,both_blink,65.01951292110614,56.38672588962005,-225.9433806319084,56.37992300308822
422.2403914928436,-1302.1527567221783,-704.4681251035072,-579.8939275294542,-43.43893798533827,both_blink,-611.9672728366803,175.7925432236524,-10.691460490753052,206.35593905748425
422.3413343429565,-2921.821149732452,-448.55425093555823,-39.91221232712269,253.37448209803551,both_blink,-1404.149084340027,278.5298873516809,262.55013597235904,344.06124410643304
422.4420180320739,-2577.2529471148737,-573.5080483551137,-209.0080489236861,148.68720253836364,both_blink,-1665.7997321965272,304.0970525843788,348.31363182181184,387.64301667234594
422.5425553321838,-2102.397849740926,-614.4038543705828,-219.7340819966048,62.190796363167465,both_blink,-907.8722367220572,151.97051625412973,199.77696975042198,189.78843394523417
422.64327192306513,-665.9284560601227,-932.9199138968252,-435.45525134075433,-359.1837316444144,both_blink,323.4562986779189,-132.92112014768662,6.35727881725229,-196.53044254583205
422.7440838813781,-97.52724109450357,-1177.4046538001858,-577.930480052717,-694.8472324674949,both_blink,1029.0658230336503,-333.62913816814444,-70.07399664484517,-478.421484223441
422.844363451004,-280.76737932348624,-1085.4068547901695,-475.3338045682758,-592.1682791840285,both_blink,874.9598670870223,-289.44797274301277,-71.01162463812702,-435.50785630504225
422.94539785385126,-618.99645151617,-889.4211375121959,-568.9285408593714,-338.43102679029107,both_blink,373.3269519177158,-89.1973717233245,-118.51624757767519,-174.04699265902798
423.04657387733454,-1059.8072395934723,-763.0050392099656,-723.5341350776143,-136.9588762773201,both_blink,97.77664565111644,52.769634236637,-209.3733394890769,36.85269956340998
423.1475203037261,-1219.590725300368,-712.1797988121398,-591.4558282424696,-52.21648318134248,both_blink,-22.50722688874091,73.32788314026291,-215.44697409811187,106.60223701440816
423.24813580513,-1362.4923026072793,-744.7917264257558,-586.3770441026427,-54.35570595599711,both_blink,-446.95707174534675,95.16688110588096,-67.92177946431651,158.33831585417093
423.3489713668823,-2203.214332846459,-622.5568362739868,-309.8226620792411,107.98961122054608,both_blink,-1112.6134741863634,183.88498875325723,127.1238315310072,256.06437423894835
423.4498369693756,-2514.02619846398,-586.79591289768,-245.3393070432357,87.06861086841673,both_blink,-1273.0762775180822,216.5646976428496,195.5875690526975,272.7789849179954
423.55040359497065,-1720.0342181711458,-680.2298334906809,-336.0730198682286,-36.55004226695746,both_blink,-546.389241672185,75.85053457365925,102.85983838012753,92.6126439322062
423.651578426361,-333.08857970358804,-1043.0524877919815,-528.7825847850181,-429.9426388060674,both_blink,421.5380543732258,-144.89856872514386,-17.01163393841473,-185.75904570696787
423.7524511814117,-562.3444469873793,-1015.4894251185468,-477.8376675886102,-482.1927810870111,both_blink,772.7822746194055,-250.8399214411785,-54.97042782057966,-344.1806311073509
423.853455543518,-775.4364666626789,-953.65391925117,-467.878314006608,-423.3791143838316,both_blink,416.89981304917353,-176.55969367694425,-43.8492631406268,-273.47388434835784
423.9544157981872,-946.1628996399232,-876.683038263116,-551.9101261110045,-278.4579911008477,both_blink,-136.44283692842234,-17.331510938864316,-52.692770652624716,-54.4045587432047
424.05514383316034,-1780.7066151523031,-707.1589831216261,-538.3455089717172,-30.2744901413098,both_blink,-453.4888015370118,94.85633682599646,-83.75412061119171,131.37208421722045
424.1555769443512,-1500.3412750740536,-662.8486484466121,-520.3304108851589,28.22876486554742,both_blink,-464.27488208539074,102.02529596486484,-104.25635972927437,164.56509854323076
424.25592875480646,-1452.010547946673,-776.5303873997182,-568.7060168120079,-102.80236998200417,both_blink,-380.01838227693656,61.91823341359434,-91.97164749059704,102.68593714111634
424.3566992282867,-1517.858966466505,-762.9433308606967,-526.613442810718,-106.44503253884614,both_blink,-403.7997133484322,65.12922196945465,-48.32329546332665,86.27421122819001
424.4570505619049,-1524.9124177829362,-691.2419689102098,-428.1942355767824,-35.76840317621827,both_blink,-455.94673455904245,93.98741386441988,-6.739618858007309,123.49277174203156
424.5576672554016,-1495.9506325260736,-728.6596679668874,-434.1705957059749,-57.55332041811198,both_blink,-312.0086663291919,47.21988901903622,6.117643433253642,82.39448424039509
424.6586756706237,-1035.8045616778545,-968.6789673231542,-499.1139584365301,-327.7124735172838,both_blink,0.7722076432627532,-86.79029148641925,10.384635355535963,-83.92555370832778
424.7593681812286,-897.2786673191004,-926.0179285285994,-398.7163441260345,-344.92723301332444,both_blink,187.33779190041076,-187.80506707692828,21.724935494743715,-235.7208412314681
424.8603019714355,-1046.6315720495768,-996.963830688037,-427.5921116839163,-444.41605163458735,both_blink,94.2573673971603,-156.00878262084584,5.570654708229864,-221.77697312224444
424.9615747928619,-1184.7273779134266,-861.5570128923282,-560.998083003331,-247.82821046374733,both_blink,-95.34809644817695,-34.94718756893675,-62.89464543775934,-73.37080542373326
425.0623123645782,-1240.8744959481992,-707.0355664230883,-577.3825847092085,-94.67743732826784,both_blink,-157.69415585562095,51.04512842025201,-143.47707312178375,46.954837055906474
425.1630578041076,-1320.6016832035966,-779.0473400698975,-609.5793834277429,-132.47660618042573,both_blink,-153.75074977303336,59.58182671388655,-161.79761907463066,65.9375460991416
425.2641284465789,-1330.2057462898083,-729.5535040562972,-510.5430927011184,-100.34712566109374,both_blink,-325.2668310767755,77.7225711544767,-65.41361142180449,82.35751877944651
425.3646309375762,-1864.8394045555035,-631.3212918201461,-386.7748435675167,17.295167345087975,both_blink,-708.5642950370176,181.8572096183135,121.56887736044322,198.33159220098463
425.4652791023254,-2129.353178671561,-466.6347972713411,-101.31575974961744,206.91183499852195,both_blink,-963.3930482983146,304.0154196550244,279.2655184366737,344.5128038002342
425.5665855407714,-1552.8438606020063,-583.4617920871824,-216.777691081632,89.89036538498476,both_blink,-647.8557416106244,291.3698849931808,290.79555820539855,339.0919331603157
425.6677010059356,-1074.7462699664757,-650.8697488885373,-243.82090766122565,-2.6011004191823304,both_blink,302.27932220049206,89.75612838308942,172.38774639567512,108.61901227944071
425.7686941623687,449.0572674795985,-980.8299022791908,-444.9003686788492,-361.0368520724587,both_blink,1375.7499396410835,-165.95402072228254,33.31797631709125,-191.0531738301168
425.86966180801386,753.9114724677056,-1155.004523015581,-555.3732734699734,-593.6773288161494,both_blink,1882.4447210010374,-283.39111827684445,-77.32682301988707,-326.1836930323505
425.9702191352844,520.0742277381942,-976.6486941287294,-561.9180983924307,-359.5895107896067,both_blink,1560.0344599983619,-218.0194763456994,-170.6388591114811,-242.26947968356666
426.0710890293121,-785.324762145523,-829.7285943194292,-639.3115880754776,-188.434859267436,both_blink,643.0829120198807,-67.46338018082747,-184.1858199991426,-65.04122182379629
426.1713886260986,-1117.6634919079952,-811.6237386339344,-594.1859552101232,-175.64814131893218,both_blink,-495.47872184610844,94.29559314418208,-28.653757898299077,114.71870148635263
426.272232055664,-2929.091515246313,-508.751680622343,-111.4434088296257,161.0737511916086,both_blink,-1417.037927622978,230.47507379269769,208.18997262159536,270.65053175878717
426.3730018138885,-2439.549830746372,-595.0274327001534,-204.667895025108,91.91178131103516,both_blink,-1579.0621768818482,246.65112735243213,301.88060139209483,303.06768673165
426.4737129211425,-2040.2594119771384,-692.7323190425523,-289.4850861201994,-26.5682492852211,both_blink,-794.010144649442,77.75991213523147,177.40490531605835,116.24939603268383
426.57451319694513,-823.4044234943576,-978.7860469534062,-448.3448165380396,-360.2795223314315,both_blink,322.1443681061248,-153.0483243041135,-13.329210865786827,-168.39785266505405
426.67535328865046,-83.64099255902693,-1066.0865316190757,-571.0509340842254,-504.5611227219924,both_blink,851.8703181799109,-238.36515123145585,-117.8555184688304,-293.5477899973266
426.7763872146606,-587.4616150897928,-942.7558507802896,-621.7415380836464,-351.5692953346297,both_blink,570.5589111339217,-144.81627889924874,-140.74781957773678,-183.56025049475704
426.87711071968073,-1276.841113822069,-793.586201147642,-552.9797374983318,-149.9475488234311,both_blink,28.196630588444535,-19.83524708329001,-143.9132884128221,-5.692936414258451
426.9779958724975,-1311.6708021094091,-774.2060395772569,-560.6876713070087,-90.3073642300442,both_blink,-335.21626112413594,44.80031027865133,-107.20934374118877,97.65893852418965
427.0792369842529,-1523.6277621481568,-779.8794678100385,-521.7627925681882,-105.349241851829,both_blink,-599.9420931800629,94.03515280050208,13.736129030983092,154.20298167041864
427.17994999885553,-2390.6637284755707,-547.5905416621827,-200.4305883753113,147.9616619469598,both_blink,-868.0206661539717,156.77786858351703,149.1106983920554,213.33710076848908
427.28062939643854,-1737.942729108967,-688.0611839978956,-321.04236194631085,-20.259038059972227,both_blink,-931.5959934474737,167.9687635232156,171.88005549788284,220.8758521234124
427.3810498714447,-1685.658927728422,-783.3800141685642,-400.2796223075129,-122.58644074760376,both_blink,-571.9342335416438,63.97691456065393,76.36024848661948,94.234646764437
427.481780052185,-1313.8455539336428,-848.7310259942897,-444.3805225850083,-246.82965717557812,both_blink,90.01905925564628,-119.09651019315659,-24.63454355416812,-141.65829634647332
427.5821464061737,-185.6224545007572,-1066.2922261166386,-534.126901821699,-500.9670788645744,both_blink,624.3734771313158,-245.58024113023828,-64.17578932099701,-316.73439337619203
427.6825840473175,-506.8013227954507,-1089.8199367378838,-528.4198144893162,-557.6789217926562,both_blink,697.3228463370876,-205.64650730366637,-85.55693038365732,-273.49212071228436
427.78288602828974,-796.6772284610197,-793.526362748351,-623.9405992575921,-174.8291032286361,both_blink,409.7214440454659,-64.14359351038561,-147.19904206567386,-83.88372585002274
427.8835046291351,-1020.2334882123396,-789.3152353982441,-621.4909647866152,-137.90881086606532,both_blink,73.96448621586431,19.591553262031795,-211.68185120440592,38.523672367211866
427.98404288291925,-1211.387254747562,-791.2562434752472,-633.1631925483234,-145.60926487483084,both_blink,-204.45203213248132,32.60260955496041,-161.16773658401087,59.18449530715332
428.0849156379699,-1734.202829153277,-743.9334193859249,-458.70059951534495,-107.59692172519864,both_blink,-467.6461503160239,100.35832437738486,41.63746843077007,132.90578580772979
428.18518638610834,-1673.0610747276803,-503.6224078331143,-124.0393918803893,197.9042859552428,both_blink,-588.2268312559844,230.60997868078394,248.42423557318125,280.9147957863839
428.2862401008605,-1284.4854693314992,-606.5855935132131,-226.1311808708124,57.9160907138139,both_blink,-286.67819351958815,257.0607045159583,277.8980974563142,307.5089029057833
428.3867835998535,-826.1420302619226,-696.3394525498152,-284.4810999794863,-76.51461319345981,both_blink,496.18311307332993,78.79006216586733,142.26759926782913,88.93797141831377
428.48734331130976,266.1742896963842,-984.5436229351908,-464.62086114520207,-393.9498416325077,both_blink,1355.9594176314422,-182.2013982282803,1.0851597340665968,-232.81154751261883
428.5882811546325,823.8195523894392,-1160.0608677556738,-560.732550106477,-631.4035696191713,both_blink,1776.9548703726236,-320.0588939057384,-77.77740988379446,-407.6888547686384
428.6886308193206,501.7655475051142,-1063.9080398948863,-543.6973058083095,-524.5733273848891,both_blink,1719.5800600957466,-261.913070026972,-150.35320634744892,-335.27826261691024
428.7890322208404,168.74241605075076,-813.9368667565286,-639.0497950785793,-207.42233134247363,both_blink,1463.644326383466,-83.04491638356284,-195.43191549476353,-105.08231218656229
428.8898179531097,-89.33686019154266,-795.3420841768384,-642.8944122330286,-133.52564811799675,both_blink,962.0267940994385,117.3518224466637,-93.29020738423031,146.16638492869998
428.9908556938171,-725.9818995986134,-507.6502800853923,-245.23458984447643,150.72170811425894,both_blink,29.85444612096957,258.9184619215422,135.69755292358607,318.9716522913109
429.0915930271148,-2673.5497611239552,-478.68849482852966,-135.3656788961962,234.1476564258337,both_blink,-954.2318715220504,283.072832593709,289.67157671477423,361.2099095107011
429.1923592090606,-2205.3778649708256,-622.2034157281741,-235.9428084045649,92.53634460363536,both_blink,-1338.0550013861728,215.36012089705366,260.0130951622447,302.6993409537663
429.2927629947662,-2017.571308895945,-719.9419611701742,-333.25500525161624,-46.60289334785193,both_blink,-1023.0538158591761,131.50814604625768,146.33224466864664,207.31524081275944
429.3934540748596,-1672.9993663784117,-729.5722035560757,-330.1247089887038,-57.3625855203718,both_blink,-383.72854494155877,25.76985996384697,58.5513387195832,57.65094309625505
429.4939575195312,-968.4545733258128,-906.966878154315,-468.4411689499393,-318.6619156245142,both_blink,282.7549964274342,-138.53370313173707,-8.595955770809784,-168.22472969987496
429.5947966575622,-87.18080786708742,-1154.0919874263927,-613.8821383267641,-612.3936581443995,both_blink,788.2777843758506,-273.0121984401896,-94.68384695566634,-341.3404768976899
429.6950440406799,-309.53655973263085,-1063.2909564021977,-573.4351203059778,-505.4960977109149,both_blink,931.2119362011438,-252.90246551828514,-195.13626852896775,-312.81581868580173
429.7957537174224,-710.4500950826332,-824.8536347271875,-701.840845384635,-215.2723813494668,both_blink,609.2212537504995,-110.91324505583208,-247.80003249123018,-135.60642439948768
429.8962550163269,-956.019405973144,-853.3142733899876,-678.6759050590917,-238.9160288693384,both_blink,-88.81083711646704,27.19850374144377,-172.97610531836315,32.88789569664729
429.99667263031,-2061.488954075612,-695.1875633634627,-415.0017384830862,-58.37609840836376,both_blink,-860.4769239662646,117.81659338504424,12.379931761220597,144.0762194887414
430.0977299213409,-2655.40189658897,-556.6710187545978,-244.0770908081904,123.34190053865314,both_blink,-1298.0189766732294,182.48063630524746,163.46100363531502,228.52135491193417
430.1987807750701,-2129.347568821628,-667.2336811446585,-347.1375138871372,4.158768750727177,both_blink,-1199.0681463438389,200.80284453954826,166.91425606503387,260.4086776725312
430.2995331287384,-1747.769316242542,-676.658229032997,-354.30316220223904,-25.042370103299618,both_blink,-670.2135347330824,115.53257341766864,65.08166209278471,161.07491763798578
430.4000976085662,-1356.489763178397,-842.9042618633248,-477.2598530454561,-221.81720627192408,both_blink,50.8870666153034,-70.66582685501977,-29.295352931073516,-78.43908366537225
430.5005605220794,-396.1171136568301,-1068.9699944849126,-546.4480022257194,-507.2875097896904,both_blink,634.80775081356,-239.274788028011,-69.42973790759119,-310.09068570765095
430.6012449264526,-229.56066913018003,-1065.7536805230193,-501.65896035637707,-577.6387678561732,both_blink,774.4613700230898,-253.73660071130402,-92.14331425984999,-341.75610034196575
430.70196127891535,-722.1428922940977,-938.7616376276128,-645.8956819474697,-339.010711283423,both_blink,552.6343261883839,-129.3080003362964,-143.90116700701333,-175.60030583703232
430.8025302886962,-910.200021666009,-786.7272246289067,-617.3378058858216,-165.49431293923408,both_blink,311.677493076838,-10.326685664751146,-202.075755318503,-5.174922399578538
430.90297436714167,-1110.669878990855,-744.6122112278827,-590.8144354000688,-113.65929955337197,both_blink,38.30028658065524,42.58687796909625,-174.61531456320736,70.19759111253565
431.0040357112884,-1333.983045245055,-798.4892099895515,-596.5738813318312,-134.64013830479234,both_blink,-520.7027890903443,103.3575458187168,-24.34631689291421,143.8786712228164
431.1053755283355,-2760.120965298265,-506.29643630143255,-197.38069996144625,176.0314810643904,both_blink,-1123.1741939351252,191.27424349496349,131.31493469046075,261.0749729492993
431.2060503959655,-2015.3423285223544,-652.0889562740922,-326.7363596288488,51.31703724199906,both_blink,-1154.100039049077,198.03229533473996,150.9047826176222,289.46978240110076
431.3071455955505,-1757.7417594743893,-755.6729653468356,-426.5318500464782,-72.14080019528046,both_blink,-519.5961412524557,60.449552925464275,64.4617957817622,123.88798396042014
431.40772867202753,-948.745300559327,-889.9316338561475,-427.668779633008,-273.1753824134357,both_blink,206.17135271625432,-122.17144045604616,0.18433305007273404,-125.18237085367137
431.5085904598236,-569.549364252016,-1038.9853465901688,-472.64855640009046,-484.4348511104472,both_blink,532.3785533420936,-201.16527191005306,-22.913129881981128,-244.4283098324977
431.6093709468841,-761.1182596823201,-942.739021230489,-496.8943278128281,-336.56668666237965,both_blink,468.0096589849364,-142.40279670482852,-68.11940165897501,-162.531942030819
431.7110345363616,-1011.7102562133224,-813.0168513674289,-597.6883715186268,-179.43105012411252,both_blink,200.9884368693642,-33.33055766198201,-113.27343990712282,-4.455066104575991
431.81181645393366,-1152.1023606499657,-778.9613223709166,-515.8219614885747,-100.07411296432838,both_blink,-199.87085175557405,46.49487710248886,-71.2068255377115,96.68459857707592
431.91287469863886,-2023.9253989206627,-694.9145506666973,-372.15744459070265,-47.01241239299998,both_blink,-650.0954732617469,101.60173906329773,55.66098583555588,148.8324140807609
432.01379156112665,-2037.669531257823,-657.9082406051457,-308.6614231429994,6.269942275714129,both_blink,-919.3934554605161,149.04373539633343,158.75345175192993,203.56651629380977
432.1145153045654,-1820.499150680844,-674.8294179546647,-306.1108113732189,9.508695637341589,both_blink,-793.9760104652397,142.53836530144036,154.48178983756435,208.40747197367733
432.21486425399775,-1638.261305639986,-719.9363513202406,-334.4555131373927,-59.31294334726408,both_blink,-290.87632510478,39.54003701946347,69.00480660921593,84.07050294546107
432.3158898353576,-817.9441695590504,-946.9445387306624,-522.946470904164,-338.1860633431934,both_blink,282.2257039920155,-96.19773709363884,-13.924065240213654,-101.58070694270364
432.41650176048273,-616.4495796463452,-929.8868550327606,-482.5293720830232,-377.3016769797541,both_blink,520.1671951888318,-147.04918479006454,-56.45625891205249,-182.50150508361608
432.51703834533686,-823.7484942902811,-902.312572659459,-502.7547510433942,-281.747233111877,both_blink,318.67187123692753,-87.82884587858268,-81.3597218578989,-109.07604110307688
432.6179184913634,-1302.0667390231974,-781.7007990884595,-578.6036620447412,-169.95788353634998,both_blink,-15.861369484298223,-2.6747196691983444,-98.04655712295491,10.644636826030482
432.7186541557312,-1299.8714177492077,-790.2427305872552,-552.652496252209,-149.76990357553586,both_blink,-194.88794049084467,39.61471590646316,-84.02238936278475,77.24154210248001
432.8194468021392,-1409.3233298524283,-738.3403990021907,-429.4714114116505,-69.22741812979802,both_blink,-273.97104419272995,51.92441096838451,-39.30240667204355,95.27694944654493
432.91985464096064,-1626.7087546768598,-735.0979057406075,-481.98708658944815,-96.73438230389728,both_blink,-393.6178016640059,64.9944715019875,7.357509745931916,102.54001547612525
433.0209472179412,-1595.143999050837,-765.2901180828921,-431.1169673921541,-120.65478242048994,both_blink,-460.91946154497475,66.66006620710932,33.93403346479089,97.57897931363676
433.12214303016657,-1535.9806517018003,-704.3970670043491,-368.04355463944376,-69.76409377343953,both_blink,-310.7921687458867,33.2030587195378,30.00131365895991,61.87129622256741
433.22283053398127,-1153.8451540293172,-903.6327573438176,-485.0388449532911,-259.7136125229299,both_blink,-10.813908282494314,-26.11000818958849,3.8324399910278024,-1.7291778354984526
433.3240664005279,-962.8858622917904,-861.9253930379637,-446.5889335088432,-260.43541321437806,both_blink,203.78592742165287,-85.10156061636621,-6.747968855771369,-77.13479551902464
433.4249558448791,-974.5917491531,-874.8168281852268,-413.1392683051527,-266.164939946495,both_blink,222.2355273637287,-117.82967330491192,20.24584173618065,-135.16097168169534
433.52633380889887,-1084.0810602558777,-955.7258238266222,-441.3493336709216,-384.4579755449668,both_blink,126.15086247855521,-92.60245941284072,41.743853758170424,-122.70155588156642
433.6271786689758,-1113.424315308221,-818.0862857573666,-411.4114345256239,-224.7081489376724,both_blink,14.317555495127642,-13.338459482887453,-2.4396344304291246,-25.19076170412923
433.7280151844024,-1318.0230221841484,-686.995312510524,-557.0281792003661,-49.43399761430919,both_blink,-93.91020718617996,53.53913538488915,-92.72240330370266,80.05988817978356
433.8288946151733,-1349.064191816375,-779.0940888193436,-594.2177443597466,-108.05692941974849,both_blink,-209.57059516343517,66.42335108330082,-131.781141340847,120.25588470057235
433.9298415184021,-1643.110085932538,-747.8995832889341,-490.6636544866488,-97.74228534195572,both_blink,-356.0545248744512,67.57801048991806,-61.764943514694586,123.07677253014714
434.03079128265375,-1594.057558113709,-684.9907261342742,-400.72654035221785,-26.373774487525225,both_blink,-576.3912359134993,99.11386286356857,66.01355127093598,144.38604469674243
434.13182687759394,-2227.731247005984,-626.9306492721662,-254.20473988819867,27.447125774808228,both_blink,-842.7006308870327,141.80008059770358,159.6747854823765,184.70397165637493
434.23266911506647,-2010.8544485755265,-700.6066783992574,-315.2586066648364,-41.49792990833521,both_blink,-952.0806202325259,154.30554851464194,171.0061519306208,207.62809127041277
434.3334107398986,-1756.5599510883912,-718.1767283910885,-356.7228774735704,-59.1764369988814,both_blink,-657.8475709583556,94.73714867793613,97.69928409108392,155.53446334653785
434.4343729019165,-1587.0564653966576,-766.6757510164753,-401.5156592428684,-107.9447324210778,both_blink,-53.103275530256546,-43.42268992208121,-16.30047131619457,-0.9781400653359018
434.5350041389465,-579.860268429853,-985.6693328218536,-566.0039390940219,-366.6523118559271,both_blink,356.56678908273085,-154.40314268531722,-72.81190624569028,-151.58917601564707
434.6359040737152,-683.9603836964816,-1005.6142192855476,-507.0107571929693,-440.8668865766376,both_blink,302.91095314264095,-109.00849628368952,-17.907678756546293,-126.89918975833666
434.7369933128357,-1487.0608903313987,-631.6017843168229,-308.86337774060667,-3.960554053075612,both_blink,190.93822232353972,40.20833481028883,64.72217733175955,45.69137577328235
434.8378310203552,-603.4010687009431,-722.2307799430564,-364.2587758842856,-70.40735656581819,both_blink,378.7275964331596,117.85780753040956,77.69272009684184,164.0400744544728
434.93845129013056,-558.5708879320882,-754.9773439550772,-473.3030388923362,-84.84337039478123,both_blink,503.9867915701713,86.46159244241305,59.58839720843856,153.99234170430336
435.0395452976226,-1086.1810140809976,-717.1370362034068,-308.54174634441733,-32.12948051933199,both_blink,160.98140314523823,57.69091482369026,80.86894579220316,130.83951424895554
435.1410756111145,-1783.5751184183173,-700.2382982536219,-321.20504759438336,-24.49634470976889,both_blink,-327.60537886132136,75.07523613493483,105.14931344256821,155.6793930402173
435.2420785427093,-1293.8389591206796,-795.5496486243792,-415.0353975826874,-116.56146191898732,both_blink,-399.0754592083055,56.91253929180627,78.31491764372981,129.0732748903654
435.3429746627807,-1263.815042276401,-823.6811760910787,-393.2579601407051,-182.054589943029,both_blink,-4.951524945664801,-52.59266432649929,28.837565898967824,-32.582211937542766
435.4441368579864,-953.4220454539172,-939.5619762181304,-482.8846625788137,-398.0375522840768,both_blink,466.5523834254161,-178.2357403723451,-9.651109325377249,-228.71156250914427
435.54483270645136,-258.42521698819473,-1100.8601214070804,-453.3319731289521,-581.2178521137685,both_blink,650.8305391341643,-196.18369214661595,-55.1764592104802,-272.0542941845607
435.6455221176147,-899.2383748958819,-798.8071014857851,-591.0837081968784,-208.5480412291363,both_blink,475.46914840701334,-96.34730330939662,-105.91049492238605,-133.4150242370302
435.74627828598017,-1035.628786379937,-833.4871937748976,-570.5179983405396,-228.67244289070368,both_blink,162.08456823082733,3.600997304134662,-116.91025411010392,22.125093128926377
435.84765601158136,-1199.013795744162,-794.5361357363872,-491.1161823812872,-135.6611309926957,both_blink,-39.61080067226434,20.388729171703336,-75.46676315913886,63.689428961622475
435.9482595920562,-1347.1474930890836,-762.2869784184732,-474.6045240769163,-120.86234686803073,both_blink,-112.85248356404222,1.3796192256966036,-24.74231639493982,43.014779191717075
436.04941010475153,-1415.2884702817537,-810.0380210527219,-501.5617229575291,-159.31973811239004,both_blink,-188.29147056142125,23.90873987310993,-7.823201678690857,69.02149694650853
436.1501710414886,-1435.4596206927672,-728.5923497676849,-405.5678408448584,-69.89312032191083,both_blink,-277.74803208915125,62.48923996270408,-25.83495893789657,121.04581723689739
436.2509577274322,-1477.3801592960954,-777.7009760858491,-512.7945124744438,-118.87459004158154,both_blink,-237.31806996883262,22.130597948285335,-38.32354791126491,75.5097109055769
436.3515794277191,-1285.4110945705324,-864.4703949578106,-482.7144971308298,-231.44183880789203,both_blink,-5.811885081246036,-105.01912728839162,-8.753689433838534,-89.64971871106422
436.4521634578704,-858.146224132739,-1073.7514565782622,-381.1313345343806,-519.9227617899887,both_blink,253.9897856281346,-202.66627252525538,36.567005426399426,-230.81043942968495
436.5527396202087,-858.6847697263584,-962.459513696842,-371.3851552498527,-399.1913114204072,both_blink,341.0047445267995,-185.58437989344543,36.33174532542402,-230.6789017424633
436.6535058021545,-1175.0316872783003,-830.2278709635139,-570.3403530926444,-241.356313590426,both_blink,223.59010261650496,-95.44215793453529,-18.39314165829743,-129.7911098841243
436.75470566749567,-1015.693249666132,-896.0388904837891,-407.9538970165886,-323.0170291229151,both_blink,-10.695025775650613,-4.883374507232164,-76.48884916178645,-13.16359991558198
436.8552570343017,-1547.2302707685158,-690.2658550217748,-599.6873480449431,-58.28073095949367,both_blink,-264.5302238654679,63.87952367154712,-86.69370427041208,89.82171234223547
436.9562146663665,-1796.445984115824,-690.7034233165905,-467.3210689132102,-17.51582144247368,both_blink,-463.6831030353905,106.29565652339676,-34.608721960996114,160.90952504647785
437.0565304756164,-1677.663021623157,-672.7967823287472,-389.5423695347272,-30.130503993015736,both_blink,-597.03303893041,123.15118287119537,42.32031472710227,185.20117020018046
437.1578917503357,-1907.5584117993712,-696.5544967972673,-392.4164826506749,-11.558160813059658,both_blink,-661.2295949571219,128.60056237346515,74.41683253039508,182.52885470899594
437.2590990066528,-1835.0604511583224,-675.8092717430554,-386.2007689243183,-56.87826847610995,both_blink,-544.6322208475699,103.16376332860081,36.01979916312489,148.46234275789428
437.3603107929229,-1315.7454231111333,-806.9675631891005,-463.6428773067892,-163.40557881398126,both_blink,-167.01175427525962,2.514507475597803,-17.81589482423758,30.716061129075584
437.46185803413385,-1043.4545270372182,-882.7080170917325,-521.0802608262748,-279.9221619335003,both_blink,264.8655150678362,-132.8924224344147,-33.18330724911818,-143.30182730957807
437.5627779960632,-736.9435463687405,-1064.960821732413,-428.5065172230825,-512.3719037794508,both_blink,404.80243757875303,-178.74883606893226,-35.239434045643875,-221.04014221625238
437.6637291908264,-1020.5513797085732,-840.0170590975322,-517.0598683739081,-272.846271217335,both_blink,207.77567616470898,-98.42404544897646,-63.257030018567065,-120.79517488986369
437.7647123336792,-1324.2649152101949,-789.4685712964274,-549.0921114943922,-135.7490186416544,both_blink,-36.301749944487895,-1.7877559390808244,-81.57155563452177,34.11442225062911
437.86595296859736,-1443.3321100994945,-804.054181123618,-482.35359678510576,-129.67916101356968,both_blink,-174.1045814741688,26.19324368461576,-39.3185602943697,94.6133515743291
437.9665305614471,-1441.7912713177502,-746.1268707099371,-384.98530143871903,-103.7766139204614,both_blink,-389.096186527385,39.866943412768606,39.84991689210069,91.57387044764656
438.0676033496856,-2168.734325204976,-677.1780751268379,-331.02976477798074,-36.81744511378929,both_blink,-779.5411358157721,111.32724247151289,110.93051030320274,138.8900529906872
438.1684532165527,-2252.878334308043,-628.6659628516063,-293.5896263215691,-15.46635626675561,both_blink,-1036.8367285992201,187.5966457870562,170.43853992401273,214.6332567080442
438.2696843147277,-1868.2969420645384,-654.3478558473289,-275.548348935321,-6.404578674118966,both_blink,-788.9177131455223,151.42518889953027,190.02320515959167,179.1364459172126
438.3706157207488,-1678.0332717187705,-708.4043698068708,-285.5151823172346,-95.27208142122254,both_blink,-110.5673897324379,-9.236135923190226,104.44894725079558,-5.375322224128253
438.4711642265319,-288.75019577890635,-1162.3048077290878,-491.58740977570415,-630.7771363765933,both_blink,513.2539936286398,-175.40856438198333,-48.8877703092866,-206.5793987305353
438.5720610618591,-870.6000909851864,-858.5389136280864,-647.82173042465,-262.13145784428343,both_blink,686.9888790978498,-237.16882801235127,-123.4151656086713,-287.98873603279634
438.6730732917785,-764.9142581373453,-1018.9768818272278,-462.53586691990495,-475.6236468148418,both_blink,432.7232578199541,-179.47085853076527,-83.31752195295138,-222.81025173996179
438.7736046314239,-958.0763509487732,-943.2887865239754,-499.4112804830074,-364.42520143231377,both_blink,71.68898535610873,-58.5421864259045,-59.15170408422439,-68.18361027825912
438.874166727066,-1545.0536489943042,-686.6418919647112,-564.6613150099292,-36.82492491370067,both_blink,-120.86880965672219,34.93610106586584,-104.35049602093488,69.47376922982079
438.9746086597442,-1584.6180506255478,-666.1547200074419,-535.2395220585167,14.146171582397074,both_blink,-205.07678026114328,63.8029680565837,-96.65958477699293,130.2293028066655
439.0755741596221,-1246.9537033261731,-848.3701256485656,-471.4405687144026,-186.69393583806232,both_blink,-449.10486903765803,101.0199286735465,26.3435756156146,183.47964381229227
439.1763346195221,-2434.5570643055253,-543.7683639074676,-205.52620206493884,162.85581352049485,both_blink,-785.8124836258762,173.54648385062862,135.00268989115304,262.3685858854521
439.27738833427424,-1775.2987198163755,-624.9279328458942,-388.1529967011884,34.595944540109485,both_blink,-732.8219326062796,155.05254335665626,110.97244730920492,226.51946344828366
439.3788573741912,-1510.6409595520236,-783.9821380614303,-471.57146521285176,-127.94758733408526,both_blink,-129.17994743044358,-12.204380144349901,0.4712871946709605,8.83848779275851
439.47961282730097,-609.6541814268567,-1078.6638151700608,-532.2588217938319,-541.6254012328573,both_blink,474.1169420679724,-161.95768714242718,-109.47509611861844,-188.36570390299073
439.58130097389216,-834.2276939661242,-821.6915493146516,-563.9956128178164,-224.7885567867197,both_blink,500.6683484310984,-138.1101342870597,-181.46544908443775,-162.4530842682685
439.6819093227386,-1166.4579666298814,-804.3945120195858,-679.5398219488561,-170.08130023488775,both_blink,88.05541916847456,0.8101454604313645,-161.9715248268346,21.544984055690232
439.782764673233,-1352.1776585294865,-742.1999757564627,-488.6067095110193,-105.82233919622377,both_blink,-175.43710375619818,119.03051560914116,-25.15781140948505,179.92995034447762
439.8837597370147,-1413.3867311542854,-557.8303877408616,-228.13763719704,145.37178122764453,both_blink,-63.24493017162606,171.30477002180285,120.97149019415038,242.3138998757109
439.984364748001,-1188.570125117898,-649.5215149545111,-346.0866019995883,9.669511335436257,both_blink,78.93585413194708,170.92814962705302,148.98792570303638,239.34630675375308
440.08534622192377,-966.9099946441128,-695.5858627087437,-396.79964539874345,-36.7763062142767,both_blink,-18.02764580325941,118.02584247198203,80.82939708391879,186.1029012947261
440.1860778331756,-1733.7278618589044,-742.2785136555322,-364.9207381764427,-72.79341273754835,both_blink,-71.03173194416904,13.627119459015951,9.91597537639602,64.74228262982433
440.2869484424591,-798.4499410400167,-923.9516338030808,-546.0814920300618,-304.2483411952853,both_blink,242.7633341949736,-100.60929615586234,-45.568051116267725,-95.78006848012123
440.3876676559448,-619.3199528623372,-940.6390674053692,-502.3845009477809,-397.97771388478577,both_blink,659.2779393037862,-161.6112468539947,-103.38336157240977,-199.66549852629842
440.4882004261016,-445.6614383198321,-980.81307272939,-585.7767901597545,-430.7766364961863,both_blink,732.0879673642527,-154.66823386769983,-137.07148608195754,-198.4312292168758
440.5891969203949,-828.4364588847384,-861.439206043724,-638.969387229532,-229.57001888006928,both_blink,537.0704937240112,-125.49611790643414,-129.19317599315153,-150.59279101966882
440.6903140544891,-840.9800833361223,-956.4139654184692,-453.8256399231032,-413.73391239810735,both_blink,395.32030516766264,-99.32433677904243,-112.88439882235765,-103.32017887317521
440.7911076545715,-1108.124877071008,-777.5607298375107,-559.1487024752423,-119.96103097870946,both_blink,196.54727462543673,-37.08759235025609,-85.04349098755162,-11.792681883642645
440.8917698860168,-1350.6835684971884,-755.2597064017318,-502.2049857499078,-90.68509412556888,both_blink,-370.37419959411824,93.82174120440787,12.626854497930866,158.12726924625372
440.9922473430633,-2739.8058287389576,-490.3251935406588,-194.8226083917544,205.33546716719863,both_blink,-1095.9691058367916,241.68109976036004,157.71834837034632,332.29435389840916
441.0932018756866,-2363.4335168981925,-556.1436928608455,-245.6067098900676,134.79347420297563,both_blink,-1336.652216012298,290.4373558820697,226.2200438700479,377.9019674220079
441.1938726902008,-2020.7651834581047,-621.0103876423091,-282.5045628529042,38.49292029393837,both_blink,-781.3440947305816,155.9127921622656,161.5434142951466,212.92922188565757
441.29425764083857,-1230.2213909244165,-884.2320263236761,-430.1782525032759,-270.80054594157264,both_blink,202.02031566320935,-110.67129390339511,32.655065516237045,-104.41517381312553
441.39473295211786,-168.69566730130464,-1108.872857062146,-502.5453166458756,-546.0123038808815,both_blink,916.6114211855813,-311.3953524027888,-82.817163969394,-359.41545049966686
441.4955348968505,-438.40603240579367,-1111.9881937252358,-557.6153434934095,-583.7366747339256,both_blink,886.6113435373067,-266.33157123038376,-144.9459055462904,-334.59902050864605
441.5963037014007,-1106.0567123955116,-737.2315186653286,-628.9389755483717,-151.81188895134255,both_blink,190.83597790318794,-16.903851741022958,-118.18561901373417,-43.711554456971236
441.6969799995422,-1831.52250580024,-626.5865784762427,-418.8687950372696,22.0298806889914,both_blink,-594.1266859559869,199.02184937868606,-17.513753418832216,244.67845802065852
441.7976555824279,-1954.550254742615,-627.162523069419,-371.33840650040656,43.42584833549336,both_blink,-805.5904330100343,189.76579858007221,58.004696541343854,263.73955704501816
441.8983314037322,-1751.1632754523307,-747.6022612424567,-430.466224799864,-84.6507655470632,both_blink,-259.6610649568711,-8.622988959181995,33.29966140932882,17.8765294193817
441.99922060966486,-663.1777596427128,-1004.8475397946312,-500.9371596649289,-459.04093041131273,both_blink,464.5215415403513,-182.68069330235122,-45.290960986242915,-215.64331298043976
442.0997955799102,-704.4774748533964,-972.6582208760084,-457.3261862816289,-385.32376238470897,both_blink,544.2701449221323,-164.96567756552676,-74.20412612431045,-184.56836221757055
442.20057272911066,-1330.0617601415142,-795.0223227306269,-540.241638249252,-108.1616466185078,both_blink,-141.6972698748153,-3.9315977352956253,-16.401250967656026,60.660233108297604
442.3008966445922,-2458.71868796926,-601.1346893277951,-310.32754857325926,145.85609827190638,both_blink,-915.196283754816,132.56171375862732,69.18098222068407,276.02614851051004
442.4015114307403,-2250.840088832192,-666.467001653742,-341.27896060654894,103.8682414693758,both_blink,-1175.0579409460838,172.70985329037302,109.29858783284601,334.67328081115903
442.5022144317626,-1997.8732558293268,-707.0075171734206,-373.29250422725454,-1.933528277091682,both_blink,-869.4949378733183,137.75202027753772,96.99342528357985,254.59837141847177
442.6029934883117,-1705.0615286985412,-674.2385137616657,-344.42421646928415,-7.23670641425997,both_blink,-171.7946191629639,13.306542919352317,62.48406628918643,39.886011434159826
442.7035465240478,-586.8987601464614,-1003.536704860162,-484.2179369130172,-475.5282793659717,both_blink,650.3187283552736,-185.78899822572433,2.3795095252779426,-256.955132760438
442.8045539855957,79.25595986098051,-1186.8404213883914,-459.8749281014316,-729.9835925512016,both_blink,1133.2018665126793,-315.79249621872594,-93.8491494251605,-437.6205144012126
442.9047820568084,-442.8116345535964,-948.926685707178,-707.2618303704076,-387.6668097069487,both_blink,1009.329124750105,-266.1727436342152,-176.51153144668848,-368.8126679631421
443.0054891109466,-644.6166361626238,-1024.3342885137536,-548.1926655550487,-521.0840007262304,both_blink,586.9056771122182,-133.82905365893242,-176.6634073263786,-184.21904564614923
443.1061534881591,-963.3720492860302,-771.1804605131038,-585.939475807827,-133.33491322025657,both_blink,328.92815511808715,-79.6453950765086,-106.21072807105175,-96.61877784060277
443.2067785263061,-924.4696099469438,-961.4478707588278,-488.06442401744425,-392.94006864447147,both_blink,290.2242413285536,-107.03080726738867,-49.13538743312833,-122.1335250618777
443.3075950145721,-1029.9048694977537,-927.3699023625812,-449.9211843693629,-324.94494755007327,both_blink,258.655010739993,-119.6503467637515,-46.17938069203238,-141.49942453572686
443.4085471630096,-1139.330602301285,-840.0170590975322,-537.80509342812,-264.3548283679411,both_blink,166.26591129420663,-104.42269369799753,-49.903281263743104,-125.26373958298845
443.50914597511286,-1170.1361582363024,-917.9752736738884,-449.4574367748573,-307.4870945569128,both_blink,90.33524054302966,-107.77568440425141,-24.920834806003167,-124.17582547824318
443.6099565029144,-1214.319336312823,-899.5188673925586,-472.1174906063825,-289.75248896703124,both_blink,48.98609597175518,-105.27516402632445,-20.961646751562835,-114.02089113750326
443.7117764949798,-1228.0971277495846,-876.6643387633376,-459.2372751589865,-297.1425312794745,both_blink,13.072517883657387,-48.06111300634892,-73.78498880229087,-39.37100953306456
443.81292319297785,-1361.1178893735632,-686.3894487177022,-631.6915419157594,2.42345517128706,both_blink,-1.764249866373862,18.347717630758176,-112.04729468051781,40.951089515377284
443.9137594699859,-1211.2862774487585,-851.7229459588416,-482.83604387938976,-259.92304692044854,both_blink,13.164973153206637,10.926837249178961,-66.10540790061576,21.19130290245214
444.0141382217407,-1218.010617569089,-831.9650544929318,-392.4763210499659,-237.73422048334032,both_blink,24.886624737094166,-59.85098781361785,10.65662587225996,-80.3884349664795
444.1147003173828,-1295.6434608493,-858.3612683801912,-442.2020308608189,-267.6833393285051,both_blink,25.688589541211737,-98.86669439894159,28.28494831877971,-132.96160931426894
444.2155983448028,-1311.4407982621342,-871.0544888298027,-477.0784678976052,-266.2023389460519,both_blink,4.393867048606737,-38.29783897499927,-19.11418882212744,-45.24966217931238
444.3161399364471,-1301.8255154760554,-678.9096488063224,-506.4516421495937,-27.469565174542367,both_blink,-119.49725683205776,88.14241604107104,-83.78996204043001,135.36865988974148
444.4166181087493,-1688.2319788979366,-618.1512341261841,-534.5719499164261,93.8976681875065,both_blink,-350.24400410624435,171.20325406645142,-117.09654381002491,256.19260825382935
444.517463684082,-1731.296926887706,-656.7844006684609,-539.8115497543477,25.973605192266405,both_blink,-463.734670787388,134.29060769514928,-79.77819797917327,206.60251114346826
444.6180775165557,-1515.1269695488736,-772.2164128008299,-513.1685024700128,-120.38737957365812,both_blink,-241.5381966334458,16.300174707859064,-5.51387652807533,43.08948765404483
444.7200725078582,-1145.3593210298568,-874.0576284942217,-322.11571323359385,-277.4594378126785,both_blink,120.70442205031074,-66.08247781148839,1.9081949961269542,-62.621508225654054
444.8204424381256,-1338.446615842171,-766.3784289699979,-525.9552204185165,-85.30711798928678,both_blink,98.33309133353713,-32.03832386131307,-56.37374835987262,-2.7878644903614678
444.921404838562,-1395.6072467649356,-783.1107413717546,-578.594312294852,-132.29896093253046,both_blink,-454.1484014863603,80.5202024065068,-38.1646737995222,150.0109105816683
445.0218517780304,-2402.781004332006,-615.4136273586191,-245.6646783393808,95.4534665690735,both_blink,-919.39725236961,141.1783694186168,87.31595918485289,213.01257715692213
445.12238621711725,-2208.156610637903,-658.0559666533954,-327.5946666686796,6.593443621881306,both_blink,-685.6593788008646,72.61937613322272,148.5422174098899,105.0027145421597
445.2230899333953,-922.4351043710484,-928.7069165967404,-384.2784603470936,-353.8674638574012,both_blink,-48.428209029053136,-48.000291702795465,50.67532282692132,-53.955868827946034
445.3235075473785,-1077.1510256379845,-864.7396677546203,-514.9131657993421,-244.55392805254087,both_blink,272.78083049422213,-99.0288053216013,-67.35080906570589,-117.73090856018786
445.4244334697723,-1367.2438455009833,-795.166308878921,-540.2435081992298,-173.63794509274885,both_blink,170.45966578116779,-67.79101629067964,-67.74046022452802,-86.47593936936
445.5254004001617,-1129.7340190149844,-858.1985827321187,-399.1370828710496,-269.8206921531819,both_blink,11.28851385723133,-15.434732988787143,-9.060882337967062,-24.948269793477607
445.6261467933654,-1223.9757579984143,-793.2888791011646,-431.06834869273007,-174.08673308743164,both_blink,-74.32465970348483,17.24342459029193,4.650941605015515,30.724288920203453
445.72694778442377,-1582.1497166547924,-708.438028906472,-501.3410688601434,-30.01082719443366,both_blink,-114.30335683571825,4.83123687698766,-9.65490520350522,27.410009158032683
445.8281998634338,-1215.0635764040053,-899.8087096391246,-469.3836237387732,-284.7802919759415,both_blink,-3.7233450891142974,-55.771436037978255,-9.946913310790213,-61.32267996218632
445.9286451339721,-1115.7056542811915,-882.6949274418876,-335.5363442245871,-330.75114223128185,both_blink,183.1130606327772,-100.10968467776189,-16.112140311950473,-133.9002035735764
446.0293478965759,-1330.93315683119,-795.7272938722745,-554.90765592549,-152.75060384022072,both_blink,66.1351968235634,-47.579642233862096,-14.780645415254032,-63.95585980500696
446.13081598281855,-1285.1455616736785,-772.274381250143,-455.8526656990871,-131.40699479309842,both_blink,-415.7544076442436,85.80076331420418,35.76086176370377,112.34882517432813
446.2313601970672,-2583.264836293645,-525.8916421192698,-219.48537864955145,131.33032684400678,both_blink,-701.7876219988225,178.4517384064268,77.73033412624557,218.72483386204675
446.3320639133453,-1263.7047152277082,-736.4293101248331,-497.74889495270327,-93.57229689136147,both_blink,-378.0201230008269,125.51496804391857,28.222227785628007,134.1953526599014
446.4330868721008,-1229.080721437931,-774.5725497729145,-523.875836043153,-189.02202356047928,both_blink,168.41412613358978,-37.05849043742557,-54.525295429335316,-72.87515333086505
446.53374385833735,-947.0062470799312,-931.2481786166318,-430.2063017529436,-355.23065739125013,both_blink,336.664930509606,-151.1213281538714,-55.83446113784567,-204.95939120186054
446.63477563858027,-1088.2884477060288,-968.8566125710496,-461.1053551868536,-387.7079486064613,both_blink,168.91885007298632,-103.84745331079979,18.653792630787734,-139.6486749768007
446.7353184223175,-1232.3774432488715,-648.0554741718806,-368.95048037869856,-9.304871089756489,both_blink,114.87662270048739,52.21642050736994,79.42523890047437,50.339197103533024
446.836201429367,-1101.1967124030923,-608.3489563423209,-308.135967199225,44.60578677151352,both_blink,236.36453842327518,186.09974666975683,93.49732640088496,213.6338871136179
446.9366507530212,-914.2129343184642,-619.998744704295,-386.1988989743404,45.74645625799894,both_blink,229.13679650140384,224.26901419323295,98.18663900987403,267.4794117297014
447.0371084213256,-1089.7787978383712,-630.7247777772136,-331.5028621223755,21.71759904269129,both_blink,111.07723535989032,145.55275984898498,106.87984217362549,175.38822640156468
447.13790988922113,-1549.2722561443225,-722.5281019895338,-334.9734892812557,-87.02373206894845,both_blink,217.89145911004024,-28.57622772353019,75.72133734170532,-50.708763878563204
447.2388703823089,-308.4744281452149,-1066.602637812961,-478.3500338825397,-535.0300876609981,both_blink,512.9634745245219,-177.94458416264195,-18.171432271001592,-256.5202301730021
447.3394591808319,-705.1469169454649,-960.8008680664934,-586.8033926975913,-424.0186372762546,both_blink,611.1075573027641,-178.98599867679275,-126.76569281745128,-265.3253055217675
447.440316915512,-1109.826531550847,-812.0762665285729,-616.4308801465668,-209.25862222071737,both_blink,429.20677750360886,-74.36440327099007,-182.66886215176444,-118.71145805977422
447.5411283969879,-1160.072087455541,-749.9602681645192,-533.958606323693,-106.26925724092872,both_blink,121.96937873993332,16.62185742301004,-143.6785925444246,17.30538151340301
447.6418004035949,-1290.1944266138598,-789.8238617922179,-541.6665401323698,-163.01101936865598,both_blink,-346.61023980797455,90.67228447532943,-5.482522792101653,114.16871143800284
447.7438170909881,-2550.8885223772377,-528.3337967903353,-230.51434361888096,158.4820005223155,both_blink,-904.0793505212453,185.25761360893523,152.32643688940465,219.1011609397065
447.8446955680847,-2251.3711546259,-571.2341891820543,-252.55731395771727,106.82276243437082,both_blink,-1071.8188052564751,220.77478143534995,188.5862495771846,257.6549351360546
447.9457008838653,-1784.2838294599203,-711.2074248236604,-408.75049570715055,-69.90620997175574,both_blink,-549.6473814535659,98.87365786813348,62.48175007083919,122.73224695562936
448.04616975784296,-1154.3874395228922,-882.9249312891625,-496.0622000726871,-248.4677333561704,both_blink,262.60558156602997,-117.23454012027062,-91.7452708473444,-126.4574630833437
448.1471729278564,-436.0685949334875,-1034.9593442878686,-638.2326269382611,-438.9950666488148,both_blink,728.9179325746969,-253.3673477208969,-138.9144695063587,-304.9259144833561
448.2481770515441,-601.14777897764,-1055.0500868498348,-520.0742277381942,-513.1011842708103,both_blink,706.2732403495276,-226.44554251824934,-116.53407500130321,-304.29515341688546
448.34900903701777,-904.782776580192,-849.6099024838768,-578.8729348415509,-265.658183502499,both_blink,485.9171146722684,-110.2876388574722,-127.49755851113301,-175.5822052344047
448.4503681659698,-1127.2918643439189,-767.0628306618892,-530.9573366092518,-151.1611463590525,both_blink,186.77670614394435,-1.7144131367580435,-134.93929814456786,-21.780393849601904
448.5517342090606,-1374.7273853123188,-794.1509260409512,-612.8873249385506,-129.77265851246193,both_blink,-309.9747249773694,82.46525295608568,-34.67343070107921,106.5153397455968
448.6527116298675,-2322.5975492820144,-563.5374750732444,-201.3487338144332,112.3297651191242,both_blink,-810.2431486315894,139.38016171979896,109.40637720454885,177.52676546732985
448.7538213729858,-2036.887892167084,-672.0544121875428,-363.03956849873066,-2.937691415194422,both_blink,-790.9236918877472,122.91485527702238,121.21723632190165,143.81308255144307
448.8540551662445,-1465.6181739354506,-813.5647467109375,-458.04424707312137,-190.42261609388515,both_blink,-151.06415749178854,16.283731483946802,-4.097891036537012,4.551501456533874
448.9549977779388,-675.2277172999457,-867.5464626713656,-554.2307340335101,-279.06198494369164,both_blink,518.3322346603612,-112.94039205224269,-94.01030401496298,-159.8654492375066
449.05596160888666,-750.0481558134779,-918.341783869546,-498.36036859545857,-320.8740664483048,both_blink,650.842644771956,-167.65191838847474,-71.52418180671305,-239.9364745065545
449.1564474105834,-928.5217915489338,-984.7960661822,-446.14575536409393,-433.3796068653464,both_blink,340.4073781568215,-113.39761696841333,-33.638661994293784,-180.69860750437317
449.257441997528,-1168.9150809007697,-739.361391690094,-571.4772826791741,-122.38448614999652,both_blink,78.72024366156923,-20.707524972405892,-61.71625382600884,-50.186294719754535
449.3580319881439,-1303.603837904986,-774.8343427698128,-516.2875790330581,-113.73783745244144,both_blink,67.9464775664826,17.021472713652948,-110.30825428183964,21.44967164080115
449.4602618217468,-1339.2376046827994,-774.5613300730474,-516.0444855359383,-120.99324336647987,both_blink,-0.49173699774464374,18.11185298743055,-90.12638382964778,22.523068763463147
449.561338186264,-1510.4464847543277,-734.3761050491594,-486.2487025889568,-106.06730264332144,both_blink,-429.5648283035702,75.29984184771932,21.024671954318606,68.64384105628756
449.6624009609222,-2449.6924394262023,-576.9711957140826,-242.88219277234748,67.16860320419073,both_blink,-953.1139522822125,174.48074789351548,154.48074384303408,175.88160019171244
449.7632355690002,-2301.072555087041,-618.7421383191831,-220.96637903200465,59.374651696532965,both_blink,-1008.6162618607807,181.32708577959082,222.08322625835095,187.75345647038284
449.8643550872802,-1745.3757802709006,-732.0723266764544,-267.7113885781728,-130.48510945402086,both_blink,-508.2264805227425,44.69494663149986,199.71625357235584,17.387109052009787
449.965232849121,-1175.7927569192834,-887.5025688349269,-359.6156900892965,-304.8878640877083,both_blink,77.0667019924852,-106.46087634625991,114.74579058820558,-186.20932220413962
450.0666055679321,-1038.7553427428938,-950.7517568855546,-359.8475638865493,-405.4201147966087,both_blink,371.458648803074,-133.68561733943997,-6.591383437240575,-230.72939001310132
450.1673324108123,-819.3204527427442,-828.0231999396347,-677.3501105247997,-244.54457830265164,both_blink,413.75517854744226,-68.11848141145407,-126.00307334292566,-135.9760668606942
450.2687168121337,-973.5034382659942,-794.418328887783,-575.6136120301671,-166.4274179781787,both_blink,351.43151182867865,-30.35185594426298,-184.52514371287603,-64.5279075352004
450.3698556423186,-1102.313072539866,-850.6664242213592,-597.0993372756056,-231.6101343058981,both_blink,203.1976322847408,-38.179386425752234,-158.81685525524682,-66.19240558865664
450.4712924957275,-1211.903360941447,-827.4453853964806,-593.9054627134465,-211.2314194473438,both_blink,-41.3193305568657,-9.955872160253517,-84.66638193472639,-43.27613573367527
450.5723106861114,-1990.4682539170608,-611.7204761523753,-358.83779089851305,31.749880673829463,both_blink,-326.50049785074566,78.56672843316677,-8.350559292291884,56.65854075190667
450.6735751628875,-1308.8640071926638,-735.6944197835401,-501.97498190263286,-94.11271243495868,both_blink,-524.6441014364515,145.15253953556132,47.882000600840904,143.47200785185393
450.77504491806025,-2118.945037094876,-653.7045930549502,-314.22826422704384,2.904032315593213,both_blink,-443.9304541759507,99.1999086870834,74.90287748525793,92.20444555254484
450.8763062953949,-1324.6426451057196,-794.5941041857004,-364.3167443335988,-179.71528252074495,both_blink,-28.06665592472794,-49.483259291530985,70.07208076346103,-96.0678435656253
450.9774312973022,-649.1194757092744,-999.1329726623372,-470.9824309698306,-431.3694106391631,both_blink,436.31155139387903,-181.61141466786515,34.43114260881909,-265.8763189501588
451.0785584449768,-810.567216896452,-1041.0161122661084,-466.3150358251296,-476.2444702074863,both_blink,580.9015550223291,-193.8868552211606,-42.298131446885684,-277.2124389725573
451.1795446872711,-1094.2835073349995,-766.1652546725236,-565.5645008492284,-133.2619851711206,both_blink,350.3006669928383,-105.40094295827207,-141.47602794780363,-153.86484003325853
451.2801630496978,-1234.3240611758083,-824.4665550817735,-597.6678020688705,-178.70550953270867,both_blink,-31.11557396446252,8.04329802053017,-160.32706247080458,0.9425907210138185
451.3809192180633,-1308.5049767969176,-796.8960126084276,-590.7190679511987,-131.13398209633306,both_blink,-224.97952923637862,92.13996304998221,-26.915419969049438,113.30531350181117
451.4816725254058,-1628.2533333585598,-538.2071326733567,-185.16057685622943,161.9806769308634,both_blink,76.00095379310932,91.24259027529676,136.69752437026594,111.77421134968756
451.5823638439178,-374.3695954144932,-832.5746581857093,-324.34095370722935,-181.9966214937158,both_blink,768.3138304043215,-7.841509498518942,147.13752606910052,-23.93404656218329
451.683176279068,179.74894162034616,-1016.177566710394,-480.9193451520987,-437.5140662663616,both_blink,1302.688386009951,-113.46834067410109,24.777973317445287,-177.8143864492542
451.7841434478759,-111.5892649278976,-760.5367052392103,-508.2131350287236,-164.79308169754222,both_blink,1387.4097943176528,-140.02927029800725,-64.11420977333744,-226.63433933685425
451.88556051254267,18.039407436270267,-1003.0617375657894,-429.95198855595663,-429.2937661637552,both_blink,1288.1413768786845,-111.0923709183012,-62.348446067175765,-185.66877323716693
451.9862167835235,-254.4871023348533,-812.1847236272879,-616.3411225476302,-164.63226599944755,both_blink,1172.9922290545098,-74.83957883497868,-44.82927718654969,-121.82234088283799
452.0868685245513,-121.15592901455238,-851.247978664469,-414.90637103421614,-244.29961485555395,both_blink,821.9997479591558,-31.91056280113754,-59.51944047444614,-53.504432732823325
452.18778038024897,-1422.485907746479,-739.3800911898725,-574.9703492377885,-61.190373125020415,both_blink,220.99342671981452,18.662213968870724,-78.34933213682596,7.014194104266178
452.2884273529052,-1499.576465533115,-725.6135194529779,-528.6741276863031,-73.30390908150002,both_blink,-242.3924218530839,62.019885919230354,-72.25127724592656,39.768727603941045
452.3894114494323,-1541.945792131126,-705.4891177914105,-496.63814466586336,-88.99652929557487,both_blink,-346.1639692616618,88.63208378651423,-54.60172740376283,52.03979288526349
452.4905383586883,-1545.1321868933735,-737.1324113165028,-467.39960681227967,-108.4402691652067,both_blink,-231.2198554917216,70.5683526395589,-38.049215244982804,32.0126928197584
452.5916635990142,-1447.5731566492468,-765.9633000749163,-494.4316036920063,-124.53305867454036,both_blink,-34.48921732465897,-23.654906109943685,-2.447340339799593,-69.26800970526259
452.69237351417536,-1072.378913294524,-920.6941809416747,-415.5907727261074,-337.83077284740284,both_blink,188.14396650202664,-135.7429713834578,49.70517925725994,-213.28101734225461
452.7931342124938,-970.5563971009104,-982.1781362132168,-311.6178140579723,-414.0873329439201,both_blink,279.8807023754671,-141.1252432081838,65.04761946925998,-248.46993660783832
452.8935756683349,-1242.3985051801428,-785.4706182437949,-516.2987987329252,-210.1169292605482,both_blink,124.70135472380265,-30.264274329696605,21.82706775771508,-123.59050441286563
452.9948403835296,-1433.8252844121307,-694.0973825263791,-451.1647011046298,-73.28520958172157,both_blink,-132.30821240412936,60.07436607524757,-26.33642993650706,12.573526744777666
453.09563326835627,-1557.7057305444032,-762.1934809195809,-463.3642547600903,-90.63086557621136,both_blink,-262.96495493166606,57.119390464826324,-28.963691354156865,35.609015376181034
453.19642376899714,-1585.9569348096848,-753.1821919763461,-484.1319192140363,-122.5004230486229,both_blink,-252.24266857817912,44.64699866474412,-0.5384560785240966,14.721238959778885
453.2970283031463,-1526.4252073150128,-675.6241466952488,-447.65293504623696,-41.07158131338656,both_blink,-235.88047635210617,84.42145478695382,13.442151842160623,44.97726364206918
453.3978962898254,-1491.195349732414,-703.7631539618596,-418.960422586184,-62.85275865532458,both_blink,-220.68243598915578,95.88608482303752,-0.4622365745743653,59.11469114196726
453.4987349510192,-1461.5828218832612,-785.4724881937727,-485.00705580366775,-149.83909172471613,both_blink,-74.43417056560872,-3.27063142525164,-5.877100698433855,-53.86598949634236
453.5999720096588,-1124.1391286812725,-917.4161586305128,-471.0721885687672,-338.1991529930383,both_blink,182.5927515713648,-138.98334924910057,23.35155183530853,-228.68794857925167
453.7006666660308,-925.5728804338725,-959.2805987345056,-337.74849504837766,-388.6728427950293,both_blink,304.88526546001424,-161.32487453886327,44.8372906037464,-273.27356642529395
453.8015124797821,-1198.2377665033564,-862.2975130835548,-507.3903570384719,-274.0972677525133,both_blink,160.1068620580493,-50.52981507264906,8.485843653928601,-135.71068407864408
453.9022793769836,-1415.645630727522,-675.2950354991481,-485.70641709538177,-35.76840317621827,both_blink,-71.6714409825635,57.82386949247551,-50.50642583939769,17.004381809802496
454.0028376579284,-1455.1614136593416,-736.4087406750768,-515.457321242895,-71.4059098539874,both_blink,-181.1708889444712,70.33961838712905,-58.49135267756839,42.14236338744993
454.10358500480646,-1530.3521022684872,-774.1181519282982,-509.510880313348,-143.7318350970745,both_blink,-204.12213008270388,45.84161092450864,-18.720734050502426,4.2532052620326155
454.2041478157043,-1549.988446985837,-695.9991216538474,-404.6366057558917,-63.01731425337493,both_blink,-249.36331233793254,54.81251293307021,2.7302668378487978,13.14442215884118
454.30447626113886,-1532.7101091905497,-754.6220534592867,-498.7025694414042,-99.32052312325686,both_blink,-242.25884090299746,50.322012911553195,-7.059014278431816,17.528034624535003
454.4048025608062,-1455.3353190072812,-805.6155893551186,-457.3392759314738,-167.3006846178323,both_blink,-61.04545027500693,-30.45380894100787,3.709411896225992,-85.02769906684868
454.5052254199981,-1090.8446693257429,-917.4423379302024,-437.7048011641018,-335.4465866256505,both_blink,179.7855349517804,-127.02312902734285,42.17817831808441,-227.02591396491798
454.606251001358,-1012.4414066546595,-929.555873886682,-337.2510883542709,-381.3014999823645,both_blink,239.85130576847413,-123.76117177172398,49.61870687286155,-237.7387821736022
454.7073090076446,-1273.5537417610176,-792.3015455128625,-546.4124731761403,-165.10162344388664,both_blink,104.03716121261935,-19.724192512379204,6.332066411684955,-100.16887424338657
454.8081834316253,-1399.2255999720655,-726.9093947876245,-453.6479946752079,-80.67712184414268,both_blink,-40.496406780614954,65.1867227488472,-36.5385934208049,21.795421231951465
454.90885663032526,-1384.96536144102,-717.1893948027864,-489.9923424446024,-84.79849159531295,both_blink,-124.41947268000536,55.46597297029363,-38.35986459741931,20.981802112884658
455.0096280574798,-1434.8369273501448,-814.0715031549335,-503.9197298795916,-154.82811826560646,both_blink,-206.71541068991223,6.899231580125663,-11.104333276924022,-31.891890093423342
455.1105723381042,-1764.3221134464256,-767.4686098070815,-441.5082794190384,-111.30316258128732,both_blink,-255.5766881895589,1.6653289289322935,10.268278729567424,-34.32702428730141
455.2126839160919,-1407.275734626688,-756.138582891319,-458.3583986693993,-109.17141960654408,both_blink,-205.97074089080286,30.98376879683336,6.03845117833657,-1.428696061694599
455.31361889839167,-1398.8011213270947,-769.175874136854,-446.41315821092576,-128.33092707954347,both_blink,-112.55279166868763,28.100707652266856,-2.080451043457579,-20.109709980341467
455.4141244888305,-1426.2931259013712,-817.8693715599366,-481.0446318006143,-206.3041012557224,both_blink,-12.288201294512195,-29.854537546932704,17.170770113857607,-119.11661868974467
455.5145647525787,-1043.5218452364206,-873.4667243012227,-446.5777138089761,-327.2001072233543,both_blink,174.8043387380338,-94.98656754919213,29.511613628322973,-225.98430190257363
455.6154341697692,-996.9825301878154,-925.8776822802612,-430.1782525032759,-364.494389581494,both_blink,367.580297553558,-98.54550294044718,-20.781416466176168,-233.38307461810012
455.7162256240844,-1320.4801364550367,-725.793034650851,-548.7480406984687,-123.06514794193208,both_blink,185.56870452099554,-7.683390174424362,-67.50805540118269,-96.54497416625388
455.81681108474726,-1357.0413984218612,-738.3142197025008,-513.8659938117489,-77.67772207967937,both_blink,-509.039580802636,132.07189439284312,22.016782389963243,106.7742209462375
455.91787528991694,-2826.552808211185,-567.9505570209585,-194.3738203970716,143.08109250478446,both_blink,-1107.7233028662256,199.04137704009267,202.21120630239434,203.08911343305553
456.019270658493,-2227.3759565101936,-626.3715342287906,-228.3321119947359,13.489819140173497,both_blink,-894.3989779872653,109.96038548549569,258.6006626148719,73.02856021050509
456.1199595928192,-1192.220267474651,-899.9040770879947,-324.79535155184567,-354.5462556993589,both_blink,-114.93878880789477,-47.64333004498638,131.1024002838512,-179.45364535063516
456.2215235233306,-1181.9411524464376,-889.2285326644778,-462.487248220481,-309.8675408787094,both_blink,272.33907848689324,-93.41180893934926,11.706988129349831,-270.87433509927905
456.3221151828765,-1431.0745879947208,-723.5360050275922,-525.9458706686273,-118.01441305177286,both_blink,-126.83250638028059,19.63929426909293,34.73924447807435,-35.36271148154278
456.4236907958984,-2104.3986962172203,-667.4524652920663,-197.96412435453385,101.70096944505347,both_blink,-743.8985405078433,156.54682103037004,100.87316521775968,329.5500080811863
456.5244977474212,-2145.3543406319804,-619.757521157153,-458.0928657725453,501.49253480834886,both_blink,-875.9355916418566,173.7294626035809,107.30631186234834,421.9861046563832
456.62528729438776,-1749.2615363248624,-723.188194331713,-423.6857861801982,-62.7162523069419,both_blink,-423.70810013302594,60.63400751867054,100.06899225266078,112.89266232840937
456.72588825225824,-1217.4627222255804,-849.4659163355827,-303.1001919088885,-389.0636623403989,both_blink,171.89125723408162,-70.81616881532614,100.32882025889475,-266.667301351551
456.82648205757135,-805.1985905100591,-920.052788099274,-378.436736616306,-429.7575137582608,both_blink,422.1352552820494,-97.16896294256681,45.85968939423619,-347.620591628834
456.92744445800776,-1198.2396364533342,-791.0262396279722,-618.5308339716867,-242.97943017119545,both_blink,205.46747408050214,-8.839647338173803,-30.642366127053045,-165.98339830118235
457.0278131961822,-1430.5435222010128,-703.1984290685505,-436.5435622278601,-101.77950734412298,both_blink,-192.7701287841869,84.61878633131504,-20.24126889794284,-5.83912228806409
457.1285169124602,-1899.13428714918,-675.8448007926345,-403.3257708214224,-77.92642542673275,both_blink,-439.76214274986825,99.82750571117424,58.291753035692544,23.680994989688603
457.2294452190399,-1712.2215671637096,-766.5242850682698,-399.2324503199197,-95.23094252170996,both_blink,-473.96939747211496,67.72500906268128,92.83957517189967,23.338800579625698
457.3297531604766,-1625.4558881917037,-743.0751123460941,-392.7624233965762,-60.04970363853499,both_blink,-375.80733505682423,36.36482823170002,74.14974563979004,27.256584231259275
457.4307534694671,-1609.5351340803318,-796.2938887155615,-417.71877580089495,-124.33110407693312,both_blink,-130.76269389854903,-14.326038789054328,72.69548175169626,-52.90853240116629
457.53137755393976,-1081.9736266308464,-874.2857623915188,-415.897444522474,-301.29569018026814,both_blink,232.59498198228,-92.87923555791144,74.81769268081382,-212.55880796669268
457.6320526599884,-696.292703800369,-985.3084324761294,-397.0146896461956,-473.847194335889,both_blink,487.14332309577156,-133.9497099107941,8.184982219023011,-302.4185802707256
457.7329201698303,-956.1933113210836,-839.983399997931,-655.5390139832161,-265.48988800449297,both_blink,469.59231492299574,-89.49433784544522,-105.9899595745843,-239.25367570591382
457.8338277339935,-1098.96025222959,-787.6659395177849,-648.8670324622653,-197.83883770601824,both_blink,289.68078123155294,0.48740685552402674,-170.8927569459216,-103.41856098272544
457.9342241287231,-1134.5566200078465,-763.4201681050472,-588.8790371729992,-139.61233529588208,both_blink,115.1185316020459,65.17258907199195,-148.13760748179035,-7.541386064954034
458.03471231460566,-1262.4424989926629,-737.0950123169459,-512.4280022787862,-117.37489015934987,both_blink,22.944822311193555,54.89939759535294,-58.941785585926596,-13.861128556170756
458.1353840827941,-1317.01511914609,-822.9144966001622,-526.347909913864,-201.17856836644933,both_blink,105.88048147996118,-49.950950427251094,67.61439893967429,-149.70121200920724
458.23576092720026,-961.4403909589164,-1005.6029995856808,-218.54666376067323,-475.1299800206907,both_blink,388.6687815160661,-195.84765800773837,152.51966719050537,-352.2421820122153
458.3363518714904,-571.9672095733695,-1061.114334627986,-414.2967673414387,-541.5954820332117,both_blink,659.9077484388729,-262.88211379807115,104.10143635053917,-454.76706371656917
458.4369091987609,-657.3266861620359,-1022.6232842840254,-494.1810303949751,-518.9204686018638,both_blink,690.5209631592476,-199.53357439028306,-28.508873409524227,-372.29863978888386
458.537405014038,-901.6206911676564,-848.377605448477,-630.466724680271,-259.9623158699833,both_blink,531.5122888943704,-98.45100909712468,-88.30299177932842,-231.09562497079457
458.6380927562713,-869.0386827536859,-892.0932960305363,-444.3468634854071,-303.734104951378,both_blink,373.3607798458988,-67.70314821020544,-30.152601366953668,-190.41942772589547
458.73903656005854,-1067.335658204276,-899.5207373425364,-460.2638776968233,-362.4505342557095,both_blink,275.4376519672435,-93.14960555677806,41.440030017719934,-229.04967294326767
458.83991312980646,-1153.5366122829728,-883.6037231311202,-457.6683871275745,-309.77778327977285,both_blink,203.14891170015423,-94.52936451134676,48.86139523685711,-227.07758913605616
458.9405083656311,-1184.757297113072,-850.4719494236633,-453.8985679722391,-231.34086150908843,both_blink,146.74528205691735,-48.53544371415281,13.176646537455316,-153.7017927032786
459.04128408432,-1265.456858356949,-783.2360280202702,-523.5579445469193,-172.26166190905496,both_blink,77.12091960098702,12.150579173651554,-34.154286592750815,-56.001528532135055
459.1420505046844,-1368.491102136206,-739.65123393666,-575.3779983329587,-65.98492486821488,both_blink,-54.955286383171405,66.8288062249164,-87.22858264455664,40.72638658144642
459.24321985244745,-1524.8488394836895,-692.904354440514,-591.0369594474323,28.585925311315805,both_blink,-192.90310406076406,104.29940568501289,-114.23295757686638,111.23025701344356
459.34414815902704,-1570.1726870466955,-731.3243466853164,-565.2129502533935,-44.12520962720737,both_blink,-193.70595057495908,88.70077628892165,-65.52710047956526,89.17299665702005
459.4446873664856,-1371.554080199916,-762.2196602192707,-453.9284871718846,-94.56898022955284,both_blink,-42.506507855740466,7.477428067879016,40.51106343800713,-39.77656679189905
459.545598745346,-1206.179444059264,-857.5571898897178,-367.5741971950047,-258.82912618340924,both_blink,89.24673553663912,-63.09528417094379,103.95956440976362,-155.42821031266493
459.64622068405146,-1306.9136493657716,-917.4180285804904,-429.9258092562668,-321.5322888405062,both_blink,70.66897643440146,-37.72811170366093,60.300544534858155,-136.9292327402963
459.74741125106806,-1366.7146496572532,-678.4047623123042,-535.0394374108873,-50.75231234868989,both_blink,-34.248902595498336,42.65515916791207,-34.43699431974808,-40.39795946948116
459.8482091426849,-1455.133364409674,-746.8000527019612,-580.692396169994,-117.9994534519501,both_blink,-107.25441390096385,73.60945869711091,-85.05383612702957,0.8742054162270847
459.9489991664886,-1464.311078900937,-759.3399372533895,-554.3485408821143,-128.81150422384962,both_blink,-135.3519103891564,56.492747181877604,-74.65011765316338,-7.6685190024206715
460.0495977401733,-1476.058104661759,-772.6502411956899,-529.9681330709718,-132.33448998210952,both_blink,-140.91400822323388,58.048344715234165,-38.00133119947151,7.868802197263804
460.1499774456024,-1417.936319450382,-714.046008890029,-456.8493490372784,-65.24442467698827,both_blink,-75.4273680956064,52.435727668025336,25.27937261905811,-8.097147701626778
460.2507548332214,-1300.1930491453968,-811.2329190885648,-424.1476638247259,-211.56614049337804,both_blink,87.53542873196521,-22.182833074169896,118.23736358901924,-135.64150011550825
460.3518245220184,-1056.8489787285216,-961.1019300129263,-270.4976140451617,-444.60304663237184,both_blink,228.91142062277098,-102.26290579541968,172.4540182643773,-260.5683777817175
460.45237088203424,-1154.5501251709647,-848.919890942052,-374.0217847186141,-285.11875292193145,both_blink,198.62954077822278,-69.96651071878017,117.93082910610977,-203.56331213676808
460.553349494934,-1355.1246996945702,-748.9785444261506,-541.3037698366679,-82.95472091715783,both_blink,29.643676775139205,48.30604755892127,4.277030966947201,-13.385834218843762
460.65416693687433,-1369.9234838192351,-730.3949815463275,-497.56937975483015,-94.7503653774038,both_blink,-79.63178569535782,100.82810303859527,-42.90643759619944,73.11432137099013
460.7554106712341,-1392.9463079464622,-753.6646390706301,-467.8446549070068,-110.7982760872692,both_blink,-1.4256110983234436,18.54030222728578,27.03999721586134,-56.92846288466136
460.8560841083526,-1157.8711563316174,-939.470348669216,-396.8239547484554,-404.39538220874965,both_blink,173.25880498810386,-100.016025465377,136.63552695535463,-258.6211988340306
460.9570174217224,-1093.799190290738,-931.1154121682048,-309.2467174860649,-428.368140924722,both_blink,244.12717404251853,-124.36547481609607,166.56868522797583,-315.2958503976351
461.0576059818267,-1210.7458619051613,-829.7603834690526,-380.439453042578,-279.14987259265035,both_blink,131.6783651345364,-43.07557449721163,84.11625282661005,-179.30884403921218
461.15838098526,-1423.4564117849804,-772.8952046427876,-591.3959898431785,-101.5644630966708,both_blink,-42.34014434523387,48.83055564112429,-19.51740294375166,2.1331558228266196
461.2589251995086,-1423.267546837218,-762.5431615654379,-493.6817537508905,-98.37245848448948,both_blink,-106.57792759302342,66.63250832854168,-40.323702605507734,60.81666293063073
461.3595588207244,-1382.4465388208628,-755.2428768519312,-472.6560362000018,-79.58320110710338,both_blink,-18.842146934925037,9.687924293409955,23.53891770521363,-30.56745128871658
461.4607052803039,-1228.3065621471033,-907.6101409466936,-429.0450628167018,-327.9910960639827,both_blink,123.7846313805211,-57.681695681017715,100.9244063856177,-160.44755269793572
461.5611691474914,-1139.6073548980055,-889.7034999588504,-346.9841779889539,-336.1702572670765,both_blink,202.35480768792374,-82.21964426765999,137.26163816371178,-217.98411494210563
461.6622161865234,-1183.8129723742604,-864.7845465540886,-383.68381625413895,-294.0103650665842,both_blink,179.49753647896156,-70.15709657902995,123.7305231238591,-199.04295017632137
461.7626719474792,-1220.808062735945,-859.1746966205537,-410.36426253803074,-266.1555901966058,nothing,112.36131487037358,-50.88749688861142,86.90434487630573,-158.76866101544874
461.8633253574371,-1302.9100864632055,-877.8480170993134,-453.53766762651503,-303.8201226503588,nothing,77.9062987753835,-31.399554966709147,66.93585942237858,-126.02508711044702
461.9638493061065,-1245.9327106382698,-803.5100256800652,-412.2042933162302,-198.72519399551675,nothing,88.93533718288636,-14.404782392362817,77.12639689973534,-110.16040255255895
462.06554603576654,-1253.158197352663,-809.8940349044278,-424.2243317738176,-203.9161751340144,nothing,98.50293280548516,-6.692928426477574,86.15241659624293,-110.70196553603007
462.1667988300323,-1290.6245151087642,-814.8980210451409,-462.1095183249563,-258.83286608336493,nothing,78.94077733170546,9.352168654414195,59.37674623445082,-90.13127473446752
462.26746034622187,-1281.7310330141336,-810.0922496020794,-458.9979215618223,-185.371881203726,nothing,58.10341141162223,48.13063025008977,12.11751381024321,-28.527851524036183
462.3680324554443,-1302.0274700736627,-652.0515572745353,-544.7014689464122,-14.361215829849243,nothing,66.67386939148012,72.17833062064504,-4.263018712507233,10.603308281332083
462.4688758850097,-1273.319998013787,-859.96755541116,-495.3572289310396,-257.92220044415444,nothing,85.85722598391378,40.95824095049398,22.86450324223318,-32.15155185012125
462.5695259571075,-1261.5280934534967,-790.5138733340427,-415.6038623759523,-202.67265839874744,nothing,78.73606033363214,-15.76476460814656,48.35422117315467,-108.5994285243175
462.66986250877375,-1311.6801518592983,-849.6828305330127,-488.9171212073416,-254.61612888332456,nothing,53.068314002823904,-33.49783003061741,47.10397399868444,-132.01006508787177
462.77086353302,-1333.1135185053572,-841.455050630495,-482.0955436881632,-253.1126891011372,nothing,47.29518022756382,0.20999514711392786,48.0145427906057,-93.40492794253697
462.8725361824035,-1272.8188514197243,-767.4349507074803,-424.40010707173496,-170.8236703760922,nothing,64.08599682023636,36.430679685131814,64.49359482468374,-50.829771793203605
462.973162651062,-1277.261852567084,-759.973850295879,-421.58770230505615,-166.0777373323217,nothing,72.34233463336051,36.346991341317285,69.97408601486934,-43.35690205573308
463.0739533901214,-1334.3289859909564,-847.4613299593329,-504.34046862460673,-238.01471298001707,nothing,65.284002969984,17.74861778352135,59.07019025675199,-57.563920999157084
463.1746888160705,-1267.1304635871202,-777.6448775865138,-421.92055340111256,-163.6318427613005,nothing,61.10998120685267,12.017269033548246,54.86124189651036,-66.46654710226798
463.2757110595703,-1313.3649767893369,-808.493442371022,-464.49557449668646,-232.61803734395653,nothing,60.543781345450085,12.098728161540476,57.206419855535536,-66.1604308550597
463.37621378898615,-1315.616396562662,-833.2852391772904,-472.7345740990713,-202.6165598994121,nothing,50.53709329581365,0.2263714065933839,48.92885850766862,-66.09096138455851
463.47690701484674,-1321.8844688883985,-820.2629075315781,-467.8652243567631,-219.18805660307407,nothing,35.985024275714785,-8.784039835346219,38.541767646379554,-68.3357302486005
463.5776906013488,-1328.1375816143118,-818.4640156528912,-475.2403070693836,-198.74202354531727,nothing,35.50063255400752,6.510148951580522,46.98709745309317,-66.28981148928884
463.6793572902679,-1326.192833637353,-805.4304643073119,-458.9268634626642,-225.91613662336025,nothing,52.054318507503154,30.51707846020911,65.79275834100496,-54.393612966870435
463.77991867065424,-1278.7073238999585,-762.3767360174097,-427.7959362315014,-172.4131278572604,nothing,67.29532155360178,30.82261495446767,67.79720154687789,-38.22149793738187
463.88096880912775,-1311.274372714106,-841.7635923768394,-480.65942210517824,-189.399753456004,nothing,66.7852307808568,9.067417700064354,52.953019184895915,-31.51169836846512
463.9819989204406,-1312.3140649017878,-821.4035770180635,-478.58003772981465,-191.63995352946225,nothing,55.2632218929708,-4.817977512230177,45.6427190009568,-39.72500194768728
464.0831267833709,-1324.8240302535703,-828.8048390303738,-460.5911189429462,-227.91698309965432,nothing,42.13468934152897,-1.7294528418513777,49.123985305684045,-54.884672748141895
464.18424272537226,-1330.172087190207,-810.4269706481136,-472.0426926072687,-194.9048861907795,nothing,31.53854186108937,3.0312853063432983,46.108028488332565,-64.46661216203944
464.28487205505365,-1341.554472705349,-829.2237078254111,-481.24284649826586,-237.29104233859107,nothing,29.92560774398596,5.350977747392626,41.231915599414734,-59.83418956564466
464.38652110099787,-1347.960921329446,-841.3596831816249,-485.7793451445177,-231.41939940815791,nothing,40.07014052719006,10.07558227752595,54.39183975049292,-46.980198611063244
464.4874503612518,-1287.479259246029,-762.4066552170552,-417.21575925685465,-157.00660998979583,nothing,50.12280405010863,10.609903082572654,77.53493358217042,-43.06874245121035
464.5879299640655,-1342.2126950975507,-867.5838616709225,-448.3018076885492,-252.0973062631674,nothing,48.690554061254026,4.1340405845201875,83.35745354310225,-49.33703822009946
464.688941001892,-1343.6787358801812,-829.320945224259,-474.1445163823664,-234.5646552708932,nothing,39.10961404227996,-0.16532612225644394,67.4600509005319,-51.57734675892653
464.7895209789276,-1315.1881780177357,-802.4422842427157,-450.4784294627607,-181.0616465047933,nothing,29.609590182049907,-1.585917743512851,49.46534405128826,-49.96267491347128
464.89014339447016,-1357.3667697180065,-844.8602295401506,-485.21088035125285,-239.7219773097895,nothing,28.05462652926417,-1.85720353252106,45.88531540265954,-49.100408586383985
464.99171519279474,-1349.5279394108802,-839.9198216986842,-487.3127041263506,-234.7815694683232,nothing,40.61593998468288,9.545110285857849,57.63793236605403,-36.29338908157402
465.0928456783294,-1291.8624219940975,-777.3512954399921,-426.9544587414712,-163.2485030158423,nothing,58.27469394482457,30.963595956412203,72.31248210669537,-10.674516144524409
465.1938812732696,-1313.6548190359026,-788.5410761074163,-457.0980523843318,-174.68885698029771,nothing,61.60757292858692,40.4446606002585,75.0906241525594,2.4444767065646356
465.2951571941375,-1363.014018651098,-825.9606451140717,-500.6043085688725,-215.15644445084035,nothing,46.930621367752885,33.90406306098807,60.70537538249569,-4.928437013522843
465.3957796096801,-1296.2081857426092,-768.0595140000805,-432.8036622721702,-171.51555186789483,nothing,31.357422230529416,34.575793272529324,37.44111220116198,-7.896138418487923
465.4968209266662,-1372.7938570352271,-796.0938040679321,-546.6200376236811,-178.06411669030786,nothing,31.72992652264807,51.889180853105934,23.530444261686156,8.802485132784012
465.5975403785705,-1350.773326096125,-788.3222919600084,-507.605401285924,-191.9840243253857,nothing,42.30458646095538,60.745352485156815,27.476401859101944,25.60005180970531
465.6983602046966,-1300.696065689437,-762.4010453671217,-461.7766672288999,-141.53277392312884,nothing,39.76108172678755,39.10857338580562,34.49977187114017,18.178439901646204
465.7993416786193,-1370.5499170618132,-842.0833538230509,-508.92932587023824,-207.62802584003657,nothing,23.915713252068507,10.438231386533245,35.8586491532105,-0.9901826625093886
465.8998174667358,-1369.9814522685483,-842.382545819506,-506.0870019039139,-210.89669840130955,nothing,26.90130335184671,14.872814473404036,47.19037279988213,4.174751911063086
466.00147151947016,-1311.1864850651473,-763.1004066588357,-440.6350127793849,-154.53266616910696,nothing,56.35958347494811,44.12637438857459,69.50428633885298,34.05227894090525
466.1022870540618,-1284.5322180809453,-783.0789522221312,-443.00236945133656,-143.1371910041198,nothing,75.11841349305519,53.83463401817085,76.07474690895219,46.29834398724597
466.2031199932098,-1358.4588205050677,-835.2692561037838,-514.1614459082484,-213.21917627379293,nothing,61.43162947109612,33.33480867794194,58.75223964066656,21.319915721447803
466.3040347099304,-1319.3375970185734,-799.5719110267237,-462.4012305215001,-199.61155028501528,nothing,38.070890688581386,11.204918836161669,40.072463546951525,-9.418540144328379
466.4047124385833,-1355.693164487835,-841.5560279292986,-503.8767210301012,-230.21141172247007,nothing,29.65174980871904,5.940612775577769,36.142544192993974,-12.559313109103716
466.50596880912775,-1358.3784126560204,-836.0957739939913,-504.6882793204859,-211.50069224415347,nothing,35.24169744936344,13.303930608895403,44.72641022551554,6.997733273234257
466.6083035469055,-1322.983999475371,-798.8762896349654,-452.9841624330729,-186.7350747375749,nothing,43.60520055464757,24.46737007066986,58.896569558577006,23.7316734784452
466.7092621326446,-1362.567100606393,-834.5549352122471,-495.84715582523495,-201.07011126773432,nothing,45.13690108082189,30.127701907094583,68.14962274060129,25.131684276527473
466.8099818229675,-1328.0328644155525,-797.855296947062,-451.4695029510185,-203.51600583875552,nothing,34.894793940686284,23.998173056057816,61.83103953996474,18.604390356497394
466.9107522964477,-1373.0388204823248,-832.082861341536,-498.80915659014136,-213.2921043229289,nothing,22.22569121998522,16.224516525669443,46.949196419679616,16.07932472551808
467.01202678680414,-1364.2276161867194,-829.7005450697616,-497.462792606093,-199.61155028501528,nothing,26.110747989227725,24.461060834404933,46.40287599577283,22.590116836594753
467.1129629611968,-1331.8101633707993,-792.1295101149008,-464.01686730235815,-201.86297005834052,nothing,47.757209971807974,43.324433486293714,66.79267998568695,35.96942157045068
467.2136604785919,-1332.0644765677862,-796.7108875606209,-460.26948754675686,-200.0378988799639,nothing,65.0480648130362,49.269017088949774,86.88788233725381,49.53169174092081
467.31483292579645,-1298.852295011282,-794.0536886421032,-429.0637623164803,-138.77085780585185,nothing,66.73833336949738,42.89356842382617,91.50744260651065,59.89398937642706
467.4160192012786,-1351.6821217853576,-820.6331576271914,-475.042092371732,-219.05529015464708,nothing,67.01137930155247,48.18002785670838,91.51752580614819,70.37283068961266
467.516906261444,-1304.0881549492478,-772.5305643971078,-434.5127965519205,-148.6404537889175,nothing,72.85801088250909,63.26704650719935,95.07281924283318,76.98175230602583
467.6174139976501,-1303.1008213609457,-771.0533039146103,-437.77772921323776,-162.5379220242612,nothing,70.47813725492826,62.2028363632722,91.0791453422842,69.62307400949067
467.7185592651367,-1353.5632914630696,-814.6156585984863,-479.6720885168761,-211.36979574570432,nothing,56.194274174207024,49.49050855195097,76.2950091782069,57.807719612710315
467.8190281391143,-1353.3949959650636,-805.6735578044318,-485.25201925076544,-211.6353286425583,eyebrow_raise,44.51181743402207,52.15612473326653,65.55348127523379,59.70920810613613
467.9193875789642,-1319.3132876688614,-772.6577209956013,-449.3901185756549,-155.36479390924796,eyebrow_raise,42.75782561836358,59.27041201207273,66.78128523588812,65.57398524318764
468.0201020240783,-1360.661621578969,-816.1527574802749,-487.9634467186406,-221.62460142420605,eyebrow_raise,48.701889846324974,42.31504248127868,72.37153295048516,59.275131356093034
468.1210470199584,-1348.5630452223122,-814.8550121956505,-485.2781985504553,-217.75754487002268,eyebrow_raise,59.654061081707866,30.26365527398369,71.57692303113278,59.266439956643836
468.2224955558776,-1292.958212681115,-775.8179364581592,-450.2241162657738,-155.13666001195088,eyebrow_raise,67.31128422899168,66.84039265257815,61.25665692291633,84.64873919297425
468.3236129283905,-1343.74044422945,-827.42855584668,-512.7739430246875,-200.45489772502333,eyebrow_raise,72.32295154423659,91.27531652246967,59.45915562599921,107.01431560729142
468.4245452880859,-1283.8758656387215,-770.7952508176677,-436.8764133239165,-158.29126562457532,eyebrow_raise,94.51807003240891,20.708102315217694,90.87145037080855,95.22091665446447
468.52532529830927,-1291.954049543012,-769.3815686344169,-435.60110743902624,-151.8922968003899,eyebrow_raise,119.3371210655324,-15.883796818300544,125.28864676610245,84.50056676219148
468.6260828971862,-1342.4426989448257,-897.4058239175938,-486.5834236349911,-274.51613654755056,eyebrow_raise,70.27781518919197,195.0604603442776,74.6319942337592,135.04058739201932
468.7271583080291,-1391.068878168706,-271.4625082337297,-552.8656705496833,94.58954967930912,eyebrow_raise,-81.03308250429247,484.50349618026735,-83.44325500102303,254.4356247643522
468.8276624679565,-1718.2054070928134,-335.5363442245871,-877.0401987088844,141.83570581953973,eyebrow_raise,-224.45692074430661,363.50450381292336,-232.62208750444358,434.1426007659309
468.928548336029,-1611.7977735535242,-1292.5991822853684,-766.0736271236092,268.52107691857964,eyebrow_raise,-245.92651717014357,-258.48502573863504,-259.1055763876832,677.8347035778793
469.0296173095703,-1575.7189586809836,-1731.1061919899655,-740.7881635231897,691.058713812381,eyebrow_raise,-193.13346397532177,-844.6556665769752,-203.88326249495023,907.7015741506624
469.1300961971282,-1553.126223048661,-1547.7912557618693,-720.8507568594068,742.6207145014778,eyebrow_raise,-173.54636424656553,-895.1500946477498,-175.01006921480402,988.9461628849795
469.2308135032653,-1610.544907068368,-1586.8245915994048,-767.2516956096515,511.18448554351926,eyebrow_raise,-174.53909973247139,-450.6071165507374,-190.87725383007614,909.2336344683073
469.3319251537322,-1546.502860227134,-404.5879870564677,-758.4797602635808,436.6819385262206,eyebrow_raise,-139.93885777833054,195.00138132702898,-214.85616448687423,745.374163658498
469.4330043792724,-1479.495072721038,-41.15946896234527,-776.1021688547917,222.4380296645686,eyebrow_raise,-122.89619181244348,916.8539086012621,-252.38369447080427,479.6753000850936
469.5337991714477,-1594.9906631526535,659.002161342185,-876.2305103684776,-205.33172726724297,eyebrow_raise,-195.21659446725477,1651.445818617264,-311.5473379562687,97.20821134763104
469.6346657276153,-1739.9267460354604,1434.9528642487712,-914.3513106168248,-614.6114188181236,eyebrow_raise,-294.45116494025535,2111.0231243071516,-344.9012927424121,-224.44810227295943
469.7351875305175,-1676.9169115819968,1102.0232302933,-834.0406989683397,-594.5543353557587,eyebrow_raise,-306.1362780451473,2008.3797419053699,-307.17625863488223,-305.539054131077
469.8354349136352,-1604.224476143252,580.0379136777483,-763.1770746079274,-571.5053319288418,eyebrow_raise,-221.64810338674718,1500.3828432717457,-214.39090211705053,-240.96871043435604
469.936422586441,-1550.8411441757344,196.081084726844,-690.7464321660809,-537.6704570297152,eyebrow_raise,-111.47030923618011,982.0879941133761,-107.79763880259893,-190.41175299759476
470.03729510307306,-1377.7062156270258,-587.7645469862036,-512.9029695731588,-185.8992070974782,eyebrow_raise,-17.453652407602043,475.4914807027652,-9.889375358037178,11.688119113024207
470.1378817558288,-1395.2613060190342,-819.8851776360534,-544.9539121934213,48.80943432170898,eyebrow_raise,48.78971241569148,-286.36160309470165,60.83325707822415,658.1331546375047
470.2383742332458,-1306.1507097748108,-2232.591246998403,-442.3048781096004,1415.3015599315986,eyebrow_raise,59.86017838885055,-1156.8187679173122,71.88245414950403,1575.0716381907519
470.3388366699218,-1420.4439223706722,-2463.470230862964,-557.0954973995686,1837.8971652747127,eyebrow_raise,-5.502458727112122,-1528.0497350405058,5.129605257281357,2150.748629107533
470.43988204002375,-1520.452587085776,-1830.1667920663024,-669.6328269662336,1609.931563475635,eyebrow_raise,-116.58697409975052,-1141.6019470987376,-107.69917038225714,2071.552200459354
470.5409219264984,-1621.025976694189,-1433.8608134617098,-755.5009299488738,1332.0831760675646,eyebrow_raise,-205.3611119449967,-470.1842029266645,-198.0573779824403,1652.4303285636083
470.6414663791656,-1578.1480237022042,-973.1051389207132,-728.3679557703435,987.0026071560568,eyebrow_raise,-220.90887602682562,-95.09091007090754,-211.51173708594004,1325.860427321925
470.7421133518218,-1630.4056457830593,-835.9106489461847,-762.0756740709767,747.5368129932322,eyebrow_raise,-173.79887290006548,-10.935016519697328,-159.11296900215441,1138.0771921821333
470.8429608345031,-1541.7662769332528,-541.1354743386619,-680.2504029404372,512.6411765762605,eyebrow_raise,-144.36513099264113,269.4340861939947,-128.0638399304765,874.4338517590811
470.9438321590423,-1557.2793819494543,-125.52787206275389,-684.8990985853598,122.72668699594216,eyebrow_raise,-207.70084167706304,1018.9220447148354,-194.89852080413172,445.0551758811178
471.0448434352874,-1779.78098991327,1373.532487276476,-934.5187211278826,-484.7826618063264,eyebrow_raise,-326.99282140958695,1892.2984633619033,-314.41200779650234,-19.241853413495278
471.14571523666376,-1806.988762090914,1268.0149499266408,-927.9851159052924,-706.9775979737751,eyebrow_raise,-387.1345757646456,2319.226585264416,-368.8225952649518,-347.86126651689005
471.2465345859527,-1693.9278465304524,1181.3876472529955,-826.4543119082227,-709.7713032406755,eyebrow_raise,-337.6982676434976,2093.982951328218,-318.20090918331465,-418.2957004062395
471.3473176956176,-1634.9907631287351,609.6579213268124,-781.0799756958149,-615.7184292050079,eyebrow_raise,-219.3211356964021,1382.6121142948984,-209.73971019071178,-127.40705559644984
471.44844269752497,-1521.021051879041,-515.5732581415214,-669.3542044195347,73.13000373356044,eyebrow_raise,-83.61589441490308,431.00630107866994,-86.15740740417509,453.84629501065876
471.5491955280304,-1366.8698555054143,-1262.936165786814,-528.3824154897593,478.6136968294159,eyebrow_raise,20.101840482648907,-459.20295678893984,13.313832477333056,946.3911779099374
471.6496617794036,-1339.0038609355688,-1858.5601125299,-495.6545509775169,914.0988673698156,eyebrow_raise,38.12103258849863,-931.6086647029847,31.85438383144767,1019.4780064276764
471.7508218288421,-1473.5916406409815,-1790.6958879339509,-630.3395680817775,15.182123870123178,eyebrow_raise,-26.98255679523885,-864.068601570168,-34.43276201866694,797.894740775382
471.8515424728393,-1496.5882854685187,-1290.787200756837,-648.1751509704627,315.41007261304185,eyebrow_raise,-105.06927818416784,-528.831974715628,-109.69143226935135,587.0744242755585
471.9518570899963,-1543.572648611851,-1195.879759581294,-695.690579907503,118.83345114206897,eyebrow_raise,-142.2553687521169,-271.6321398762165,-132.70559563544253,434.486305836043
472.05272388458246,-1542.8919868199157,-1082.497212624643,-667.8806838369928,-143.21759885316715,eyebrow_raise,-141.12616039459715,-147.80142512638565,-118.49493261592588,304.9528716753134
472.15378332138056,-1541.9607517309487,-812.2370822266676,-663.0487330942415,-317.66523228632286,eyebrow_raise,-125.73095974619265,20.799729652110983,-109.39765482046138,302.9725461325313
472.2547252178192,-1539.9692550045438,-442.2001609108411,-707.0093871233985,180.91766035649923,eyebrow_raise,-123.15586671014823,387.8149140776929,-123.86705477240147,392.1234850431382
472.3556566238403,-1525.7576351729222,-40.50124657014385,-682.5392217133194,-160.65862229652703,eyebrow_raise,-151.00194270826273,917.3370529410781,-155.8854714336162,329.8253635262979
472.4562976360321,-1603.259581954684,373.5580371241085,-740.3393755285069,-321.20130769442767,eyebrow_raise,-177.22105885285683,1298.3229562589788,-174.35636489131156,116.32412148003192
472.5566582679748,-1550.620490078349,385.44717908324674,-700.64781729877,-462.53960681986064,eyebrow_raise,-140.9972311860737,1107.35214224005,-137.6862347655613,97.3934604303109
472.6574668884277,-1461.0685856393538,-727.3787522320636,-625.9096565842628,253.39692149776965,eyebrow_raise,-51.722037307183,304.87372556126394,-55.825212294198764,486.4182297125066
472.7584059238433,-1394.468447228428,-1308.7088013445027,-535.7444085525349,452.78594773542136,eyebrow_raise,2.5383726256664474,-549.8477128852687,-1.1143470903392645,1076.4719237030451
472.8591163158416,-1399.0348650743254,-1896.284483382944,-556.6579291047528,1030.140483194962,eyebrow_raise,-15.19680078884606,-841.5552250838899,-9.43940410287671,1459.410204104415
472.9597561359405,-1499.37264098553,-1280.0462080840953,-631.2464938210323,1021.1647233013064,eyebrow_raise,-40.614325450295524,-537.9520978993917,-30.86864623541911,1393.0323075367544
473.0608611106872,-1418.9685318381526,-967.4691096874884,-566.4527270887047,458.0031081736088,eyebrow_raise,-28.93480310254271,-70.39314398087089,-23.756335873566584,997.6056988107623
473.1614234447479,-1383.1889089620672,-706.7195448768325,-533.3172134812921,121.3560136621818,eyebrow_raise,-15.662959346048021,223.4750523459848,-9.47047969509307,617.5879502906222
473.2620999813079,-1451.0026449086145,-664.2286715302616,-578.0052780518308,55.35612919414416,eyebrow_raise,-13.44416177729578,259.5547088084858,6.064688973829039,459.9795506231575
473.3624417781829,-1410.162937392481,-775.8534655077383,-532.0680868960917,-76.89421303896233,eyebrow_raise,21.96656835826382,57.83212344811197,51.89194384922005,444.4966743452208
473.4632983207702,-1289.685800219886,-974.4907718542964,-420.058083223179,-69.96791832102463,eyebrow_raise,78.73639298670405,-164.80086214921621,99.17196498313092,406.6049340038266
473.56373667716974,-1328.8126335563138,-1010.988455521874,-484.5227387594059,-192.6515964674764,eyebrow_raise,65.71902841954017,50.46381122469823,62.653744122434475,301.08408382442235
473.6643209457397,-1533.2916636336597,115.3497343333438,-699.2565745152533,-294.1861403645016,eyebrow_raise,-65.84960532730395,895.8596810137789,-84.24712709952219,172.71006011375783
473.76504540443415,-1606.709639663808,876.3782364167273,-779.5821457635611,-517.5778445177712,eyebrow_raise,-257.1819991647298,1837.45654945454,-271.99807734357535,42.26870278104411
473.8655879497528,-1815.5718324892223,1305.9618448270485,-963.977913078852,-553.3948663934134,eyebrow_raise,-387.6441912408532,2067.5887071328016,-390.95661573877334,-80.31819472209787
473.966515302658,-1746.5220596073195,340.28601716831326,-894.1278016064316,-486.3702493375167,eyebrow_raise,-353.8906852168041,1399.7644445983915,-350.2245668704422,-95.32534732307018
474.06738257408136,-1617.3085161382332,-295.2613616017625,-759.128632905893,-676.671318682842,eyebrow_raise,-163.26851844276408,424.5219981562494,-152.6675030251366,113.3991221856004
474.1681058406829,-1304.364907545969,-1299.79100990016,-437.1419462207705,211.13044214854017,eyebrow_raise,45.90862999720293,-207.02695438286307,71.75887697690236,444.2761529860077
474.2686614990234,-1258.715688686818,-1139.313772751484,-353.4149359627627,-85.76712568383664,eyebrow_raise,142.64380028237355,-360.29295767023876,184.65945578557586,609.824629623061
474.36908125877375,-1342.7736800909042,-1023.6012681224385,-460.4882716941647,62.08981906436384,eyebrow_raise,128.64526852569998,-232.28877321941306,174.2826654391307,494.2764535259937
474.4698162078857,-1280.399628629908,-1081.8988286317326,-390.21555152675137,-323.1535354712978,eyebrow_raise,83.3882426224622,-0.50368848695895,121.1035503427853,298.19230780649934
474.57060670852655,-1293.7884704712778,-841.9393676747568,-412.4492567633279,-196.56914167106152,eyebrow_raise,73.56866587831,101.39163813101538,103.3692955933447,252.14451836733846
474.6709496974945,-1333.4949883008376,-812.5549737229012,-467.1004148158245,-260.32321621570736,eyebrow_raise,134.83365295825814,-144.86832639020554,160.35987424796394,327.4514821577801
474.7718636989593,-1190.294218997471,-1281.7254231642,-315.77284290874377,-306.1108113732189,eyebrow_raise,217.40268555212975,-429.62892582582947,235.02700474572538,331.40783944642664
474.8728799819946,-1173.9022374916822,-1468.593264350202,-328.5408613574691,-32.96347820945084,eyebrow_raise,172.56197511104273,-92.33262302383172,174.8272848726835,263.20529836868974
474.9740312099456,-1494.2620676960796,346.0136739504524,-655.3669785852544,-365.30594787187874,eyebrow_raise,-57.9020304255123,825.3168281734055,-70.05030217151058,378.4521601437269
475.0749640464782,-1707.9973501637578,585.1054781177081,-878.3996523427777,-35.95913807395846,eyebrow_raise,-290.1257382971314,1437.831072155137,-304.9883016989573,722.9122914175973
475.1759757995605,-1667.0940643483773,-44.95546741737053,-819.9487559353001,845.482922882773,eyebrow_raise,-287.4076492182462,1180.1148691932383,-293.94385033334834,900.7698120828688
475.27694082260126,-1498.308639448136,-310.89601336652413,-652.3825384206139,-334.186240340583,eyebrow_raise,-54.81384808155783,355.51249855029755,-51.807350827203436,656.7635515842959
475.3774180412292,-1158.4601905746383,-1550.7756959265098,-298.8310961094685,-111.77065007574856,eyebrow_raise,180.15689019028486,-545.369136898385,188.4585860069034,315.6454650264831
475.4780480861663,-1212.318489836529,-2167.273894272279,-350.24350080033764,-380.3515653936192,eyebrow_raise,245.79603628093588,-1336.2947700863665,258.98485267584886,257.5119258753884
475.5783333778381,-1207.2845844961705,-2857.5528389438987,-342.8384988880716,-119.04849538952112,eyebrow_raise,179.5773806564112,-1927.4473072295002,200.6314316006499,378.9488776515507
475.679015636444,-1269.5426990585402,-3202.3155163591728,-393.9479716825299,-220.9158903826028,eyebrow_raise,119.91502530864989,-2206.1771413130937,146.45634416794798,403.221629406707
475.7795267105102,-1286.0132184633983,-2959.749345133081,-405.343446847517,-334.3994146380573,eyebrow_raise,136.13240590255913,-2196.962394034269,159.99088582788448,315.0074078024597
475.87997174263,-1208.615988880396,-3015.129783676937,-357.94769470905885,-344.3662480199709,eyebrow_raise,180.4167441702322,-2059.437389272267,197.75374696420155,238.8437012208642
475.9808003902435,-1247.0920796245337,-2910.506082416512,-378.2815307681449,-299.0274408571422,eyebrow_raise,162.9343460501265,-1928.2868823590384,176.64182313427355,225.23058810209673
476.0816714763641,-1324.081660112366,-2725.4333932092413,-460.88844098942354,-365.8370136655867,eyebrow_raise,60.360681287559316,-1803.435449994352,71.85284487614607,297.3518172923524
476.1820645332336,-1469.257096592337,-2035.115179588087,-622.1604068786837,-280.4663173770532,eyebrow_raise,-52.589667033193855,-1482.0732029235414,-44.94546352199468,414.0498050550903
476.2823204994201,-1490.27907424327,-2271.3646597890183,-634.4534580330364,-191.1986453346908,eyebrow_raise,-92.76292551822158,-759.7745481172008,-87.43503445186695,384.3666795252855
476.3836407661437,-1473.8366040880792,-420.73874501511455,-615.9353434024379,-265.36834125593305,eyebrow_raise,-65.56653837777759,105.45094177696325,-56.70625860672137,127.39097258790095
476.4844760894775,-1393.600790438708,-329.83299679216,-527.337113452144,-1150.662499167025,eyebrow_raise,-37.24161208810625,530.568117932378,-19.756028735429865,-144.35832051136737
476.5851242542266,-1501.646500158589,-667.1719727953896,-640.5139659112319,-884.0562510257587,eyebrow_raise,-41.9194538921697,421.3872751170076,-18.510786547952346,-308.5661619308606
476.6862821578979,-1430.8576737972908,-639.3097181254998,-558.0267324885353,-761.0659010829404,eyebrow_raise,-57.84094847541408,257.43336618917004,-41.19743034670049,-546.9533879988871
476.7868642807006,-1395.0182125219144,-710.0013070879504,-544.5855320477858,-2069.1276997351088,eyebrow_raise,-43.27334021915245,242.94548719691443,-41.81551841445119,-949.5481388732527
476.8872759342193,-1459.3519715596922,-538.5194143196568,-620.4494026489556,-2013.380750995595,eyebrow_raise,24.189618745076405,111.70889080802444,21.781409881101673,-1381.037519252984
477.0117211341857,-1233.1553424396552,-1369.6673006722704,-388.2651936998591,-2049.8821745631285,eyebrow_raise,110.55495697739842,-175.95850652873673,117.57560891524759,-1693.6783876526845
477.1128425598144,-1233.2637995383702,-1223.6952655017376,-366.67849115561694,-2212.0217972421087,eyebrow_raise,150.55702029984698,-296.0636669247897,152.10889906993862,-1599.6366300986738
477.2137701511383,-1290.6899633579887,-821.300729769282,-476.9831004487351,-2105.6478228024207,eyebrow_raise,139.31960367370726,-113.36008892688893,109.14212762402636,-866.7816576249282
477.31449842453,-1244.784561351873,-775.664600559976,-470.0156668312848,-334.0235546925105,eyebrow_raise,129.08673392978034,239.554333055886,74.62036636777029,-63.235242087094406
477.4157588481903,-1309.3950729863718,-328.144431962166,-490.7945509850979,-448.4158746371977,eyebrow_raise,116.58121964028788,687.4831135362741,74.66455023315527,-130.33194811733853
477.5162372589111,-1296.4587590396404,312.28164630010724,-459.8767980514094,-2295.960111847613,eyebrow_raise,44.886141635923956,1123.956267077833,34.184840004632846,-933.8873879601773
477.6173524856567,-1474.9043455254289,302.8383989119902,-627.4093564664945,-1789.476680548396,eyebrow_raise,-66.84697567337078,1240.482345443242,-59.84074385662048,-1413.3161505945582
477.7177565097808,-1574.87187134102,-115.00753348739818,-719.1491023795679,-1820.4580117813312,eyebrow_raise,-125.67098505754086,853.4363239516355,-117.3016389374671,-1203.809440204743
477.8181624412536,-1434.629362902604,-581.9340429552831,-581.7825770070776,-1691.319266311359,eyebrow_raise,-104.48819790260035,170.03154333867784,-96.51716050328625,-955.0360947785231
477.91865420341486,-1422.4559885468334,-1859.95696516335,-562.2341199386865,-1954.462367093656,eyebrow_raise,-44.84896101311398,-552.220964681704,-34.55181013928853,-1151.5386613326125
478.01987910270685,-1401.2993744974956,-1814.7714938987049,-548.9312957962975,-2162.0455141342245,eyebrow_raise,55.83779899127646,-1269.4320714191458,66.82738077587386,-1518.1992047959598
478.1203291416168,-1135.7515180436894,-2688.356025048532,-280.4999764766544,-2013.05537969945,eyebrow_raise,202.89171638368472,-1748.9110783616372,211.34371423074728,-1513.6607941455234
478.2216589450836,-1127.2806446440518,-2636.4424737636,-277.8259480083361,-2182.3943097931333,eyebrow_raise,287.31730915375783,-1418.5864814884562,291.5584054738018,-950.7103357726185
478.3221669197082,-1185.9802443985827,-958.7888018903324,-337.9504496459849,-267.76374717755243,eyebrow_raise,185.86142573297806,-199.36923562052496,187.40825304911095,-148.1852210549764
478.4230949878692,-1402.138982037548,148.2702036933042,-552.0559822092764,-625.4290794399567,eyebrow_raise,-28.33520316462921,983.5016761367328,-22.00813499769799,406.6964615993096
478.5235664844512,-1550.9570810743608,71.80046929931268,-683.9360743467696,-414.3005072413944,eyebrow_raise,-134.49122625718974,1162.9104966867958,-113.69930696091237,471.2572780104371
478.6245675086975,-1463.5369196101092,-296.3777217385359,-589.5484792650677,-131.27609829464927,eyebrow_raise,-49.348969443691914,432.23662925062837,-14.356513497836525,120.92728834030362
478.7252988815307,-1208.95070992643,-1695.4593355623074,-316.9621310946532,-1618.7165884715505,eyebrow_raise,81.65381425487533,-405.21000708546126,117.54957051995527,-440.00844682388856
478.8260543346405,-1331.46235267492,-1388.7688396959566,-469.5986679862253,-1710.044945389498,eyebrow_raise,117.17954675376778,-885.3390770402377,142.89984835151296,-1153.8797034481674
478.9268553256988,-1320.97193329921,-2347.501543086953,-460.6154282926582,-2963.384527890012,eyebrow_raise,83.95353963026778,-1097.2482949375872,102.83256299122571,-2173.0454267181362
479.02761220932,-1273.0638148668222,-1925.640828085132,-397.0894876453094,-4066.855099466164,eyebrow_raise,61.89636976164961,-1169.194933732056,82.80282266521819,-3300.8889334133264
479.12882494926447,-1310.634849821683,-2087.66077396553,-453.18424708070233,-3904.992229383905,eyebrow_raise,70.43155793390993,-1069.8932267325265,93.9920389315639,-3566.4296118651537
479.22934246063227,-1315.25362626696,-1802.527061443776,-446.2691720626317,-3976.6300130351447,eyebrow_raise,103.8723457630729,-821.1403017819506,123.10956479982951,-2248.358669305446
479.3302829265594,-1218.6594902114011,-1286.2993208100088,-369.0851167771034,-118.60905714472756,eyebrow_raise,137.94079364300376,-470.77954215793943,147.1461571991697,-248.2803417070938
479.43097639083857,-1281.4299710677003,-799.435404678341,-435.3785833916627,-268.68002266669646,eyebrow_raise,104.50812455458879,110.61816311965997,104.77591089000629,740.811344938756
479.5318303108215,-1373.4202902778052,-236.00825665378943,-529.6726809744723,-430.8233852456324,eyebrow_raise,-18.954469143640402,938.9430331171302,-19.736171623993823,441.8537490078568
479.6324405670165,-1530.8214597129263,577.1095720124431,-687.6273556030355,-701.8913340340368,eyebrow_raise,-128.658742771192,1456.7348284725085,-122.41855283556035,84.89129053529177
479.73323059082026,-1503.8193820328452,445.8203840679489,-640.657952059526,-455.009318259079,eyebrow_raise,-112.5576154827812,977.141361274055,-99.73384184367512,365.76130304685756
479.83379125595087,-1340.8158424641006,-1894.7604741510004,-488.0176752679981,171.08733332296833,eyebrow_raise,-5.821231408933141,-453.3925014737732,6.1771883248406585,766.8782082119675
479.9342341423034,-1325.878682041075,-3191.2959011397325,-477.7965286890976,202.0013463567011,eyebrow_raise,70.28518944488465,-2201.3873981755773,77.42701440496847,955.6480334690984
480.0346491336822,-1293.0199210303836,-4118.774260601029,-447.77635174477473,182.6024852865376,eyebrow_raise,76.22140665683926,-3624.727549529071,80.12291760269305,1314.0877250932854
480.1354694366455,-1314.0306789814497,-4856.699530708138,-465.3538815365173,988.6425532866268,eyebrow_raise,62.14677350983019,-3992.890033860409,63.71041236340741,1733.2085439773944
480.2367827892303,-1331.9971583685838,-4894.753012757283,-491.1479715309106,996.2083708969876,eyebrow_raise,54.48801942346645,-2876.509637638314,54.64711128303979,1353.3909785509832
480.3375346660613,-1277.1833146680146,-864.5227535571903,-434.39124980336055,-1109.1664392086675,eyebrow_raise,42.55246986445805,-1175.566366011383,46.698867977052764,45.11970395063602
480.4391694068908,-1370.6097554611042,-1900.794802729506,-517.5217460184358,-2162.339096280746,eyebrow_raise,47.17697907727939,-436.20777390461353,58.61917403284162,-1169.6197175838583
480.53962349891657,-1272.572018022649,-1862.561805482488,-409.3900185995735,-2142.289492618293,eyebrow_raise,88.03161002954252,-830.5378579929956,101.06046103286609,-1601.6508075375916
480.6409764289856,-1256.086539017968,-2085.9535096357577,-415.37759842863306,-2320.951993301511,eyebrow_raise,101.1602748093987,-1141.3258713078694,109.64057348339314,-1565.122924751342
480.74173474311823,-1349.6588359093294,-1402.1801209370606,-501.4177368092351,-2405.054863505065,eyebrow_raise,13.417594842662151,-671.9065529977559,19.45826073219078,-1454.7626489164486
480.8433835506439,-1459.7016522055492,-1117.483976710122,-607.9188678474165,-2512.397472033277,eyebrow_raise,-108.84428667409016,55.30144309258837,-102.42603838904041,-1451.1655944283432
480.9437808990478,-1534.4809518195689,-552.1270403084345,-691.7001066547818,-2501.319888364524,eyebrow_raise,-119.78724151479484,339.7879099500805,-116.13413520811763,-1993.442173042775
481.0443296432495,-1334.2579278917983,-715.5288792224601,-495.48999537946656,-4025.680670903996,eyebrow_raise,-7.80139183737006,154.4299786612617,-7.722456172004085,-3106.8788399578584
481.1447346210479,-1261.9843612480909,-1148.4185591936111,-415.08962613204494,-4107.962209829129,eyebrow_raise,87.5435949173314,-50.95639584489213,91.29430635728757,-3536.0118274129445
481.2456562519073,-1289.7755578188226,-887.1080093896016,-441.16794852307066,-3944.726796463132,eyebrow_raise,81.9282335407287,0.9215209290692314,95.44035580075806,-2163.9868885894693
481.3459796905517,-1359.5228220424617,-890.2719647521153,-489.1901339041069,79.49531345814466,eyebrow_raise,30.361940760265306,119.48880374993422,50.96307649964048,-6.055273444019207
481.4465186595916,-1325.0372045510449,-825.2351045226678,-473.4900338901207,-7.019792216829956,eyebrow_raise,-1.0460209645676009,-20.24675332710426,21.27481782491032,923.7200589824797
481.5471036434173,-1352.461890926119,-1652.480405271519,-483.91313506662846,-971.1828303434886,eyebrow_raise,-6.49332334578509,-457.04078308594785,15.622347792503191,356.5500751957671
481.6473438739776,-1373.55492667621,-1845.6948566823264,-519.7376367421821,-1047.6974435369484,eyebrow_raise,16.299404986506218,-968.4991681132319,36.2212120487998,-323.2677352249585
481.7479104995727,-1283.1465851473622,-2094.12519103894,-422.3917807955295,-972.8994444231504,eyebrow_raise,64.491710340802,-1265.812895751412,79.04029813167982,-359.28870341385476
481.8486375808715,-1248.19722006144,-2227.478803758975,-402.28233873378485,-1211.0076549020596,eyebrow_raise,84.61264354779283,-1131.7148469289257,93.32416544150136,-181.27028468832373
481.949092388153,-1331.0360040799717,-1815.8953338353888,-506.532049998641,-1160.0066392063163,eyebrow_raise,42.538266935092224,-733.3327054675991,39.85089514770801,-205.72924316424383
482.0499227046966,-1302.3397517199628,-1544.06818535598,-485.28567835036665,-1245.5044920933433,eyebrow_raise,7.917344045067893,-626.2192548769356,-26.76076170656808,-347.3908155961908
482.1509819030761,-1373.0911790817045,-1367.7468620450236,-608.7397758876905,-926.8201370690948,eyebrow_raise,54.85585416517813,-917.4066315043345,-25.62469372614527,-371.45448240695197
482.25124573707575,-1168.0698635107838,-2793.5369714023545,-453.7770212236792,-1424.6120408712886,eyebrow_raise,118.56147435778888,-888.6686564461123,19.570030703935704,-92.7941187284411
482.3522861003875,-1251.020844527986,-547.7345278104767,-458.5622232169844,-255.46134627331048,eyebrow_raise,81.12824796614422,-133.4420621791611,17.039368308199798,448.52982920122633
482.4526889324188,-1436.1421524346806,-229.947748775594,-604.9867862821557,96.75869165360928,eyebrow_raise,-36.04018584024559,674.2338166478459,-41.235299376064816,884.6020426531785
482.5540237426757,-1425.318881962914,-323.8977755624801,-566.533134937752,-112.9075796622783,eyebrow_raise,-104.79896206924057,852.4895617614504,-76.5335936563276,927.3551552342836
482.654663324356,-1418.396327144932,-397.0502186957747,-554.1054473849945,-185.3307423042133,eyebrow_raise,-78.81673631541756,635.8538655282176,-55.29853035313431,729.5969462024769
482.7554626464843,-1346.347154498566,-436.78665572498,-497.93588995048776,-252.83593650441617,eyebrow_raise,-17.06320074890281,447.1540085085097,-9.573486638206543,591.8075425171434
482.8564503192901,-1328.7359656072222,-713.6439696447924,-495.0524270846509,-322.0839240839705,eyebrow_raise,36.279394104166514,216.57568681967408,44.372011649541456,589.1228800455882
482.9576914310455,-1262.9548652865924,-1147.4125261055306,-389.7555438322015,-331.6206689709797,eyebrow_raise,74.10331432843816,-98.47182489334453,99.7490805999868,639.8094508342356
483.0586042404174,-1245.5905097923242,-1183.1734494818377,-374.95301980758086,-225.66930322628468,eyebrow_raise,70.37106046890214,-147.64316720188498,110.59172966785209,667.9624277664485
483.15938591957087,-1345.4869775087573,-704.350318254903,-469.0638622925617,-291.9253708412871,eyebrow_raise,4.934763200584184,236.86873346324168,44.735159072547354,624.1383432474667
483.26046848297113,-1423.400313285645,-312.8052322939038,-552.1382600083016,-410.1510882405564,eyebrow_raise,-76.98803391052317,662.9699711920606,-43.97238836770698,534.9003057021679
483.36102247238153,-1397.1967042461038,-306.89058051398024,-533.7398221762851,-361.9269482619129,eyebrow_raise,-101.16463805635036,719.2866412661767,-68.03897056029861,519.2242823430263
483.4617111682891,-1444.5139184854925,-372.2154130400159,-566.2619921909645,-479.23265027208254,eyebrow_raise,-58.08123982821054,520.5205913304902,-19.679162217454653,599.5691769742855
483.5622127056121,-1307.9851307030767,-822.2188752084039,-441.2371366722509,-170.30943413218483,eyebrow_raise,-15.680484551621243,388.2747308323218,20.979071881383227,553.622993889458
483.66289663314814,-1341.5507328053936,-593.3332580202259,-471.1974752172828,-1053.8626686139032,eyebrow_raise,-25.430895513830986,282.5548694022369,0.9292855579015882,156.7172431591898
483.7639467716217,-1434.124476408586,-858.0545965838246,-591.704531589523,-1065.407739777118,eyebrow_raise,-58.73678872008175,-17.53937260491459,-38.24391156109022,-434.12638369942704
483.8652529716491,-1370.7406519595534,-1656.9215364689007,-504.4638853231445,-1975.81345594069,eyebrow_raise,-68.84235878507741,-399.14033653697896,-43.335617100964406,-822.452861833342
483.96557164192194,-1361.518058668822,-1581.9702014569193,-495.6115421280265,-2077.3554796376266,eyebrow_raise,-60.32040356626312,-605.8680107053851,-29.240214424825943,-991.1715940167609
484.066218137741,-1421.9473621528596,-1562.9154111826792,-560.0500183645636,-2047.6307547898032,eyebrow_raise,-49.06455982795852,-711.5531696744536,-20.62440983584116,-1296.4921719085794
484.1672887802124,-1282.8268237011507,-1912.038811946288,-432.1416999800131,-2189.2757257116027,eyebrow_raise,-16.119256492105364,-856.3875328040414,7.022330409918996,-1592.9162543675877
484.267805814743,-1335.0919255819172,-1921.784991230816,-473.4227156909183,-3135.621880449354,eyebrow_raise,42.48505443640107,-805.7889873502555,63.7364795458036,-1175.7783732838589
484.3686606884002,-1207.2827145461924,-1274.187654803507,-361.0069328728132,-193.1957519110292,eyebrow_raise,74.30668741114913,-324.1516964606058,92.89588219285449,-51.95448133022629
484.4693872928619,-1273.8791130571626,-691.855312502943,-425.1798762124963,-314.8846166692674,eyebrow_raise,36.951156545733554,303.6123045775029,49.48516134179222,783.2030694011602
484.5702717304229,-1380.847731589805,-403.0864172242582,-539.0186909637414,-354.7669097967446,eyebrow_raise,-33.54283027357242,606.8048511324715,-22.57801744217074,812.7737750797742
484.6718244552612,-1380.2680470966734,-476.79610545095056,-531.3593758544885,-362.55338150449097,eyebrow_raise,-74.89011321019389,540.2129725603276,-55.66020082901183,617.6575857630035
484.77271294593805,-1370.226415715646,-764.0204220479354,-509.7913728100248,-115.8695804271847,eyebrow_raise,-82.69997054904849,391.829330467497,-54.94980974565286,741.467361679748
484.8736672401428,-1436.583460629452,-483.9692335659638,-573.5641468544491,35.02416308503598,eyebrow_raise,-91.47984870788571,323.12475136226027,-67.09831261892525,998.1118192416209
484.9749176502227,-1401.705153642688,-835.882599696517,-571.1332118832506,-73.39179673045874,eyebrow_raise,-106.06218720315722,324.67931292533444,-92.69700672144114,1052.4665270656044
485.075810432434,-1389.8197515835054,-586.2667170539498,-535.7500184024684,-69.69303567428142,eyebrow_raise,-97.16492000083937,391.6804771864105,-87.63889057866625,896.368626608465
485.1766481399536,-1397.602483391296,-713.6140504451469,-558.368933334481,-129.5763137647882,eyebrow_raise,-49.70302421692173,456.0185322282509,-34.22238998277551,699.8278019080512
485.2782227993011,-1248.2645382606424,-367.29370469832793,-407.0750205270015,-596.7533965297043,eyebrow_raise,10.718991308184421,384.74108219134604,26.750552838875258,611.6217783940833
485.3787717819213,-1291.6492476966232,-1025.5927648488432,-445.831603767816,-278.0671715554781,eyebrow_raise,44.98137456481663,248.4696858789837,45.412110321620716,647.6696964689612
485.4796540737152,-1242.7799749756232,-691.5374210067093,-441.73267341637984,-314.8790068193339,eyebrow_raise,46.246164784697584,290.0688419068166,28.54815531793549,663.2571856562843
485.5810575485229,-1250.3046536864713,-516.7419768776745,-441.9047088143416,-395.8777600596659,eyebrow_raise,39.41677649710918,486.21231704568817,22.836198437270358,571.3301560380872
485.68169641494745,-1303.5009906562043,-588.6639929255471,-459.942246300634,-672.6453163805418,eyebrow_raise,32.472752854725734,484.0918446592916,34.86652771868767,467.14053295036064
485.7828478813171,-1259.0859387824312,-895.799536886625,-415.0597069323994,-622.2090255781077,eyebrow_raise,2.1793051457825197,87.55542491909343,20.947020213611907,332.26845828096504
485.8837752342224,-1344.1312637748197,-1654.3952340488322,-499.3757514334284,-1080.4009986994788,eyebrow_raise,-53.5555789419386,-519.5369676289766,-31.13275290361201,-139.1638527344528
485.9845740795135,-1433.4064156170934,-2157.578203637153,-579.5928655830212,-2246.0361873391084,eyebrow_raise,-95.15162543708068,-1095.647419259368,-75.71871711078884,-1112.9400144672531
486.0852973461151,-1366.028378015384,-2484.8830280592665,-519.2645393977873,-3165.3802643967792,eyebrow_raise,-102.29016023445702,-1517.2924489026564,-85.16909373006533,-2127.083013085821
486.1859202384948,-1374.349655416794,-2524.5745862890035,-534.7252858146094,-2997.1820037895814,eyebrow_raise,-95.91049319329522,-1579.6428440125148,-77.62290449130502,-2320.701492953827
486.2867414951324,-1379.5219370555133,-2608.9729085890576,-523.88705574302,-3082.320826280862,eyebrow_raise,-79.34791386776686,-1094.0157162579167,-57.320154303456654,-1323.8331467611436
486.3882067203521,-1366.811887056101,-819.1222380450927,-520.9231850281358,-103.07912257872522,eyebrow_raise,-38.241616565017225,-306.5011893607191,-14.572768554129773,195.94450468424924
486.4892551898956,-1217.3131262273528,-1108.788709313143,-362.9236316001043,-132.26156193297356,eyebrow_raise,-2.1666698108928983,230.74884916354043,19.005122979508194,1158.4449481315248
486.5900552272796,-1344.39118682174,-851.3826150628738,-502.3134428486228,-169.7129200892523,eyebrow_raise,-15.18617042816446,298.123532139314,5.0808337252983655,1128.2911227720397
486.69101166725153,-1337.434972904157,-631.1847854717635,-486.9424540307373,-142.2770140143111,eyebrow_raise,-57.79571839968117,187.99927057751492,-32.49270097932577,507.15216863204444
486.7917916774749,-1349.0623218663968,-972.8657853235492,-486.61708273459226,-1274.8215678459965,eyebrow_raise,-76.14080366614391,231.28957173131343,-45.535012596446016,-44.938355260499264
486.892771244049,-1345.5243765083142,-910.7871859590524,-493.2815844556317,-1228.1251769992523,eyebrow_raise,-61.43621301942335,335.6291525409249,-31.10909016858465,-275.7510571726982
486.9935357570648,-1315.231186867226,-636.2448701118119,-459.2372751589865,-2091.800843216479,eyebrow_raise,-46.432750955804394,123.24308712017098,-16.846065615352114,-739.0010501277154
487.0947060585021,-1351.6391129358672,-1616.3511017495766,-491.179760680534,-3002.6890064743347,eyebrow_raise,-57.06042420074,-402.69846921941814,-22.591620884475592,-2071.436513786596
487.1951966285705,-1361.4264311199076,-1810.855818645097,-503.1474405387417,-3442.3217260655947,eyebrow_raise,-95.15847421706273,-652.8190648468602,-56.85839987490176,-3449.0521784914727
487.29630661010737,-1395.758712713141,-1331.7073161220178,-528.2907879408449,-6281.371409978718,eyebrow_raise,-132.6582833222106,-267.6912436920647,-100.31128133506702,-3050.6887274148858
487.3970243930816,-1393.2660693926737,-791.1197371268645,-551.891426611226,-159.6712887082249,eyebrow_raise,-124.47417055165144,282.46812223215824,-100.21513908874913,-817.8121113542843
487.4982118606567,-1396.856373350136,-518.2379368599504,-548.4245393523015,-258.5692031364888,eyebrow_raise,-73.67569692494988,412.59740483360815,-47.50969833794592,1070.9915194421285
487.5987997055053,-1249.6838302938268,-1079.9148117052391,-393.89187318319455,-207.6093263402581,eyebrow_raise,-49.335023700037546,272.9622960189335,-22.682483191955846,1265.4359048991878
487.699731349945,-1345.2195746619254,-724.3139042183757,-526.3030311143957,-280.9824235709384,eyebrow_raise,-78.07354424340227,326.58518937901863,-77.06060778657519,732.0010753460047
487.80025386810297,-1429.7487934604287,-423.4726118827239,-637.3593602986075,-115.06924183666706,eyebrow_raise,-91.32305891885984,539.5542915780024,-135.56617824085748,667.266858791244
487.9009823799133,-1258.8877240847796,-577.9903184520081,-520.655782181304,-355.6794453859329,eyebrow_raise,-52.28244240989001,582.1286234384988,-117.72080830749638,887.0711815496174
488.00178527832026,-1272.463560923934,-772.5212146472186,-472.7476637489162,-426.221438350156,eyebrow_raise,-28.234524689252872,453.89207224839134,-64.28519430888383,684.6649883539378
488.1024277210235,-1380.9057000391183,-597.7407301180065,-547.8186755594797,-1088.1556812576018,eyebrow_raise,-69.32290167492756,389.99030474315134,-52.52318072079808,-5.171606177535551
488.2027444839477,-1360.2464926838877,-729.8489561527967,-479.685178166721,-1337.4835916035809,eyebrow_raise,-130.7188319598733,433.2673755162243,-81.41020060476119,-566.4708309370793
488.3035466670989,-1424.74106741976,-625.6777827870101,-560.3286409112625,-2035.0852603884407,eyebrow_raise,-156.3439075422093,465.4506801602034,-103.23652336868258,-400.51654159918445
488.40399789810175,-1367.5187281477265,-741.2537810676731,-493.50036860303953,-303.95475904876366,eyebrow_raise,-140.7560002317086,449.98111622356913,-91.62340826775481,356.2671074482753
488.5046014785766,-1402.9991590273569,-632.9163591512479,-529.3585293781944,-219.4965983494185,eyebrow_raise,-101.5675366336443,430.201913200804,-52.98821353609679,940.9857848649751
488.6052801609039,-1281.878759062383,-704.2624306059442,-419.41669038077816,-283.4189683920704,eyebrow_raise,-64.37551519242454,433.88279946245814,-19.15925519293915,913.7643513479818
488.705848455429,-1308.701321544591,-708.0322497612797,-450.54761761194095,-374.3172368151136,eyebrow_raise,-60.58758063903727,475.784070609235,-23.085561384640254,636.0167791013813
488.8067934513092,-1370.8584588081576,-521.3813227727078,-508.23557442845777,-455.7011997508816,eyebrow_raise,-95.4132008424849,556.4783119774477,-59.70110694039919,625.8093335010701
488.9074611663818,-1360.588693529833,-550.7208379250951,-508.4524886258878,-374.6351283113472,eyebrow_raise,-135.2943887726145,630.7254249610895,-91.97167504578022,811.3828285037855
489.0080459117889,-1384.2136415499265,-513.1834620698355,-512.0166132836603,-362.4916731552221,eyebrow_raise,-142.86219231988827,643.0148661308455,-97.03574421601299,732.8510301735805
489.1087250709533,-1385.6609828327782,-462.5676560695283,-528.4048548894934,-412.2809612653218,eyebrow_raise,-112.39086732853508,590.9440744556913,-80.97491903031316,351.33811445815525
489.20926856994623,-1280.2219833820127,-831.9164357935078,-455.95925284782425,-1462.0016906782985,eyebrow_raise,-70.45221228028957,508.37328706779476,-56.97316609570585,197.51383342537326
489.31002664566034,-1294.257827915717,-551.0761284208857,-466.6628465210088,-249.10538629861549,eyebrow_raise,-46.39518896119211,428.77669372074564,-34.076496562047254,526.6333559819625
489.4105479717254,-1310.7059079208411,-780.0103643084876,-454.8241932112724,-192.97135791368785,eyebrow_raise,-47.580076716618336,410.6988303963313,-24.01065450594733,861.7069381190603
489.5109930038452,-1264.660259666387,-800.134765970055,-426.10924135148525,-490.8244701847434,eyebrow_raise,-66.07469004256008,477.1296988357292,-37.408965553603615,703.9233556850501
489.61156058311457,-1359.4143649437465,-660.1390909287147,-514.5803147032857,-1109.4357120054774,eyebrow_raise,-88.02214846952485,465.5756342553538,-61.42974909531669,127.51546260923824
489.7121701240539,-1296.6625835872255,-840.7538193888031,-445.6763979196549,-1508.0716482824646,eyebrow_raise,-87.81455072247127,154.29280166088216,-55.82353851093581,-550.0877461638514
489.81320834159845,-1280.266862181481,-1855.072655821219,-407.76129216887057,-2117.6622514100745,eyebrow_raise,-52.47461624989057,-383.4408478856426,-5.055063587892375,-1062.1236880508213
489.9145066738128,-1319.6143496152945,-1783.5807282682508,-467.0312266666442,-2335.8854138245806,eyebrow_raise,-30.11748742102492,-781.0164115814092,22.386067280982616,-1134.1383436906856
490.0152490139007,-1232.1380896517076,-1934.650247078389,-373.6945434724912,-2133.661543420516,eyebrow_raise,-91.51953217165693,-785.5900371814255,-65.87446686415983,-782.5064173715334
490.1158425807952,-1483.8782354691066,-1866.6551259839907,-684.2595756929368,-1185.8474779501555,eyebrow_raise,-198.90502357019307,-550.3968039624301,-221.25790865798825,-494.4988391367859
490.2165169715881,-1398.6683548786675,-1781.3741872943938,-656.9171671168879,-1772.1254147039726,eyebrow_raise,-198.87318496492298,-522.0942063868862,-248.30456004851195,-547.7531316437935
490.3170344829559,-1305.6271237810142,-1772.4059072006494,-494.145501345396,-2048.470362329856,eyebrow_raise,-28.391680953136103,-940.5784804129521,-58.4234349800949,-614.2417238325684
490.4175226688384,-979.9435459896922,-3037.0904762167484,-158.65029602032155,-1431.2260539429262,eyebrow_raise,163.32363693785695,-1436.7785540407883,177.12577058217067,-510.765967570702
490.5179653167724,-1069.7460237257185,-2536.280473150313,-216.547687234357,-1484.3588126134127,eyebrow_raise,198.5133265657922,-1446.6658648048572,239.36650062331836,-598.0000391467847
490.6181919574737,-1129.8013372141868,-2108.7949486151338,-276.44966482464224,-2527.340242306236,eyebrow_raise,90.82474487960346,-1006.6667732543665,126.56666528745556,-1018.5755942056818
490.7188608646392,-1219.6225144499913,-2003.535464362241,-374.42382396385074,-2359.3551559965126,eyebrow_raise,-16.58409219852251,-660.898945382862,4.10461895163057,-1343.2667953245455
490.8194918632507,-1280.2126336321237,-1772.2226521028206,-448.2494490891695,-2259.7391807767563,eyebrow_raise,-66.2117024783613,-579.1154655035308,-40.22384264246134,-1268.4866853510393
490.92024016380304,-1404.298774261959,-1316.1007136069238,-555.6631157165393,-2283.9026743904687,eyebrow_raise,-139.956072784372,-303.1858813530857,-94.90825935959106,-1036.0586752724391
491.0204715728759,-1418.742267890833,-1295.6509406492114,-539.5628464072943,-2247.737841818948,eyebrow_raise,-301.66324055030844,447.4958004210065,-264.1887641135773,-1031.5287122593706
491.12098979949945,-1752.6255763350057,423.0163440881297,-955.1554890833796,-2254.073232343886,eyebrow_raise,-470.7949069446908,1204.6390912397335,-476.63547976070606,-1264.8041829856927
491.2215120792388,-1760.7748183384538,241.76583263557404,-998.2615759726614,-2282.0589037123136,eyebrow_raise,-524.9746388721617,1416.060517678152,-562.8581848264843,-1261.7654533612651
491.32203054428095,-1598.193887464702,-466.2907264754176,-793.1093639032915,-2191.407468686346,eyebrow_raise,-461.70437200261586,1228.1174743382742,-484.47821569077655,-592.9828728165947
491.4223062992096,-1565.5576505013742,48.43918422609568,-733.7122728070244,-338.14305449370295,eyebrow_raise,-344.6140271447602,1009.2967125693942,-328.1509546382435,404.4343644809975
491.5227923393249,-1437.7690089154055,-577.8893411532044,-585.3055627653375,-252.42454750929028,eyebrow_raise,-175.8841744302025,641.6507703466661,-132.91432779941564,854.0417947270804
491.6234993934631,-1120.3450001762249,-1315.6182665126398,-258.8945744326338,-1110.4380051936023,eyebrow_raise,35.4647594202367,-27.188655272247317,89.05961035355992,399.82024533829394
491.7238593101501,-1032.8238614131697,-2016.662513206713,-149.93258922360835,-1217.5375202246942,eyebrow_raise,178.78064905947843,-597.1126346537004,238.91149778590773,-437.3722836356779
491.8243386745452,-1035.546508580912,-1697.9295394830406,-167.6335357138887,-2311.078657418489,eyebrow_raise,159.40935700132593,-602.9053053941434,221.54799716513955,-981.3977899174125
491.9250395298004,-1185.0340497097932,-1463.1947187641636,-309.1139510376379,-2209.862005017698,eyebrow_raise,31.845705089902424,-154.76252528834132,89.25286299044093,-1082.5114968236987
492.0258374214172,-1280.771748675499,-1043.7163200341165,-420.5667096171528,-2237.5185651900247,eyebrow_raise,-79.94751641504962,276.503083164839,-26.63662650537714,-1061.6106782567838
492.1265168190002,-1293.992295018863,-872.6832152605057,-425.8250089548528,-2175.249230927788,eyebrow_raise,-122.97865420167082,415.86255522813235,-70.90092984567406,-1142.4608128889308
492.2268924713134,-1324.9250075523742,-818.9483326971531,-478.7857322273776,-2238.853709474206,eyebrow_raise,-126.6154582101944,400.6592965173601,-84.87581742465315,-1083.97366362604
492.32751250267023,-1405.3365964996628,-671.9927038382739,-558.5727578820661,-2086.9464530739933,eyebrow_raise,-147.15994964641857,606.5070552121085,-129.369711955151,-559.9575695313553
492.42815423011774,-1297.8182126735337,-340.964809010271,-504.0225771283731,-275.0715116909705,eyebrow_raise,-220.4118869786702,1181.4644612671405,-219.35910234555115,285.5275885151814
492.528557062149,-1605.795234124642,759.2875786540098,-773.7479018326849,-496.3539122692309,eyebrow_raise,-307.1716960692763,1679.0302380755509,-293.5290266148249,980.3947975831018
492.6291716098785,-1421.3770274096169,-357.13613641867414,-560.1883946629241,-236.44208504864943,eyebrow_raise,-306.3437225088771,1405.0601331816983,-259.79175821552053,1192.9229763919884
492.73004198074335,-1435.629786140751,-560.4109187102877,-556.2988987090066,362.9049321003258,eyebrow_raise,-182.45946694519765,289.86174237425763,-110.3789451857163,903.6295914645275
492.8304924964904,-1161.712033586111,-2439.4656829973683,-270.0918348999694,-1120.4104484254494,eyebrow_raise,-36.651656562527464,-839.1133222887661,42.55743497514539,411.9907256867213
492.9314742088317,-1217.619798023719,-2493.5446363566443,-332.9333738554269,-1263.401783331297,eyebrow_raise,7.049718674748581,-1158.2396349708163,84.7994955642493,54.074341865321784
493.0322954654693,-1229.7707329797558,-2101.094494606368,-337.9523195959628,-1115.50743958354,eyebrow_raise,-54.24887432911689,-828.4791267321656,23.42292481501573,-272.6966986032804
493.13312363624567,-1286.1684243115596,-1825.501266871579,-393.71796783525497,-2061.2402507285587,eyebrow_raise,-121.3617957973843,-594.1701220973056,-40.47201910833337,-802.2562081309986
493.2344491481781,-1352.8433607215993,-1951.8612666744737,-464.0206072023138,-2241.2491153958254,eyebrow_raise,-134.32551618194222,-569.7379167141548,-50.46616474353715,-1134.4961700022122
493.3352463245391,-1297.7808136739768,-1725.1784505601972,-412.1182756172493,-2162.07543333387,eyebrow_raise,-143.705098193705,-173.1645932740544,-67.59450404290614,-639.882816874418
493.43605208396906,-1388.933395294007,-383.5286104059778,-524.1488487399183,-281.69113461254165,eyebrow_raise,-214.57531176304457,728.3871345984594,-165.8822973229443,431.9663592236491
493.53650212287897,-1487.1805671299808,20.058953412342817,-665.1318573695607,-183.6646168739535,eyebrow_raise,-295.9308565248762,1416.3670948768067,-282.4014605527166,1142.5416307000442
493.6371300220489,-1431.9235452846624,-204.8997688223608,-636.895612704102,-235.78012275649235,eyebrow_raise,-266.7508638751525,1272.6968784490002,-268.95431766887356,1059.5607665237521
493.7381913661956,-1328.4891322101466,-629.5205299914815,-492.2624617177062,-508.3963901265524,eyebrow_raise,-121.11943434636291,568.5864085293586,-109.65979149706163,561.5697094717343
493.8388791084289,-1137.5148808727972,-1449.1083855810575,-299.2798841041513,-953.7605063999072,eyebrow_raise,-7.268541480026451,62.7621304761538,30.55505864642945,162.4920345443452
493.939621925354,-1214.6428376589902,-1248.5412908573635,-345.8939971518703,-1219.7384513486177,eyebrow_raise,-29.009116749309,103.36164619698938,28.819278342838448,46.592364874255864
494.0401020050048,-1285.2409291225486,-969.8476860593072,-412.4642163631506,-1126.2858312558385,eyebrow_raise,-106.24722513682539,378.7605315894001,-41.53881774882732,74.4367287317032
494.14089179039,-1296.4344496899284,-846.0831768256612,-436.4556745789014,-1077.7980283303186,eyebrow_raise,-124.45972941419993,522.2489116515012,-66.5088274231821,12.241375561673493
494.24135136604303,-1326.4658463341184,-749.3132654721849,-452.2193528921344,-1227.2631300594658,eyebrow_raise,-128.14757664924454,654.408128240077,-86.42568837514737,-86.22508127655894
494.3420066833496,-1284.5453077307902,-477.03732899809256,-494.46526279160753,-1178.2031224407256,eyebrow_raise,-223.6989881467898,1057.2779624482705,-198.01914340787584,156.44426111039215
494.4430291652679,-1655.098335240502,351.29628263786435,-782.4506490295753,-238.0408922797069,eyebrow_raise,-360.2945834298129,1529.3148081712427,-343.23305089476247,789.796456190878
494.543561220169,-1480.8975352044215,-135.66861079260707,-686.5072555663064,-267.96757172513753,eyebrow_raise,-381.0510442398565,1513.3600037585227,-362.62653289934775,1122.2604632129742
494.6440229415893,-1431.3663001912646,-280.324201178737,-583.0092641925439,-362.1980910087004,eyebrow_raise,-256.8737990733658,878.373021087193,-225.36162732532048,513.8259449601594
494.74463772773737,-1266.0402827500366,-1451.8366425987333,-401.9981063371524,-1899.1473767990249,eyebrow_raise,-114.67511019254955,190.42287486316542,-63.29499881165142,-578.5781480055157
494.84508395195,-1247.1388283739798,-1316.291448504664,-385.3779909340665,-2386.729353722185,eyebrow_raise,-59.60707200528897,37.140355577717024,4.442546697666292,-1087.5493043945798
494.945882320404,-1234.4007291249,-1098.4385361857712,-356.41620567720383,-2068.5274457922205,eyebrow_raise,-83.1733742929167,344.9360461214305,-20.908864876650824,-901.1633633918816
495.0469584465026,-1252.0904559153132,-752.1611992884427,-391.9340355563909,-2000.177034202032,eyebrow_raise,-120.15029979185924,613.6381833859566,-64.70155158499253,-1017.068092383044
495.1477029323577,-1336.3803211166523,-920.1163663985208,-480.9922732012346,-3148.776978543494,eyebrow_raise,-126.65851431427369,624.080593766238,-73.38443534302328,-1814.7001721913102
495.2485251426696,-1240.3434301544912,-848.3663857486099,-382.1841163719073,-3216.102657545824,eyebrow_raise,-114.06547015523526,576.1092009628024,-66.82849847127095,-2226.937146947613
495.34898066520685,-1262.9137263870798,-799.5943504264578,-429.66214630939066,-3159.955539511051,eyebrow_raise,-120.67155547475039,636.1328091600896,-95.85385296695068,-1330.3600266489743
495.4497601985931,-1347.6561194830574,-787.9501719144173,-543.5121807605028,-164.43218135181814,eyebrow_raise,-151.90845270407675,712.6115156251606,-153.20228905144575,218.1473251402541
495.5504276752472,-1301.1130645344963,-710.6352201304398,-498.7231388911605,-169.7802382884547,eyebrow_raise,-177.59747826143354,700.3721994128152,-179.86598254693092,1219.947285129775
495.6510434150695,-1344.9259925154038,-862.512557331007,-517.4862169688568,-231.3689107587561,eyebrow_raise,-177.9609906634225,633.5187451405709,-153.35108473544386,1478.7685345628354
495.7522668838501,-1300.720375039149,-1091.6936266156845,-437.0334891220554,790.5681018834002,eyebrow_raise,-143.48986610187714,469.5747395722212,-90.60721487428532,1432.410861815793
495.8531305789947,-1168.125962010119,-1410.5051382384263,-276.18413192778826,-73.88172362465411,eyebrow_raise,-58.18888938854437,53.55842324736258,15.205150579395642,1158.8145319398625
495.9538464546203,-1188.7814294653945,-1654.0212440532632,-302.79726001247764,-1024.0837152167223,eyebrow_raise,32.7236073952933,-385.4866743822246,131.0039699755003,459.46570256143843
496.0541288852691,-1143.0443229572847,-1905.125606878195,-244.5202689529397,-1772.411517050583,eyebrow_raise,-23.892498470628038,-113.08130964774284,84.9234124893813,-708.8685662753685
496.1547207832336,-1435.04075189773,-303.1245012586005,-509.86617080913857,-3151.0863667661324,eyebrow_raise,-305.67676033733693,1062.103512949469,-224.31755105414356,-2005.449116336372
496.2554852962493,-1676.5148723367602,161.32806438859552,-774.0975824785419,-3385.510775788687,eyebrow_raise,-585.5684076411909,1995.7063973061436,-509.5734573378607,-2534.2404151842047
496.356469631195,-1874.983883185312,810.7055931948125,-996.7076475410722,-3728.384803726338,eyebrow_raise,-519.1931802005973,1473.0823442413907,-376.64030445214473,-1554.3273197048152
496.45699024200434,-1009.2830611420796,-2472.092570210807,-130.85909944958985,43.34357053646818,eyebrow_raise,-106.07210662107582,-5.371207321710216,13.08592785391403,296.181652570196
496.5579607486724,-1005.1429918911308,-1990.13914272096,-172.63004205469042,49.68270096136257,eyebrow_raise,297.99491640602116,-900.6669650956173,82.70404505945821,1529.3211555702223
496.65860915184015,-577.4293334586546,-2471.9897229620256,-770.9336271160282,441.5531582185067,eyebrow_raise,486.42150200966256,-894.226618654715,-255.6400951812949,1726.0140717647412
496.7592108249664,-511.4761977400631,-2780.2696763095446,-706.7045852770098,483.41759832249954,eyebrow_raise,636.7030075150133,-1198.728272881732,-434.866978449483,1710.686498539506
496.8601651191711,-286.33422040753067,-4082.925449575763,-456.9017076366581,676.5273325345479,eyebrow_raise,940.174391275565,-2673.7324634565784,-110.30159098067888,1929.0558088522876
496.96246480941767,189.833581850864,-6522.19291787548,34.34537124307826,1286.9650230021216,eyebrow_raise,1302.9575247132277,-4822.324994044187,394.23707565725016,2038.4001278836877
497.0631120204925,637.619283345528,-8453.312699395698,491.2975675291382,221.6601304737851,eyebrow_raise,1631.033426656473,-6785.409653075998,725.5126729183537,1946.7068021644302
497.1647152900695,845.1799909863621,-9608.070389014203,689.7291793781333,811.7228459827602,eyebrow_raise,2041.7008872331853,-8168.244209342582,1014.9491115949858,1932.6315810388062
497.26567959785456,796.2209606664255,-9515.900554606224,655.3819381850772,970.8555890973656,eyebrow_raise,2401.8559732192734,-8490.608672179666,1387.1321640292977,1877.5280622539753
497.36628365516657,1876.5733406664804,-9914.802023780068,1763.4282773570158,14.53325122781098,eyebrow_raise,2173.1922945675074,-7122.932465586822,1498.0692564137896,1455.7961369124712
497.46739792823786,-402.23558998433873,-5188.516544426791,471.2610535165295,-269.3681642585434,eyebrow_raise,1278.196776710973,-4521.284113777747,1106.9635972647818,873.2145048967711
497.5686848163604,-710.0555356373079,-3852.5420024553314,167.3792225169018,-681.8230308718048,eyebrow_raise,454.9299536740034,-2261.7531046887357,589.1662856777573,577.8262684660976
497.6691160202026,-805.4603835069574,-3138.8082752116024,62.160877163521945,-642.5840005367063,eyebrow_raise,188.09005017945577,-1183.3698104960347,315.9846720568497,505.6138114118386
497.76984333992,-939.2029458223842,-2334.901820136234,-84.17392830271274,-893.2769743665121,eyebrow_raise,87.51655692243115,-719.1421737254093,94.39103894596111,274.3687215867109
497.87081861495966,-1558.708023732528,-1610.363521920517,-796.0320957186632,-1357.501406116411,eyebrow_raise,-235.4724660768484,-334.81890886886623,-290.85767490162084,-106.57708839033276
497.9716656208038,-1646.980882386677,-2136.589885085821,-912.2270474419928,-1547.372386966832,eyebrow_raise,-504.4841318764326,-449.6790032114087,-559.965173017822,-266.3550084622047
498.0725412368774,-1300.7484242888168,-3822.8584165070206,-536.9879252878018,-1181.9505021963269,eyebrow_raise,-328.6683614684646,-1760.7868519935607,-362.4824774325094,-72.81988357152231
498.1734209060669,-1057.265977573581,-5341.040884319693,-250.48540938226503,-926.036628028378,eyebrow_raise,169.82988516529755,-4068.9076617615165,166.80054995307074,241.52952871425987
498.27399539947504,-794.5454854862764,-6493.685530463234,47.12086949171498,-884.3928420217708,eyebrow_raise,504.0315712294968,-5724.547330760051,528.4036202503515,489.83965579670576
498.37426161766047,-368.5634007332847,-8761.27663119696,459.8150897021405,-351.5131968352944,eyebrow_raise,415.6160212368007,-4978.621183481258,454.35742720816006,743.4431808227465
498.475028514862,-1080.6085631470196,-2078.531678173691,-228.7079719402828,53.86577906180173,eyebrow_raise,215.10323880870166,-2328.8285979525417,262.92459582225865,1138.8943166918662
498.575504541397,-1045.060814068187,-2096.63279395923,-168.86957264924422,15.879615211859344,eyebrow_raise,339.94157377494605,-20.768620180275832,399.3030018173403,1613.4962105996553
498.67584490776056,-101.34193904930726,-950.1664625424892,769.5910030319355,1088.8943114988506,eyebrow_raise,674.1442097861657,1078.2568891186331,743.1927928883914,1911.5602884701698
498.7767832279205,-386.40459347190335,433.2674098666757,467.0630158162676,648.2854780191556,eyebrow_raise,784.1608870193825,2048.068889537052,850.9317661177555,1929.5739485010965
498.8772821426391,-686.2323729195632,2048.1337713338435,188.48534791683772,450.0857399674133,eyebrow_raise,612.4186017968963,3474.5587409572195,656.7309383593279,1834.124429160205
498.97778415679926,-894.2231690553017,3130.5580559093505,-89.50141578959301,396.1077639069408,eyebrow_raise,297.3247723724682,4777.517197855106,306.04978029682366,1608.995307827696
499.0784757137298,-1095.6616604686717,3968.834191577509,-319.6922580623068,39.95709112659097,eyebrow_raise,-292.2907836343888,5729.780604099464,-308.33653277089957,952.5916016870206
499.1794834136962,-2493.8569180029444,4549.519107947592,-1693.2864536880516,-1487.3769118776545,eyebrow_raise,-1125.0036534864332,6531.336399035918,-1140.8476552278148,-5.6577755425124465
499.28035116195673,-2709.226536751259,5362.966047809925,-1893.1317477202967,-1693.83434903156,eyebrow_raise,-1602.4296137485278,6634.036700877832,-1601.4542753847984,-508.3238409649554
499.3812625408172,-2415.4274760321714,3547.6747078173794,-1613.6602437314575,-1298.369847916998,eyebrow_raise,-1290.432309249236,5283.822552285682,-1266.9981391695278,-141.65952005592845
499.4820959568023,-1736.878727571573,1199.5616910876706,-864.5956816063263,-678.1691486150958,eyebrow_raise,-624.1934487111926,3039.8663772642903,-577.2121921663285,563.0645458584945
499.5827634334564,-1395.710094013717,-438.3312344066799,-528.1019229930826,-286.2762519582175,eyebrow_raise,-275.2274870914879,1256.9390648554224,-209.30770440866257,930.2603038219045
499.68383789062494,-1175.5908023216762,-1610.030670824461,-299.03305070707574,15.08862637123093,eyebrow_raise,-168.91437070836326,287.2195407113101,-93.0178975280835,1081.0139687420944
499.7847816944122,-1238.7951115728356,-1465.7976891333235,-362.1625619591214,9.05616774270311,eyebrow_raise,225.14907100128474,-351.47675037524255,299.19659776053663,1552.347060978802
499.88606142997736,-18.117945335339755,-2517.8296767189167,848.039144502487,1265.3783204578797,eyebrow_raise,823.6287699821064,-352.86793270073156,876.6727066266977,2224.040180445771
499.9869129657745,-294.7433854578994,-791.0954277771525,520.5061861830764,1015.8596752141602,eyebrow_raise,927.8618386871002,982.4082145255742,942.1536324013271,2331.0098672434
500.0873746871948,-641.2114572529681,925.769225181546,145.37178122764453,605.19996057963,eyebrow_raise,350.44426590150897,2808.622994644452,332.8762330904027,1646.4517224429758
500.18849229812616,-1647.6017057793215,2319.75522531569,-858.0041079344228,-573.9063477003947,eyebrow_raise,-252.5429361341134,3347.3754908647297,-268.8521204823399,912.9902513665255
500.2892649173736,-1424.8906634179875,626.9643083717674,-608.0665938956663,-399.5522117661312,eyebrow_raise,-387.00670665687795,2594.2363353245523,-373.2652511828214,761.5461354370608
500.3902685642242,-1181.972941596061,-644.4558204645291,-326.13423573598266,-118.01628300175072,eyebrow_raise,-309.3920586629202,2117.7406567359753,-264.32375889809106,895.7425552358028
500.4909727573394,-1835.318504255265,1628.4010594068095,-970.3563124532812,-579.9425462288782,eyebrow_raise,-367.3203785318946,2155.049759896818,-306.5242796773239,789.9861315902932
500.5916492938995,-1441.81745061744,-378.19738301914185,-582.7717805453576,-720.2523728664964,eyebrow_raise,-414.0919241106049,1467.073399443948,-347.81344802532465,591.8090231482647
500.6923816204071,-1055.9944115886465,-2615.128783916123,-154.84120791545138,-110.56266239006072,eyebrow_raise,-133.7271150003671,-59.44726658287438,-59.44384363921205,830.6343543957329
500.7927274703979,-1022.3839306868612,-2349.868899758905,-137.36091552255675,24.709519007243216,eyebrow_raise,447.53495647739123,-1144.992240551787,536.0939345403976,1568.7569184920405
500.89355325698847,36.071335072629154,-2977.5587487220764,913.2330805300736,1216.297743389383,eyebrow_raise,932.7753922972271,-1170.1690036338762,1024.9567402364974,2238.5921720699416
500.9938292503357,-190.0411462984048,-2332.8112160610035,710.367817283608,1115.7935419301502,eyebrow_raise,972.4608394376127,-665.3304801334448,1030.437498759499,2296.3142057048017
501.09478235244745,-459.3588219075464,-2566.4390263929963,318.13458973076195,447.5369981476106,eyebrow_raise,676.7322653794162,-243.31947150296207,668.3122219351346,1839.06065112266
501.19567751884455,-733.0970592643134,-1344.75582706742,10.86814927123487,354.8660171455704,eyebrow_raise,402.01170946747874,4.185951837192121,345.75426956740813,1417.1694475495249
501.29666399955744,-1164.3711024546064,-679.5828307983465,-399.8027850631625,-52.689580525737256,eyebrow_raise,159.84545358313596,539.4217866807904,111.74677804418977,1313.0313795501204
501.3971037864685,-943.6085479701868,-1594.8822060539387,-131.9885492362082,196.38775652321056,eyebrow_raise,-237.7409388148697,1630.7132055058614,-240.2325199425774,1232.9431073272951
501.4982285499572,-1783.9191892142408,1216.6380742853507,-947.4138961751014,-781.6540503390133,eyebrow_raise,-473.0357283123647,2220.8610810153887,-431.28576663406506,692.099516061307
501.5987658500671,-1492.375288168434,-65.82971902005374,-618.7178289694712,-1339.8883472750897,eyebrow_raise,-3.669093330659514,1019.4766803672362,66.36051429660438,-520.9571443866149
501.6997051239013,256.214936114382,-3851.051652322989,1166.7814679760486,-4082.24291783385,eyebrow_raise,892.3686935632041,-953.3107429130783,980.3472551087575,-2258.902560548515
501.80066347122187,70.40548661584035,-2945.977163546253,963.2822916870936,-4697.362963045947,eyebrow_raise,1301.8690588030422,-1252.5835421395968,1400.482647039169,-4075.100663612459
501.9014203548431,-371.8975215437822,-934.6028688768856,515.6274866908789,-6749.060859037563,eyebrow_raise,952.6919066375294,423.775750690916,1044.7367140845643,-5313.053792322235
502.0018625259399,-596.0970440874808,225.85068837413564,297.85685217101127,-7051.992755448446,eyebrow_raise,446.04200443113217,2186.8173099060486,506.1210719735076,-5709.845294048523
502.10293483734125,-699.6249546608888,1452.7024294384755,117.97514410223812,-7388.153662965633,eyebrow_raise,291.4954211121811,3210.9775940564814,315.0155812735564,-5999.001659578409
502.2040576934814,-908.980814280454,2050.910647050943,-100.91746040433644,-7574.91304705292,eyebrow_raise,368.89555943927655,4183.780009549165,383.41290642532283,-6810.589572493892
502.3044824600219,-985.8133189701476,2686.6936395182274,-149.34916483052075,-7679.521788713522,eyebrow_raise,234.9411766441913,4775.27610908638,255.85348128812123,-6937.747297314765
502.40534996986383,-1139.2576742521487,3127.597925094422,-313.7701264824718,-7894.236924969591,eyebrow_raise,-343.4158692671307,3586.7272208639965,-344.74184851816875,-4691.025885552718
502.5059504508972,-2503.341304290574,-2614.087221778464,-1773.07347934274,-338.1280948938802,eyebrow_raise,-1058.1118374828143,748.9140852466028,-1107.7850012071551,-1064.0707312678744
502.606966972351,-2353.588230264839,-3262.2231037993915,-1611.1171117615886,-452.4680562391877,eyebrow_raise,-1318.1963806577965,-1931.1778250790233,-1387.627040714696,1171.6323335332327
502.7079210281372,-2022.2031749910675,-5075.352781617548,-1233.435834936332,-132.93848382495344,eyebrow_raise,-948.8304321548652,-3443.4298162489786,-982.6810349901398,1486.8920634415229
502.8085031509399,-1628.298212158028,-5927.558174670674,-812.8279864196666,205.2569292681292,eyebrow_raise,-393.20518599247464,-4104.2324388344805,-368.79592419458436,1682.2716205897798
502.9089818000793,-1134.8689016541466,-6307.963968613651,-255.06865677796304,1951.027268984355,eyebrow_raise,-136.5076665924384,-4052.344202967246,-72.51141204484269,2426.666295988514
503.0099782943725,-1457.569909230806,-4796.07949232636,-572.0289179226384,1331.0004750303924,eyebrow_raise,-239.20321340361303,-3141.0474462414504,-163.138454556096,2801.270339616455
503.1108813285827,-1726.9025444397705,-3533.369590486865,-855.3973976653069,1200.2947114789858,eyebrow_raise,-522.5600017379084,-1859.8540683605827,-449.5719583018543,2676.133044289071
503.21162891387934,-1852.626761250198,-3024.537502015475,-972.347809179686,1736.7403512732126,eyebrow_raise,-828.2757746708307,-969.9298372926694,-763.3140082074747,2822.9744269241764
503.31265616416925,-1904.7946257321164,-2548.003189561423,-1035.967247325927,1884.6795738204385,eyebrow_raise,-915.3107366539843,-581.1097417804408,-856.5729448521412,3147.968147307061
503.4149384498596,-2093.064929401502,-1870.628769686912,-1226.3019757708537,1975.2001123479567,eyebrow_raise,-579.1459351839181,-255.04189916909274,-519.3873387334653,2814.1402782274426
503.5154209136962,-1093.4177204952575,-1638.5455380366184,-244.4716502535157,-108.9769448088482,eyebrow_raise,-143.6925554880372,290.347360251696,-87.38297030998898,1747.8366139481695
503.61657810211176,-1135.6187515952624,-1432.7874621744268,-278.8076717467047,-103.08286247868092,eyebrow_raise,-220.21309199842943,695.4681530101875,-196.62893243776833,726.7349416518962
503.71731472015375,-2117.523875111714,-1574.292186847888,-1345.0475392639637,-857.5384903899394,eyebrow_raise,-676.6471341773848,45.038457120494435,-706.0123694285331,360.5302767298766
503.8182356357574,-1576.5286470213905,-4072.818369945511,-828.7206912813708,-576.0474404250272,eyebrow_raise,-607.1839043663983,-2112.99989308043,-655.7031183493625,725.7900798361522
503.9188289642333,-1030.7276474880057,-6349.166446425486,-222.4155902648345,168.2225699569099,eyebrow_raise,348.69336626773406,-4778.352742547855,342.7878262717384,1468.3455276586797
504.020037651062,709.6796756917611,-9014.546396096235,1583.6830756366253,689.3981982320547,eyebrow_raise,1439.1011803030094,-6337.055660074916,1494.2390929281273,1857.8780166932472
504.121063709259,431.37128058914095,-7619.14858372882,1315.3340341160074,333.3933815499768,eyebrow_raise,1835.6719578470706,-6294.018097083589,1915.8848011794132,1414.06624286655
504.2215433120727,290.1489183623344,-6552.3009824687615,1163.4192979158834,-592.3870633314364,eyebrow_raise,1515.8448670218115,-5199.216207318077,1585.389234221258,671.2096468771517
504.32223153114313,46.81980754528195,-6657.165907276329,913.3808065783232,-946.1703794398344,eyebrow_raise,913.3567649164188,-3429.1273139796153,967.5707515938918,552.7665491370847
504.42349600791925,-987.9357121950017,-2235.669184661936,-124.59850692376494,1.7016544798389075,eyebrow_raise,351.3593282230088,-1347.5557190397692,398.81627804160894,980.1948437337028
504.5239996910095,-1079.5146424099803,-1898.408746557776,-227.05680610984564,-55.0251480480656,eyebrow_raise,7.551882287057044,140.1531227804773,53.41947643636593,1052.9229703485578
504.624766588211,-1159.1445922665298,-1609.5613133800216,-311.4850476095453,-829.9903873163275,eyebrow_raise,-48.214451958659104,515.5136915298651,-2.4713040020599575,556.6378509878697
504.7251875400543,-1151.5376357566563,-1437.959743813146,-291.01657515205443,-1112.154619273264,eyebrow_raise,37.999865342277744,396.61052187567066,77.60362042992345,159.0132420972582
504.82624959945673,-1148.3662005942315,-1213.4086706736125,-318.09719073120505,-1138.0571663663725,eyebrow_raise,-2.6287402272171754,569.2849433659756,18.66879418174927,105.31543530369109
504.92697095870966,-1288.444153434597,-1049.0849464205094,-481.20544749870896,-951.4885171768256,eyebrow_raise,-250.36716925577045,938.5922487407873,-249.1413208785216,-58.94839133237517
505.0276820659637,-1783.2684466219507,-1065.9724646704271,-977.9782285629772,-1851.6095084622505,eyebrow_raise,-495.7292117195853,819.0306881530021,-499.4473437397835,-375.5394877594733
505.1281666755676,-1591.2582429968752,-2141.672409125604,-763.1434155083261,-1628.0644684107974,eyebrow_raise,-529.4295667240657,-76.97898743086199,-521.4285505093769,-269.98960101921256
505.2291469573974,-1623.559758914169,-2322.986498877406,-793.103754053358,-589.484900965821,eyebrow_raise,-376.0053384414517,-1030.1259260307156,-349.1457438299824,405.014407316825
505.3296978473663,-944.1919723632744,-3632.486289062537,-85.25288943992928,62.013151115272194,eyebrow_raise,-108.7961972662956,-865.7171511798707,-61.150141831637626,1114.0997360639499
505.4307088851928,-1336.8496785610914,-767.4330807575025,-454.8896414604969,-297.0228544808924,eyebrow_raise,297.8767387377495,676.6112611182417,364.69269840884965,1402.6210543654925
505.53159213066095,-52.27632158063352,915.1722186570988,832.2605065894313,274.8471176936291,eyebrow_raise,720.1681906034833,2666.7137602165367,796.8058557207773,1116.7454411728634
505.6322891712188,-408.57659035921097,2213.901096969843,479.0643547740765,-1165.7455156883225,eyebrow_raise,837.1822624098689,4311.4391516485075,911.4363018745049,157.66029240334905
505.7334406375885,-615.9764823019505,3578.5120529020205,267.0419464861043,-2440.118295539636,eyebrow_raise,575.4785166811203,5601.139061782097,643.9268514588607,-1226.9783745707107
505.8339977264404,-877.2795523060486,4626.256245188415,-6.045548278372735,-3436.601549083367,eyebrow_raise,260.66026246198294,6505.664783630397,327.0130635204265,-2266.7353177199097
505.9346842765808,-982.007970765233,5336.983092867769,-106.65259698638692,-3790.3325065923855,eyebrow_raise,149.93421955927107,6952.030563290128,207.498489641922,-2503.284913325557
506.0351586341857,-1038.4056620970368,5777.285254551098,-201.68345486046744,-3861.7197169465935,eyebrow_raise,127.27557162806063,7620.8709589528235,153.25545498902224,-2492.994873622577
506.1361942291259,-1157.7608292829243,6337.750401810743,-362.3271175571717,-3731.103710994125,eyebrow_raise,4.345210615890682,8811.451970839891,-15.256435828120077,-2870.100143215807
506.2366437911987,-1183.625977376476,6421.097812223248,-417.5504803028889,-4002.497031078674,eyebrow_raise,-124.99467348105556,8651.833136187206,-168.74057892928715,-3008.9489595092514
506.3375430107116,-1385.4777277349494,5456.201753705274,-600.0482483906671,-4314.556153331418,eyebrow_raise,-33.25768680117203,5200.979693687083,-57.69334292607302,-1852.1787781613382
506.4380693435669,-727.3450931324624,-4041.365811318159,110.45607524132356,345.79301985306665,eyebrow_raise,246.98875670104124,222.87742114758737,265.90439728208963,96.71692360470144
506.5389640331268,-805.5688406056724,-3755.368181906641,58.740738654043525,-621.3993372377008,eyebrow_raise,424.27115462293204,-2451.468867529245,474.2895133748633,1162.1540023419923
506.6400172710418,-792.7746428572573,-3268.814677471295,67.72771824756637,-762.9208914609626,eyebrow_raise,347.2078347290609,-2052.3588680231815,402.03372684029813,767.490414286405
506.74099278450007,-1011.9215605608188,-3222.0528383753262,-148.84614828648046,-855.6217916626483,eyebrow_raise,165.9723945894803,-1020.572621675293,209.94017932193424,-134.1444542968613
506.84129810333246,-1107.5283630280755,-3035.237355788704,-261.24136165482923,-2040.584783273284,eyebrow_raise,59.14789768422132,-833.9827337735335,90.79249419388253,-639.5310612991548
506.9425349235534,-1092.5126647059806,-2615.0670755668543,-256.30469371331856,-2041.703013360035,eyebrow_raise,21.422536603101587,-885.3293673987771,47.49901292709008,-765.2305880101466
507.0429565906524,-1214.5568199600093,-2415.9697615257464,-368.28477818658575,-2071.667091805022,eyebrow_raise,-19.50263997842388,-659.9405198857913,8.801976146648641,-919.8019090716527
507.1434400081634,-1229.7295940802433,-2348.6927012228407,-391.7227312088944,-2210.634294358548,eyebrow_raise,-60.579339665623515,-413.33753413243386,-31.97984445116322,-1114.748758381226
507.24394536018366,-1225.223014633637,-2103.2767262305133,-392.7848627963104,-2055.245191099588,eyebrow_raise,-73.16629292994593,-192.63190947944514,-59.425521926375716,-903.6865408697264
507.3448259830474,-1219.433649502229,-1977.537549820263,-415.7291490244679,-2060.6530864355154,eyebrow_raise,-68.803596572938,154.19187588762478,-82.21128405656754,-215.5517868317153
507.44563174247736,-1239.369186216034,-1007.794580959715,-464.8097260929644,-19.430650219786912,eyebrow_raise,-60.288162126746755,373.8312037522026,-90.84239004533693,283.20331590889475
507.5463490486145,-1231.8893863046542,-2035.2890849360265,-426.51315054669976,-1235.1019603665918,eyebrow_raise,-44.68564887826773,179.64655200052707,-65.0844505855037,252.2429679656309
507.647307395935,-1165.764215188101,-2050.143967560027,-348.936405765824,-1401.8678392907605,eyebrow_raise,-43.93764390894401,-176.58280754568324,-35.02643308855102,279.31692252429133
507.7477834224701,-1293.7435916718096,-2058.682159158867,-441.6784448670224,-85.86249313270673,eyebrow_raise,-85.50864493634279,-291.6327664136928,-50.475196037674195,691.6316773488694
507.8485884666442,-1284.4088013824075,-2015.1796428742816,-415.4767057774589,-129.23785281879827,eyebrow_raise,-141.48021927543238,-162.77158213899605,-94.91513905237139,885.580381851072
507.9495649337768,-1341.498374206014,-1990.0961338714696,-490.62625548709184,-1091.4150040689856,eyebrow_raise,-154.62888897077374,-32.55547872037543,-106.85494647500529,497.41762604479254
508.05005121231073,-1300.3370352936909,-1877.891655400861,-432.33243487775326,-1083.9875627569854,eyebrow_raise,-123.59488736086462,-38.625859680221964,-80.3701280865695,29.974226563477885
508.1507220268249,-1254.119351641275,-1920.2086233994924,-405.633289094083,-1174.7100558821112,eyebrow_raise,-103.43460229695138,-134.79786481914903,-70.05416587841971,-98.45020645726777
508.2513360977172,-1298.160413519479,-1996.700797193218,-455.575913102366,-1210.7028530556709,eyebrow_raise,-120.73585806180941,-122.23902118182971,-94.9327426651856,-19.061256343637716
508.35247373580927,-1356.0952037330717,-1794.3460302907042,-514.1090873088688,-1118.3609832497314,eyebrow_raise,-145.99106507047117,196.03354090024533,-116.40364850184395,225.087932787577
508.453587770462,-1285.188570523169,-851.4144042124972,-434.8063786984421,-183.18777962960303,eyebrow_raise,-153.17324977909726,752.7014927280463,-119.07594128626789,786.1402621631362
508.5541183948516,-1334.828262635041,-805.8175439527258,-492.04180762032047,-195.2564367866144,eyebrow_raise,-148.8644991435245,1190.6503307672092,-130.4993106488755,1301.155037625602
508.6547813415527,-1356.2803287808783,-742.2429846059531,-553.7875558887608,-82.14690252672881,eyebrow_raise,-143.681721358858,1151.2283145773679,-155.02549642721672,910.1221897779976
508.755665063858,-1274.6383127481677,-990.9313720595092,-485.583000396844,-1625.7569501381367,eyebrow_raise,-142.35535504373408,602.0692836476896,-164.50777172810382,-575.970734191741
508.8563861846923,-1361.8602595147677,-2105.954494598788,-543.9067402058281,-3544.710837102495,eyebrow_raise,-150.78972189731607,-65.36140056385521,-153.4054778619991,-2224.7421724498217
508.9570043087005,-1334.9292399338449,-2111.49702633312,-492.5429542143829,-4978.743685962167,eyebrow_raise,-166.99462440581826,-383.7489234784213,-146.53933847829848,-3450.3691106321776
509.0578718185424,-1380.4139031949453,-2219.714771450963,-538.7868171664886,-5782.438836690038,eyebrow_raise,-182.71676907653875,-327.752520935247,-157.5045519767111,-5050.660160780391
509.15840029716486,-1356.527162177954,-1936.458488706965,-520.9512342778035,-8680.290967606474,eyebrow_raise,-194.39283952658457,-229.39651675529217,-171.33817582594605,-7328.477196309428
509.25909233093256,-1394.7900786246173,-1878.056210998912,-545.0810687919147,-8608.76912085386,eyebrow_raise,-193.8882812356627,-159.58517021059757,-164.9271847722083,-8193.878034189898
509.3596320152282,-1355.1770582939498,-1989.0601815837435,-500.5725194192492,-8898.940478615928,eyebrow_raise,-166.7628526777722,138.17447011033295,-131.69168811934574,-5596.382990039096
509.4602386951446,-1286.379728659056,-863.1184211238287,-431.6031543863937,-140.26494783814996,eyebrow_raise,-120.92190226966994,641.5173077590039,-88.05815875820127,-1159.995817846053
509.5608932971954,-1325.349486197345,-822.1104181096889,-480.0797376120463,-274.5684951469302,eyebrow_raise,-95.05775520230766,965.9302331295863,-62.565429261603285,1504.5049057244032
509.6617176532745,-1252.4476163610816,-891.7436153846793,-399.7691259635613,-244.08457060810176,eyebrow_raise,-109.03480815996967,984.1464465570589,-71.71268528002251,1481.0639735247278
509.7619960308074,-1325.5028220955282,-860.1863395585679,-472.2222078051418,-310.7034085188061,eyebrow_raise,-123.1064725894682,952.9508355094573,-95.21068516153451,723.1296433952837
509.8629701137542,-1324.9081780025735,-643.2646623286419,-496.77839091420174,-14.357475929893551,eyebrow_raise,-95.49008259609391,989.4985965894176,-97.21267543188813,546.6761100823907
509.9633243083953,-1224.1777125960216,-816.1602372801863,-453.08513973187655,-1140.9368893322537,eyebrow_raise,-64.04419767548795,947.3374804886652,-85.49411722613421,552.840243823511
510.0641770362853,-1264.9239226132631,-1091.6674473159949,-435.7095645377413,-1117.2483630129136,eyebrow_raise,-89.66878232863256,779.4753950106917,-97.87968699279148,117.29174067796498
510.1647884845733,-1368.874441881664,-1028.6015143631955,-528.8143739346415,-1786.9054993288592,eyebrow_raise,-140.33449848017347,618.3241466635924,-120.96424022348366,-768.0232335453169
510.26543998718256,-1356.428054829128,-1119.3127877884544,-506.7340045962482,-2061.309438877739,eyebrow_raise,-141.05234312552165,566.7739117232039,-107.38915465463887,-1456.7221602855143
510.36604881286615,-1248.9732493022457,-1212.4288168852215,-402.5478716306389,-3443.8176860478707,eyebrow_raise,-105.92663993492175,629.8275237985735,-72.89074820596146,-1081.0003836025644
510.4665515422821,-1328.1693707639351,-908.3412913880312,-472.003423657734,-1.9559676768258207,eyebrow_raise,-100.81800101204666,743.131239922974,-71.1963175515274,249.76617655840093
510.5674171447753,-1331.909270719625,-873.0179363065399,-469.4378522881306,-41.72980370558798,eyebrow_raise,-121.06309755275437,807.6262416354143,-88.89958860550519,1251.2679445592698
510.6682934761047,-1307.1099941134453,-927.14550836524,-464.875174342189,-170.88724867533892,eyebrow_raise,-117.73246376616493,807.3255270958036,-77.36332576807324,1182.6711662271873
510.769070148468,-1298.9308329103517,-853.0880094426684,-445.7007072693668,-305.216975283809,eyebrow_raise,-94.6892318518853,844.8531787068428,-60.589134924859,772.8061474507435
510.8696751594543,-1284.3265235833824,-676.9649008293636,-443.4455475960858,-375.01846805680543,eyebrow_raise,-86.86530979506738,968.1927897454902,-93.9681711602309,817.7966191444248
510.9703950881957,-1303.4037532573566,-651.6233387296088,-556.3830464580096,-145.45218907669187,eyebrow_raise,-84.06553530737092,1056.770868869424,-141.13695673836384,868.1366913145245
511.07132983207697,-1243.8832454625517,-643.1599451298825,-505.8457783567719,-1420.976858114358,eyebrow_raise,-50.3820942687262,963.1812804804596,-113.03589805712801,-1.9605252655937022
511.1720495223999,-1220.2470777425915,-1025.740490897093,-386.8384218667634,-2401.767491444014,eyebrow_raise,1.865610691669775,711.6798457559062,-19.180396281748607,-1586.8429799609478
511.27281212806696,-1178.812726133503,-1018.75809767982,-345.897737051826,-3560.86346501112,eyebrow_raise,14.709456317951556,504.87105006794167,34.13975587470806,-2395.1988093312452
511.3733842372894,-1248.4309638086706,-1217.0064544309862,-410.20157688995823,-3151.247182464227,eyebrow_raise,-36.618103036886104,518.8442444617366,-3.068758752491817,-1424.2832322768086
511.4741466045379,-1334.020444244612,-904.6743194814773,-459.46540905628353,-38.47609074413776,eyebrow_raise,-104.47065556713586,682.8622113020992,-67.57866626585299,384.92382452889564
511.5745115280151,-1306.0235531763174,-881.2475861590356,-444.89475882891566,-95.67038076650353,eyebrow_raise,-122.50880641726047,742.6138900537912,-80.73234384339804,1297.5800440947942
511.6749465465545,-1319.9434608113952,-865.2669936483726,-457.5879792785272,-167.7457327125594,eyebrow_raise,-82.13212304869094,606.3764125321102,-37.91874263175009,1013.674956157673
511.7754390239715,-1251.465892622713,-1337.0217139590532,-386.6944357184693,-576.2774442723021,eyebrow_raise,-41.207582538171515,475.1807067203581,2.451985190584042,645.9072508799468
511.8762760162353,-1260.789463212248,-932.1962432553992,-377.3334661293775,-173.8642090400681,eyebrow_raise,-49.11125651544267,533.7334496640829,-7.573418796591831,835.4761254083987
511.9769501686096,-1261.8777740993537,-731.5393909327686,-463.4446626091376,73.10382443387061,eyebrow_raise,-76.3390701654649,726.1610954528122,-51.02968621065776,1139.821685899616
512.0775766372681,-1365.6824372694828,-813.136528166011,-492.06985686998814,-121.33731416240336,eyebrow_raise,-63.18627357755885,882.8670370361529,-79.28425638132137,1123.86492484725
512.1781740188599,-1168.754265202675,-823.1332807475701,-449.6967903720215,-183.98811822012067,eyebrow_raise,-25.246312091384652,813.9918218989384,-83.42657555114577,934.4616350405273
512.2786574363707,-1251.9707791167311,-835.8003218974918,-486.6096029346809,-426.9021001420915,eyebrow_raise,-26.492865270976836,400.2233543673625,-86.3732929799815,758.5629969091899
512.3792326450348,-1331.3838147758506,-1802.7720248908736,-516.132373184897,-277.9867637064308,eyebrow_raise,-62.7936670221065,-95.33401520519963,-86.4574086521268,556.6893646289761
512.4800269603728,-1264.3161888704635,-1655.84631523164,-432.04072268120944,-1069.2766662812792,eyebrow_raise,-74.99517343651307,-118.98252413725609,-65.79721573014898,410.2420110969368
512.5805394649506,-1281.6618448649533,-1031.4774974291213,-447.8474098439328,-427.56593238422647,eyebrow_raise,-54.33051476331346,392.89166445820354,-32.96394887656653,503.0815191060685
512.6813151836394,-1267.8354347287675,-816.4556893766858,-419.38303128117695,-402.63201937964186,eyebrow_raise,-39.937677691203376,740.6849117773826,-13.204590018672992,728.3855754618115
512.7820289134978,-1276.4484243267216,-862.3741810326464,-409.4648165986873,-314.4713577241637,eyebrow_raise,-42.598819098200934,388.1022750231122,-13.173628143055549,805.0942066975933
512.8825371265411,-1261.9151730989106,-1979.5327864466235,-415.1083256318234,-356.4554746267386,eyebrow_raise,-45.509773776917875,-269.6027332916687,-22.51197089692723,757.5516562352466
512.9828307628632,-1294.594418911729,-1917.087676886469,-487.0340815796517,-228.5658557419665,eyebrow_raise,-53.98180539899833,-534.6906401976266,-42.23672996017477,847.9231788447172
513.0834770202637,-1316.700967549812,-1763.0673770112917,-447.8287103441544,-169.51657534157857,eyebrow_raise,-84.69324547714508,-399.6122277478746,-81.43226277878232,1023.6616753185056
513.1839518547058,-1305.8739571780898,-1766.934433565475,-511.24619389278814,-244.9540973477997,eyebrow_raise,-115.2918063723676,-333.899194177862,-114.59173890263385,882.0013836264993
513.2848467826842,-1411.1334414309822,-1726.1171654490754,-565.4822230502032,-308.7006920925341,eyebrow_raise,-100.6883145810823,-389.0975143411107,-91.26609453493917,369.3130266059401
513.3852341175079,-1214.3025067630224,-1814.4349029026928,-363.6585219413973,-1738.062405907549,eyebrow_raise,-46.94956087310932,-194.9479251314619,-19.530364999737106,25.965265022512014
513.4858102798462,-1261.851594799664,-857.6375977387652,-406.2298031370156,-543.3307956126519,eyebrow_raise,-10.625485490464419,279.6555603531093,25.111328182441472,168.1690506870022
513.5862426757811,-1269.1257002134807,-804.0747505733743,-411.4020847757347,-605.2186600794084,eyebrow_raise,-14.683207913465834,605.8155808290109,7.6401829468911835,365.66442491136814
513.6871883869171,-1245.0818833983503,-865.3230921477079,-423.2575676352717,-1211.5742497453466,eyebrow_raise,-27.0693849973423,546.510617048038,-22.487135992901685,155.10920952986118
513.7881636619568,-1276.5194824258797,-958.237166646868,-449.0740970293991,-1280.773618625477,eyebrow_raise,-25.181723452529805,335.3398756941775,-20.934416594017506,-268.23042200588674
513.8893358707428,-1246.8321565776132,-1025.3945501511917,-410.3511728881858,-1338.0539263468236,eyebrow_raise,-22.676913818460378,266.52071801439354,-11.783551986499695,-401.4382784919667
513.9897599220276,-1290.5254077599384,-986.9820377063006,-452.9448934835382,-1280.7175201261416,eyebrow_raise,-34.638881311587056,358.07553948734176,-35.11996116109429,-112.27611636826164
514.090544462204,-1294.7103558103554,-782.9256163239479,-509.4286025143229,-1080.0868471032009,eyebrow_raise,-60.50865358892723,471.1405993638982,-84.76935714171236,145.83223217309958
514.1912858486176,-1339.7798901763745,-703.011434070766,-540.6418075445108,-1165.509901991114,eyebrow_raise,-93.57663081784958,534.7148823454304,-124.80130474834174,-179.70552320019317
514.2921798229218,-1354.7581894989123,-797.4139887522906,-542.2537044254132,-1374.218758918345,eyebrow_raise,-114.05530488794238,552.2478490364648,-129.45734502805053,-851.2102170572828
514.392745256424,-1321.413241493981,-670.4892640560865,-493.4480100036599,-3089.3854972971603,eyebrow_raise,-90.25835694164817,501.6426227360436,-89.89051528104058,-924.9116565882243
514.4934508800507,-1319.535811716225,-789.6742657939903,-496.2267556707375,-410.5998762352392,eyebrow_raise,-25.720354939729447,377.2197249475994,-23.502312212302154,-183.55420987127167
514.5938131809235,-1174.6782667324878,-1058.049486614298,-346.57839884376153,-840.8417070377618,eyebrow_raise,19.816960651140384,276.3734179632458,19.030060413263946,358.20252418759196
514.6944410800934,-1249.9287937409244,-828.7898794305511,-423.9270097273402,-1251.6267083208077,eyebrow_raise,5.279997196449372,281.67654445265293,7.069364665953119,-60.483422136936184
514.7951095104218,-1321.3234838950448,-860.7024457524531,-482.92767142830417,-2024.116133818403,eyebrow_raise,-31.948600136349185,318.9564204334722,-22.929799506754456,-919.0826456179168
514.8955852985382,-1255.1945728785358,-867.6698793699034,-412.2473021657206,-2198.462789952755,eyebrow_raise,-42.9348871566518,287.14069138167156,-27.680109972521045,-1331.5512757373651
514.9963800907135,-1302.926916013006,-924.2957045990042,-473.3273482420482,-2247.1114085763693,eyebrow_raise,-41.21966159493347,231.4016343074465,-29.18494616206524,-1169.9454370234994
515.0971114635468,-1310.9190822183157,-898.1949428082444,-488.645978460554,-2262.0971876988187,eyebrow_raise,-58.300110356503566,242.63690745509234,-67.69993871091565,-966.4198166608559
515.1980776786804,-1344.9334723153152,-763.7268399014138,-541.2626309371553,-1813.8065997101369,eyebrow_raise,-81.47740473865179,292.34436439281313,-120.24390372544997,-1083.0148851298186
515.2987823486328,-1316.2334800553508,-824.0888251862489,-563.4290179745294,-2082.884921722114,eyebrow_raise,-83.31685158461374,297.3920857959801,-128.34038432963655,-1152.5964750608857
515.399640083313,-1358.3784126560204,-820.5060010286979,-533.5546971284784,-2208.2014894373715,eyebrow_raise,-72.69471136148908,263.1779987058109,-89.41974118529859,-585.7842640147786
515.5000724792479,-1309.9373584799469,-757.4550276757218,-453.4815691271797,-200.40627902559936,eyebrow_raise,-75.54516404954444,252.82353216463895,-57.68475298896553,350.1440574245324
515.601050376892,-1326.385438485071,-840.417228392791,-487.4211612250656,-248.8679026514292,eyebrow_raise,-83.5661413075752,263.7705493722446,-52.28888282316554,699.8128734642644
515.7014322280884,-1381.9640917265788,-734.2863474502228,-515.9416382871568,-1133.565546519589,eyebrow_raise,-65.2126916626828,227.66652720208478,-36.717103236186325,217.29457898670742
515.8023998737335,-1225.52407658007,-876.5521417646669,-375.6542510492727,-1222.3133724681102,eyebrow_raise,-24.387199489446648,125.19059404652668,-0.47960799103826446,-330.36843832635066
515.9031720161438,-1272.41494222451,-1024.5848618107848,-427.5865018339828,-1325.1606212495826,eyebrow_raise,1.3195284170999475,21.56900615557717,20.330011844072384,-377.3907030989587
516.0040776729584,-1294.607508561574,-937.2133190459572,-446.4355976106599,-1260.920359710697,eyebrow_raise,-0.9233751666482597,-28.56646067834735,12.635845343714823,-189.32274044170055
516.1046679019928,-1235.1505790660158,-982.79147980595,-406.5121655836701,-1185.2098250077106,eyebrow_raise,-11.33451467779118,-34.538488206232515,-0.006989785895221701,-184.19332685241423
516.2056365013123,-1296.6307944376022,-983.6927956952712,-458.9941816618666,-1289.156604376156,eyebrow_raise,-18.662760898607797,-15.580434877772582,-11.102108115039048,-294.632232172665
516.3065507411957,-1312.4019525507465,-871.6341733229347,-476.7886256510392,-1142.7806600104086,eyebrow_raise,-31.695902276096557,25.657382385128653,-38.459402845448075,-175.03475086023087
516.4075207710266,-1292.79739698302,-787.1273939241655,-511.33782144170254,-872.8945196080022,eyebrow_raise,-57.71776660821928,72.14381814782138,-82.58313084240801,269.55649760484107
516.5081350803375,-1378.69167926535,-832.7859625332057,-564.1975674154237,-8.089403604157269,eyebrow_raise,-85.0641243587776,89.52177748134137,-114.62588993324727,755.5115602263736
516.6090581417084,-1334.4337031897155,-809.591103008017,-533.4294104799628,-190.4170062439516,eyebrow_raise,-91.62192481438129,49.62963434763412,-110.52460252035371,975.4287431795502
516.7100310325623,-1381.627500730567,-812.1117955781519,-553.3219383442774,-16.668734102509916,eyebrow_raise,-75.82337620706704,-38.40882755186823,-82.87138384815417,907.9086118760445
516.8113355636597,-1285.6242688680068,-988.8856467837468,-465.1425771890208,-254.2346590878442,eyebrow_raise,-58.628603483540175,-108.98123899019961,-61.17951055761192,728.0356850343188
516.9122848510742,-1325.5215215953067,-919.0579747110604,-497.3692951072008,-379.3006535060704,eyebrow_raise,-43.21991511531684,-107.93128055573712,-45.009599674066365,585.860916048211
517.0140397548676,-1315.521029113792,-805.9073015516624,-485.6484486460686,-456.02096119709313,eyebrow_raise,-15.114702059328426,-76.76220346975941,-14.292862901673075,546.4143781397013
517.1144504547119,-1236.0705944551155,-862.428409582004,-393.7067481353879,-339.2687643803656,eyebrow_raise,9.40237661818288,-87.08266716840048,16.438171620978608,604.6574318683947
517.21519780159,-1254.889771032147,-927.6597446091472,-428.3382217250765,-295.67649049684405,eyebrow_raise,-0.10762408221236619,-127.95093463079638,12.933114124109192,689.7328803194775
517.3158390522003,-1340.5746189169586,-797.4775670515373,-487.2379061272368,-210.5376680055633,eyebrow_raise,-22.968820897844214,-149.47228002432203,-11.87977681941064,723.0270379311119
517.4167561531066,-1267.519413182512,-918.1043002223596,-433.0654552690685,-284.56524772848934,eyebrow_raise,-16.546206439819414,-169.21550002645387,-13.01674409915649,692.0084057017874
517.5172355175018,-1267.9906405769289,-954.0447387965396,-440.9510343256407,-325.6069098422304,eyebrow_raise,0.8298833848432423,-243.3428310451494,7.036639004341863,640.6671569791251
517.6185631752014,-1327.7093630693853,-939.578805767931,-483.0697876266204,-289.2476024730131,eyebrow_raise,-19.747729069957185,-327.0869715542061,-0.47221124928000435,624.6223421999799
517.7190511226654,-1266.9060695897788,-865.1286173500121,-408.4550436106511,-262.353981891647,eyebrow_raise,-58.90236837293159,-241.599168104463,-42.7346390472358,702.094626736825
517.8202664852142,-1425.6124641094357,-688.4968823427334,-604.1415688921697,-30.97385143302381,eyebrow_raise,-50.50944573398459,100.99649251680704,-62.11214949005733,874.2997786320911
517.9205973148346,-1213.2272855257615,35.68425542721525,-437.05405857181177,-111.32186208106576,eyebrow_raise,0.22847321351896888,483.9112942761261,-29.732936203913095,972.9083254596048
518.0215837955475,-1261.3261388558894,-6.703770670574158,-425.15743681276217,98.99515182711184,eyebrow_raise,15.405895606108118,621.2813205437891,2.6422079439125508,742.5505515737015
518.1224989891052,-1342.0743187991902,-24.939522854518145,-494.0576136964373,-1085.8893018844535,eyebrow_raise,-27.76125252841443,565.5228336383504,-9.332598275061722,159.4295118080723
518.2232580184937,-1333.3005135031417,0.6563524422235787,-477.7366902898066,-1144.680529187899,eyebrow_raise,-62.96551217468287,562.7618604505984,-32.00403563382221,-409.2366125128807
518.3253619670868,-1304.039536249824,-55.105555897112936,-456.1761670452543,-1328.773364606779,eyebrow_raise,-45.74303873845309,563.786224086464,-21.74814762160259,-488.17950514269637
518.4260761737823,-1341.1879625096915,44.16634852671996,-468.5365363988094,-1244.9023682004772,eyebrow_raise,-16.466116532236935,301.97241966562456,0.3758702803349401,2.2486374948228516
518.5265340805054,-1276.1959810797125,-904.8613144792616,-470.7112882230431,6.197014226578176,eyebrow_raise,-23.6436091587647,-169.10592935987546,-1.149153049634096,596.5638564504759
518.627679347992,-1316.4896632023156,-932.1962432553992,-378.5788528146222,-134.88697170186788,eyebrow_raise,-33.7669427913317,-479.76489722230093,11.002985030442451,820.7978889025368
518.7282009124756,-1268.072918375954,-839.0689944587648,-409.6162825468928,-253.8195301927626,eyebrow_raise,9.703526370777022,-488.83904341196535,83.22356372887107,748.6528182916516
518.828714132309,-1349.9094092063606,-911.2303641038015,-465.0378599902615,-224.01252754591405,eyebrow_raise,21.532601830745616,-405.02169605862747,92.22996539799765,687.2321759768114
518.929313659668,-1350.88178319484,-815.3056701403111,-435.832981236279,-221.5815925747156,eyebrow_raise,-183.7604942107836,-416.96317405103895,-177.70189278547036,577.8071795390201
519.029778957367,-1886.1998431524264,-1040.0530880275182,-1204.0495710344985,-621.5264938361943,eyebrow_raise,-554.3432016893142,-610.8365334390065,-629.3979796650648,254.43682896566463
519.1305415630341,-1962.6695775464177,-1569.2190125579946,-1204.0121720349416,-890.8105103457347,eyebrow_raise,-699.279449104933,-1150.9077709965793,-786.4863872321837,16.023676885632295
519.2309186458588,-1813.3054531160744,-2328.5570798614062,-984.4426456363872,-751.8358279922977,eyebrow_raise,-371.1352194321572,-2049.947245756973,-396.9623010552153,280.95762772427787
519.3322324752808,-920.0340885994956,-3011.311345822178,-78.24618687294424,201.3375141145661,eyebrow_raise,139.85584869497487,-2791.0927852913096,167.22887636849816,849.2738339944309
519.4330413341522,-1023.7789133703336,-3528.1973088481463,-164.0768908560276,164.8884491464123,eyebrow_raise,378.2915196330527,-2741.3717314496425,403.54685954349253,1119.6039664021619
519.5339665412903,-1033.059475110378,-1852.5014746016825,-201.95646755723283,38.13762979814783,eyebrow_raise,291.0743151896589,-2005.0093400528306,293.4017934365751,935.7374660160099
519.6345858573914,-1090.9980052239262,-1717.6893008989282,-254.05327393999323,-123.29141188925132,eyebrow_raise,148.19070656822427,-1309.6091885272356,149.08866815025777,694.6163128921045
519.735634803772,-1195.229016989004,-1432.1965579814278,-352.98484746785834,-234.3103420739062,eyebrow_raise,104.65313412010514,-1049.6736784611635,117.9137842746071,669.6211590900132
519.8361756801605,-1196.0031762798317,-1240.2162735559978,-359.47357389098033,-128.68434762535617,eyebrow_raise,102.29757147459347,-1012.212565009051,111.13757972129198,708.3184842074427
519.9368813037872,-1232.444761448074,-1065.8920568213798,-396.1358131566085,-76.25095024658367,eyebrow_raise,66.47407455134211,-933.3788211782658,52.6646858582898,675.5960239925537
520.0382175445557,-1279.9826297848483,-1062.9524954562075,-499.2785140345805,-179.35625212499872,eyebrow_raise,4.0396788773770425,-789.699591257685,-21.353093098312428,728.4551553894229
520.1389610767365,-1339.555496179033,-946.6490866341628,-505.3446317627095,-108.59360506339,eyebrow_raise,-45.55232399192223,-682.4084196678298,-56.72263290884635,855.7130859955639
520.2395987510681,-1376.763760838192,-946.3050158382392,-528.0009456942789,-156.59148109471425,eyebrow_raise,-61.39925760834596,-756.9176170859221,-50.37251966926007,632.9164484134634
520.3402464389801,-1301.0158271356486,-950.8976129838264,-450.24842561548576,-332.968902905006,eyebrow_raise,-47.423652886411084,-1031.7101971777251,-22.58185129248881,-20.04531779554633
520.4408524036407,-1372.6910097864456,-1744.3753570327535,-510.6627694997005,-2125.7647446640767,eyebrow_raise,-15.606364836639086,-1247.3502655126854,15.422858314668698,-385.9761436231077
520.5419433116913,-1196.3603367256,-1164.5150886029005,-348.8840471664444,-151.8474180009216,eyebrow_raise,26.87441144872448,-1186.7089899642317,47.3901647660919,40.03756018554218
520.6432363986969,-1297.034703632817,-1083.823007158935,-464.319799198769,-149.02379353437573,eyebrow_raise,66.18242034007778,-1009.7587375658222,45.661826051183134,713.784475567521
520.7440404891968,-1205.4034148184585,-1026.52399993781,-452.78968763537705,-86.97511336952448,eyebrow_raise,70.77905530054781,-936.5132274309286,3.5660332926785827,895.8066385931933
520.8444330692291,-1236.9906098442152,-1111.0120798368007,-484.8219307558611,-51.07207379490137,eyebrow_raise,29.992869258137432,-891.1922956701858,-40.812779227070216,661.0240881808116
520.9449322223663,-1342.474488094449,-775.0456471173093,-523.5111957974732,-321.06293139606714,eyebrow_raise,-7.3682132544507635,-781.2221434866171,-37.11184659495604,504.63931732332924
521.0456039905548,-1303.822622052394,-734.1236618021503,-466.840491768904,-215.7323890440166,eyebrow_raise,-0.1312308761699903,-728.8544180835615,5.353970113677021,552.4179226930243
521.1466839313507,-1287.434380446561,-757.2399834282696,-450.7925810590386,-195.2751362863928,eyebrow_raise,-0.2107121723040022,-742.378996751309,6.574783548452416,599.1358778430796
521.2476506233215,-1344.1911021741107,-800.1179364202544,-514.153966108337,-228.86691768839955,eyebrow_raise,-69.71789009979088,-608.848525339452,-72.14430168018924,552.1752859690638
521.3482873439789,-1482.208370138891,-266.7969830390066,-647.7918112250045,-294.3226467128843,eyebrow_raise,-144.4357787415631,-354.19147080521685,-142.98085679174108,508.869171489633
521.4497971534729,-1417.3435453074053,-190.5142436427996,-566.4228078890592,-223.45902235247195,eyebrow_raise,-110.57798706581009,-359.6798995748255,-101.3711093167482,533.2519633826056
521.5508685112,-1261.139143858105,-1128.135211783927,-426.9282794417813,-179.16551722725853,eyebrow_raise,11.453782573495452,-823.4116429786515,18.997661033338304,575.3769179908674
521.651754617691,-1222.9136264109984,-1126.493395703379,-380.0673329969868,-173.03208129992709,eyebrow_raise,94.05564460403389,-1478.9811631098053,95.68415452626719,590.4836783244631
521.7524466514587,-1201.786931561306,-2150.992239815183,-391.1224772660062,-230.6863790168427,eyebrow_raise,87.56110238061396,-1961.4688161320773,82.84098407243621,591.9171022524228
521.8533506393433,-1287.1576278498396,-1973.990254712291,-437.5196761162952,-66.15322036622092,eyebrow_raise,54.61809795797398,-2159.1227633419057,36.41120820494392,588.1503192831103
521.9540872573853,-1224.65641979035,-2056.8552180305123,-451.9556899452582,-232.21225819876412,eyebrow_raise,42.33296112770237,-2146.471083232797,10.078409643632108,573.3773367041013
522.0549614429474,-1271.7305405326188,-2012.2082923594864,-449.6593913724646,-206.5453248028644,eyebrow_raise,33.33978639359445,-2027.326185988334,6.194379290823758,562.7691238337966
522.1555666923523,-1316.4784435024485,-1861.5052837450053,-495.03933743480593,-99.74874166818336,eyebrow_raise,11.42223495759515,-1932.3908493319545,4.619059657033204,565.1528809976559
522.2565019130707,-1313.505223037675,-1691.4782120594757,-474.5933043770492,-238.77952252095565,eyebrow_raise,-12.11942271153051,-1937.5668765017808,-13.331869419051273,551.078691232007
522.3569760322571,-1305.606554331258,-1787.485183821991,-482.9145817784593,-247.04470142303035,eyebrow_raise,-24.324404108734512,-1890.1383836474772,-44.3679088536817,490.8820818103528
522.4577014446259,-1335.0171275828034,-1702.6941720265895,-557.8472172906622,-244.3183143553324,eyebrow_raise,-14.689503896861,-1591.6638972265541,-52.338942229521464,417.5754967817294
522.5586547851561,-1323.5692938184366,-733.1550277136266,-506.7040853966028,-349.15331996325403,eyebrow_raise,14.93117620618802,-1187.9505312796139,-18.500084034971444,423.4275576955829
522.6591572761536,-1222.3825606172904,-960.7129804175348,-393.5646319370717,-152.79361268971115,eyebrow_raise,36.33096933667294,-1015.0828870424203,22.74454198438141,519.2987280242572
522.7599472999573,-1269.5875778580084,-1035.2155274348331,-437.00356992241,-333.02313145436347,eyebrow_raise,36.73054639583148,-1097.460295290844,47.0888190018263,512.2387192904023
522.860734462738,-1328.689216857776,-925.3634460363536,-462.34887192212045,-232.4946206454188,eyebrow_raise,42.22368203478991,-1178.5231615938194,73.08431490829209,211.2846279830719
522.9613292217255,-1196.723107021302,-926.1151659274474,-307.1280641611665,-1144.7815064867027,eyebrow_raise,56.813152987254206,-1137.2190895413214,94.74174016613628,-243.64232697740937
523.062109708786,-1247.23419582285,-925.9693098291756,-385.3705111341551,-1223.0202135597356,eyebrow_raise,47.37250003929247,-1062.1316355342233,79.66307449306723,-535.9822328937256
523.1629297733307,-1355.8184511363506,-874.0632383441553,-498.3566286955029,-1266.7321642418392,eyebrow_raise,14.14329330534693,-1043.012744727997,39.89737375152546,-609.1244047879783
523.2636308670044,-1275.4330414887518,-788.3858702592552,-434.9578446466476,-1159.7074472098611,eyebrow_raise,-8.001628931884056,-1057.39918541766,2.7033276668095443,-576.8647247298388
523.3646066188812,-1327.1483780760318,-749.9434386147186,-486.3365902379155,-1091.9367201128043,eyebrow_raise,-14.091752644707528,-988.8968273969559,-44.83449180012675,-372.03054824577475
523.4654695987701,-1337.1526104575023,-728.4240542696789,-609.5401144782081,-985.2859930763952,eyebrow_raise,-19.693356302727558,-814.2519343282997,-96.20374963897113,-12.411252434041955
523.5662779808044,-1335.8716947226785,-587.4765746896155,-572.1916035707109,-166.67425137525424,eyebrow_raise,-16.996994425452094,-802.4872372142715,-96.14980760060365,62.61770515240801
523.6672792434692,-1286.9575432022102,-723.6313724764623,-474.1314267325215,-1207.31076379586,eyebrow_raise,4.157130408400476,-1243.6086515722338,-33.86143528558222,-448.9810057753878
523.7677867412567,-1311.3379510133527,-2101.401166402735,-479.2850088714622,-2112.890139066614,eyebrow_raise,27.152471903874435,-1943.9700677442738,27.233552661485497,-1179.6545781336483
523.8687007427216,-1242.662168127019,-1960.37701887358,-391.823708507698,-2186.539988894016,eyebrow_raise,35.0899096748012,-2374.010605508425,46.961122747154164,-1661.2250948574183
523.96999168396,-1309.7522334321402,-2042.808153796941,-456.9802455357276,-2252.6838595103472,eyebrow_raise,34.55233879124553,-2326.0821778331524,50.25679250120467,-1913.0522909642784
524.0710036754608,-1271.1676855892874,-1942.863067381084,-411.56664037378505,-3173.598694549408,eyebrow_raise,30.778458646579477,-2087.540460650204,54.31146440169782,-2137.255352483531
524.1725163459778,-1294.8188129090704,-1783.505930269137,-418.38073809305206,-3090.53177663358,eyebrow_raise,11.577880868856372,-2015.7771777313335,36.78886391705196,-2429.5464569839623
524.2735543251038,-1334.2784973415546,-1839.6829675035551,-480.5827541560866,-3104.571361067239,eyebrow_raise,-21.41010868820066,-2147.8557711538156,-1.4176194738488626,-2745.871035736998
524.3741545677185,-1370.903337607626,-1890.141697705724,-520.7604993800633,-3060.234847092536,eyebrow_raise,-39.61359940124232,-2175.6475771134947,-21.3350751584629,-2620.771638149117
524.4747428894043,-1331.1220217789523,-1811.9179502325128,-475.3057553186081,-3011.919079564977,eyebrow_raise,-26.807308502085814,-1824.3176349384105,-16.35635848513104,-1556.0938130724985
524.5752904415131,-1294.7552346098237,-837.0550583326258,-461.4400762328878,-163.32704091491178,eyebrow_raise,3.4209453423126996,-1279.4783422062526,-17.761394928483412,-175.07371338525547
524.6755702495575,-1306.128270375077,-758.2254470665939,-542.580945671536,-223.98821819620207,eyebrow_raise,35.85637988525002,-998.829902546795,-22.5484765509988,128.62340882390924
524.7759184837341,-1250.5421373336576,-984.3697175872512,-467.6296106595546,-2281.0453908243217,eyebrow_raise,59.07278821187769,-1091.243401968126,-1.8633220841235847,-913.3531825763283
524.8765034675598,-1243.9860927113332,-933.3462624917738,-416.6659939633682,-2227.976210453082,eyebrow_raise,53.05501392580972,-1230.8130884778213,28.39885920982356,-2115.72634753239
524.9772388935089,-1323.275711671915,-949.5512489997782,-475.838691062294,-3203.448706045747,eyebrow_raise,16.448444003869085,-1182.7563993488184,30.03381675626782,-2531.508918676147
525.0778379440308,-1311.113557016011,-876.7279170625843,-441.9589373636991,-3048.8337620776147,eyebrow_raise,-11.326872195259638,-1067.4627103598582,14.721475139540921,-2407.8955720490912
525.1782698631287,-1326.0881164385935,-853.7611914346926,-463.5232005082071,-3156.9692293964326,eyebrow_raise,1.8760455345572666,-1075.130292155406,20.657450239765147,-2469.6420004766583
525.2788662910461,-1290.1476778644137,-928.88082194468,-436.2518500313163,-3318.828359578736,eyebrow_raise,28.383999888750864,-1169.352750619383,39.274732708570106,-2865.786390621523
525.3795771598816,-1293.809039921034,-1028.0629687695764,-442.8004148537293,-3206.702419007197,eyebrow_raise,20.846210455894525,-1178.1642698709647,30.655316400622016,-2885.003062061166
525.480179309845,-1297.1113715819083,-912.1709489426576,-445.1266326261684,-3219.8818264510483,eyebrow_raise,-10.110624865839911,-1077.1604206334734,-1.5130426648987045,-1848.80047115222
525.5807557106018,-1410.9109173836189,-750.336128110066,-560.8821461047046,-66.514120711945,eyebrow_raise,-23.02178488076448,-996.3043045489023,-22.186394190910484,-263.00357645135944
525.6820435523987,-1316.302668204531,-716.3179981131107,-486.52545518567786,-156.32781814783812,eyebrow_raise,-38.123393307406324,-921.8175285918953,-46.157690283155425,624.5005523335208
525.7822110652924,-1388.4191590500996,-660.473811974749,-552.1195605085231,-280.4588375771418,eyebrow_raise,-100.22627710700382,-671.5648246501123,-109.78070110251936,450.73297092581436
525.8829731941223,-1522.5319714611396,-94.44743348099291,-681.2695256783627,-381.64183087833226,eyebrow_raise,-159.14545585263744,-292.8697125258857,-165.1891925889176,30.141940136503734
525.9832329750061,-1465.6780123347417,117.06260851304978,-625.14858694328,-598.686924806796,eyebrow_raise,-122.04825379473029,-129.13585551914665,-127.07436007712492,42.105513114772876
526.0838828086853,-1265.4624682068825,-307.91905300179496,-428.32139217527583,-122.7996150450781,eyebrow_raise,-11.050719127420974,-285.133528736314,-17.379872304064044,320.62387376175417
526.1846139431,-1282.0377048105,-230.3871870203875,-442.8957823025994,-146.91448995936662,eyebrow_raise,67.19227213502295,-403.5878570113015,61.429816202491665,468.5147131040389
526.2850162982941,-1279.1617217445746,-190.24310089601204,-431.0103802434169,-89.46962663996965,eyebrow_raise,75.5115328567752,-240.05673677688065,70.88512618533002,445.2877357103036
526.3854706287384,-1215.0934956036508,-135.91731413966045,-379.7737508504652,-181.41132715065032,eyebrow_raise,56.41348420980957,-103.62789245446123,50.39732322885522,396.1353040961956
526.4859204292297,-1313.0152961434796,-14.63235857663676,-473.0954744447954,-64.31879943795502,eyebrow_raise,38.97691670667929,-360.8800425477286,30.961629363485073,356.23026951975896
526.5867054462433,-1301.45713533042,-1034.4750272436067,-456.3612920930609,-310.4079564223066,eyebrow_raise,22.230554238205933,-797.3425594313263,15.249224994401724,311.9380188249731
526.6869869232178,-1288.28520768648,-972.239352080971,-447.2209766013548,-227.7374679017812,eyebrow_raise,10.436849967833178,-962.8293417539584,6.744276470824795,299.0486842045428
526.7875301837921,-1346.9118793918751,-803.9625535747036,-503.96647862903774,-148.2197150439024,eyebrow_raise,4.13834273291399,-879.8850776214181,0.7687462586169986,309.29593327265025
526.8883194923401,-1356.3775661797265,-679.7978750457987,-507.437105787918,-304.2894800947979,eyebrow_raise,-21.356290214189443,-777.869168693217,-30.57984885262771,267.2697753673677
526.9893977642059,-1340.0566427730955,-679.2630693521351,-514.5803147032857,-312.83515149354935,eyebrow_raise,-74.30447018130246,-431.6513070831205,-90.74388236418173,169.9013768689124
527.0899624824524,-1477.7298399419524,169.92235448677093,-644.4857396641746,-387.988441103138,eyebrow_raise,-99.15834189925312,484.1902688896605,-116.61930278478759,124.42731960366892
527.1905901432037,-1380.6046380926855,2163.053417172283,-538.6802300177515,-331.87498216796666,eyebrow_raise,-42.986691659134394,1665.9307176101756,-55.79257403999843,202.77886577500834
527.291374206543,-1225.1594363343902,1814.0459533073008,-382.2663941709325,-107.25285092927516,eyebrow_raise,50.851378936671935,2397.7465122819876,41.23019168093138,336.18266090112706
527.3930871486664,-1241.7870315373875,1778.23641123157,-413.303823903203,-164.42844145186243,eyebrow_raise,100.19838008099346,2198.840834251435,88.32067436119047,394.6764664241506
527.4934215545654,-1271.2312638885342,1698.961751870811,-418.8201763378456,-99.54117722064257,eyebrow_raise,96.6708702669581,1108.347938541104,79.58583062392724,335.9581702325326
527.5942859649658,-1199.5018526883796,-1173.6815833942965,-377.9243703223765,-287.73107304098085,eyebrow_raise,82.77764793312049,-226.76278428486023,63.816099523443704,234.77144066254908
527.6950716972351,-1262.57526544109,-1022.1520568896084,-420.95191931258887,-312.95669824210927,eyebrow_raise,74.01157245595682,-942.996218190327,60.37093497895241,174.10420682251748
527.7964837551117,-1291.4136339994147,-1029.0185132082552,-439.44572459347546,-318.7311037736945,eyebrow_raise,62.60916663887147,-837.4447775297033,56.24882021968206,170.5644845952965
527.8976409435272,-1259.9348960723728,-887.4034614861012,-413.7787911975756,-179.61056532198563,eyebrow_raise,47.53353684236034,-479.8916540411297,41.04767327768239,224.05535189915895
527.9982664585114,-1294.499051462859,-759.6036002002656,-457.46082268003374,-236.5430623474531,eyebrow_raise,31.803899850734417,-345.99409125577534,17.084710637266475,308.6584846585409
528.098849773407,-1342.4670082945377,-801.01551240962,-502.4592989468947,-327.00002257572487,eyebrow_raise,19.27950379446201,-372.72475311656603,-3.2054572705781346,247.3530308710059
528.1993730068207,-1277.3927490655333,-746.0464628608897,-450.4223309634253,-344.932842863258,eyebrow_raise,17.86969185617177,-360.2097002355788,-6.2220038341270705,-160.11734186713636
528.300106048584,-1317.944484285079,-926.0889866277575,-485.57739054691046,-1437.2809519711882,eyebrow_raise,33.784069257947124,-312.79810770869636,10.400346919116549,-730.349319058516
528.401469707489,-1280.844676724635,-761.7727421745658,-440.2086641844362,-1311.7886089580134,eyebrow_raise,62.32700901946664,-320.52207572213985,36.22312353847042,-933.7346930840088
528.5019998550415,-1219.009170857258,-1037.2051542112604,-400.1954745585099,-1046.4427071018144,eyebrow_raise,87.169164796948,-370.7753092898248,56.882299314957535,-552.515194553258
528.6027193069458,-1262.6612831400707,-998.2204370731488,-433.734897361137,-391.5581756108441,eyebrow_raise,93.16378023358006,-374.21925249561036,62.35033103858931,9.187230479603066
528.7034986019135,-1258.498774489388,-964.7333728699014,-421.0080178119242,-188.5526661160402,eyebrow_raise,76.1446941554255,-303.9123361546313,47.262236153452655,262.55214623805017
528.8041019439697,-1288.3207367360592,-1027.234580929391,-461.4325964329764,-312.4031930486672,eyebrow_raise,40.6408083875257,-224.09409452746013,13.056929280261684,186.8836546494852
528.9089248180389,-1327.8477393677458,-876.2809990178794,-489.5603839997202,-372.14435494085774,eyebrow_raise,3.774930196668433,-154.09037053575176,-21.290138167278403,86.81330959919003
529.0097467899323,-1361.5143187688664,-841.4438309306279,-524.5209687855095,-183.3018465782516,eyebrow_raise,-8.204883122002883,6.841864184392318,-29.965607518008564,153.5429564708285
529.1106679439545,-1330.2188359396532,-671.3569208458066,-487.17806772794574,-206.1488954075612,eyebrow_raise,8.77529934289414,268.9011479031524,-15.430984743322547,291.10075373867386
529.2112753391266,-1282.882922200486,-713.6738888444379,-453.2796145295724,-395.1148204687052,eyebrow_raise,26.517899009847714,343.0576828004881,-5.928839044312728,220.09251002509126
529.3118352890015,-1360.179174484685,-752.8643004801124,-534.8617921629921,-284.4810999794863,eyebrow_raise,24.98260046612694,-18.678794076400692,-10.510297564007535,-197.57187533734515
529.4129989147186,-1283.8440764890984,-1718.8075309856797,-445.9194914167747,-1230.902052716352,eyebrow_raise,18.464173530506628,-493.21342614751995,-9.798399657103465,-640.4109664278263
529.5142102241516,-1339.822899025865,-1839.2809282583185,-491.7893643733114,-1292.4907251866534,eyebrow_raise,30.27759991360786,-501.4746771181365,8.69274613631246,-631.5241787737424
529.6152188777924,-1256.5222373628058,-981.6208911198192,-423.844731928315,-333.0418309541419,eyebrow_raise,61.52818165628093,-45.31863860577809,35.62914332181782,-220.55426533027247
529.7161810398102,-1285.3007675218396,-862.3816608325578,-441.8673098147847,-342.3205227442086,eyebrow_raise,86.80961524530031,370.54234081554745,53.556959465245306,114.98261562892552
529.8168063163757,-1247.8942881650291,-1005.971379731316,-413.16357765486464,-392.1771290535107,eyebrow_raise,74.92320287760484,535.374062912205,49.195488319355626,186.62150554160863
529.9177014827728,-1321.633895591367,-794.3827998382039,-452.7803378854878,-265.55159635376185,eyebrow_raise,24.3733648050409,610.1827157686981,24.378224908154284,156.47744145560827
